group_id,col_1,col_2,weight_type,items_list
801,,个人模拟测试,2,"[[8,8001,1,1,10],[8,8002,1,1,10],[8,8003,1,1,10],[8,8004,1,1,10],[8,8005,1,1,10],[8,8006,1,1,10],[8,8007,1,1,10],[8,8008,1,1,10],[8,8009,1,1,10],[8,8010,1,1,10],[8,8011,1,1,10],[8,8012,1,1,10],[8,8013,1,1,10],[8,8014,1,1,10],[8,8015,1,1,10],[8,8016,1,1,10],[8,8017,1,1,10],[8,8018,1,1,10],[8,8019,1,1,10],[8,8020,1,1,10],[8,8021,1,1,10],[8,8022,1,1,10],[8,8023,1,1,10],[8,8024,1,1,10],[8,8025,1,1,10],[8,8026,1,1,10],[8,8027,1,1,10],[8,8028,1,1,10],[8,8029,1,1,10],[8,8030,1,1,10],[8,8031,1,1,10],[8,8032,1,1,10],[8,8033,1,1,10],[8,8034,1,1,10],[8,8035,1,1,10],[8,8036,1,1,10],[8,8037,1,1,10],[8,8038,1,1,10],[8,8039,1,1,10],[8,8040,1,1,10],[8,8041,1,1,10],[8,8042,1,1,10],[8,8043,1,1,10],[8,8044,1,1,10],[8,8046,1,1,10],[8,8047,1,1,10],[8,8051,1,1,10],[8,8052,1,1,10],[8,8053,1,1,10],[8,8054,1,1,10],[8,8055,1,1,10],[8,8056,1,1,10],[8,8057,1,1,10],[8,8058,1,1,10],[8,8059,1,1,10],[8,8060,1,1,10],[8,8061,1,1,10],[8,8062,1,1,10],[8,8063,1,1,10],[8,8064,1,1,10],[8,8065,1,1,10],[8,8066,1,1,10],[8,8067,1,1,10],[8,8068,1,1,10]]"
1000,,皮肤测试礼盒,1,"[[14,1410101,1,1,10000],[14,1410201,1,1,10000],[14,1410301,1,1,10000],[14,1410401,1,1,10000],[14,1410501,1,1,10000],[14,1410601,1,1,10000],[14,1410701,1,1,10000],[14,1410801,1,1,10000],[14,1410901,1,1,10000],[14,1411001,1,1,10000],[14,1420101,1,1,10000],[14,1420201,1,1,10000],[14,1420301,1,1,10000],[14,1420401,1,1,10000],[14,1420501,1,1,10000],[14,1420601,1,1,10000],[14,1420701,1,1,10000],[14,1420801,1,1,10000],[14,1420901,1,1,10000],[14,1430101,1,1,10000]]"
1001,,头像测试礼盒,1,"[[12,120001,1,1,10000],[12,120002,1,1,10000],[12,120003,1,1,10000],[12,120004,1,1,10000],[12,120005,1,1,10000],[12,120006,1,1,10000],[12,120007,1,1,10000],[12,120008,1,1,10000],[12,120009,1,1,10000],[12,120010,1,1,10000],[12,120011,1,1,10000],[12,120012,1,1,10000],[12,120013,1,1,10000],[12,120014,1,1,10000],[12,120015,1,1,10000],[12,120016,1,1,10000],[12,120017,1,1,10000],[12,120018,1,1,10000],[12,120019,1,1,10000],[12,120020,1,1,10000],[12,120021,1,1,10000]]"
1002,,收藏箱礼盒,1,"[[7,1003,1,1,10000],[7,1013,1,1,10000],[7,1023,1,1,10000],[7,1033,1,1,10000],[7,1043,1,1,10000],[7,1053,1,1,10000],[7,1063,1,1,10000],[7,1073,1,1,10000],[7,1083,1,1,10000],[7,1093,1,1,10000],[7,1103,1,1,10000]]"
1003,,角色测试礼盒,1,"[[15,150101,1,1,10000],[15,150102,1,1,10000],[15,150103,1,1,10000],[15,150104,1,1,10000],[15,150105,1,1,10000],[15,150106,1,1,10000],[15,150107,1,1,10000],[15,150108,1,1,10000],[15,150109,1,1,10000],[15,150110,1,1,10000],[15,150201,1,1,10000],[15,150202,1,1,10000],[15,150203,1,1,10000],[15,150204,1,1,10000],[15,150205,1,1,10000],[15,150206,1,1,10000],[15,150207,1,1,10000],[15,150208,1,1,10000],[15,150209,1,1,10000],[15,150301,1,1,10000]]"
1011,家具物品品质1,家具物品品质1,2,"[[101,1101006,1,1,844],[101,1031010,1,1,831],[101,1071002,1,1,842],[101,1031001,1,1,802],[101,1051010,1,1,805],[101,1071005,1,1,522],[101,1061005,1,1,747],[101,1071004,1,1,712],[101,1101007,1,1,744],[101,1021002,1,1,716],[101,1031004,1,1,694],[101,1051002,1,1,463],[101,1061007,1,1,647],[101,1011001,1,1,656],[101,1071009,1,1,625],[101,1021003,1,1,617],[101,1011003,1,1,1094],[101,1041008,1,1,557],[101,1011002,1,1,523],[101,1011005,1,1,497],[101,1081009,1,1,510],[101,1011006,1,1,991],[101,1041009,1,1,466],[101,1101005,1,1,440],[101,1021008,1,1,313],[101,1061001,1,1,905],[101,1101008,1,1,398],[101,1051009,1,1,359],[101,1041004,1,1,276],[101,1041010,1,1,246],[101,1101003,1,1,320],[101,1071010,1,1,296],[101,1101002,1,1,300],[101,1041002,1,1,233],[101,1061002,1,1,471],[101,1101004,1,1,436],[101,1031006,1,1,411],[101,1041003,1,1,338],[101,1011009,1,1,642],[101,1061003,1,1,331],[101,1081005,1,1,282],[101,1081004,1,1,309],[101,1031005,1,1,260],[101,1061010,1,1,169],[101,1061004,1,1,252],[101,1061009,1,1,247],[101,1011007,1,1,204],[101,1041007,1,1,212],[101,1011008,1,1,168],[101,1011010,1,1,224],[101,1041005,1,1,346],[101,1011004,1,1,326]]"
1012,家具物品品质2,家具物品品质2,2,"[[101,1062007,1,1,382],[101,1032010,1,1,347],[101,1022006,1,1,331],[101,1032002,1,1,355],[101,1042010,1,1,339],[101,1032003,1,1,310],[101,1072008,1,1,237],[101,1012001,1,1,230],[101,1072006,1,1,222],[101,1012009,1,1,164],[101,1012003,1,1,127],[101,1072007,1,1,118],[101,1012010,1,1,94],[101,1012008,1,1,91],[101,1042005,1,1,115],[101,1012006,1,1,116],[101,1032005,1,1,140],[101,1022001,1,1,130],[101,1042006,1,1,118],[101,1032007,1,1,108],[101,1062009,1,1,71],[101,1082010,1,1,59],[101,1082009,1,1,85],[101,1012002,1,1,153],[101,1042004,1,1,80],[101,1062002,1,1,76],[101,1072002,1,1,72],[101,1042009,1,1,69],[101,1072005,1,1,71],[101,1022005,1,1,67],[101,1082007,1,1,67],[101,1012005,1,1,134],[101,1012004,1,1,134],[101,1032008,1,1,82],[101,1082001,1,1,41],[101,1012007,1,1,82],[101,1082011,1,1,13]]"
1013,家具物品品质3,家具物品品质3,2,"[[101,1013007,1,1,581],[101,1073009,1,1,830],[101,1063005,1,1,535],[101,1043010,1,1,732],[101,1013002,1,1,703],[101,1033006,1,1,582],[101,1013004,1,1,557],[101,1053006,1,1,98],[101,1033008,1,1,597],[101,1033009,1,1,629],[101,1013006,1,1,271],[101,1013008,1,1,214],[101,1013003,1,1,467],[101,1063003,1,1,325],[101,1013010,1,1,345],[101,1083001,1,1,107],[101,1033001,1,1,459],[101,1063010,1,1,425],[101,1043001,1,1,402],[101,1013005,1,1,566],[101,1023010,1,1,275],[101,1013001,1,1,247],[101,1063006,1,1,253],[101,1083003,1,1,166],[101,1033003,1,1,265],[101,1083010,1,1,163],[101,1063009,1,1,166],[101,1013009,1,1,528],[101,1043005,1,1,309],[101,1083006,1,1,230],[101,1053001,1,1,166],[101,1073006,1,1,133],[101,1063011,1,1,72],[101,1083011,1,1,70],[101,1103005,1,1,113]]"
1014,家具物品品质4,家具物品品质4,2,"[[101,1074003,1,1,398],[101,1014008,1,1,405],[101,1034005,1,1,373],[101,1084008,1,1,261],[101,1074001,1,1,164],[101,1014002,1,1,275],[101,1014005,1,1,144],[101,1014004,1,1,150],[101,1044008,1,1,90],[101,1034002,1,1,227],[101,1014007,1,1,86],[101,1014003,1,1,118],[101,1044010,1,1,112],[101,1014001,1,1,109],[101,1064003,1,1,105],[101,1064001,1,1,100],[101,1024007,1,1,47],[101,1014010,1,1,91],[101,1014009,1,1,77],[101,1014006,1,1,108],[101,1084004,1,1,99],[101,1074007,1,1,66],[101,1034008,1,1,132]]"
1015,家具物品品质5,家具物品品质5,2,"[[101,1075002,1,1,1277],[101,1085010,1,1,938],[101,1035003,1,1,522],[101,1015008,1,1,620],[101,1015009,1,1,328],[101,1015003,1,1,335],[101,1015010,1,1,377],[101,1015001,1,1,405],[101,1035007,1,1,258],[101,1045007,1,1,262],[101,1035006,1,1,175],[101,1015006,1,1,145],[101,1015007,1,1,405],[101,1015002,1,1,107],[101,1015004,1,1,293],[101,1015005,1,1,197],[101,1065006,1,1,198],[101,1085008,1,1,84],[101,1065010,1,1,115],[101,1065011,1,1,93],[101,1085009,1,1,89]]"
1016,家具物品品质6,家具物品品质6,2,"[[101,1016005,1,1,11431],[101,1066001,1,1,5855],[101,1016002,1,1,6009],[101,1016001,1,1,5155],[101,1016004,1,1,283],[101,1046002,1,1,3200],[101,1016003,1,1,3939],[101,1016006,1,1,1842],[101,1066006,1,1,1142],[100,1006001,1,1,5]]"
1017,家具物品品质6快递盒,家具物品品质6快递盒,2,"[[104,1046003,1,1,18487],[101,1016005,1,1,11949]]"
1018,家具物品品质6仓库,家具物品品质6仓库,2,"[[104,1046003,1,1,18487],[101,1016005,1,1,11587],[101,1066001,1,1,5899],[101,1016002,1,1,5998],[101,1016001,1,1,5462],[101,1046002,1,1,3292]]"
1019,家具物品品质6集装箱,家具物品品质6集装箱,2,"[[104,1046003,1,1,18487],[101,1016005,1,1,12217],[101,1066001,1,1,6059],[101,1016002,1,1,5829],[101,1016001,1,1,5323],[101,1046002,1,1,3243],[101,1016003,1,1,3782],[101,1016006,1,1,1771]]"
1021,医疗药品品质1,医疗药品品质1,2,"[[102,1021001,1,1,1693],[102,1021010,1,1,1556],[102,1021009,1,1,1351],[102,1021002,1,1,689],[102,1021003,1,1,575],[102,1021008,1,1,290],[102,1021005,1,1,972],[102,1021004,1,1,592],[102,1021006,1,1,495],[102,1011007,1,1,213],[102,1021007,1,1,517]]"
1022,医疗药品品质2,医疗药品品质2,2,"[[102,1022009,1,1,725],[102,1022006,1,1,353],[102,1022002,1,1,334],[102,1022008,1,1,490],[102,1022004,1,1,497],[102,1092001,1,1,219],[102,1092005,1,1,203],[102,1022003,1,1,145],[102,1022010,1,1,309],[102,1022001,1,1,125],[102,1022007,1,1,197],[102,1082010,1,1,59],[102,1022005,1,1,67]]"
1023,医疗药品品质3,医疗药品品质3,2,"[[102,1023002,1,1,2403],[102,1023009,1,1,1577],[102,1023001,1,1,690],[102,1023008,1,1,479],[102,1023007,1,1,821],[102,1023006,1,1,432],[102,1023003,1,1,651],[102,1023005,1,1,585],[102,1023010,1,1,255],[102,1023004,1,1,412]]"
1024,医疗药品品质4,医疗药品品质4,2,"[[102,1094007,1,1,485],[102,1024008,1,1,175],[102,1074001,1,1,171],[102,1024010,1,1,265],[102,1024009,1,1,363],[102,1024003,1,1,348],[102,1024004,1,1,144],[102,1014007,1,1,83],[102,1014001,1,1,111],[102,1024001,1,1,205],[102,1024007,1,1,46],[102,1024005,1,1,174],[102,1024006,1,1,81],[102,1024002,1,1,74]]"
1025,医疗药品品质5,医疗药品品质5,2,"[[102,1025005,1,1,1282],[102,1025002,1,1,471],[102,1025001,1,1,415],[102,1025007,1,1,131],[102,1025006,1,1,323],[102,1025004,1,1,161],[102,1025003,1,1,117]]"
1026,医疗药品品质6,医疗药品品质6,2,"[[102,1026005,1,1,36666],[102,1026006,1,1,15329],[102,1026003,1,1,4059],[102,1096003,1,1,5683],[102,1026008,1,1,966],[102,1026004,1,1,9213],[102,1026002,1,1,7881],[102,1026007,1,1,4150],[102,1026001,1,1,882],[100,1006001,1,1,5]]"
1027,医疗药品品质6快递盒,医疗药品品质6快递盒,2,"[[102,1026005,1,1,38060]]"
1028,医疗药品品质6仓库,医疗药品品质6仓库,2,"[[102,1026005,1,1,37557],[102,1026006,1,1,14970],[102,1026003,1,1,4199],[102,1096003,1,1,6111],[102,1026004,1,1,8716]]"
1029,医疗药品品质6集装箱,医疗药品品质6集装箱,2,"[[102,1026005,1,1,35845],[102,1026006,1,1,15085],[102,1026003,1,1,4284],[102,1096003,1,1,5993],[102,1026004,1,1,8989],[102,1026002,1,1,7656],[102,1026007,1,1,4107]]"
1031,时尚潮流品质1,时尚潮流品质1,2,"[[103,1031010,1,1,890],[103,1031001,1,1,853],[103,1071005,1,1,499],[103,1031002,1,1,1405],[103,1031004,1,1,689],[103,1031003,1,1,1216],[103,1031007,1,1,509],[103,1031008,1,1,394],[103,1031006,1,1,410],[103,1031005,1,1,274],[103,1031009,1,1,323]]"
1032,时尚潮流品质2,时尚潮流品质2,2,"[[103,1032010,1,1,351],[103,1032002,1,1,337],[103,1032009,1,1,649],[103,1032003,1,1,328],[103,1032004,1,1,285],[103,1032006,1,1,391],[103,1032005,1,1,141],[103,1032001,1,1,133],[103,1032007,1,1,109],[103,1032008,1,1,77]]"
1033,时尚潮流品质3,时尚潮流品质3,2,"[[103,1033010,1,1,1390],[103,1033004,1,1,2185],[103,1033005,1,1,2084],[103,1033007,1,1,2186],[103,1063001,1,1,964],[103,1033006,1,1,577],[103,1053010,1,1,541],[103,1033008,1,1,580],[103,1033009,1,1,596],[103,1013006,1,1,263],[103,1033001,1,1,467],[103,1033002,1,1,935],[103,1033003,1,1,246],[103,1083010,1,1,173]]"
1034,时尚潮流品质4,时尚潮流品质4,2,"[[103,1034004,1,1,398],[103,1014008,1,1,391],[103,1034005,1,1,380],[103,1054005,1,1,231],[103,1054011,1,1,79],[103,1034003,1,1,221],[103,1034007,1,1,226],[103,1034002,1,1,223],[103,1034009,1,1,117],[103,1034001,1,1,199],[103,1034006,1,1,201],[103,1034010,1,1,76],[103,1014009,1,1,73],[103,1034008,1,1,134]]"
1035,时尚潮流品质5,时尚潮流品质5,2,"[[103,1035005,1,1,2258],[103,1035003,1,1,519],[103,1055002,1,1,448],[103,1035004,1,1,649],[103,1015009,1,1,323],[103,1035010,1,1,788],[103,1035007,1,1,248],[103,1035008,1,1,708],[103,1035001,1,1,241],[103,1035002,1,1,519],[103,1035006,1,1,175],[103,1065004,1,1,164],[103,1085008,1,1,82],[103,1035009,1,1,531]]"
1036,时尚潮流品质6,时尚潮流品质6,2,"[[103,1056007,1,1,14536],[103,1036001,1,1,23214],[103,1036004,1,1,4433],[103,1086002,1,1,667],[103,1036002,1,1,12106],[103,1036005,1,1,10637],[103,1036003,1,1,3831],[103,1046002,1,1,3466],[103,1086003,1,1,2869],[103,1086008,1,1,3367],[100,1006001,1,1,5]]"
1037,时尚潮流品质6快递盒,时尚潮流品质6快递盒,2,"[[104,1046003,1,1,18487],[103,1056007,1,1,13602],[103,1036001,1,1,22312]]"
1038,时尚潮流品质6仓库,时尚潮流品质6仓库,2,"[[104,1046003,1,1,18487],[103,1056007,1,1,14470],[103,1036001,1,1,23601],[103,1036002,1,1,12438],[103,1036005,1,1,10602],[103,1046002,1,1,3186]]"
1039,时尚潮流品质6集装箱,时尚潮流品质6集装箱,2,"[[104,1046003,1,1,18487],[103,1056007,1,1,13769],[103,1036001,1,1,22530],[103,1036004,1,1,4301],[103,1036002,1,1,11603],[103,1036005,1,1,10060],[103,1036003,1,1,3899],[103,1046002,1,1,3458],[103,1086003,1,1,2734],[103,1086008,1,1,3414]]"
1041,兵装军火品质1,兵装军火品质1,2,"[[104,1041001,1,1,1667],[104,1041006,1,1,1520],[104,1051002,1,1,462],[104,1041008,1,1,520],[104,1041009,1,1,444],[104,1041004,1,1,297],[104,1041010,1,1,246],[104,1041002,1,1,231],[104,1041003,1,1,318],[104,1041007,1,1,211],[104,1041005,1,1,345]]"
1042,兵装军火品质2,兵装军火品质2,2,"[[104,1042010,1,1,339],[104,1042002,1,1,642],[104,1042003,1,1,544],[104,1082006,1,1,215],[104,1042001,1,1,453],[104,1062005,1,1,71],[104,1042008,1,1,138],[104,1042005,1,1,113],[104,1042006,1,1,111],[104,1042007,1,1,193],[104,1042004,1,1,75],[104,1042009,1,1,74]]"
1043,兵装军火品质3,兵装军火品质3,2,"[[104,1043006,1,1,2094],[104,1043010,1,1,702],[104,1083008,1,1,649],[104,1043007,1,1,953],[104,1043008,1,1,824],[104,1043001,1,1,371],[104,1043009,1,1,522],[104,1043002,1,1,457],[104,1083007,1,1,307],[104,1043004,1,1,598],[104,1043005,1,1,305],[104,1043003,1,1,528],[104,1043011,1,1,413]]"
1044,兵装军火品质4,兵装军火品质4,2,"[[104,1044006,1,1,719],[104,1044008,1,1,88],[104,1044007,1,1,299],[104,1044004,1,1,138],[104,1044010,1,1,108],[104,1044009,1,1,101],[104,1044002,1,1,223],[104,1044005,1,1,167],[104,1044001,1,1,152],[104,1044003,1,1,116],[104,1044011,1,1,65]]"
1045,兵装军火品质5,兵装军火品质5,2,"[[104,1045009,1,1,1551],[104,1065009,1,1,332],[104,1045005,1,1,326],[104,1045003,1,1,294],[104,1045008,1,1,480],[104,1045007,1,1,260],[104,1045004,1,1,121],[104,1045002,1,1,256],[104,1045006,1,1,353],[104,1045010,1,1,109],[104,1045001,1,1,308]]"
1046,兵装军火品质6,兵装军火品质6,2,"[[104,1046009,1,1,19624],[104,1046006,1,1,3838],[104,1106012,1,1,2246],[104,1046002,1,1,3305],[104,1046007,1,1,7031],[104,1046001,1,1,4424],[104,1046004,1,1,6811],[104,1046008,1,1,1903],[104,1046005,1,1,2315],[100,1006001,1,1,5]]"
1047,兵装军火品质6快递盒,兵装军火品质6快递盒,2,[[]]
1048,兵装军火品质6仓库,兵装军火品质6仓库,2,"[[104,1046009,1,1,18994],[104,1046002,1,1,3217],[104,1046007,1,1,6889]]"
1049,兵装军火品质6集装箱,兵装军火品质6集装箱,2,"[[104,1046009,1,1,18830],[104,1106012,1,1,2308],[104,1046002,1,1,3489],[104,1046007,1,1,6798],[104,1046001,1,1,4384],[104,1046004,1,1,6758],[104,1046005,1,1,2301]]"
1051,珠宝矿藏品质1,珠宝矿藏品质1,2,"[[105,1051001,1,1,801],[105,1051010,1,1,784],[105,1051002,1,1,467],[105,1051008,1,1,532],[105,1051004,1,1,496],[105,1051009,1,1,384],[105,1061006,1,1,707],[105,1051005,1,1,282],[105,1051006,1,1,239],[105,1051003,1,1,190],[105,1051007,1,1,218]]"
1052,珠宝矿藏品质2,珠宝矿藏品质2,2,"[[105,1062006,1,1,386],[105,1062004,1,1,211]]"
1053,珠宝矿藏品质3,珠宝矿藏品质3,2,"[[105,1063005,1,1,551],[105,1053002,1,1,1531],[105,1053007,1,1,1336],[105,1053003,1,1,1368],[105,1053010,1,1,581],[105,1053006,1,1,103],[105,1053008,1,1,193],[105,1053004,1,1,190],[105,1053009,1,1,181],[105,1053005,1,1,172],[105,1053001,1,1,178],[105,1063011,1,1,74]]"
1054,珠宝矿藏品质4,珠宝矿藏品质4,2,"[[105,1024008,1,1,184],[105,1054005,1,1,229],[105,1064002,1,1,203],[105,1054006,1,1,201],[105,1054004,1,1,189],[105,1054011,1,1,74],[105,1054003,1,1,315],[105,1054002,1,1,238],[105,1054001,1,1,226],[105,1064010,1,1,100],[105,1064005,1,1,62],[105,1054010,1,1,118],[105,1054007,1,1,106],[105,1054008,1,1,92],[105,1054009,1,1,84]]"
1055,珠宝矿藏品质5,珠宝矿藏品质5,2,"[[105,1055001,1,1,1552],[105,1055002,1,1,451],[105,1035004,1,1,661],[105,1065005,1,1,411],[105,1055009,1,1,925],[105,1055008,1,1,593],[105,1055007,1,1,534],[105,1055004,1,1,202],[105,1065001,1,1,169],[105,1065007,1,1,368],[105,1055006,1,1,608],[105,1065003,1,1,220],[105,1055003,1,1,99]]"
1056,珠宝矿藏品质6,珠宝矿藏品质6,2,"[[105,1056001,1,1,36683],[105,1056009,1,1,35554],[105,1055005,1,1,15141],[105,1056007,1,1,13918],[105,1056003,1,1,26363],[105,1056004,1,1,23069],[105,1056008,1,1,21633],[105,1056011,1,1,6513],[105,1056014,1,1,4543],[105,1056015,1,1,641],[105,1056013,1,1,152],[105,1056002,1,1,16380],[105,1056012,1,1,411],[105,1066002,1,1,7232],[105,1066005,1,1,6125],[105,1056006,1,1,5321],[105,1056005,1,1,6649],[105,1056010,1,1,3866],[100,1006001,1,1,5]]"
1057,珠宝矿藏品质6快递盒,珠宝矿藏品质6快递盒,2,"[[105,1056001,1,1,37878],[105,1056009,1,1,35533],[105,1055005,1,1,14173],[105,1056007,1,1,13427],[105,1056003,1,1,26873],[105,1056004,1,1,22224],[105,1056008,1,1,20782]]"
1058,珠宝矿藏品质6仓库,珠宝矿藏品质6仓库,2,"[[105,1056001,1,1,36716],[105,1056009,1,1,35886],[105,1055005,1,1,14852],[105,1056007,1,1,13967],[105,1056003,1,1,27707],[105,1056004,1,1,22688],[105,1056008,1,1,21354],[105,1056002,1,1,16039],[105,1066002,1,1,6841],[105,1066005,1,1,6469],[105,1056006,1,1,5278]]"
1059,珠宝矿藏品质6集装箱,珠宝矿藏品质6集装箱,2,"[[105,1056001,1,1,36521],[105,1056009,1,1,36718],[105,1055005,1,1,14668],[105,1056007,1,1,14279],[105,1056003,1,1,25351],[105,1056004,1,1,23582],[105,1056008,1,1,20256],[105,1056011,1,1,6607],[105,1056014,1,1,4199],[105,1056002,1,1,16021],[105,1066002,1,1,6774],[105,1066005,1,1,6066],[105,1056006,1,1,5643],[105,1056005,1,1,6524]]"
1061,文物古董品质1,文物古董品质1,2,"[[106,1061005,1,1,776],[106,1061007,1,1,672],[106,1031007,1,1,550],[106,1061001,1,1,912],[106,1061008,1,1,1258],[106,1061002,1,1,494],[106,1061003,1,1,316],[106,1061006,1,1,738],[106,1061010,1,1,169],[106,1061004,1,1,269],[106,1061009,1,1,246]]"
1062,文物古董品质2,文物古董品质2,2,"[[106,1062006,1,1,393],[106,1062007,1,1,370],[106,1062010,1,1,646],[106,1062001,1,1,135],[106,1062003,1,1,131],[106,1062005,1,1,73],[106,1102001,1,1,230],[106,1062008,1,1,394],[106,1062004,1,1,218],[106,1062009,1,1,71],[106,1062002,1,1,77]]"
1063,文物古董品质3,文物古董品质3,2,"[[106,1033010,1,1,1350],[106,1063001,1,1,913],[106,1013007,1,1,583],[106,1063005,1,1,539],[106,1053006,1,1,96],[106,1063002,1,1,504],[106,1063008,1,1,813],[106,1063003,1,1,319],[106,1063010,1,1,447],[106,1063004,1,1,550],[106,1063006,1,1,241],[106,1053004,1,1,186],[106,1053005,1,1,169],[106,1063009,1,1,164],[106,1063007,1,1,174],[106,1063011,1,1,74]]"
1064,文物古董品质4,文物古董品质4,2,"[[106,1034004,1,1,418],[106,1024008,1,1,184],[106,1064008,1,1,279],[106,1064002,1,1,196],[106,1054006,1,1,187],[106,1034003,1,1,234],[106,1034007,1,1,233],[106,1014005,1,1,144],[106,1104008,1,1,156],[106,1104002,1,1,151],[106,1104009,1,1,119],[106,1064004,1,1,308],[106,1104006,1,1,118],[106,1034009,1,1,116],[106,1064003,1,1,100],[106,1064001,1,1,106],[106,1064009,1,1,203],[106,1104007,1,1,94],[106,1064010,1,1,96],[106,1104010,1,1,71],[106,1064005,1,1,62],[106,1064007,1,1,170],[106,1064006,1,1,159],[106,1104003,1,1,135]]"
1065,文物古董品质5,文物古董品质5,2,"[[106,1035003,1,1,553],[106,1055002,1,1,454],[106,1015008,1,1,650],[106,1065005,1,1,415],[106,1015009,1,1,313],[106,1105003,1,1,186],[106,1055004,1,1,210],[106,1065001,1,1,175],[106,1065009,1,1,341],[106,1035007,1,1,260],[106,1105002,1,1,258],[106,1065007,1,1,359],[106,1035001,1,1,228],[106,1065008,1,1,357],[106,1105005,1,1,347],[106,1105001,1,1,286],[106,1035006,1,1,174],[106,1065003,1,1,236],[106,1105004,1,1,192],[106,1015006,1,1,138],[106,1105010,1,1,109],[106,1065012,1,1,223],[106,1015005,1,1,192],[106,1065006,1,1,204],[106,1105008,1,1,171],[106,1105006,1,1,179],[106,1065004,1,1,161],[106,1065002,1,1,261],[106,1055003,1,1,102],[106,1065010,1,1,115],[106,1065011,1,1,88],[106,1105011,1,1,125]]"
1066,文物古董品质6,文物古董品质6,2,"[[106,1055005,1,1,14794],[106,1016005,1,1,12250],[106,1066001,1,1,5771],[106,1026003,1,1,4128],[106,1056012,1,1,402],[106,1066003,1,1,3852],[106,1066002,1,1,6769],[106,1026004,1,1,8698],[106,1106008,1,1,6796],[106,1066005,1,1,6536],[106,1106003,1,1,6470],[106,1066010,1,1,11614],[106,1106007,1,1,5477],[106,1066008,1,1,11650],[106,1056006,1,1,5772],[106,1016001,1,1,5423],[106,1106012,1,1,2338],[106,1066011,1,1,1672],[106,1106009,1,1,665],[106,1106010,1,1,617],[106,1106002,1,1,8232],[106,1066004,1,1,7207],[106,1046007,1,1,6644],[106,1106011,1,1,783],[106,1106005,1,1,6089],[106,1106004,1,1,5266],[106,1106006,1,1,3669],[106,1066007,1,1,6273],[106,1066009,1,1,7421],[106,1046005,1,1,2382],[106,1016006,1,1,1865],[106,1066006,1,1,1218],[106,1106001,1,1,4133],[106,1106013,1,1,3333],[100,1006001,1,1,5]]"
1067,文物古董品质6快递盒,文物古董品质6快递盒,2,"[[106,1055005,1,1,14255],[106,1016005,1,1,11354]]"
1068,文物古董品质6仓库,文物古董品质6仓库,2,"[[106,1055005,1,1,14030],[106,1016005,1,1,11435],[106,1066001,1,1,6036],[106,1026003,1,1,4089],[106,1066002,1,1,6894],[106,1026004,1,1,8784],[106,1106008,1,1,6971],[106,1066005,1,1,6074],[106,1106003,1,1,6497],[106,1066010,1,1,12323],[106,1106007,1,1,5747],[106,1066008,1,1,11075],[106,1056006,1,1,5636],[106,1016001,1,1,5580],[106,1106002,1,1,8178],[106,1046007,1,1,7152],[106,1106005,1,1,5583],[106,1106004,1,1,5081]]"
1069,文物古董品质6集装箱,文物古董品质6集装箱,2,"[[106,1055005,1,1,15060],[106,1016005,1,1,12223],[106,1066001,1,1,6179],[106,1026003,1,1,4344],[106,1066003,1,1,3731],[106,1066002,1,1,6881],[106,1026004,1,1,8774],[106,1106008,1,1,7006],[106,1066005,1,1,6294],[106,1106003,1,1,6329],[106,1066010,1,1,11734],[106,1106007,1,1,5862],[106,1066008,1,1,10854],[106,1056006,1,1,5460],[106,1016001,1,1,5443],[106,1106012,1,1,2358],[106,1106002,1,1,8196],[106,1066004,1,1,7017],[106,1046007,1,1,7323],[106,1106005,1,1,5593],[106,1106004,1,1,5277],[106,1106006,1,1,3480],[106,1066007,1,1,6288],[106,1066009,1,1,7180],[106,1046005,1,1,2337],[106,1016006,1,1,1904],[106,1106001,1,1,4047]]"
1071,数码娱乐品质1,数码娱乐品质1,2,"[[107,1071002,1,1,860],[107,1071003,1,1,1658],[107,1071005,1,1,531],[107,1071004,1,1,724],[107,1011001,1,1,641],[107,1071009,1,1,644],[107,1071007,1,1,1222],[107,1071006,1,1,1108],[107,1011005,1,1,524],[107,1101009,1,1,319],[107,1071001,1,1,790],[107,1031008,1,1,399],[107,1071010,1,1,296],[107,1071008,1,1,527],[107,1031009,1,1,342]]"
1072,数码娱乐品质2,数码娱乐品质2,2,"[[107,1022002,1,1,334],[107,1072001,1,1,488],[107,1072008,1,1,248],[107,1012001,1,1,223],[107,1072006,1,1,214],[107,1012009,1,1,163],[107,1012003,1,1,138],[107,1072007,1,1,114],[107,1082003,1,1,100],[107,1022003,1,1,144],[107,1012010,1,1,93],[107,1012008,1,1,86],[107,1072004,1,1,405],[107,1072003,1,1,328],[107,1082005,1,1,127],[107,1072009,1,1,218],[107,1072010,1,1,167],[107,1072002,1,1,75],[107,1072005,1,1,72],[107,1082011,1,1,13]]"
1073,数码娱乐品质3,数码娱乐品质3,2,"[[107,1073010,1,1,2503],[107,1073002,1,1,2092],[107,1073003,1,1,2015],[107,1013007,1,1,586],[107,1073009,1,1,831],[107,1083004,1,1,749],[107,1023001,1,1,700],[107,1013002,1,1,711],[107,1073007,1,1,1259],[107,1013004,1,1,588],[107,1023008,1,1,479],[107,1013008,1,1,206],[107,1013003,1,1,479],[107,1073004,1,1,950],[107,1073005,1,1,765],[107,1083001,1,1,106],[107,1023006,1,1,428],[107,1073008,1,1,796],[107,1083002,1,1,272],[107,1073001,1,1,503],[107,1083003,1,1,154],[107,1073006,1,1,127]]"
1074,数码娱乐品质4,数码娱乐品质4,2,"[[107,1074003,1,1,427],[107,1084008,1,1,251],[107,1084010,1,1,327],[107,1074004,1,1,666],[107,1084009,1,1,251],[107,1074001,1,1,174],[107,1014002,1,1,288],[107,1014005,1,1,139],[107,1014004,1,1,158],[107,1044007,1,1,322],[107,1024004,1,1,153],[107,1044004,1,1,140],[107,1014007,1,1,86],[107,1014003,1,1,123],[107,1074006,1,1,238],[107,1074005,1,1,203],[107,1074008,1,1,193],[107,1074009,1,1,160],[107,1084001,1,1,80],[107,1074002,1,1,161],[107,1024007,1,1,45],[107,1014010,1,1,97],[107,1024006,1,1,77],[107,1024002,1,1,76],[107,1014006,1,1,111],[107,1074007,1,1,69],[107,1074010,1,1,106]]"
1075,数码娱乐品质5,数码娱乐品质5,2,"[[107,1075002,1,1,1310],[107,1075006,1,1,1499],[107,1075010,1,1,1347],[107,1015003,1,1,344],[107,1075008,1,1,978],[107,1045005,1,1,329],[107,1045003,1,1,276],[107,1075003,1,1,506],[107,1075007,1,1,488],[107,1025007,1,1,134],[107,1015002,1,1,106],[107,1075004,1,1,392],[107,1075001,1,1,384],[107,1025004,1,1,158],[107,1075009,1,1,293],[107,1075005,1,1,258],[107,1045004,1,1,116],[107,1025003,1,1,113],[107,1075011,1,1,202],[107,1045010,1,1,109]]"
1076,数码娱乐品质6,数码娱乐品质6,2,"[[107,1046003,1,1,18808],[107,1076006,1,1,37418],[107,1086006,1,1,14601],[107,1076003,1,1,16274],[107,1016002,1,1,5929],[107,1076002,1,1,11142],[107,1076004,1,1,4292],[107,1016003,1,1,3973],[107,1076001,1,1,7665],[107,1046001,1,1,4545],[107,1026001,1,1,883],[107,1076005,1,1,5387],[100,1006001,1,1,5]]"
1077,数码娱乐品质6快递盒,数码娱乐品质6快递盒,2,"[[107,1046003,1,1,17620],[107,1076006,1,1,36579],[107,1086006,1,1,14499]]"
1078,数码娱乐品质6仓库,数码娱乐品质6仓库,2,"[[107,1046003,1,1,18801],[107,1076006,1,1,36960],[107,1086006,1,1,14741],[107,1076003,1,1,15635],[107,1016002,1,1,6103],[107,1076002,1,1,10406]]"
1079,数码娱乐品质6集装箱,数码娱乐品质6集装箱,2,"[[107,1046003,1,1,18176],[107,1076006,1,1,35722],[107,1086006,1,1,14682],[107,1076003,1,1,16718],[107,1016002,1,1,5668],[107,1076002,1,1,10233],[107,1076004,1,1,4411],[107,1016003,1,1,3739],[107,1076001,1,1,7476],[107,1046001,1,1,4451],[107,1076005,1,1,5496]]"
1081,能源交通品质1,能源交通品质1,2,"[[108,1051001,1,1,847],[108,1081002,1,1,1221],[108,1081007,1,1,1161],[108,1051008,1,1,523],[108,1081003,1,1,1053],[108,1051004,1,1,505],[108,1081009,1,1,478],[108,1081010,1,1,695],[108,1081001,1,1,1727],[108,1081005,1,1,302],[108,1081006,1,1,264],[108,1081004,1,1,327],[108,1051005,1,1,299],[108,1051006,1,1,253],[108,1051003,1,1,199],[108,1081008,1,1,319]]"
1082,能源交通品质2,能源交通品质2,2,"[[108,1082006,1,1,204],[108,1082003,1,1,97],[108,1082002,1,1,246],[108,1082005,1,1,120],[108,1082010,1,1,59],[108,1082009,1,1,84],[108,1082007,1,1,66],[108,1082008,1,1,104],[108,1082001,1,1,41],[108,1082004,1,1,137],[108,1082011,1,1,12]]"
1083,能源交通品质3,能源交通品质3,2,"[[108,1083004,1,1,690],[108,1083008,1,1,675],[108,1083001,1,1,110],[108,1083002,1,1,293],[108,1083003,1,1,161],[108,1083009,1,1,477],[108,1053008,1,1,204],[108,1053009,1,1,172],[108,1083010,1,1,168],[108,1083007,1,1,308],[108,1083006,1,1,227],[108,1083005,1,1,412],[108,1083011,1,1,68]]"
1084,能源交通品质4,能源交通品质4,2,"[[108,1084008,1,1,253],[108,1084010,1,1,334],[108,1084009,1,1,249],[108,1084011,1,1,263],[108,1084007,1,1,181],[108,1084001,1,1,80],[108,1084004,1,1,97],[108,1084006,1,1,159],[108,1084003,1,1,124],[108,1084005,1,1,106],[108,1084002,1,1,94]]"
1085,能源交通品质5,能源交通品质5,2,"[[108,1085010,1,1,873],[108,1085001,1,1,647],[108,1085002,1,1,577],[108,1085011,1,1,431],[108,1085003,1,1,524],[108,1085005,1,1,402],[108,1085008,1,1,89],[108,1085006,1,1,203],[108,1085007,1,1,100],[108,1085009,1,1,93]]"
1086,能源交通品质6,能源交通品质6,2,"[[108,1086006,1,1,15165],[108,1086002,1,1,645],[108,1086005,1,1,5559],[108,1086004,1,1,1153],[108,1086003,1,1,2915],[108,1086001,1,1,4535],[108,1086008,1,1,3429],[108,1086007,1,1,4582],[100,1006001,1,1,5]]"
1087,能源交通品质6快递盒,能源交通品质6快递盒,2,"[[108,1086006,1,1,14501]]"
1088,能源交通品质6仓库,能源交通品质6仓库,2,"[[108,1086006,1,1,14879]]"
1089,能源交通品质6集装箱,能源交通品质6集装箱,2,"[[108,1086006,1,1,14848],[108,1086005,1,1,5624],[108,1086003,1,1,2791],[108,1086001,1,1,4597],[108,1086008,1,1,3313],[108,1086007,1,1,4276]]"
1091,食饮珍馐品质1,食饮珍馐品质1,2,"[[109,1091005,1,1,1815],[109,1091008,1,1,1377],[109,1091007,1,1,1346],[109,1091010,1,1,1113],[109,1091009,1,1,991],[109,1011002,1,1,502],[109,1091001,1,1,985],[109,1091002,1,1,568],[109,1091006,1,1,654],[109,1091003,1,1,396],[109,1011008,1,1,172],[109,1091004,1,1,454]]"
1092,食饮珍馐品质2,食饮珍馐品质2,2,"[[109,1092010,1,1,797],[109,1092004,1,1,534],[109,1092008,1,1,460],[109,1092001,1,1,214],[109,1092002,1,1,436],[109,1092005,1,1,205],[109,1092006,1,1,430],[109,1062001,1,1,138],[109,1092003,1,1,554],[109,1092009,1,1,459],[109,1092007,1,1,327]]"
1093,食饮珍馐品质3,食饮珍馐品质3,2,"[[109,1093003,1,1,2065],[109,1093010,1,1,2037],[109,1093006,1,1,1821],[109,1093002,1,1,1460],[109,1093008,1,1,2422],[109,1093007,1,1,1044],[109,1093005,1,1,800],[109,1013001,1,1,271],[109,1093001,1,1,584],[109,1093004,1,1,398],[109,1063007,1,1,168],[109,1093009,1,1,458]]"
1094,食饮珍馐品质4,食饮珍馐品质4,2,"[[109,1094003,1,1,953],[109,1094007,1,1,468],[109,1094009,1,1,534],[109,1024010,1,1,271],[109,1094004,1,1,396],[109,1094002,1,1,412],[109,1094005,1,1,379],[109,1094006,1,1,310],[109,1094010,1,1,291],[109,1094001,1,1,176],[109,1094008,1,1,120]]"
1095,食饮珍馐品质5,食饮珍馐品质5,2,"[[109,1095004,1,1,1519],[109,1095002,1,1,1496],[109,1065005,1,1,412],[109,1095009,1,1,688],[109,1095005,1,1,578],[109,1095006,1,1,405],[109,1095001,1,1,1061],[109,1095008,1,1,1056],[109,1015001,1,1,409],[109,1095010,1,1,498],[109,1095007,1,1,450],[109,1095003,1,1,353],[109,1015002,1,1,106]]"
1096,食饮珍馐品质6,食饮珍馐品质6,2,"[[109,1096004,1,1,28685],[109,1066001,1,1,6210],[109,1096002,1,1,5105],[109,1096001,1,1,20715],[109,1096003,1,1,5687],[109,1096006,1,1,8353],[109,1026008,1,1,923],[109,1096005,1,1,15281],[109,1096009,1,1,10732],[109,1066011,1,1,1732],[109,1096008,1,1,6726],[109,1096007,1,1,1324],[100,1006001,1,1,5]]"
1097,食饮珍馐品质6快递盒,食饮珍馐品质6快递盒,2,"[[109,1096004,1,1,28411],[109,1096001,1,1,21994]]"
1098,食饮珍馐品质6仓库,食饮珍馐品质6仓库,2,"[[109,1096004,1,1,29808],[109,1066001,1,1,5696],[109,1096001,1,1,20666],[109,1096003,1,1,5926],[109,1096005,1,1,15138],[109,1096009,1,1,10641]]"
1099,食饮珍馐品质6集装箱,食饮珍馐品质6集装箱,2,"[[109,1096004,1,1,30833],[109,1066001,1,1,5807],[109,1096002,1,1,4976],[109,1096001,1,1,22602],[109,1096003,1,1,5833],[109,1096006,1,1,8264],[109,1096005,1,1,16193],[109,1096009,1,1,10104],[109,1096008,1,1,6850]]"
1101,书画古籍品质1,书画古籍品质1,2,"[[110,1101006,1,1,836],[110,1101010,1,1,1648],[110,1101007,1,1,711],[110,1101005,1,1,467],[110,1101009,1,1,332],[110,1101008,1,1,395],[110,1101003,1,1,329],[110,1101002,1,1,284],[110,1101004,1,1,458],[110,1101001,1,1,540],[110,1061010,1,1,169]]"
1102,书画古籍品质2,书画古籍品质2,2,"[[110,1102007,1,1,376],[110,1102008,1,1,269],[110,1102006,1,1,265],[110,1102005,1,1,259],[110,1062003,1,1,131],[110,1102002,1,1,192],[110,1102001,1,1,217],[110,1102009,1,1,259],[110,1032001,1,1,134],[110,1062009,1,1,69],[110,1102003,1,1,162],[110,1102010,1,1,184],[110,1102004,1,1,95]]"
1103,书画古籍品质3,书画古籍品质3,2,"[[110,1063002,1,1,526],[110,1103003,1,1,1150],[110,1063003,1,1,319],[110,1103008,1,1,746],[110,1013010,1,1,345],[110,1103006,1,1,616],[110,1103010,1,1,559],[110,1103009,1,1,476],[110,1103004,1,1,786],[110,1103001,1,1,729],[110,1103002,1,1,483],[110,1103007,1,1,444],[110,1103005,1,1,113]]"
1104,书画古籍品质4,书画古籍品质4,2,"[[110,1064008,1,1,286],[110,1104008,1,1,154],[110,1104002,1,1,149],[110,1104009,1,1,112],[110,1104006,1,1,126],[110,1104001,1,1,220],[110,1104007,1,1,95],[110,1104005,1,1,169],[110,1104004,1,1,169],[110,1104010,1,1,72],[110,1104003,1,1,133]]"
1105,书画古籍品质5,书画古籍品质5,2,"[[110,1105009,1,1,794],[110,1105007,1,1,804],[110,1105003,1,1,174],[110,1105002,1,1,260],[110,1035001,1,1,225],[110,1065008,1,1,351],[110,1105005,1,1,335],[110,1105001,1,1,291],[110,1105004,1,1,187],[110,1105010,1,1,116],[110,1105008,1,1,169],[110,1105006,1,1,174],[110,1065011,1,1,87],[110,1105011,1,1,129]]"
1106,书画古籍品质6,书画古籍品质6,2,"[[110,1026003,1,1,4280],[110,1066003,1,1,3979],[110,1106008,1,1,6637],[110,1106003,1,1,5983],[110,1106007,1,1,5699],[110,1036003,1,1,3887],[110,1106012,1,1,2339],[110,1106009,1,1,653],[110,1106010,1,1,663],[110,1106002,1,1,8435],[110,1106011,1,1,837],[110,1106005,1,1,6001],[110,1106004,1,1,5380],[110,1106006,1,1,3639],[110,1016006,1,1,1855],[110,1106001,1,1,4360],[100,1006001,1,1,5]]"
1107,书画古籍品质6快递盒,书画古籍品质6快递盒,2,[[]]
1108,书画古籍品质6仓库,书画古籍品质6仓库,2,"[[110,1026003,1,1,4089],[110,1106008,1,1,7012],[110,1106003,1,1,6513],[110,1106007,1,1,5666],[110,1106002,1,1,8168],[110,1106005,1,1,5881],[110,1106004,1,1,5380]]"
1109,书画古籍品质6集装箱,书画古籍品质6集装箱,2,"[[110,1026003,1,1,4074],[110,1066003,1,1,3712],[110,1106008,1,1,7011],[110,1106003,1,1,6358],[110,1106007,1,1,5667],[110,1036003,1,1,3602],[110,1106012,1,1,2366],[110,1106002,1,1,8032],[110,1106005,1,1,6005],[110,1106004,1,1,5037],[110,1106006,1,1,3684],[110,1016006,1,1,1926],[110,1106001,1,1,4270]]"
101101,未知品质1,快递盲盒堆,2,"[[9999,1011,1,1,20],[9999,1021,1,1,20],[9999,1031,1,1,20],[9999,1041,1,1,20],[9999,1051,1,1,20],[9999,1061,1,1,20],[9999,1071,1,1,20],[9999,1081,1,1,20],[9999,1091,1,1,20],[9999,1101,1,1,20]]"
101102,医院品质1,快递盲盒堆,2,"[[9999,1011,1,1,30],[9999,1021,1,1,100],[9999,1031,1,1,10],[9999,1041,1,1,10],[9999,1051,1,1,10],[9999,1061,1,1,10],[9999,1071,1,1,10],[9999,1081,1,1,20],[9999,1091,1,1,30],[9999,1101,1,1,10]]"
101103,超市品质1,快递盲盒堆,2,"[[9999,1011,1,1,50],[9999,1021,1,1,10],[9999,1031,1,1,50],[9999,1041,1,1,10],[9999,1051,1,1,10],[9999,1061,1,1,10],[9999,1071,1,1,10],[9999,1081,1,1,20],[9999,1091,1,1,50],[9999,1101,1,1,10]]"
101104,学校品质1,快递盲盒堆,2,"[[9999,1011,1,1,10],[9999,1021,1,1,10],[9999,1031,1,1,10],[9999,1041,1,1,10],[9999,1051,1,1,10],[9999,1061,1,1,10],[9999,1071,1,1,50],[9999,1081,1,1,20],[9999,1091,1,1,10],[9999,1101,1,1,30]]"
101105,小区品质1,快递盲盒堆,2,"[[9999,1011,1,1,40],[9999,1021,1,1,10],[9999,1031,1,1,30],[9999,1041,1,1,10],[9999,1051,1,1,10],[9999,1061,1,1,10],[9999,1071,1,1,20],[9999,1081,1,1,20],[9999,1091,1,1,30],[9999,1101,1,1,10]]"
101106,玩具店品质1,快递盲盒堆,2,"[[9999,1011,1,1,10],[9999,1021,1,1,10],[9999,1031,1,1,50],[9999,1041,1,1,50],[9999,1051,1,1,10],[9999,1061,1,1,20],[9999,1071,1,1,50],[9999,1081,1,1,30],[9999,1091,1,1,10],[9999,1101,1,1,10]]"
101107,古董街品质1,快递盲盒堆,2,"[[9999,1011,1,1,10],[9999,1021,1,1,10],[9999,1031,1,1,20],[9999,1041,1,1,20],[9999,1051,1,1,60],[9999,1061,1,1,60],[9999,1071,1,1,10],[9999,1081,1,1,20],[9999,1091,1,1,10],[9999,1101,1,1,50]]"
101201,未知品质2,快递盲盒堆,2,"[[9999,1012,1,1,20],[9999,1022,1,1,20],[9999,1032,1,1,20],[9999,1042,1,1,20],[9999,1052,1,1,20],[9999,1062,1,1,20],[9999,1072,1,1,20],[9999,1082,1,1,20],[9999,1092,1,1,20],[9999,1102,1,1,20]]"
101202,医院品质2,快递盲盒堆,2,"[[9999,1012,1,1,30],[9999,1022,1,1,100],[9999,1032,1,1,10],[9999,1042,1,1,10],[9999,1052,1,1,10],[9999,1062,1,1,10],[9999,1072,1,1,10],[9999,1082,1,1,20],[9999,1092,1,1,30],[9999,1102,1,1,10]]"
101203,超市品质2,快递盲盒堆,2,"[[9999,1012,1,1,50],[9999,1022,1,1,10],[9999,1032,1,1,50],[9999,1042,1,1,10],[9999,1052,1,1,10],[9999,1062,1,1,10],[9999,1072,1,1,10],[9999,1082,1,1,20],[9999,1092,1,1,50],[9999,1102,1,1,10]]"
101204,学校品质2,快递盲盒堆,2,"[[9999,1012,1,1,10],[9999,1022,1,1,10],[9999,1032,1,1,10],[9999,1042,1,1,10],[9999,1052,1,1,10],[9999,1062,1,1,10],[9999,1072,1,1,50],[9999,1082,1,1,20],[9999,1092,1,1,10],[9999,1102,1,1,30]]"
101205,小区品质2,快递盲盒堆,2,"[[9999,1012,1,1,40],[9999,1022,1,1,10],[9999,1032,1,1,30],[9999,1042,1,1,10],[9999,1052,1,1,10],[9999,1062,1,1,10],[9999,1072,1,1,20],[9999,1082,1,1,20],[9999,1092,1,1,30],[9999,1102,1,1,10]]"
101206,玩具店品质2,快递盲盒堆,2,"[[9999,1012,1,1,10],[9999,1022,1,1,10],[9999,1032,1,1,50],[9999,1042,1,1,50],[9999,1052,1,1,10],[9999,1062,1,1,20],[9999,1072,1,1,50],[9999,1082,1,1,30],[9999,1092,1,1,10],[9999,1102,1,1,10]]"
101207,古董街品质2,快递盲盒堆,2,"[[9999,1012,1,1,10],[9999,1022,1,1,10],[9999,1032,1,1,20],[9999,1042,1,1,20],[9999,1052,1,1,60],[9999,1062,1,1,60],[9999,1072,1,1,10],[9999,1082,1,1,20],[9999,1092,1,1,10],[9999,1102,1,1,50]]"
101301,未知品质3,快递盲盒堆,2,"[[9999,1013,1,1,20],[9999,1023,1,1,20],[9999,1033,1,1,20],[9999,1043,1,1,20],[9999,1053,1,1,20],[9999,1063,1,1,20],[9999,1073,1,1,20],[9999,1083,1,1,20],[9999,1093,1,1,20],[9999,1103,1,1,20]]"
101302,医院品质3,快递盲盒堆,2,"[[9999,1013,1,1,30],[9999,1023,1,1,100],[9999,1033,1,1,10],[9999,1043,1,1,10],[9999,1053,1,1,10],[9999,1063,1,1,10],[9999,1073,1,1,10],[9999,1083,1,1,20],[9999,1093,1,1,30],[9999,1103,1,1,10]]"
101303,超市品质3,快递盲盒堆,2,"[[9999,1013,1,1,50],[9999,1023,1,1,10],[9999,1033,1,1,50],[9999,1043,1,1,10],[9999,1053,1,1,10],[9999,1063,1,1,10],[9999,1073,1,1,10],[9999,1083,1,1,20],[9999,1093,1,1,50],[9999,1103,1,1,10]]"
101304,学校品质3,快递盲盒堆,2,"[[9999,1013,1,1,10],[9999,1023,1,1,10],[9999,1033,1,1,10],[9999,1043,1,1,10],[9999,1053,1,1,10],[9999,1063,1,1,10],[9999,1073,1,1,50],[9999,1083,1,1,20],[9999,1093,1,1,10],[9999,1103,1,1,30]]"
101305,小区品质3,快递盲盒堆,2,"[[9999,1013,1,1,40],[9999,1023,1,1,10],[9999,1033,1,1,30],[9999,1043,1,1,10],[9999,1053,1,1,10],[9999,1063,1,1,10],[9999,1073,1,1,20],[9999,1083,1,1,20],[9999,1093,1,1,30],[9999,1103,1,1,10]]"
101306,玩具店品质3,快递盲盒堆,2,"[[9999,1013,1,1,10],[9999,1023,1,1,10],[9999,1033,1,1,50],[9999,1043,1,1,50],[9999,1053,1,1,10],[9999,1063,1,1,20],[9999,1073,1,1,50],[9999,1083,1,1,30],[9999,1093,1,1,10],[9999,1103,1,1,10]]"
101307,古董街品质3,快递盲盒堆,2,"[[9999,1013,1,1,10],[9999,1023,1,1,10],[9999,1033,1,1,20],[9999,1043,1,1,20],[9999,1053,1,1,60],[9999,1063,1,1,60],[9999,1073,1,1,10],[9999,1083,1,1,20],[9999,1093,1,1,10],[9999,1103,1,1,50]]"
101401,未知品质4,快递盲盒堆,2,"[[9999,1014,1,1,20],[9999,1024,1,1,20],[9999,1034,1,1,20],[9999,1044,1,1,20],[9999,1054,1,1,20],[9999,1064,1,1,20],[9999,1074,1,1,20],[9999,1084,1,1,20],[9999,1094,1,1,20],[9999,1104,1,1,20]]"
101402,医院品质4,快递盲盒堆,2,"[[9999,1014,1,1,30],[9999,1024,1,1,100],[9999,1034,1,1,10],[9999,1044,1,1,10],[9999,1054,1,1,10],[9999,1064,1,1,10],[9999,1074,1,1,10],[9999,1084,1,1,20],[9999,1094,1,1,30],[9999,1104,1,1,10]]"
101403,超市品质4,快递盲盒堆,2,"[[9999,1014,1,1,50],[9999,1024,1,1,10],[9999,1034,1,1,50],[9999,1044,1,1,10],[9999,1054,1,1,10],[9999,1064,1,1,10],[9999,1074,1,1,10],[9999,1084,1,1,20],[9999,1094,1,1,50],[9999,1104,1,1,10]]"
101404,学校品质4,快递盲盒堆,2,"[[9999,1014,1,1,10],[9999,1024,1,1,10],[9999,1034,1,1,10],[9999,1044,1,1,10],[9999,1054,1,1,10],[9999,1064,1,1,10],[9999,1074,1,1,50],[9999,1084,1,1,20],[9999,1094,1,1,10],[9999,1104,1,1,30]]"
101405,小区品质4,快递盲盒堆,2,"[[9999,1014,1,1,40],[9999,1024,1,1,10],[9999,1034,1,1,30],[9999,1044,1,1,10],[9999,1054,1,1,10],[9999,1064,1,1,10],[9999,1074,1,1,20],[9999,1084,1,1,20],[9999,1094,1,1,30],[9999,1104,1,1,10]]"
101406,玩具店品质4,快递盲盒堆,2,"[[9999,1014,1,1,10],[9999,1024,1,1,10],[9999,1034,1,1,50],[9999,1044,1,1,50],[9999,1054,1,1,10],[9999,1064,1,1,20],[9999,1074,1,1,50],[9999,1084,1,1,30],[9999,1094,1,1,10],[9999,1104,1,1,10]]"
101407,古董街品质4,快递盲盒堆,2,"[[9999,1014,1,1,10],[9999,1024,1,1,10],[9999,1034,1,1,20],[9999,1044,1,1,20],[9999,1054,1,1,60],[9999,1064,1,1,60],[9999,1074,1,1,10],[9999,1084,1,1,20],[9999,1094,1,1,10],[9999,1104,1,1,50]]"
101501,未知品质5,快递盲盒堆,2,"[[9999,1015,1,1,20],[9999,1025,1,1,20],[9999,1035,1,1,20],[9999,1045,1,1,20],[9999,1055,1,1,20],[9999,1065,1,1,20],[9999,1075,1,1,20],[9999,1085,1,1,20],[9999,1095,1,1,20],[9999,1105,1,1,20]]"
101502,医院品质5,快递盲盒堆,2,"[[9999,1015,1,1,30],[9999,1025,1,1,100],[9999,1035,1,1,10],[9999,1045,1,1,10],[9999,1055,1,1,10],[9999,1065,1,1,10],[9999,1075,1,1,10],[9999,1085,1,1,20],[9999,1095,1,1,30],[9999,1105,1,1,10]]"
101503,超市品质5,快递盲盒堆,2,"[[9999,1015,1,1,50],[9999,1025,1,1,10],[9999,1035,1,1,50],[9999,1045,1,1,10],[9999,1055,1,1,10],[9999,1065,1,1,10],[9999,1075,1,1,10],[9999,1085,1,1,20],[9999,1095,1,1,50],[9999,1105,1,1,10]]"
101504,学校品质5,快递盲盒堆,2,"[[9999,1015,1,1,10],[9999,1025,1,1,10],[9999,1035,1,1,10],[9999,1045,1,1,10],[9999,1055,1,1,10],[9999,1065,1,1,10],[9999,1075,1,1,50],[9999,1085,1,1,20],[9999,1095,1,1,10],[9999,1105,1,1,30]]"
101505,小区品质5,快递盲盒堆,2,"[[9999,1015,1,1,40],[9999,1025,1,1,10],[9999,1035,1,1,30],[9999,1045,1,1,10],[9999,1055,1,1,10],[9999,1065,1,1,10],[9999,1075,1,1,20],[9999,1085,1,1,20],[9999,1095,1,1,30],[9999,1105,1,1,10]]"
101506,玩具店品质5,快递盲盒堆,2,"[[9999,1015,1,1,10],[9999,1025,1,1,10],[9999,1035,1,1,50],[9999,1045,1,1,50],[9999,1055,1,1,10],[9999,1065,1,1,20],[9999,1075,1,1,50],[9999,1085,1,1,30],[9999,1095,1,1,10],[9999,1105,1,1,10]]"
101507,古董街品质5,快递盲盒堆,2,"[[9999,1015,1,1,10],[9999,1025,1,1,10],[9999,1035,1,1,20],[9999,1045,1,1,20],[9999,1055,1,1,60],[9999,1065,1,1,60],[9999,1075,1,1,10],[9999,1085,1,1,20],[9999,1095,1,1,10],[9999,1105,1,1,50]]"
101601,未知品质6,快递盲盒堆,2,"[[9999,1017,1,1,20],[9999,1027,1,1,20],[9999,1037,1,1,20],[9999,1047,1,1,20],[9999,1057,1,1,20],[9999,1067,1,1,20],[9999,1077,1,1,20],[9999,1087,1,1,20],[9999,1097,1,1,20],[9999,1107,1,1,20]]"
101602,医院品质6,快递盲盒堆,2,"[[9999,1017,1,1,30],[9999,1027,1,1,100],[9999,1037,1,1,10],[9999,1047,1,1,10],[9999,1057,1,1,10],[9999,1067,1,1,10],[9999,1077,1,1,10],[9999,1087,1,1,20],[9999,1097,1,1,30],[9999,1107,1,1,10]]"
101603,超市品质6,快递盲盒堆,2,"[[9999,1017,1,1,50],[9999,1027,1,1,10],[9999,1037,1,1,50],[9999,1047,1,1,10],[9999,1057,1,1,10],[9999,1067,1,1,10],[9999,1077,1,1,10],[9999,1087,1,1,20],[9999,1097,1,1,50],[9999,1107,1,1,10]]"
101604,学校品质6,快递盲盒堆,2,"[[9999,1017,1,1,10],[9999,1027,1,1,10],[9999,1037,1,1,10],[9999,1047,1,1,10],[9999,1057,1,1,10],[9999,1067,1,1,10],[9999,1077,1,1,50],[9999,1087,1,1,20],[9999,1097,1,1,10],[9999,1107,1,1,30]]"
101605,小区品质6,快递盲盒堆,2,"[[9999,1017,1,1,40],[9999,1027,1,1,10],[9999,1037,1,1,30],[9999,1047,1,1,10],[9999,1057,1,1,10],[9999,1067,1,1,10],[9999,1077,1,1,20],[9999,1087,1,1,20],[9999,1097,1,1,30],[9999,1107,1,1,10]]"
101606,玩具店品质6,快递盲盒堆,2,"[[9999,1017,1,1,10],[9999,1027,1,1,10],[9999,1037,1,1,50],[9999,1047,1,1,50],[9999,1057,1,1,10],[9999,1067,1,1,20],[9999,1077,1,1,50],[9999,1087,1,1,30],[9999,1097,1,1,10],[9999,1107,1,1,10]]"
101607,古董街品质6,快递盲盒堆,2,"[[9999,1017,1,1,10],[9999,1027,1,1,10],[9999,1037,1,1,20],[9999,1047,1,1,20],[9999,1057,1,1,60],[9999,1067,1,1,60],[9999,1077,1,1,10],[9999,1087,1,1,20],[9999,1097,1,1,10],[9999,1107,1,1,50]]"
102101,​混沌货栈​品质1,废弃仓库,2,"[[9999,1011,1,1,20],[9999,1021,1,1,20],[9999,1031,1,1,20],[9999,1041,1,1,20],[9999,1051,1,1,20],[9999,1061,1,1,20],[9999,1071,1,1,20],[9999,1081,1,1,20],[9999,1091,1,1,20],[9999,1101,1,1,20]]"
102102,​品牌尾货仓​品质1,废弃仓库,2,"[[9999,1011,1,1,60],[9999,1021,1,1,10],[9999,1031,1,1,60],[9999,1041,1,1,10],[9999,1051,1,1,10],[9999,1061,1,1,10],[9999,1071,1,1,10],[9999,1081,1,1,10],[9999,1091,1,1,10],[9999,1101,1,1,10]]"
102103,​硬核资产库​品质1,废弃仓库,2,"[[9999,1011,1,1,10],[9999,1021,1,1,10],[9999,1031,1,1,10],[9999,1041,1,1,60],[9999,1051,1,1,10],[9999,1061,1,1,10],[9999,1071,1,1,60],[9999,1081,1,1,60],[9999,1091,1,1,10],[9999,1101,1,1,10]]"
102104,​民生储备库​品质1,废弃仓库,2,"[[9999,1011,1,1,10],[9999,1021,1,1,10],[9999,1031,1,1,10],[9999,1041,1,1,10],[9999,1051,1,1,60],[9999,1061,1,1,60],[9999,1071,1,1,10],[9999,1081,1,1,10],[9999,1091,1,1,10],[9999,1101,1,1,60]]"
102105,​墨韵藏宝阁​品质1,废弃仓库,2,"[[9999,1011,1,1,10],[9999,1021,1,1,10],[9999,1031,1,1,10],[9999,1041,1,1,10],[9999,1051,1,1,60],[9999,1061,1,1,60],[9999,1071,1,1,10],[9999,1081,1,1,10],[9999,1091,1,1,10],[9999,1101,1,1,60]]"
102201,​混沌货栈​品质2,废弃仓库,2,"[[9999,1012,1,1,20],[9999,1022,1,1,20],[9999,1032,1,1,20],[9999,1042,1,1,20],[9999,1052,1,1,20],[9999,1062,1,1,20],[9999,1072,1,1,20],[9999,1082,1,1,20],[9999,1092,1,1,20],[9999,1102,1,1,20]]"
102202,​品牌尾货仓​品质2,废弃仓库,2,"[[9999,1012,1,1,60],[9999,1022,1,1,10],[9999,1032,1,1,60],[9999,1042,1,1,10],[9999,1052,1,1,10],[9999,1062,1,1,10],[9999,1072,1,1,10],[9999,1082,1,1,10],[9999,1092,1,1,10],[9999,1102,1,1,10]]"
102203,​硬核资产库​品质2,废弃仓库,2,"[[9999,1012,1,1,10],[9999,1022,1,1,10],[9999,1032,1,1,10],[9999,1042,1,1,60],[9999,1052,1,1,10],[9999,1062,1,1,10],[9999,1072,1,1,60],[9999,1082,1,1,60],[9999,1092,1,1,10],[9999,1102,1,1,10]]"
102204,​民生储备库​品质2,废弃仓库,2,"[[9999,1012,1,1,10],[9999,1022,1,1,10],[9999,1032,1,1,10],[9999,1042,1,1,10],[9999,1052,1,1,60],[9999,1062,1,1,60],[9999,1072,1,1,10],[9999,1082,1,1,10],[9999,1092,1,1,10],[9999,1102,1,1,60]]"
102205,​墨韵藏宝阁​品质2,废弃仓库,2,"[[9999,1012,1,1,10],[9999,1022,1,1,10],[9999,1032,1,1,10],[9999,1042,1,1,10],[9999,1052,1,1,60],[9999,1062,1,1,60],[9999,1072,1,1,10],[9999,1082,1,1,10],[9999,1092,1,1,10],[9999,1102,1,1,60]]"
102301,​混沌货栈​品质3,废弃仓库,2,"[[9999,1013,1,1,20],[9999,1023,1,1,20],[9999,1033,1,1,20],[9999,1043,1,1,20],[9999,1053,1,1,20],[9999,1063,1,1,20],[9999,1073,1,1,20],[9999,1083,1,1,20],[9999,1093,1,1,20],[9999,1103,1,1,20]]"
102302,​品牌尾货仓​品质3,废弃仓库,2,"[[9999,1013,1,1,60],[9999,1023,1,1,10],[9999,1033,1,1,60],[9999,1043,1,1,10],[9999,1053,1,1,10],[9999,1063,1,1,10],[9999,1073,1,1,10],[9999,1083,1,1,10],[9999,1093,1,1,10],[9999,1103,1,1,10]]"
102303,​硬核资产库​品质3,废弃仓库,2,"[[9999,1013,1,1,10],[9999,1023,1,1,10],[9999,1033,1,1,10],[9999,1043,1,1,60],[9999,1053,1,1,10],[9999,1063,1,1,10],[9999,1073,1,1,60],[9999,1083,1,1,60],[9999,1093,1,1,10],[9999,1103,1,1,10]]"
102304,​民生储备库​品质3,废弃仓库,2,"[[9999,1013,1,1,10],[9999,1023,1,1,10],[9999,1033,1,1,10],[9999,1043,1,1,10],[9999,1053,1,1,60],[9999,1063,1,1,60],[9999,1073,1,1,10],[9999,1083,1,1,10],[9999,1093,1,1,10],[9999,1103,1,1,60]]"
102305,​墨韵藏宝阁​品质3,废弃仓库,2,"[[9999,1013,1,1,10],[9999,1023,1,1,10],[9999,1033,1,1,10],[9999,1043,1,1,10],[9999,1053,1,1,60],[9999,1063,1,1,60],[9999,1073,1,1,10],[9999,1083,1,1,10],[9999,1093,1,1,10],[9999,1103,1,1,60]]"
102401,​混沌货栈​品质4,废弃仓库,2,"[[9999,1014,1,1,20],[9999,1024,1,1,20],[9999,1034,1,1,20],[9999,1044,1,1,20],[9999,1054,1,1,20],[9999,1064,1,1,20],[9999,1074,1,1,20],[9999,1084,1,1,20],[9999,1094,1,1,20],[9999,1104,1,1,20]]"
102402,​品牌尾货仓​品质4,废弃仓库,2,"[[9999,1014,1,1,60],[9999,1024,1,1,10],[9999,1034,1,1,60],[9999,1044,1,1,10],[9999,1054,1,1,10],[9999,1064,1,1,10],[9999,1074,1,1,10],[9999,1084,1,1,10],[9999,1094,1,1,10],[9999,1104,1,1,10]]"
102403,​硬核资产库​品质4,废弃仓库,2,"[[9999,1014,1,1,10],[9999,1024,1,1,10],[9999,1034,1,1,10],[9999,1044,1,1,60],[9999,1054,1,1,10],[9999,1064,1,1,10],[9999,1074,1,1,60],[9999,1084,1,1,60],[9999,1094,1,1,10],[9999,1104,1,1,10]]"
102404,​民生储备库​品质4,废弃仓库,2,"[[9999,1014,1,1,10],[9999,1024,1,1,10],[9999,1034,1,1,10],[9999,1044,1,1,10],[9999,1054,1,1,60],[9999,1064,1,1,60],[9999,1074,1,1,10],[9999,1084,1,1,10],[9999,1094,1,1,10],[9999,1104,1,1,60]]"
102405,​墨韵藏宝阁​品质4,废弃仓库,2,"[[9999,1014,1,1,10],[9999,1024,1,1,10],[9999,1034,1,1,10],[9999,1044,1,1,10],[9999,1054,1,1,60],[9999,1064,1,1,60],[9999,1074,1,1,10],[9999,1084,1,1,10],[9999,1094,1,1,10],[9999,1104,1,1,60]]"
102501,​混沌货栈​品质5,废弃仓库,2,"[[9999,1015,1,1,20],[9999,1025,1,1,20],[9999,1035,1,1,20],[9999,1045,1,1,20],[9999,1055,1,1,20],[9999,1065,1,1,20],[9999,1075,1,1,20],[9999,1085,1,1,20],[9999,1095,1,1,20],[9999,1105,1,1,20]]"
102502,​品牌尾货仓​品质5,废弃仓库,2,"[[9999,1015,1,1,60],[9999,1025,1,1,10],[9999,1035,1,1,60],[9999,1045,1,1,10],[9999,1055,1,1,10],[9999,1065,1,1,10],[9999,1075,1,1,10],[9999,1085,1,1,10],[9999,1095,1,1,10],[9999,1105,1,1,10]]"
102503,​硬核资产库​品质5,废弃仓库,2,"[[9999,1015,1,1,10],[9999,1025,1,1,10],[9999,1035,1,1,10],[9999,1045,1,1,60],[9999,1055,1,1,10],[9999,1065,1,1,10],[9999,1075,1,1,60],[9999,1085,1,1,60],[9999,1095,1,1,10],[9999,1105,1,1,10]]"
102504,​民生储备库​品质5,废弃仓库,2,"[[9999,1015,1,1,10],[9999,1025,1,1,10],[9999,1035,1,1,10],[9999,1045,1,1,10],[9999,1055,1,1,60],[9999,1065,1,1,60],[9999,1075,1,1,10],[9999,1085,1,1,10],[9999,1095,1,1,10],[9999,1105,1,1,60]]"
102505,​墨韵藏宝阁​品质5,废弃仓库,2,"[[9999,1015,1,1,10],[9999,1025,1,1,10],[9999,1035,1,1,10],[9999,1045,1,1,10],[9999,1055,1,1,60],[9999,1065,1,1,60],[9999,1075,1,1,10],[9999,1085,1,1,10],[9999,1095,1,1,10],[9999,1105,1,1,60]]"
102601,​混沌货栈​品质6,废弃仓库,2,"[[9999,1018,1,1,20],[9999,1028,1,1,20],[9999,1038,1,1,20],[9999,1048,1,1,20],[9999,1058,1,1,20],[9999,1068,1,1,20],[9999,1078,1,1,20],[9999,1088,1,1,20],[9999,1098,1,1,20],[9999,1108,1,1,20]]"
102602,​品牌尾货仓​品质6,废弃仓库,2,"[[9999,1018,1,1,60],[9999,1028,1,1,10],[9999,1038,1,1,60],[9999,1048,1,1,10],[9999,1058,1,1,10],[9999,1068,1,1,10],[9999,1078,1,1,10],[9999,1088,1,1,10],[9999,1098,1,1,10],[9999,1108,1,1,10]]"
102603,​硬核资产库​品质6,废弃仓库,2,"[[9999,1018,1,1,10],[9999,1028,1,1,10],[9999,1038,1,1,10],[9999,1048,1,1,60],[9999,1058,1,1,10],[9999,1068,1,1,10],[9999,1078,1,1,60],[9999,1088,1,1,60],[9999,1098,1,1,10],[9999,1108,1,1,10]]"
102604,​民生储备库​品质6,废弃仓库,2,"[[9999,1018,1,1,10],[9999,1028,1,1,10],[9999,1038,1,1,10],[9999,1048,1,1,10],[9999,1058,1,1,60],[9999,1068,1,1,60],[9999,1078,1,1,10],[9999,1088,1,1,10],[9999,1098,1,1,10],[9999,1108,1,1,60]]"
102605,​墨韵藏宝阁​品质6,废弃仓库,2,"[[9999,1018,1,1,10],[9999,1028,1,1,10],[9999,1038,1,1,10],[9999,1048,1,1,10],[9999,1058,1,1,60],[9999,1068,1,1,60],[9999,1078,1,1,10],[9999,1088,1,1,10],[9999,1098,1,1,10],[9999,1108,1,1,60]]"
103101,​混沌货柜​1,航运集装箱,2,"[[9999,1011,1,1,20],[9999,1021,1,1,20],[9999,1031,1,1,20],[9999,1041,1,1,20],[9999,1051,1,1,20],[9999,1061,1,1,20],[9999,1071,1,1,20],[9999,1081,1,1,20],[9999,1091,1,1,20],[9999,1101,1,1,20]]"
103102,​环球家居博览箱​1,航运集装箱,2,"[[9999,1011,1,1,60],[9999,1021,1,1,10],[9999,1031,1,1,60],[9999,1041,1,1,10],[9999,1051,1,1,10],[9999,1061,1,1,10],[9999,1071,1,1,10],[9999,1081,1,1,20],[9999,1091,1,1,20],[9999,1101,1,1,10]]"
103103,​尖端装备封存箱​1,航运集装箱,2,"[[9999,1011,1,1,20],[9999,1021,1,1,10],[9999,1031,1,1,20],[9999,1041,1,1,40],[9999,1051,1,1,10],[9999,1061,1,1,10],[9999,1071,1,1,40],[9999,1081,1,1,60],[9999,1091,1,1,20],[9999,1101,1,1,10]]"
103104,​跨国冷链货柜​1,航运集装箱,2,"[[9999,1011,1,1,20],[9999,1021,1,1,60],[9999,1031,1,1,20],[9999,1041,1,1,10],[9999,1051,1,1,10],[9999,1061,1,1,10],[9999,1071,1,1,10],[9999,1081,1,1,20],[9999,1091,1,1,60],[9999,1101,1,1,10]]"
103105,​历史尘埃秘藏箱​1,航运集装箱,2,"[[9999,1011,1,1,20],[9999,1021,1,1,10],[9999,1031,1,1,20],[9999,1041,1,1,10],[9999,1051,1,1,60],[9999,1061,1,1,60],[9999,1071,1,1,10],[9999,1081,1,1,20],[9999,1091,1,1,20],[9999,1101,1,1,60]]"
103106,​缄默知识文库​1,航运集装箱,2,"[[9999,1011,1,1,20],[9999,1021,1,1,10],[9999,1031,1,1,20],[9999,1041,1,1,20],[9999,1051,1,1,10],[9999,1061,1,1,20],[9999,1071,1,1,10],[9999,1081,1,1,20],[9999,1091,1,1,20],[9999,1101,1,1,100]]"
103107,​迪拜私享逸品柜​1,航运集装箱,2,"[[9999,1011,1,1,20],[9999,1021,1,1,10],[9999,1031,1,1,20],[9999,1041,1,1,20],[9999,1051,1,1,100],[9999,1061,1,1,20],[9999,1071,1,1,10],[9999,1081,1,1,20],[9999,1091,1,1,20],[9999,1101,1,1,10]]"
103108,​保税实验室原料柜​1,航运集装箱,2,"[[9999,1011,1,1,20],[9999,1021,1,1,100],[9999,1031,1,1,20],[9999,1041,1,1,20],[9999,1051,1,1,10],[9999,1061,1,1,20],[9999,1071,1,1,10],[9999,1081,1,1,20],[9999,1091,1,1,20],[9999,1101,1,1,10]]"
103109,​注册私人军事物资​1,航运集装箱,2,"[[9999,1011,1,1,20],[9999,1021,1,1,10],[9999,1031,1,1,20],[9999,1041,1,1,100],[9999,1051,1,1,10],[9999,1061,1,1,20],[9999,1071,1,1,10],[9999,1081,1,1,20],[9999,1091,1,1,20],[9999,1101,1,1,10]]"
103110,​亚洲电竞狂欢箱​1,航运集装箱,2,"[[9999,1011,1,1,20],[9999,1021,1,1,10],[9999,1031,1,1,20],[9999,1041,1,1,20],[9999,1051,1,1,10],[9999,1061,1,1,20],[9999,1071,1,1,100],[9999,1081,1,1,20],[9999,1091,1,1,20],[9999,1101,1,1,10]]"
103201,​混沌货柜​2,航运集装箱,2,"[[9999,1012,1,1,20],[9999,1022,1,1,20],[9999,1032,1,1,20],[9999,1042,1,1,20],[9999,1052,1,1,20],[9999,1062,1,1,20],[9999,1072,1,1,20],[9999,1082,1,1,20],[9999,1092,1,1,20],[9999,1102,1,1,20]]"
103202,​环球家居博览箱​2,航运集装箱,2,"[[9999,1012,1,1,60],[9999,1022,1,1,10],[9999,1032,1,1,60],[9999,1042,1,1,10],[9999,1052,1,1,10],[9999,1062,1,1,10],[9999,1072,1,1,10],[9999,1082,1,1,20],[9999,1092,1,1,20],[9999,1102,1,1,10]]"
103203,​尖端装备封存箱​2,航运集装箱,2,"[[9999,1012,1,1,20],[9999,1022,1,1,10],[9999,1032,1,1,20],[9999,1042,1,1,40],[9999,1052,1,1,10],[9999,1062,1,1,10],[9999,1072,1,1,40],[9999,1082,1,1,60],[9999,1092,1,1,20],[9999,1102,1,1,10]]"
103204,​跨国冷链货柜​2,航运集装箱,2,"[[9999,1012,1,1,20],[9999,1022,1,1,60],[9999,1032,1,1,20],[9999,1042,1,1,10],[9999,1052,1,1,10],[9999,1062,1,1,10],[9999,1072,1,1,10],[9999,1082,1,1,20],[9999,1092,1,1,60],[9999,1102,1,1,10]]"
103205,​历史尘埃秘藏箱​2,航运集装箱,2,"[[9999,1012,1,1,20],[9999,1022,1,1,10],[9999,1032,1,1,20],[9999,1042,1,1,10],[9999,1052,1,1,60],[9999,1062,1,1,60],[9999,1072,1,1,10],[9999,1082,1,1,20],[9999,1092,1,1,20],[9999,1102,1,1,60]]"
103206,​缄默知识文库​2,航运集装箱,2,"[[9999,1012,1,1,20],[9999,1022,1,1,10],[9999,1032,1,1,20],[9999,1042,1,1,20],[9999,1052,1,1,10],[9999,1062,1,1,20],[9999,1072,1,1,10],[9999,1082,1,1,20],[9999,1092,1,1,20],[9999,1102,1,1,100]]"
103207,​迪拜私享逸品柜​2,航运集装箱,2,"[[9999,1012,1,1,20],[9999,1022,1,1,10],[9999,1032,1,1,20],[9999,1042,1,1,20],[9999,1052,1,1,100],[9999,1062,1,1,20],[9999,1072,1,1,10],[9999,1082,1,1,20],[9999,1092,1,1,20],[9999,1102,1,1,10]]"
103208,​保税实验室原料柜​2,航运集装箱,2,"[[9999,1012,1,1,20],[9999,1022,1,1,100],[9999,1032,1,1,20],[9999,1042,1,1,20],[9999,1052,1,1,10],[9999,1062,1,1,20],[9999,1072,1,1,10],[9999,1082,1,1,20],[9999,1092,1,1,20],[9999,1102,1,1,10]]"
103209,​注册私人军事物资​2,航运集装箱,2,"[[9999,1012,1,1,20],[9999,1022,1,1,10],[9999,1032,1,1,20],[9999,1042,1,1,100],[9999,1052,1,1,10],[9999,1062,1,1,20],[9999,1072,1,1,10],[9999,1082,1,1,20],[9999,1092,1,1,20],[9999,1102,1,1,10]]"
103210,​亚洲电竞狂欢箱​2,航运集装箱,2,"[[9999,1012,1,1,20],[9999,1022,1,1,10],[9999,1032,1,1,20],[9999,1042,1,1,20],[9999,1052,1,1,10],[9999,1062,1,1,20],[9999,1072,1,1,100],[9999,1082,1,1,20],[9999,1092,1,1,20],[9999,1102,1,1,10]]"
103301,​混沌货柜​3,航运集装箱,2,"[[9999,1013,1,1,20],[9999,1023,1,1,20],[9999,1033,1,1,20],[9999,1043,1,1,20],[9999,1053,1,1,20],[9999,1063,1,1,20],[9999,1073,1,1,20],[9999,1083,1,1,20],[9999,1093,1,1,20],[9999,1103,1,1,20]]"
103302,​环球家居博览箱​3,航运集装箱,2,"[[9999,1013,1,1,60],[9999,1023,1,1,10],[9999,1033,1,1,60],[9999,1043,1,1,10],[9999,1053,1,1,10],[9999,1063,1,1,10],[9999,1073,1,1,10],[9999,1083,1,1,20],[9999,1093,1,1,20],[9999,1103,1,1,10]]"
103303,​尖端装备封存箱​3,航运集装箱,2,"[[9999,1013,1,1,20],[9999,1023,1,1,10],[9999,1033,1,1,20],[9999,1043,1,1,40],[9999,1053,1,1,10],[9999,1063,1,1,10],[9999,1073,1,1,40],[9999,1083,1,1,60],[9999,1093,1,1,20],[9999,1103,1,1,10]]"
103304,​跨国冷链货柜​3,航运集装箱,2,"[[9999,1013,1,1,20],[9999,1023,1,1,60],[9999,1033,1,1,20],[9999,1043,1,1,10],[9999,1053,1,1,10],[9999,1063,1,1,10],[9999,1073,1,1,10],[9999,1083,1,1,20],[9999,1093,1,1,60],[9999,1103,1,1,10]]"
103305,​历史尘埃秘藏箱​3,航运集装箱,2,"[[9999,1013,1,1,20],[9999,1023,1,1,10],[9999,1033,1,1,20],[9999,1043,1,1,10],[9999,1053,1,1,60],[9999,1063,1,1,60],[9999,1073,1,1,10],[9999,1083,1,1,20],[9999,1093,1,1,20],[9999,1103,1,1,60]]"
103306,​缄默知识文库​3,航运集装箱,2,"[[9999,1013,1,1,20],[9999,1023,1,1,10],[9999,1033,1,1,20],[9999,1043,1,1,20],[9999,1053,1,1,10],[9999,1063,1,1,20],[9999,1073,1,1,10],[9999,1083,1,1,20],[9999,1093,1,1,20],[9999,1103,1,1,100]]"
103307,​迪拜私享逸品柜​3,航运集装箱,2,"[[9999,1013,1,1,20],[9999,1023,1,1,10],[9999,1033,1,1,20],[9999,1043,1,1,20],[9999,1053,1,1,100],[9999,1063,1,1,20],[9999,1073,1,1,10],[9999,1083,1,1,20],[9999,1093,1,1,20],[9999,1103,1,1,10]]"
103308,​保税实验室原料柜​3,航运集装箱,2,"[[9999,1013,1,1,20],[9999,1023,1,1,100],[9999,1033,1,1,20],[9999,1043,1,1,20],[9999,1053,1,1,10],[9999,1063,1,1,20],[9999,1073,1,1,10],[9999,1083,1,1,20],[9999,1093,1,1,20],[9999,1103,1,1,10]]"
103309,​注册私人军事物资​3,航运集装箱,2,"[[9999,1013,1,1,20],[9999,1023,1,1,10],[9999,1033,1,1,20],[9999,1043,1,1,100],[9999,1053,1,1,10],[9999,1063,1,1,20],[9999,1073,1,1,10],[9999,1083,1,1,20],[9999,1093,1,1,20],[9999,1103,1,1,10]]"
103310,​亚洲电竞狂欢箱​3,航运集装箱,2,"[[9999,1013,1,1,20],[9999,1023,1,1,10],[9999,1033,1,1,20],[9999,1043,1,1,20],[9999,1053,1,1,10],[9999,1063,1,1,20],[9999,1073,1,1,100],[9999,1083,1,1,20],[9999,1093,1,1,20],[9999,1103,1,1,10]]"
103401,​混沌货柜​4,航运集装箱,2,"[[9999,1014,1,1,20],[9999,1024,1,1,20],[9999,1034,1,1,20],[9999,1044,1,1,20],[9999,1054,1,1,20],[9999,1064,1,1,20],[9999,1074,1,1,20],[9999,1084,1,1,20],[9999,1094,1,1,20],[9999,1104,1,1,20]]"
103402,​环球家居博览箱​4,航运集装箱,2,"[[9999,1014,1,1,60],[9999,1024,1,1,10],[9999,1034,1,1,60],[9999,1044,1,1,10],[9999,1054,1,1,10],[9999,1064,1,1,10],[9999,1074,1,1,10],[9999,1084,1,1,20],[9999,1094,1,1,20],[9999,1104,1,1,10]]"
103403,​尖端装备封存箱​4,航运集装箱,2,"[[9999,1014,1,1,20],[9999,1024,1,1,10],[9999,1034,1,1,20],[9999,1044,1,1,40],[9999,1054,1,1,10],[9999,1064,1,1,10],[9999,1074,1,1,40],[9999,1084,1,1,60],[9999,1094,1,1,20],[9999,1104,1,1,10]]"
103404,​跨国冷链货柜​4,航运集装箱,2,"[[9999,1014,1,1,20],[9999,1024,1,1,60],[9999,1034,1,1,20],[9999,1044,1,1,10],[9999,1054,1,1,10],[9999,1064,1,1,10],[9999,1074,1,1,10],[9999,1084,1,1,20],[9999,1094,1,1,60],[9999,1104,1,1,10]]"
103405,​历史尘埃秘藏箱​4,航运集装箱,2,"[[9999,1014,1,1,20],[9999,1024,1,1,10],[9999,1034,1,1,20],[9999,1044,1,1,10],[9999,1054,1,1,60],[9999,1064,1,1,60],[9999,1074,1,1,10],[9999,1084,1,1,20],[9999,1094,1,1,20],[9999,1104,1,1,60]]"
103406,​缄默知识文库​4,航运集装箱,2,"[[9999,1014,1,1,20],[9999,1024,1,1,10],[9999,1034,1,1,20],[9999,1044,1,1,20],[9999,1054,1,1,10],[9999,1064,1,1,20],[9999,1074,1,1,10],[9999,1084,1,1,20],[9999,1094,1,1,20],[9999,1104,1,1,100]]"
103407,​迪拜私享逸品柜​4,航运集装箱,2,"[[9999,1014,1,1,20],[9999,1024,1,1,10],[9999,1034,1,1,20],[9999,1044,1,1,20],[9999,1054,1,1,100],[9999,1064,1,1,20],[9999,1074,1,1,10],[9999,1084,1,1,20],[9999,1094,1,1,20],[9999,1104,1,1,10]]"
103408,​保税实验室原料柜​4,航运集装箱,2,"[[9999,1014,1,1,20],[9999,1024,1,1,100],[9999,1034,1,1,20],[9999,1044,1,1,20],[9999,1054,1,1,10],[9999,1064,1,1,20],[9999,1074,1,1,10],[9999,1084,1,1,20],[9999,1094,1,1,20],[9999,1104,1,1,10]]"
103409,​注册私人军事物资​4,航运集装箱,2,"[[9999,1014,1,1,20],[9999,1024,1,1,10],[9999,1034,1,1,20],[9999,1044,1,1,100],[9999,1054,1,1,10],[9999,1064,1,1,20],[9999,1074,1,1,10],[9999,1084,1,1,20],[9999,1094,1,1,20],[9999,1104,1,1,10]]"
103410,​亚洲电竞狂欢箱​4,航运集装箱,2,"[[9999,1014,1,1,20],[9999,1024,1,1,10],[9999,1034,1,1,20],[9999,1044,1,1,20],[9999,1054,1,1,10],[9999,1064,1,1,20],[9999,1074,1,1,100],[9999,1084,1,1,20],[9999,1094,1,1,20],[9999,1104,1,1,10]]"
103501,​混沌货柜​5,航运集装箱,2,"[[9999,1015,1,1,20],[9999,1025,1,1,20],[9999,1035,1,1,20],[9999,1045,1,1,20],[9999,1055,1,1,20],[9999,1065,1,1,20],[9999,1075,1,1,20],[9999,1085,1,1,20],[9999,1095,1,1,20],[9999,1105,1,1,20]]"
103502,​环球家居博览箱​5,航运集装箱,2,"[[9999,1015,1,1,60],[9999,1025,1,1,10],[9999,1035,1,1,60],[9999,1045,1,1,10],[9999,1055,1,1,10],[9999,1065,1,1,10],[9999,1075,1,1,10],[9999,1085,1,1,20],[9999,1095,1,1,20],[9999,1105,1,1,10]]"
103503,​尖端装备封存箱​5,航运集装箱,2,"[[9999,1015,1,1,20],[9999,1025,1,1,10],[9999,1035,1,1,20],[9999,1045,1,1,40],[9999,1055,1,1,10],[9999,1065,1,1,10],[9999,1075,1,1,40],[9999,1085,1,1,60],[9999,1095,1,1,20],[9999,1105,1,1,10]]"
103504,​跨国冷链货柜​5,航运集装箱,2,"[[9999,1015,1,1,20],[9999,1025,1,1,60],[9999,1035,1,1,20],[9999,1045,1,1,10],[9999,1055,1,1,10],[9999,1065,1,1,10],[9999,1075,1,1,10],[9999,1085,1,1,20],[9999,1095,1,1,60],[9999,1105,1,1,10]]"
103505,​历史尘埃秘藏箱​5,航运集装箱,2,"[[9999,1015,1,1,20],[9999,1025,1,1,10],[9999,1035,1,1,20],[9999,1045,1,1,10],[9999,1055,1,1,60],[9999,1065,1,1,60],[9999,1075,1,1,10],[9999,1085,1,1,20],[9999,1095,1,1,20],[9999,1105,1,1,60]]"
103506,​缄默知识文库​5,航运集装箱,2,"[[9999,1015,1,1,20],[9999,1025,1,1,10],[9999,1035,1,1,20],[9999,1045,1,1,20],[9999,1055,1,1,10],[9999,1065,1,1,20],[9999,1075,1,1,10],[9999,1085,1,1,20],[9999,1095,1,1,20],[9999,1105,1,1,100]]"
103507,​迪拜私享逸品柜​5,航运集装箱,2,"[[9999,1015,1,1,20],[9999,1025,1,1,10],[9999,1035,1,1,20],[9999,1045,1,1,20],[9999,1055,1,1,100],[9999,1065,1,1,20],[9999,1075,1,1,10],[9999,1085,1,1,20],[9999,1095,1,1,20],[9999,1105,1,1,10]]"
103508,​保税实验室原料柜​5,航运集装箱,2,"[[9999,1015,1,1,20],[9999,1025,1,1,100],[9999,1035,1,1,20],[9999,1045,1,1,20],[9999,1055,1,1,10],[9999,1065,1,1,20],[9999,1075,1,1,10],[9999,1085,1,1,20],[9999,1095,1,1,20],[9999,1105,1,1,10]]"
103509,​注册私人军事物资​5,航运集装箱,2,"[[9999,1015,1,1,20],[9999,1025,1,1,10],[9999,1035,1,1,20],[9999,1045,1,1,100],[9999,1055,1,1,10],[9999,1065,1,1,20],[9999,1075,1,1,10],[9999,1085,1,1,20],[9999,1095,1,1,20],[9999,1105,1,1,10]]"
103510,​亚洲电竞狂欢箱​5,航运集装箱,2,"[[9999,1015,1,1,20],[9999,1025,1,1,10],[9999,1035,1,1,20],[9999,1045,1,1,20],[9999,1055,1,1,10],[9999,1065,1,1,20],[9999,1075,1,1,100],[9999,1085,1,1,20],[9999,1095,1,1,20],[9999,1105,1,1,10]]"
103601,​混沌货柜​6,航运集装箱,2,"[[9999,1019,1,1,20],[9999,1029,1,1,20],[9999,1039,1,1,20],[9999,1049,1,1,20],[9999,1059,1,1,20],[9999,1069,1,1,20],[9999,1079,1,1,20],[9999,1089,1,1,20],[9999,1099,1,1,20],[9999,1109,1,1,20]]"
103602,​环球家居博览箱​6,航运集装箱,2,"[[9999,1019,1,1,60],[9999,1029,1,1,10],[9999,1039,1,1,60],[9999,1049,1,1,10],[9999,1059,1,1,10],[9999,1069,1,1,10],[9999,1079,1,1,10],[9999,1089,1,1,20],[9999,1099,1,1,20],[9999,1109,1,1,10]]"
103603,​尖端装备封存箱​6,航运集装箱,2,"[[9999,1019,1,1,20],[9999,1029,1,1,10],[9999,1039,1,1,20],[9999,1049,1,1,40],[9999,1059,1,1,10],[9999,1069,1,1,10],[9999,1079,1,1,40],[9999,1089,1,1,60],[9999,1099,1,1,20],[9999,1109,1,1,10]]"
103604,​跨国冷链货柜​6,航运集装箱,2,"[[9999,1019,1,1,20],[9999,1029,1,1,60],[9999,1039,1,1,20],[9999,1049,1,1,10],[9999,1059,1,1,10],[9999,1069,1,1,10],[9999,1079,1,1,10],[9999,1089,1,1,20],[9999,1099,1,1,60],[9999,1109,1,1,10]]"
103605,​历史尘埃秘藏箱​6,航运集装箱,2,"[[9999,1019,1,1,20],[9999,1029,1,1,10],[9999,1039,1,1,20],[9999,1049,1,1,10],[9999,1059,1,1,60],[9999,1069,1,1,60],[9999,1079,1,1,10],[9999,1089,1,1,20],[9999,1099,1,1,20],[9999,1109,1,1,60]]"
103606,​缄默知识文库​6,航运集装箱,2,"[[9999,1019,1,1,20],[9999,1029,1,1,10],[9999,1039,1,1,20],[9999,1049,1,1,20],[9999,1059,1,1,10],[9999,1069,1,1,20],[9999,1079,1,1,10],[9999,1089,1,1,20],[9999,1099,1,1,20],[9999,1109,1,1,100]]"
103607,​迪拜私享逸品柜​6,航运集装箱,2,"[[9999,1019,1,1,20],[9999,1029,1,1,10],[9999,1039,1,1,20],[9999,1049,1,1,20],[9999,1059,1,1,100],[9999,1069,1,1,20],[9999,1079,1,1,10],[9999,1089,1,1,20],[9999,1099,1,1,20],[9999,1109,1,1,10]]"
103608,​保税实验室原料柜​6,航运集装箱,2,"[[9999,1019,1,1,20],[9999,1029,1,1,100],[9999,1039,1,1,20],[9999,1049,1,1,20],[9999,1059,1,1,10],[9999,1069,1,1,20],[9999,1079,1,1,10],[9999,1089,1,1,20],[9999,1099,1,1,20],[9999,1109,1,1,10]]"
103609,​注册私人军事物资​6,航运集装箱,2,"[[9999,1019,1,1,20],[9999,1029,1,1,10],[9999,1039,1,1,20],[9999,1049,1,1,100],[9999,1059,1,1,10],[9999,1069,1,1,20],[9999,1079,1,1,10],[9999,1089,1,1,20],[9999,1099,1,1,20],[9999,1109,1,1,10]]"
103610,​亚洲电竞狂欢箱​6,航运集装箱,2,"[[9999,1019,1,1,20],[9999,1029,1,1,10],[9999,1039,1,1,20],[9999,1049,1,1,20],[9999,1059,1,1,10],[9999,1069,1,1,20],[9999,1079,1,1,100],[9999,1089,1,1,20],[9999,1099,1,1,20],[9999,1109,1,1,10]]"
104101,​谜之公馆​1,空置别墅,2,"[[9999,1011,1,1,20],[9999,1021,1,1,20],[9999,1031,1,1,20],[9999,1041,1,1,20],[9999,1051,1,1,20],[9999,1061,1,1,20],[9999,1071,1,1,20],[9999,1081,1,1,20],[9999,1091,1,1,20],[9999,1101,1,1,20]]"
104102,​设计师遗作​1,空置别墅,2,"[[9999,1011,1,1,50],[9999,1021,1,1,10],[9999,1031,1,1,50],[9999,1041,1,1,10],[9999,1051,1,1,10],[9999,1061,1,1,10],[9999,1071,1,1,10],[9999,1081,1,1,20],[9999,1091,1,1,20],[9999,1101,1,1,10]]"
104103,​科技新贵密室​1,空置别墅,2,"[[9999,1011,1,1,20],[9999,1021,1,1,10],[9999,1031,1,1,20],[9999,1041,1,1,40],[9999,1051,1,1,10],[9999,1061,1,1,10],[9999,1071,1,1,40],[9999,1081,1,1,40],[9999,1091,1,1,20],[9999,1101,1,1,10]]"
104104,​养生专家私邸​1,空置别墅,2,"[[9999,1011,1,1,20],[9999,1021,1,1,50],[9999,1031,1,1,20],[9999,1041,1,1,10],[9999,1051,1,1,10],[9999,1061,1,1,10],[9999,1071,1,1,10],[9999,1081,1,1,20],[9999,1091,1,1,50],[9999,1101,1,1,10]]"
104105,​世家望族故居​1,空置别墅,2,"[[9999,1011,1,1,20],[9999,1021,1,1,10],[9999,1031,1,1,20],[9999,1041,1,1,10],[9999,1051,1,1,40],[9999,1061,1,1,40],[9999,1071,1,1,10],[9999,1081,1,1,20],[9999,1091,1,1,20],[9999,1101,1,1,40]]"
104106,​学者书斋​1,空置别墅,2,"[[9999,1011,1,1,20],[9999,1021,1,1,10],[9999,1031,1,1,20],[9999,1041,1,1,10],[9999,1051,1,1,10],[9999,1061,1,1,10],[9999,1071,1,1,10],[9999,1081,1,1,20],[9999,1091,1,1,20],[9999,1101,1,1,50]]"
104107,​隐秘金库​1,空置别墅,2,"[[9999,1011,1,1,20],[9999,1021,1,1,10],[9999,1031,1,1,20],[9999,1041,1,1,10],[9999,1051,1,1,50],[9999,1061,1,1,10],[9999,1071,1,1,10],[9999,1081,1,1,20],[9999,1091,1,1,20],[9999,1101,1,1,10]]"
104108,​私人疗养院​1,空置别墅,2,"[[9999,1011,1,1,20],[9999,1021,1,1,50],[9999,1031,1,1,20],[9999,1041,1,1,10],[9999,1051,1,1,10],[9999,1061,1,1,10],[9999,1071,1,1,10],[9999,1081,1,1,20],[9999,1091,1,1,20],[9999,1101,1,1,10]]"
104109,​安全狂宅邸​1,空置别墅,2,"[[9999,1011,1,1,20],[9999,1021,1,1,10],[9999,1031,1,1,20],[9999,1041,1,1,50],[9999,1051,1,1,10],[9999,1061,1,1,10],[9999,1071,1,1,10],[9999,1081,1,1,20],[9999,1091,1,1,20],[9999,1101,1,1,10]]"
104110,​极客梦幻屋​1,空置别墅,2,"[[9999,1011,1,1,20],[9999,1021,1,1,10],[9999,1031,1,1,20],[9999,1041,1,1,10],[9999,1051,1,1,10],[9999,1061,1,1,10],[9999,1071,1,1,50],[9999,1081,1,1,20],[9999,1091,1,1,20],[9999,1101,1,1,10]]"
104201,​谜之公馆​2,空置别墅,2,"[[9999,1012,1,1,20],[9999,1022,1,1,20],[9999,1032,1,1,20],[9999,1042,1,1,20],[9999,1052,1,1,20],[9999,1062,1,1,20],[9999,1072,1,1,20],[9999,1082,1,1,20],[9999,1092,1,1,20],[9999,1102,1,1,20]]"
104202,​设计师遗作​2,空置别墅,2,"[[9999,1012,1,1,50],[9999,1022,1,1,10],[9999,1032,1,1,50],[9999,1042,1,1,10],[9999,1052,1,1,10],[9999,1062,1,1,10],[9999,1072,1,1,10],[9999,1082,1,1,20],[9999,1092,1,1,20],[9999,1102,1,1,10]]"
104203,​科技新贵密室​2,空置别墅,2,"[[9999,1012,1,1,20],[9999,1022,1,1,10],[9999,1032,1,1,20],[9999,1042,1,1,40],[9999,1052,1,1,10],[9999,1062,1,1,10],[9999,1072,1,1,40],[9999,1082,1,1,40],[9999,1092,1,1,20],[9999,1102,1,1,10]]"
104204,​养生专家私邸​2,空置别墅,2,"[[9999,1012,1,1,20],[9999,1022,1,1,50],[9999,1032,1,1,20],[9999,1042,1,1,10],[9999,1052,1,1,10],[9999,1062,1,1,10],[9999,1072,1,1,10],[9999,1082,1,1,20],[9999,1092,1,1,50],[9999,1102,1,1,10]]"
104205,​世家望族故居​2,空置别墅,2,"[[9999,1012,1,1,20],[9999,1022,1,1,10],[9999,1032,1,1,20],[9999,1042,1,1,10],[9999,1052,1,1,40],[9999,1062,1,1,40],[9999,1072,1,1,10],[9999,1082,1,1,20],[9999,1092,1,1,20],[9999,1102,1,1,40]]"
104206,​学者书斋​2,空置别墅,2,"[[9999,1012,1,1,20],[9999,1022,1,1,10],[9999,1032,1,1,20],[9999,1042,1,1,10],[9999,1052,1,1,10],[9999,1062,1,1,10],[9999,1072,1,1,10],[9999,1082,1,1,20],[9999,1092,1,1,20],[9999,1102,1,1,50]]"
104207,​隐秘金库​2,空置别墅,2,"[[9999,1012,1,1,20],[9999,1022,1,1,10],[9999,1032,1,1,20],[9999,1042,1,1,10],[9999,1052,1,1,50],[9999,1062,1,1,10],[9999,1072,1,1,10],[9999,1082,1,1,20],[9999,1092,1,1,20],[9999,1102,1,1,10]]"
104208,​私人疗养院​2,空置别墅,2,"[[9999,1012,1,1,20],[9999,1022,1,1,50],[9999,1032,1,1,20],[9999,1042,1,1,10],[9999,1052,1,1,10],[9999,1062,1,1,10],[9999,1072,1,1,10],[9999,1082,1,1,20],[9999,1092,1,1,20],[9999,1102,1,1,10]]"
104209,​安全狂宅邸​2,空置别墅,2,"[[9999,1012,1,1,20],[9999,1022,1,1,10],[9999,1032,1,1,20],[9999,1042,1,1,50],[9999,1052,1,1,10],[9999,1062,1,1,10],[9999,1072,1,1,10],[9999,1082,1,1,20],[9999,1092,1,1,20],[9999,1102,1,1,10]]"
104210,​极客梦幻屋​2,空置别墅,2,"[[9999,1012,1,1,20],[9999,1022,1,1,10],[9999,1032,1,1,20],[9999,1042,1,1,10],[9999,1052,1,1,10],[9999,1062,1,1,10],[9999,1072,1,1,50],[9999,1082,1,1,20],[9999,1092,1,1,20],[9999,1102,1,1,10]]"
104301,​谜之公馆​3,空置别墅,2,"[[9999,1013,1,1,20],[9999,1023,1,1,20],[9999,1033,1,1,20],[9999,1043,1,1,20],[9999,1053,1,1,20],[9999,1063,1,1,20],[9999,1073,1,1,20],[9999,1083,1,1,20],[9999,1093,1,1,20],[9999,1103,1,1,20]]"
104302,​设计师遗作​3,空置别墅,2,"[[9999,1013,1,1,50],[9999,1023,1,1,10],[9999,1033,1,1,50],[9999,1043,1,1,10],[9999,1053,1,1,10],[9999,1063,1,1,10],[9999,1073,1,1,10],[9999,1083,1,1,20],[9999,1093,1,1,20],[9999,1103,1,1,10]]"
104303,​科技新贵密室​3,空置别墅,2,"[[9999,1013,1,1,20],[9999,1023,1,1,10],[9999,1033,1,1,20],[9999,1043,1,1,40],[9999,1053,1,1,10],[9999,1063,1,1,10],[9999,1073,1,1,40],[9999,1083,1,1,40],[9999,1093,1,1,20],[9999,1103,1,1,10]]"
104304,​养生专家私邸​3,空置别墅,2,"[[9999,1013,1,1,20],[9999,1023,1,1,50],[9999,1033,1,1,20],[9999,1043,1,1,10],[9999,1053,1,1,10],[9999,1063,1,1,10],[9999,1073,1,1,10],[9999,1083,1,1,20],[9999,1093,1,1,50],[9999,1103,1,1,10]]"
104305,​世家望族故居​3,空置别墅,2,"[[9999,1013,1,1,20],[9999,1023,1,1,10],[9999,1033,1,1,20],[9999,1043,1,1,10],[9999,1053,1,1,40],[9999,1063,1,1,40],[9999,1073,1,1,10],[9999,1083,1,1,20],[9999,1093,1,1,20],[9999,1103,1,1,40]]"
104306,​学者书斋​3,空置别墅,2,"[[9999,1013,1,1,20],[9999,1023,1,1,10],[9999,1033,1,1,20],[9999,1043,1,1,10],[9999,1053,1,1,10],[9999,1063,1,1,10],[9999,1073,1,1,10],[9999,1083,1,1,20],[9999,1093,1,1,20],[9999,1103,1,1,50]]"
104307,​隐秘金库​3,空置别墅,2,"[[9999,1013,1,1,20],[9999,1023,1,1,10],[9999,1033,1,1,20],[9999,1043,1,1,10],[9999,1053,1,1,50],[9999,1063,1,1,10],[9999,1073,1,1,10],[9999,1083,1,1,20],[9999,1093,1,1,20],[9999,1103,1,1,10]]"
104308,​私人疗养院​3,空置别墅,2,"[[9999,1013,1,1,20],[9999,1023,1,1,50],[9999,1033,1,1,20],[9999,1043,1,1,10],[9999,1053,1,1,10],[9999,1063,1,1,10],[9999,1073,1,1,10],[9999,1083,1,1,20],[9999,1093,1,1,20],[9999,1103,1,1,10]]"
104309,​安全狂宅邸​3,空置别墅,2,"[[9999,1013,1,1,20],[9999,1023,1,1,10],[9999,1033,1,1,20],[9999,1043,1,1,50],[9999,1053,1,1,10],[9999,1063,1,1,10],[9999,1073,1,1,10],[9999,1083,1,1,20],[9999,1093,1,1,20],[9999,1103,1,1,10]]"
104310,​极客梦幻屋​3,空置别墅,2,"[[9999,1013,1,1,20],[9999,1023,1,1,10],[9999,1033,1,1,20],[9999,1043,1,1,10],[9999,1053,1,1,10],[9999,1063,1,1,10],[9999,1073,1,1,50],[9999,1083,1,1,20],[9999,1093,1,1,20],[9999,1103,1,1,10]]"
104401,​谜之公馆​4,空置别墅,2,"[[9999,1014,1,1,20],[9999,1024,1,1,20],[9999,1034,1,1,20],[9999,1044,1,1,20],[9999,1054,1,1,20],[9999,1064,1,1,20],[9999,1074,1,1,20],[9999,1084,1,1,20],[9999,1094,1,1,20],[9999,1104,1,1,20]]"
104402,​设计师遗作​4,空置别墅,2,"[[9999,1014,1,1,50],[9999,1024,1,1,10],[9999,1034,1,1,50],[9999,1044,1,1,10],[9999,1054,1,1,10],[9999,1064,1,1,10],[9999,1074,1,1,10],[9999,1084,1,1,20],[9999,1094,1,1,20],[9999,1104,1,1,10]]"
104403,​科技新贵密室​4,空置别墅,2,"[[9999,1014,1,1,20],[9999,1024,1,1,10],[9999,1034,1,1,20],[9999,1044,1,1,40],[9999,1054,1,1,10],[9999,1064,1,1,10],[9999,1074,1,1,40],[9999,1084,1,1,40],[9999,1094,1,1,20],[9999,1104,1,1,10]]"
104404,​养生专家私邸​4,空置别墅,2,"[[9999,1014,1,1,20],[9999,1024,1,1,50],[9999,1034,1,1,20],[9999,1044,1,1,10],[9999,1054,1,1,10],[9999,1064,1,1,10],[9999,1074,1,1,10],[9999,1084,1,1,20],[9999,1094,1,1,50],[9999,1104,1,1,10]]"
104405,​世家望族故居​4,空置别墅,2,"[[9999,1014,1,1,20],[9999,1024,1,1,10],[9999,1034,1,1,20],[9999,1044,1,1,10],[9999,1054,1,1,40],[9999,1064,1,1,40],[9999,1074,1,1,10],[9999,1084,1,1,20],[9999,1094,1,1,20],[9999,1104,1,1,40]]"
104406,​学者书斋​4,空置别墅,2,"[[9999,1014,1,1,20],[9999,1024,1,1,10],[9999,1034,1,1,20],[9999,1044,1,1,10],[9999,1054,1,1,10],[9999,1064,1,1,10],[9999,1074,1,1,10],[9999,1084,1,1,20],[9999,1094,1,1,20],[9999,1104,1,1,50]]"
104407,​隐秘金库​4,空置别墅,2,"[[9999,1014,1,1,20],[9999,1024,1,1,10],[9999,1034,1,1,20],[9999,1044,1,1,10],[9999,1054,1,1,50],[9999,1064,1,1,10],[9999,1074,1,1,10],[9999,1084,1,1,20],[9999,1094,1,1,20],[9999,1104,1,1,10]]"
104408,​私人疗养院​4,空置别墅,2,"[[9999,1014,1,1,20],[9999,1024,1,1,50],[9999,1034,1,1,20],[9999,1044,1,1,10],[9999,1054,1,1,10],[9999,1064,1,1,10],[9999,1074,1,1,10],[9999,1084,1,1,20],[9999,1094,1,1,20],[9999,1104,1,1,10]]"
104409,​安全狂宅邸​4,空置别墅,2,"[[9999,1014,1,1,20],[9999,1024,1,1,10],[9999,1034,1,1,20],[9999,1044,1,1,50],[9999,1054,1,1,10],[9999,1064,1,1,10],[9999,1074,1,1,10],[9999,1084,1,1,20],[9999,1094,1,1,20],[9999,1104,1,1,10]]"
104410,​极客梦幻屋​4,空置别墅,2,"[[9999,1014,1,1,20],[9999,1024,1,1,10],[9999,1034,1,1,20],[9999,1044,1,1,10],[9999,1054,1,1,10],[9999,1064,1,1,10],[9999,1074,1,1,50],[9999,1084,1,1,20],[9999,1094,1,1,20],[9999,1104,1,1,10]]"
104501,​谜之公馆​5,空置别墅,2,"[[9999,1015,1,1,20],[9999,1025,1,1,20],[9999,1035,1,1,20],[9999,1045,1,1,20],[9999,1055,1,1,20],[9999,1065,1,1,20],[9999,1075,1,1,20],[9999,1085,1,1,20],[9999,1095,1,1,20],[9999,1105,1,1,20]]"
104502,​设计师遗作​5,空置别墅,2,"[[9999,1015,1,1,50],[9999,1025,1,1,10],[9999,1035,1,1,50],[9999,1045,1,1,10],[9999,1055,1,1,10],[9999,1065,1,1,10],[9999,1075,1,1,10],[9999,1085,1,1,20],[9999,1095,1,1,20],[9999,1105,1,1,10]]"
104503,​科技新贵密室​5,空置别墅,2,"[[9999,1015,1,1,20],[9999,1025,1,1,10],[9999,1035,1,1,20],[9999,1045,1,1,40],[9999,1055,1,1,10],[9999,1065,1,1,10],[9999,1075,1,1,40],[9999,1085,1,1,40],[9999,1095,1,1,20],[9999,1105,1,1,10]]"
104504,​养生专家私邸​5,空置别墅,2,"[[9999,1015,1,1,20],[9999,1025,1,1,50],[9999,1035,1,1,20],[9999,1045,1,1,10],[9999,1055,1,1,10],[9999,1065,1,1,10],[9999,1075,1,1,10],[9999,1085,1,1,20],[9999,1095,1,1,50],[9999,1105,1,1,10]]"
104505,​世家望族故居​5,空置别墅,2,"[[9999,1015,1,1,20],[9999,1025,1,1,10],[9999,1035,1,1,20],[9999,1045,1,1,10],[9999,1055,1,1,40],[9999,1065,1,1,40],[9999,1075,1,1,10],[9999,1085,1,1,20],[9999,1095,1,1,20],[9999,1105,1,1,40]]"
104506,​学者书斋​5,空置别墅,2,"[[9999,1015,1,1,20],[9999,1025,1,1,10],[9999,1035,1,1,20],[9999,1045,1,1,10],[9999,1055,1,1,10],[9999,1065,1,1,10],[9999,1075,1,1,10],[9999,1085,1,1,20],[9999,1095,1,1,20],[9999,1105,1,1,50]]"
104507,​隐秘金库​5,空置别墅,2,"[[9999,1015,1,1,20],[9999,1025,1,1,10],[9999,1035,1,1,20],[9999,1045,1,1,10],[9999,1055,1,1,50],[9999,1065,1,1,10],[9999,1075,1,1,10],[9999,1085,1,1,20],[9999,1095,1,1,20],[9999,1105,1,1,10]]"
104508,​私人疗养院​5,空置别墅,2,"[[9999,1015,1,1,20],[9999,1025,1,1,50],[9999,1035,1,1,20],[9999,1045,1,1,10],[9999,1055,1,1,10],[9999,1065,1,1,10],[9999,1075,1,1,10],[9999,1085,1,1,20],[9999,1095,1,1,20],[9999,1105,1,1,10]]"
104509,​安全狂宅邸​5,空置别墅,2,"[[9999,1015,1,1,20],[9999,1025,1,1,10],[9999,1035,1,1,20],[9999,1045,1,1,50],[9999,1055,1,1,10],[9999,1065,1,1,10],[9999,1075,1,1,10],[9999,1085,1,1,20],[9999,1095,1,1,20],[9999,1105,1,1,10]]"
104510,​极客梦幻屋​5,空置别墅,2,"[[9999,1015,1,1,20],[9999,1025,1,1,10],[9999,1035,1,1,20],[9999,1045,1,1,10],[9999,1055,1,1,10],[9999,1065,1,1,10],[9999,1075,1,1,50],[9999,1085,1,1,20],[9999,1095,1,1,20],[9999,1105,1,1,10]]"
104601,​谜之公馆​6,空置别墅,2,"[[9999,1016,1,1,20],[9999,1026,1,1,20],[9999,1036,1,1,20],[9999,1046,1,1,20],[9999,1056,1,1,20],[9999,1066,1,1,20],[9999,1076,1,1,20],[9999,1086,1,1,20],[9999,1096,1,1,20],[9999,1106,1,1,20]]"
104602,​设计师遗作​6,空置别墅,2,"[[9999,1016,1,1,50],[9999,1026,1,1,10],[9999,1036,1,1,50],[9999,1046,1,1,10],[9999,1056,1,1,10],[9999,1066,1,1,10],[9999,1076,1,1,10],[9999,1086,1,1,20],[9999,1096,1,1,20],[9999,1106,1,1,10]]"
104603,​科技新贵密室​6,空置别墅,2,"[[9999,1016,1,1,20],[9999,1026,1,1,10],[9999,1036,1,1,20],[9999,1046,1,1,40],[9999,1056,1,1,10],[9999,1066,1,1,10],[9999,1076,1,1,40],[9999,1086,1,1,40],[9999,1096,1,1,20],[9999,1106,1,1,10]]"
104604,​养生专家私邸​6,空置别墅,2,"[[9999,1016,1,1,20],[9999,1026,1,1,50],[9999,1036,1,1,20],[9999,1046,1,1,10],[9999,1056,1,1,10],[9999,1066,1,1,10],[9999,1076,1,1,10],[9999,1086,1,1,20],[9999,1096,1,1,50],[9999,1106,1,1,10]]"
104605,​世家望族故居​6,空置别墅,2,"[[9999,1016,1,1,20],[9999,1026,1,1,10],[9999,1036,1,1,20],[9999,1046,1,1,10],[9999,1056,1,1,40],[9999,1066,1,1,40],[9999,1076,1,1,10],[9999,1086,1,1,20],[9999,1096,1,1,20],[9999,1106,1,1,40]]"
104606,​学者书斋​6,空置别墅,2,"[[9999,1016,1,1,20],[9999,1026,1,1,10],[9999,1036,1,1,20],[9999,1046,1,1,10],[9999,1056,1,1,10],[9999,1066,1,1,10],[9999,1076,1,1,10],[9999,1086,1,1,20],[9999,1096,1,1,20],[9999,1106,1,1,50]]"
104607,​隐秘金库​6,空置别墅,2,"[[9999,1016,1,1,20],[9999,1026,1,1,10],[9999,1036,1,1,20],[9999,1046,1,1,10],[9999,1056,1,1,50],[9999,1066,1,1,10],[9999,1076,1,1,10],[9999,1086,1,1,20],[9999,1096,1,1,20],[9999,1106,1,1,10]]"
104608,​私人疗养院​6,空置别墅,2,"[[9999,1016,1,1,20],[9999,1026,1,1,50],[9999,1036,1,1,20],[9999,1046,1,1,10],[9999,1056,1,1,10],[9999,1066,1,1,10],[9999,1076,1,1,10],[9999,1086,1,1,20],[9999,1096,1,1,20],[9999,1106,1,1,10]]"
104609,​安全狂宅邸​6,空置别墅,2,"[[9999,1016,1,1,20],[9999,1026,1,1,10],[9999,1036,1,1,20],[9999,1046,1,1,50],[9999,1056,1,1,10],[9999,1066,1,1,10],[9999,1076,1,1,10],[9999,1086,1,1,20],[9999,1096,1,1,20],[9999,1106,1,1,10]]"
104610,​极客梦幻屋​6,空置别墅,2,"[[9999,1016,1,1,20],[9999,1026,1,1,10],[9999,1036,1,1,20],[9999,1046,1,1,10],[9999,1056,1,1,10],[9999,1066,1,1,10],[9999,1076,1,1,50],[9999,1086,1,1,20],[9999,1096,1,1,20],[9999,1106,1,1,10]]"
105101,​混沌残骸​1,沉船密封仓,2,"[[9999,1011,1,1,20],[9999,1021,1,1,20],[9999,1031,1,1,20],[9999,1041,1,1,20],[9999,1051,1,1,20],[9999,1061,1,1,20],[9999,1071,1,1,20],[9999,1081,1,1,20],[9999,1091,1,1,20],[9999,1101,1,1,20]]"
105102,​远洋客轮舱房​1,沉船密封仓,2,"[[9999,1011,1,1,50],[9999,1021,1,1,10],[9999,1031,1,1,50],[9999,1041,1,1,10],[9999,1051,1,1,10],[9999,1061,1,1,10],[9999,1071,1,1,10],[9999,1081,1,1,20],[9999,1091,1,1,20],[9999,1101,1,1,10]]"
105103,​军用舰艇保险库​1,沉船密封仓,2,"[[9999,1011,1,1,20],[9999,1021,1,1,10],[9999,1031,1,1,20],[9999,1041,1,1,40],[9999,1051,1,1,10],[9999,1061,1,1,10],[9999,1071,1,1,40],[9999,1081,1,1,40],[9999,1091,1,1,20],[9999,1101,1,1,10]]"
105104,​冷链货船隔离舱​1,沉船密封仓,2,"[[9999,1011,1,1,20],[9999,1021,1,1,50],[9999,1031,1,1,20],[9999,1041,1,1,10],[9999,1051,1,1,10],[9999,1061,1,1,10],[9999,1071,1,1,10],[9999,1081,1,1,20],[9999,1091,1,1,50],[9999,1101,1,1,10]]"
105105,​殖民商船宝库​1,沉船密封仓,2,"[[9999,1011,1,1,20],[9999,1021,1,1,10],[9999,1031,1,1,20],[9999,1041,1,1,10],[9999,1051,1,1,40],[9999,1061,1,1,40],[9999,1071,1,1,10],[9999,1081,1,1,20],[9999,1091,1,1,20],[9999,1101,1,1,40]]"
105106,​探险家座舰资料库​1,沉船密封仓,2,"[[9999,1011,1,1,20],[9999,1021,1,1,10],[9999,1031,1,1,20],[9999,1041,1,1,10],[9999,1051,1,1,10],[9999,1061,1,1,10],[9999,1071,1,1,10],[9999,1081,1,1,20],[9999,1091,1,1,20],[9999,1101,1,1,50]]"
105107,​皇家御用货舱​1,沉船密封仓,2,"[[9999,1011,1,1,20],[9999,1021,1,1,10],[9999,1031,1,1,20],[9999,1041,1,1,10],[9999,1051,1,1,50],[9999,1061,1,1,10],[9999,1071,1,1,10],[9999,1081,1,1,20],[9999,1091,1,1,20],[9999,1101,1,1,10]]"
105108,​生物实验室样本库​1,沉船密封仓,2,"[[9999,1011,1,1,20],[9999,1021,1,1,50],[9999,1031,1,1,20],[9999,1041,1,1,10],[9999,1051,1,1,10],[9999,1061,1,1,10],[9999,1071,1,1,10],[9999,1081,1,1,20],[9999,1091,1,1,20],[9999,1101,1,1,10]]"
105109,​私掠船军火舱​1,沉船密封仓,2,"[[9999,1011,1,1,20],[9999,1021,1,1,10],[9999,1031,1,1,20],[9999,1041,1,1,50],[9999,1051,1,1,10],[9999,1061,1,1,10],[9999,1071,1,1,10],[9999,1081,1,1,20],[9999,1091,1,1,20],[9999,1101,1,1,10]]"
105110,​现代货轮娱乐库​1,沉船密封仓,2,"[[9999,1011,1,1,20],[9999,1021,1,1,10],[9999,1031,1,1,20],[9999,1041,1,1,10],[9999,1051,1,1,10],[9999,1061,1,1,10],[9999,1071,1,1,50],[9999,1081,1,1,20],[9999,1091,1,1,20],[9999,1101,1,1,10]]"
105201,​混沌残骸​2,沉船密封仓,2,"[[9999,1012,1,1,20],[9999,1022,1,1,20],[9999,1032,1,1,20],[9999,1042,1,1,20],[9999,1052,1,1,20],[9999,1062,1,1,20],[9999,1072,1,1,20],[9999,1082,1,1,20],[9999,1092,1,1,20],[9999,1102,1,1,20]]"
105202,​远洋客轮舱房​2,沉船密封仓,2,"[[9999,1012,1,1,50],[9999,1022,1,1,10],[9999,1032,1,1,50],[9999,1042,1,1,10],[9999,1052,1,1,10],[9999,1062,1,1,10],[9999,1072,1,1,10],[9999,1082,1,1,20],[9999,1092,1,1,20],[9999,1102,1,1,10]]"
105203,​军用舰艇保险库​2,沉船密封仓,2,"[[9999,1012,1,1,20],[9999,1022,1,1,10],[9999,1032,1,1,20],[9999,1042,1,1,40],[9999,1052,1,1,10],[9999,1062,1,1,10],[9999,1072,1,1,40],[9999,1082,1,1,40],[9999,1092,1,1,20],[9999,1102,1,1,10]]"
105204,​冷链货船隔离舱​2,沉船密封仓,2,"[[9999,1012,1,1,20],[9999,1022,1,1,50],[9999,1032,1,1,20],[9999,1042,1,1,10],[9999,1052,1,1,10],[9999,1062,1,1,10],[9999,1072,1,1,10],[9999,1082,1,1,20],[9999,1092,1,1,50],[9999,1102,1,1,10]]"
105205,​殖民商船宝库​2,沉船密封仓,2,"[[9999,1012,1,1,20],[9999,1022,1,1,10],[9999,1032,1,1,20],[9999,1042,1,1,10],[9999,1052,1,1,40],[9999,1062,1,1,40],[9999,1072,1,1,10],[9999,1082,1,1,20],[9999,1092,1,1,20],[9999,1102,1,1,40]]"
105206,​探险家座舰资料库​2,沉船密封仓,2,"[[9999,1012,1,1,20],[9999,1022,1,1,10],[9999,1032,1,1,20],[9999,1042,1,1,10],[9999,1052,1,1,10],[9999,1062,1,1,10],[9999,1072,1,1,10],[9999,1082,1,1,20],[9999,1092,1,1,20],[9999,1102,1,1,50]]"
105207,​皇家御用货舱​2,沉船密封仓,2,"[[9999,1012,1,1,20],[9999,1022,1,1,10],[9999,1032,1,1,20],[9999,1042,1,1,10],[9999,1052,1,1,50],[9999,1062,1,1,10],[9999,1072,1,1,10],[9999,1082,1,1,20],[9999,1092,1,1,20],[9999,1102,1,1,10]]"
105208,​生物实验室样本库​2,沉船密封仓,2,"[[9999,1012,1,1,20],[9999,1022,1,1,50],[9999,1032,1,1,20],[9999,1042,1,1,10],[9999,1052,1,1,10],[9999,1062,1,1,10],[9999,1072,1,1,10],[9999,1082,1,1,20],[9999,1092,1,1,20],[9999,1102,1,1,10]]"
105209,​私掠船军火舱​2,沉船密封仓,2,"[[9999,1012,1,1,20],[9999,1022,1,1,10],[9999,1032,1,1,20],[9999,1042,1,1,50],[9999,1052,1,1,10],[9999,1062,1,1,10],[9999,1072,1,1,10],[9999,1082,1,1,20],[9999,1092,1,1,20],[9999,1102,1,1,10]]"
105210,​现代货轮娱乐库​2,沉船密封仓,2,"[[9999,1012,1,1,20],[9999,1022,1,1,10],[9999,1032,1,1,20],[9999,1042,1,1,10],[9999,1052,1,1,10],[9999,1062,1,1,10],[9999,1072,1,1,50],[9999,1082,1,1,20],[9999,1092,1,1,20],[9999,1102,1,1,10]]"
105301,​混沌残骸​3,沉船密封仓,2,"[[9999,1013,1,1,20],[9999,1023,1,1,20],[9999,1033,1,1,20],[9999,1043,1,1,20],[9999,1053,1,1,20],[9999,1063,1,1,20],[9999,1073,1,1,20],[9999,1083,1,1,20],[9999,1093,1,1,20],[9999,1103,1,1,20]]"
105302,​远洋客轮舱房​3,沉船密封仓,2,"[[9999,1013,1,1,50],[9999,1023,1,1,10],[9999,1033,1,1,50],[9999,1043,1,1,10],[9999,1053,1,1,10],[9999,1063,1,1,10],[9999,1073,1,1,10],[9999,1083,1,1,20],[9999,1093,1,1,20],[9999,1103,1,1,10]]"
105303,​军用舰艇保险库​3,沉船密封仓,2,"[[9999,1013,1,1,20],[9999,1023,1,1,10],[9999,1033,1,1,20],[9999,1043,1,1,40],[9999,1053,1,1,10],[9999,1063,1,1,10],[9999,1073,1,1,40],[9999,1083,1,1,40],[9999,1093,1,1,20],[9999,1103,1,1,10]]"
105304,​冷链货船隔离舱​3,沉船密封仓,2,"[[9999,1013,1,1,20],[9999,1023,1,1,50],[9999,1033,1,1,20],[9999,1043,1,1,10],[9999,1053,1,1,10],[9999,1063,1,1,10],[9999,1073,1,1,10],[9999,1083,1,1,20],[9999,1093,1,1,50],[9999,1103,1,1,10]]"
105305,​殖民商船宝库​3,沉船密封仓,2,"[[9999,1013,1,1,20],[9999,1023,1,1,10],[9999,1033,1,1,20],[9999,1043,1,1,10],[9999,1053,1,1,40],[9999,1063,1,1,40],[9999,1073,1,1,10],[9999,1083,1,1,20],[9999,1093,1,1,20],[9999,1103,1,1,40]]"
105306,​探险家座舰资料库​3,沉船密封仓,2,"[[9999,1013,1,1,20],[9999,1023,1,1,10],[9999,1033,1,1,20],[9999,1043,1,1,10],[9999,1053,1,1,10],[9999,1063,1,1,10],[9999,1073,1,1,10],[9999,1083,1,1,20],[9999,1093,1,1,20],[9999,1103,1,1,50]]"
105307,​皇家御用货舱​3,沉船密封仓,2,"[[9999,1013,1,1,20],[9999,1023,1,1,10],[9999,1033,1,1,20],[9999,1043,1,1,10],[9999,1053,1,1,50],[9999,1063,1,1,10],[9999,1073,1,1,10],[9999,1083,1,1,20],[9999,1093,1,1,20],[9999,1103,1,1,10]]"
105308,​生物实验室样本库​3,沉船密封仓,2,"[[9999,1013,1,1,20],[9999,1023,1,1,50],[9999,1033,1,1,20],[9999,1043,1,1,10],[9999,1053,1,1,10],[9999,1063,1,1,10],[9999,1073,1,1,10],[9999,1083,1,1,20],[9999,1093,1,1,20],[9999,1103,1,1,10]]"
105309,​私掠船军火舱​3,沉船密封仓,2,"[[9999,1013,1,1,20],[9999,1023,1,1,10],[9999,1033,1,1,20],[9999,1043,1,1,50],[9999,1053,1,1,10],[9999,1063,1,1,10],[9999,1073,1,1,10],[9999,1083,1,1,20],[9999,1093,1,1,20],[9999,1103,1,1,10]]"
105310,​现代货轮娱乐库​3,沉船密封仓,2,"[[9999,1013,1,1,20],[9999,1023,1,1,10],[9999,1033,1,1,20],[9999,1043,1,1,10],[9999,1053,1,1,10],[9999,1063,1,1,10],[9999,1073,1,1,50],[9999,1083,1,1,20],[9999,1093,1,1,20],[9999,1103,1,1,10]]"
105401,​混沌残骸​4,沉船密封仓,2,"[[9999,1014,1,1,20],[9999,1024,1,1,20],[9999,1034,1,1,20],[9999,1044,1,1,20],[9999,1054,1,1,20],[9999,1064,1,1,20],[9999,1074,1,1,20],[9999,1084,1,1,20],[9999,1094,1,1,20],[9999,1104,1,1,20]]"
105402,​远洋客轮舱房​4,沉船密封仓,2,"[[9999,1014,1,1,50],[9999,1024,1,1,10],[9999,1034,1,1,50],[9999,1044,1,1,10],[9999,1054,1,1,10],[9999,1064,1,1,10],[9999,1074,1,1,10],[9999,1084,1,1,20],[9999,1094,1,1,20],[9999,1104,1,1,10]]"
105403,​军用舰艇保险库​4,沉船密封仓,2,"[[9999,1014,1,1,20],[9999,1024,1,1,10],[9999,1034,1,1,20],[9999,1044,1,1,40],[9999,1054,1,1,10],[9999,1064,1,1,10],[9999,1074,1,1,40],[9999,1084,1,1,40],[9999,1094,1,1,20],[9999,1104,1,1,10]]"
105404,​冷链货船隔离舱​4,沉船密封仓,2,"[[9999,1014,1,1,20],[9999,1024,1,1,50],[9999,1034,1,1,20],[9999,1044,1,1,10],[9999,1054,1,1,10],[9999,1064,1,1,10],[9999,1074,1,1,10],[9999,1084,1,1,20],[9999,1094,1,1,50],[9999,1104,1,1,10]]"
105405,​殖民商船宝库​4,沉船密封仓,2,"[[9999,1014,1,1,20],[9999,1024,1,1,10],[9999,1034,1,1,20],[9999,1044,1,1,10],[9999,1054,1,1,40],[9999,1064,1,1,40],[9999,1074,1,1,10],[9999,1084,1,1,20],[9999,1094,1,1,20],[9999,1104,1,1,40]]"
105406,​探险家座舰资料库​4,沉船密封仓,2,"[[9999,1014,1,1,20],[9999,1024,1,1,10],[9999,1034,1,1,20],[9999,1044,1,1,10],[9999,1054,1,1,10],[9999,1064,1,1,10],[9999,1074,1,1,10],[9999,1084,1,1,20],[9999,1094,1,1,20],[9999,1104,1,1,50]]"
105407,​皇家御用货舱​4,沉船密封仓,2,"[[9999,1014,1,1,20],[9999,1024,1,1,10],[9999,1034,1,1,20],[9999,1044,1,1,10],[9999,1054,1,1,50],[9999,1064,1,1,10],[9999,1074,1,1,10],[9999,1084,1,1,20],[9999,1094,1,1,20],[9999,1104,1,1,10]]"
105408,​生物实验室样本库​4,沉船密封仓,2,"[[9999,1014,1,1,20],[9999,1024,1,1,50],[9999,1034,1,1,20],[9999,1044,1,1,10],[9999,1054,1,1,10],[9999,1064,1,1,10],[9999,1074,1,1,10],[9999,1084,1,1,20],[9999,1094,1,1,20],[9999,1104,1,1,10]]"
105409,​私掠船军火舱​4,沉船密封仓,2,"[[9999,1014,1,1,20],[9999,1024,1,1,10],[9999,1034,1,1,20],[9999,1044,1,1,50],[9999,1054,1,1,10],[9999,1064,1,1,10],[9999,1074,1,1,10],[9999,1084,1,1,20],[9999,1094,1,1,20],[9999,1104,1,1,10]]"
105410,​现代货轮娱乐库​4,沉船密封仓,2,"[[9999,1014,1,1,20],[9999,1024,1,1,10],[9999,1034,1,1,20],[9999,1044,1,1,10],[9999,1054,1,1,10],[9999,1064,1,1,10],[9999,1074,1,1,50],[9999,1084,1,1,20],[9999,1094,1,1,20],[9999,1104,1,1,10]]"
105501,​混沌残骸​5,沉船密封仓,2,"[[9999,1015,1,1,20],[9999,1025,1,1,20],[9999,1035,1,1,20],[9999,1045,1,1,20],[9999,1055,1,1,20],[9999,1065,1,1,20],[9999,1075,1,1,20],[9999,1085,1,1,20],[9999,1095,1,1,20],[9999,1105,1,1,20]]"
105502,​远洋客轮舱房​5,沉船密封仓,2,"[[9999,1015,1,1,50],[9999,1025,1,1,10],[9999,1035,1,1,50],[9999,1045,1,1,10],[9999,1055,1,1,10],[9999,1065,1,1,10],[9999,1075,1,1,10],[9999,1085,1,1,20],[9999,1095,1,1,20],[9999,1105,1,1,10]]"
105503,​军用舰艇保险库​5,沉船密封仓,2,"[[9999,1015,1,1,20],[9999,1025,1,1,10],[9999,1035,1,1,20],[9999,1045,1,1,40],[9999,1055,1,1,10],[9999,1065,1,1,10],[9999,1075,1,1,40],[9999,1085,1,1,40],[9999,1095,1,1,20],[9999,1105,1,1,10]]"
105504,​冷链货船隔离舱​5,沉船密封仓,2,"[[9999,1015,1,1,20],[9999,1025,1,1,50],[9999,1035,1,1,20],[9999,1045,1,1,10],[9999,1055,1,1,10],[9999,1065,1,1,10],[9999,1075,1,1,10],[9999,1085,1,1,20],[9999,1095,1,1,50],[9999,1105,1,1,10]]"
105505,​殖民商船宝库​5,沉船密封仓,2,"[[9999,1015,1,1,20],[9999,1025,1,1,10],[9999,1035,1,1,20],[9999,1045,1,1,10],[9999,1055,1,1,40],[9999,1065,1,1,40],[9999,1075,1,1,10],[9999,1085,1,1,20],[9999,1095,1,1,20],[9999,1105,1,1,40]]"
105506,​探险家座舰资料库​5,沉船密封仓,2,"[[9999,1015,1,1,20],[9999,1025,1,1,10],[9999,1035,1,1,20],[9999,1045,1,1,10],[9999,1055,1,1,10],[9999,1065,1,1,10],[9999,1075,1,1,10],[9999,1085,1,1,20],[9999,1095,1,1,20],[9999,1105,1,1,50]]"
105507,​皇家御用货舱​5,沉船密封仓,2,"[[9999,1015,1,1,20],[9999,1025,1,1,10],[9999,1035,1,1,20],[9999,1045,1,1,10],[9999,1055,1,1,50],[9999,1065,1,1,10],[9999,1075,1,1,10],[9999,1085,1,1,20],[9999,1095,1,1,20],[9999,1105,1,1,10]]"
105508,​生物实验室样本库​5,沉船密封仓,2,"[[9999,1015,1,1,20],[9999,1025,1,1,50],[9999,1035,1,1,20],[9999,1045,1,1,10],[9999,1055,1,1,10],[9999,1065,1,1,10],[9999,1075,1,1,10],[9999,1085,1,1,20],[9999,1095,1,1,20],[9999,1105,1,1,10]]"
105509,​私掠船军火舱​5,沉船密封仓,2,"[[9999,1015,1,1,20],[9999,1025,1,1,10],[9999,1035,1,1,20],[9999,1045,1,1,50],[9999,1055,1,1,10],[9999,1065,1,1,10],[9999,1075,1,1,10],[9999,1085,1,1,20],[9999,1095,1,1,20],[9999,1105,1,1,10]]"
105510,​现代货轮娱乐库​5,沉船密封仓,2,"[[9999,1015,1,1,20],[9999,1025,1,1,10],[9999,1035,1,1,20],[9999,1045,1,1,10],[9999,1055,1,1,10],[9999,1065,1,1,10],[9999,1075,1,1,50],[9999,1085,1,1,20],[9999,1095,1,1,20],[9999,1105,1,1,10]]"
105601,​混沌残骸​6,沉船密封仓,2,"[[9999,1016,1,1,20],[9999,1026,1,1,20],[9999,1036,1,1,20],[9999,1046,1,1,20],[9999,1056,1,1,20],[9999,1066,1,1,20],[9999,1076,1,1,20],[9999,1086,1,1,20],[9999,1096,1,1,20],[9999,1106,1,1,20]]"
105602,​远洋客轮舱房​6,沉船密封仓,2,"[[9999,1016,1,1,50],[9999,1026,1,1,10],[9999,1036,1,1,50],[9999,1046,1,1,10],[9999,1056,1,1,10],[9999,1066,1,1,10],[9999,1076,1,1,10],[9999,1086,1,1,20],[9999,1096,1,1,20],[9999,1106,1,1,10]]"
105603,​军用舰艇保险库​6,沉船密封仓,2,"[[9999,1016,1,1,20],[9999,1026,1,1,10],[9999,1036,1,1,20],[9999,1046,1,1,40],[9999,1056,1,1,10],[9999,1066,1,1,10],[9999,1076,1,1,40],[9999,1086,1,1,40],[9999,1096,1,1,20],[9999,1106,1,1,10]]"
105604,​冷链货船隔离舱​6,沉船密封仓,2,"[[9999,1016,1,1,20],[9999,1026,1,1,50],[9999,1036,1,1,20],[9999,1046,1,1,10],[9999,1056,1,1,10],[9999,1066,1,1,10],[9999,1076,1,1,10],[9999,1086,1,1,20],[9999,1096,1,1,50],[9999,1106,1,1,10]]"
105605,​殖民商船宝库​6,沉船密封仓,2,"[[9999,1016,1,1,20],[9999,1026,1,1,10],[9999,1036,1,1,20],[9999,1046,1,1,10],[9999,1056,1,1,40],[9999,1066,1,1,40],[9999,1076,1,1,10],[9999,1086,1,1,20],[9999,1096,1,1,20],[9999,1106,1,1,40]]"
105606,​探险家座舰资料库​6,沉船密封仓,2,"[[9999,1016,1,1,20],[9999,1026,1,1,10],[9999,1036,1,1,20],[9999,1046,1,1,10],[9999,1056,1,1,10],[9999,1066,1,1,10],[9999,1076,1,1,10],[9999,1086,1,1,20],[9999,1096,1,1,20],[9999,1106,1,1,50]]"
105607,​皇家御用货舱​6,沉船密封仓,2,"[[9999,1016,1,1,20],[9999,1026,1,1,10],[9999,1036,1,1,20],[9999,1046,1,1,10],[9999,1056,1,1,50],[9999,1066,1,1,10],[9999,1076,1,1,10],[9999,1086,1,1,20],[9999,1096,1,1,20],[9999,1106,1,1,10]]"
105608,​生物实验室样本库​6,沉船密封仓,2,"[[9999,1016,1,1,20],[9999,1026,1,1,50],[9999,1036,1,1,20],[9999,1046,1,1,10],[9999,1056,1,1,10],[9999,1066,1,1,10],[9999,1076,1,1,10],[9999,1086,1,1,20],[9999,1096,1,1,20],[9999,1106,1,1,10]]"
105609,​私掠船军火舱​6,沉船密封仓,2,"[[9999,1016,1,1,20],[9999,1026,1,1,10],[9999,1036,1,1,20],[9999,1046,1,1,50],[9999,1056,1,1,10],[9999,1066,1,1,10],[9999,1076,1,1,10],[9999,1086,1,1,20],[9999,1096,1,1,20],[9999,1106,1,1,10]]"
105610,​现代货轮娱乐库​6,沉船密封仓,2,"[[9999,1016,1,1,20],[9999,1026,1,1,10],[9999,1036,1,1,20],[9999,1046,1,1,10],[9999,1056,1,1,10],[9999,1066,1,1,10],[9999,1076,1,1,50],[9999,1086,1,1,20],[9999,1096,1,1,20],[9999,1106,1,1,10]]"
2001,未知品质筛选,,2,"[[9999,101101,1,1,300],[9999,101201,1,1,320],[9999,101301,1,1,300],[9999,101401,1,1,80],[9999,101501,1,1,20],[9999,101601,1,1,2]]"
2002,医院品质筛选,,2,"[[9999,101102,1,1,300],[9999,101202,1,1,320],[9999,101302,1,1,300],[9999,101402,1,1,80],[9999,101502,1,1,20],[9999,101602,1,1,2]]"
2003,超市品质筛选,,2,"[[9999,101103,1,1,300],[9999,101203,1,1,320],[9999,101303,1,1,300],[9999,101403,1,1,80],[9999,101503,1,1,20],[9999,101603,1,1,2]]"
2004,学校品质筛选,,2,"[[9999,101104,1,1,300],[9999,101204,1,1,320],[9999,101304,1,1,300],[9999,101404,1,1,80],[9999,101504,1,1,20],[9999,101604,1,1,2]]"
2005,小区品质筛选,,2,"[[9999,101105,1,1,300],[9999,101205,1,1,320],[9999,101305,1,1,300],[9999,101405,1,1,80],[9999,101505,1,1,20],[9999,101605,1,1,2]]"
2006,玩具店品质筛选,,2,"[[9999,101106,1,1,300],[9999,101206,1,1,320],[9999,101306,1,1,300],[9999,101406,1,1,80],[9999,101506,1,1,20],[9999,101606,1,1,2]]"
2007,古董街品质筛选,,2,"[[9999,101107,1,1,300],[9999,101207,1,1,320],[9999,101307,1,1,300],[9999,101407,1,1,80],[9999,101507,1,1,20],[9999,101607,1,1,2]]"
2011,​混沌货栈​,废弃仓库,2,"[[9999,102101,1,1,200],[9999,102201,1,1,300],[9999,102301,1,1,330],[9999,102401,1,1,150],[9999,102501,1,1,40],[9999,102601,1,1,8]]"
2012,​品牌尾货仓​,废弃仓库,2,"[[9999,102102,1,1,200],[9999,102202,1,1,300],[9999,102302,1,1,330],[9999,102402,1,1,150],[9999,102502,1,1,40],[9999,102602,1,1,8]]"
2013,​硬核资产库​,废弃仓库,2,"[[9999,102103,1,1,200],[9999,102203,1,1,300],[9999,102303,1,1,330],[9999,102403,1,1,150],[9999,102503,1,1,40],[9999,102603,1,1,8]]"
2014,​民生储备库​,废弃仓库,2,"[[9999,102104,1,1,200],[9999,102204,1,1,300],[9999,102304,1,1,330],[9999,102404,1,1,150],[9999,102504,1,1,40],[9999,102604,1,1,8]]"
2015,​墨韵藏宝阁​,废弃仓库,2,"[[9999,102105,1,1,200],[9999,102205,1,1,300],[9999,102305,1,1,330],[9999,102405,1,1,150],[9999,102505,1,1,40],[9999,102605,1,1,8]]"
2021,​混沌货柜​,航运集装箱,2,"[[9999,103101,1,1,130],[9999,103201,1,1,250],[9999,103301,1,1,300],[9999,103401,1,1,400],[9999,103501,1,1,100],[9999,103601,1,1,35]]"
2022,​环球家居博览箱​,航运集装箱,2,"[[9999,103102,1,1,130],[9999,103202,1,1,250],[9999,103302,1,1,300],[9999,103402,1,1,400],[9999,103502,1,1,100],[9999,103602,1,1,35]]"
2023,​尖端装备封存箱​,航运集装箱,2,"[[9999,103103,1,1,130],[9999,103203,1,1,250],[9999,103303,1,1,300],[9999,103403,1,1,400],[9999,103503,1,1,100],[9999,103603,1,1,35]]"
2024,​跨国冷链货柜​,航运集装箱,2,"[[9999,103104,1,1,130],[9999,103204,1,1,250],[9999,103304,1,1,300],[9999,103404,1,1,400],[9999,103504,1,1,100],[9999,103604,1,1,35]]"
2025,​历史尘埃秘藏箱​,航运集装箱,2,"[[9999,103105,1,1,130],[9999,103205,1,1,250],[9999,103305,1,1,300],[9999,103405,1,1,400],[9999,103505,1,1,100],[9999,103605,1,1,35]]"
2026,​缄默知识文库​,航运集装箱,2,"[[9999,103106,1,1,130],[9999,103206,1,1,250],[9999,103306,1,1,300],[9999,103406,1,1,400],[9999,103506,1,1,100],[9999,103606,1,1,35]]"
2027,​迪拜私享逸品柜​,航运集装箱,2,"[[9999,103107,1,1,130],[9999,103207,1,1,250],[9999,103307,1,1,300],[9999,103407,1,1,400],[9999,103507,1,1,100],[9999,103607,1,1,35]]"
2028,​保税实验室原料柜​,航运集装箱,2,"[[9999,103108,1,1,130],[9999,103208,1,1,250],[9999,103308,1,1,300],[9999,103408,1,1,400],[9999,103508,1,1,100],[9999,103608,1,1,35]]"
2029,​注册私人军事物资​,航运集装箱,2,"[[9999,103109,1,1,130],[9999,103209,1,1,250],[9999,103309,1,1,300],[9999,103409,1,1,400],[9999,103509,1,1,100],[9999,103609,1,1,35]]"
2030,​亚洲电竞狂欢箱​,航运集装箱,2,"[[9999,103110,1,1,130],[9999,103210,1,1,250],[9999,103310,1,1,300],[9999,103410,1,1,400],[9999,103510,1,1,100],[9999,103610,1,1,35]]"
2031,​谜之公馆​,空置别墅,2,"[[9999,104101,1,1,80],[9999,104201,1,1,180],[9999,104301,1,1,340],[9999,104401,1,1,240],[9999,104501,1,1,100],[9999,104601,1,1,50]]"
2032,​设计师遗作​,空置别墅,2,"[[9999,104102,1,1,80],[9999,104202,1,1,180],[9999,104302,1,1,340],[9999,104402,1,1,240],[9999,104502,1,1,100],[9999,104602,1,1,50]]"
2033,​科技新贵密室​,空置别墅,2,"[[9999,104103,1,1,80],[9999,104203,1,1,180],[9999,104303,1,1,340],[9999,104403,1,1,240],[9999,104503,1,1,100],[9999,104603,1,1,50]]"
2034,​养生专家私邸​,空置别墅,2,"[[9999,104104,1,1,80],[9999,104204,1,1,180],[9999,104304,1,1,340],[9999,104404,1,1,240],[9999,104504,1,1,100],[9999,104604,1,1,50]]"
2035,​世家望族故居​,空置别墅,2,"[[9999,104105,1,1,80],[9999,104205,1,1,180],[9999,104305,1,1,340],[9999,104405,1,1,240],[9999,104505,1,1,100],[9999,104605,1,1,50]]"
2036,​学者书斋​,空置别墅,2,"[[9999,104106,1,1,80],[9999,104206,1,1,180],[9999,104306,1,1,340],[9999,104406,1,1,240],[9999,104506,1,1,100],[9999,104606,1,1,50]]"
2037,​隐秘金库​,空置别墅,2,"[[9999,104107,1,1,80],[9999,104207,1,1,180],[9999,104307,1,1,340],[9999,104407,1,1,240],[9999,104507,1,1,100],[9999,104607,1,1,50]]"
2038,​私人疗养院​,空置别墅,2,"[[9999,104108,1,1,80],[9999,104208,1,1,180],[9999,104308,1,1,340],[9999,104408,1,1,240],[9999,104508,1,1,100],[9999,104608,1,1,50]]"
2039,​安全狂宅邸​,空置别墅,2,"[[9999,104109,1,1,80],[9999,104209,1,1,180],[9999,104309,1,1,340],[9999,104409,1,1,240],[9999,104509,1,1,100],[9999,104609,1,1,50]]"
2040,​极客梦幻屋​,空置别墅,2,"[[9999,104110,1,1,80],[9999,104210,1,1,180],[9999,104310,1,1,340],[9999,104410,1,1,240],[9999,104510,1,1,100],[9999,104610,1,1,50]]"
2041,​混沌残骸​,沉船密封仓,2,"[[9999,105101,1,1,80],[9999,105201,1,1,200],[9999,105301,1,1,240],[9999,105401,1,1,240],[9999,105501,1,1,120],[9999,105601,1,1,70]]"
2042,​远洋客轮舱房​,沉船密封仓,2,"[[9999,105102,1,1,80],[9999,105202,1,1,200],[9999,105302,1,1,240],[9999,105402,1,1,240],[9999,105502,1,1,120],[9999,105602,1,1,70]]"
2043,​军用舰艇保险库​,沉船密封仓,2,"[[9999,105103,1,1,80],[9999,105203,1,1,200],[9999,105303,1,1,240],[9999,105403,1,1,240],[9999,105503,1,1,120],[9999,105603,1,1,70]]"
2044,​冷链货船隔离舱​,沉船密封仓,2,"[[9999,105104,1,1,80],[9999,105204,1,1,200],[9999,105304,1,1,240],[9999,105404,1,1,240],[9999,105504,1,1,120],[9999,105604,1,1,70]]"
2045,​殖民商船宝库​,沉船密封仓,2,"[[9999,105105,1,1,80],[9999,105205,1,1,200],[9999,105305,1,1,240],[9999,105405,1,1,240],[9999,105505,1,1,120],[9999,105605,1,1,70]]"
2046,​探险家座舰资料库​,沉船密封仓,2,"[[9999,105106,1,1,80],[9999,105206,1,1,200],[9999,105306,1,1,240],[9999,105406,1,1,240],[9999,105506,1,1,120],[9999,105606,1,1,70]]"
2047,​皇家御用货舱​,沉船密封仓,2,"[[9999,105107,1,1,80],[9999,105207,1,1,200],[9999,105307,1,1,240],[9999,105407,1,1,240],[9999,105507,1,1,120],[9999,105607,1,1,70]]"
2048,​生物实验室样本库​,沉船密封仓,2,"[[9999,105108,1,1,80],[9999,105208,1,1,200],[9999,105308,1,1,240],[9999,105408,1,1,240],[9999,105508,1,1,120],[9999,105608,1,1,70]]"
2049,​私掠船军火舱​,沉船密封仓,2,"[[9999,105109,1,1,80],[9999,105209,1,1,200],[9999,105309,1,1,240],[9999,105409,1,1,240],[9999,105509,1,1,120],[9999,105609,1,1,70]]"
2050,​现代货轮娱乐库​,沉船密封仓,2,"[[9999,105110,1,1,80],[9999,105210,1,1,200],[9999,105310,1,1,240],[9999,105410,1,1,240],[9999,105510,1,1,120],[9999,105610,1,1,70]]"
2101,未知品质掉落,,1,"[[9999,2001,1,1,5000],[9999,2001,1,1,3000],[9999,2001,1,1,2000],[9999,2001,1,1,1000]]"
2102,医院品质掉落,,1,"[[9999,2002,1,1,5000],[9999,2002,1,1,3000],[9999,2002,1,1,2000],[9999,2002,1,1,1000]]"
2103,超市品质掉落,,1,"[[9999,2003,1,1,5000],[9999,2003,1,1,3000],[9999,2003,1,1,2000],[9999,2003,1,1,1000]]"
2104,学校品质掉落,,1,"[[9999,2004,1,1,5000],[9999,2004,1,1,3000],[9999,2004,1,1,2000],[9999,2004,1,1,1000]]"
2105,小区品质掉落,,1,"[[9999,2005,1,1,5000],[9999,2005,1,1,3000],[9999,2005,1,1,2000],[9999,2005,1,1,1000]]"
2106,玩具店品质掉落,,1,"[[9999,2006,1,1,5000],[9999,2006,1,1,3000],[9999,2006,1,1,2000],[9999,2006,1,1,1000]]"
2107,古董街品质掉落,,1,"[[9999,2007,1,1,5000],[9999,2007,1,1,3000],[9999,2007,1,1,2000],[9999,2007,1,1,1000]]"
2201,​混沌货栈​,,1,"[[9999,2011,1,1,5250],[9999,2011,1,1,3200],[9999,2011,1,1,2150],[9999,2011,1,1,1050]]"
2202,​品牌尾货仓​,,1,"[[9999,2012,1,1,5250],[9999,2012,1,1,3200],[9999,2012,1,1,2150],[9999,2012,1,1,1050]]"
2203,​硬核资产库​,,1,"[[9999,2013,1,1,5250],[9999,2013,1,1,3200],[9999,2013,1,1,2150],[9999,2013,1,1,1050]]"
2204,​民生储备库​,,1,"[[9999,2014,1,1,5250],[9999,2014,1,1,3200],[9999,2014,1,1,2150],[9999,2014,1,1,1050]]"
2205,​墨韵藏宝阁​,,1,"[[9999,2015,1,1,5250],[9999,2015,1,1,3200],[9999,2015,1,1,2150],[9999,2015,1,1,1050]]"
2301,​混沌货柜​,,1,"[[9999,2021,1,1,5500],[9999,2021,1,1,3400],[9999,2021,1,1,2300],[9999,2021,1,1,1100]]"
2302,​环球家居博览箱​,,1,"[[9999,2022,1,1,5500],[9999,2022,1,1,3400],[9999,2022,1,1,2300],[9999,2022,1,1,1100]]"
2303,​尖端装备封存箱​,,1,"[[9999,2023,1,1,5500],[9999,2023,1,1,3400],[9999,2023,1,1,2300],[9999,2023,1,1,1100]]"
2304,​跨国冷链货柜​,,1,"[[9999,2024,1,1,5500],[9999,2024,1,1,3400],[9999,2024,1,1,2300],[9999,2024,1,1,1100]]"
2305,​历史尘埃秘藏箱​,,1,"[[9999,2025,1,1,5500],[9999,2025,1,1,3400],[9999,2025,1,1,2300],[9999,2025,1,1,1100]]"
2306,​缄默知识文库​,,1,"[[9999,2026,1,1,5500],[9999,2026,1,1,3400],[9999,2026,1,1,2300],[9999,2026,1,1,1100]]"
2307,​迪拜私享逸品柜​,,1,"[[9999,2027,1,1,5500],[9999,2027,1,1,3400],[9999,2027,1,1,2300],[9999,2027,1,1,1100]]"
2308,​保税实验室原料柜​,,1,"[[9999,2028,1,1,5500],[9999,2028,1,1,3400],[9999,2028,1,1,2300],[9999,2028,1,1,1100]]"
2309,​注册私人军事物资​,,1,"[[9999,2029,1,1,5500],[9999,2029,1,1,3400],[9999,2029,1,1,2300],[9999,2029,1,1,1100]]"
2310,​亚洲电竞狂欢箱​,,1,"[[9999,2030,1,1,5500],[9999,2030,1,1,3400],[9999,2030,1,1,2300],[9999,2030,1,1,1100]]"
2401,​谜之公馆​,,1,"[[9999,2031,1,1,5750],[9999,2031,1,1,3600],[9999,2031,1,1,2400],[9999,2031,1,1,1150]]"
2402,​设计师遗作​,,1,"[[9999,2032,1,1,5750],[9999,2032,1,1,3600],[9999,2032,1,1,2400],[9999,2032,1,1,1150]]"
2403,​科技新贵密室​,,1,"[[9999,2033,1,1,5750],[9999,2033,1,1,3600],[9999,2033,1,1,2400],[9999,2033,1,1,1150]]"
2404,​养生专家私邸​,,1,"[[9999,2034,1,1,5750],[9999,2034,1,1,3600],[9999,2034,1,1,2400],[9999,2034,1,1,1150]]"
2405,​世家望族故居​,,1,"[[9999,2035,1,1,5750],[9999,2035,1,1,3600],[9999,2035,1,1,2400],[9999,2035,1,1,1150]]"
2406,​学者书斋​,,1,"[[9999,2036,1,1,5750],[9999,2036,1,1,3600],[9999,2036,1,1,2400],[9999,2036,1,1,1150]]"
2407,​隐秘金库​,,1,"[[9999,2037,1,1,5750],[9999,2037,1,1,3600],[9999,2037,1,1,2400],[9999,2037,1,1,1150]]"
2408,​私人疗养院​,,1,"[[9999,2038,1,1,5750],[9999,2038,1,1,3600],[9999,2038,1,1,2400],[9999,2038,1,1,1150]]"
2409,​安全狂宅邸​,,1,"[[9999,2039,1,1,5750],[9999,2039,1,1,3600],[9999,2039,1,1,2400],[9999,2039,1,1,1150]]"
2410,​极客梦幻屋​,,1,"[[9999,2040,1,1,5750],[9999,2040,1,1,3600],[9999,2040,1,1,2400],[9999,2040,1,1,1150]]"
2501,​混沌残骸​,,1,"[[9999,2041,1,1,6000],[9999,2041,1,1,3800],[9999,2041,1,1,2550],[9999,2041,1,1,1200]]"
2502,​远洋客轮舱房​,,1,"[[9999,2042,1,1,6000],[9999,2042,1,1,3800],[9999,2042,1,1,2550],[9999,2042,1,1,1200]]"
2503,​军用舰艇保险库​,,1,"[[9999,2043,1,1,6000],[9999,2043,1,1,3800],[9999,2043,1,1,2550],[9999,2043,1,1,1200]]"
2504,​冷链货船隔离舱​,,1,"[[9999,2044,1,1,6000],[9999,2044,1,1,3800],[9999,2044,1,1,2550],[9999,2044,1,1,1200]]"
2505,​殖民商船宝库​,,1,"[[9999,2045,1,1,6000],[9999,2045,1,1,3800],[9999,2045,1,1,2550],[9999,2045,1,1,1200]]"
2506,​探险家座舰资料库​,,1,"[[9999,2046,1,1,6000],[9999,2046,1,1,3800],[9999,2046,1,1,2550],[9999,2046,1,1,1200]]"
2507,​皇家御用货舱​,,1,"[[9999,2047,1,1,6000],[9999,2047,1,1,3800],[9999,2047,1,1,2550],[9999,2047,1,1,1200]]"
2508,​生物实验室样本库​,,1,"[[9999,2048,1,1,6000],[9999,2048,1,1,3800],[9999,2048,1,1,2550],[9999,2048,1,1,1200]]"
2509,​私掠船军火舱​,,1,"[[9999,2049,1,1,6000],[9999,2049,1,1,3800],[9999,2049,1,1,2550],[9999,2049,1,1,1200]]"
2510,​现代货轮娱乐库​,,1,"[[9999,2050,1,1,6000],[9999,2050,1,1,3800],[9999,2050,1,1,2550],[9999,2050,1,1,1200]]"
5601,百物杂拍,,1,"[[9999,2031,1,1,5750],[9999,2031,1,1,3600],[9999,2031,1,1,2400],[9999,2031,1,1,1150]]"
5602,居家陈设,,1,"[[9999,2031,1,1,5750],[9999,2031,1,1,3600],[9999,2031,1,1,2400],[9999,2031,1,1,1150]]"
5603,秘药器械,,1,"[[9999,2031,1,1,5750],[9999,2031,1,1,3600],[9999,2031,1,1,2400],[9999,2031,1,1,1150]]"
5604,奢品风尚,,1,"[[9999,2031,1,1,5750],[9999,2031,1,1,3600],[9999,2031,1,1,2400],[9999,2031,1,1,1150]]"
5605,军械私拍,,1,"[[9999,2031,1,1,5750],[9999,2031,1,1,3600],[9999,2031,1,1,2400],[9999,2031,1,1,1150]]"
5606,珍宝原石,,1,"[[9999,2031,1,1,5750],[9999,2031,1,1,3600],[9999,2031,1,1,2400],[9999,2031,1,1,1150]]"
5607,古董珍玩,,1,"[[9999,2031,1,1,5750],[9999,2031,1,1,3600],[9999,2031,1,1,2400],[9999,2031,1,1,1150]]"
5608,尖端数码,,1,"[[9999,2031,1,1,5750],[9999,2031,1,1,3600],[9999,2031,1,1,2400],[9999,2031,1,1,1150]]"
5609,载具器械,,1,"[[9999,2031,1,1,5750],[9999,2031,1,1,3600],[9999,2031,1,1,2400],[9999,2031,1,1,1150]]"
5610,珍馐食材,,1,"[[9999,2031,1,1,5750],[9999,2031,1,1,3600],[9999,2031,1,1,2400],[9999,2031,1,1,1150]]"
5611,翰墨典藏,,1,"[[9999,2031,1,1,5750],[9999,2031,1,1,3600],[9999,2031,1,1,2400],[9999,2031,1,1,1150]]"
201011,角色101AI道具使用1地图,,2,"[[11,100101,1,1,500],[11,100102,1,1,200],[11,100104,1,1,2000],[11,100105,1,1,500],[11,100106,1,1,200],[11,100110,1,1,2000],[11,100111,1,1,500],[11,100112,1,1,333],[11,100113,1,1,200],[11,100116,1,1,2000],[11,100117,1,1,500],[11,100118,1,1,200],[11,100119,1,1,50],[11,100122,1,1,1000],[11,100123,1,1,500],[11,100124,1,1,200],[11,100125,1,1,50],[11,100128,1,1,2000],[11,100129,1,1,667],[11,100130,1,1,200],[11,100131,1,1,67],[11,100132,1,1,33],[11,100135,1,1,2000],[11,100136,1,1,667],[11,100137,1,1,200],[11,100138,1,1,67],[11,100156,1,1,200],[11,100165,1,1,667],[11,100166,1,1,333],[11,100167,1,1,200],[11,100168,1,1,200]]"
201012,角色101AI道具使用2地图,,2,"[[11,100101,1,1,600],[11,100102,1,1,250],[11,100104,1,1,1900],[11,100105,1,1,600],[11,100106,1,1,250],[11,100110,1,1,1900],[11,100111,1,1,600],[11,100112,1,1,400],[11,100113,1,1,250],[11,100116,1,1,1900],[11,100117,1,1,600],[11,100118,1,1,250],[11,100119,1,1,60],[11,100122,1,1,980],[11,100123,1,1,600],[11,100124,1,1,250],[11,100125,1,1,60],[11,100128,1,1,1900],[11,100129,1,1,800],[11,100130,1,1,250],[11,100131,1,1,75],[11,100132,1,1,40],[11,100135,1,1,1900],[11,100136,1,1,800],[11,100137,1,1,250],[11,100138,1,1,75],[11,100156,1,1,250],[11,100165,1,1,750],[11,100166,1,1,400],[11,100167,1,1,250],[11,100168,1,1,250]]"
201013,角色101AI道具使用3地图,,2,"[[11,100101,1,1,700],[11,100102,1,1,300],[11,100104,1,1,1800],[11,100105,1,1,700],[11,100106,1,1,300],[11,100107,1,1,70],[11,100110,1,1,1800],[11,100111,1,1,700],[11,100112,1,1,500],[11,100113,1,1,300],[11,100115,1,1,70],[11,100116,1,1,1800],[11,100117,1,1,700],[11,100118,1,1,300],[11,100119,1,1,70],[11,100122,1,1,960],[11,100123,1,1,700],[11,100124,1,1,300],[11,100125,1,1,70],[11,100128,1,1,1800],[11,100129,1,1,950],[11,100130,1,1,300],[11,100131,1,1,90],[11,100132,1,1,50],[11,100135,1,1,1800],[11,100136,1,1,950],[11,100137,1,1,300],[11,100138,1,1,90],[11,100156,1,1,300],[11,100165,1,1,900],[11,100166,1,1,500],[11,100167,1,1,300],[11,100168,1,1,300],[11,100169,1,1,70],[11,100170,1,1,70],[11,100171,1,1,70],[11,100172,1,1,70],[11,100173,1,1,70]]"
201014,角色101AI道具使用4地图,,2,"[[11,100100,1,1,30],[11,100101,1,1,800],[11,100102,1,1,350],[11,100103,1,1,30],[11,100104,1,1,1700],[11,100105,1,1,800],[11,100106,1,1,350],[11,100107,1,1,80],[11,100108,1,1,30],[11,100110,1,1,1700],[11,100111,1,1,800],[11,100112,1,1,600],[11,100113,1,1,350],[11,100114,1,1,30],[11,100115,1,1,80],[11,100116,1,1,1700],[11,100117,1,1,800],[11,100118,1,1,350],[11,100119,1,1,80],[11,100120,1,1,30],[11,100122,1,1,940],[11,100123,1,1,800],[11,100124,1,1,350],[11,100125,1,1,80],[11,100128,1,1,1700],[11,100129,1,1,1100],[11,100130,1,1,350],[11,100131,1,1,105],[11,100132,1,1,60],[11,100135,1,1,1700],[11,100136,1,1,1100],[11,100137,1,1,350],[11,100138,1,1,105],[11,100139,1,1,30],[11,100156,1,1,350],[11,100161,1,1,100],[11,100162,1,1,100],[11,100163,1,1,80],[11,100164,1,1,60],[11,100165,1,1,1100],[11,100166,1,1,600],[11,100167,1,1,350],[11,100168,1,1,350],[11,100169,1,1,80],[11,100170,1,1,80],[11,100171,1,1,80],[11,100172,1,1,80],[11,100173,1,1,80]]"
201015,角色101AI道具使用5地图,,2,"[[11,100100,1,1,50],[11,100101,1,1,700],[11,100102,1,1,300],[11,100103,1,1,50],[11,100104,1,1,1600],[11,100105,1,1,700],[11,100106,1,1,300],[11,100107,1,1,100],[11,100108,1,1,50],[11,100110,1,1,1600],[11,100111,1,1,700],[11,100112,1,1,500],[11,100113,1,1,300],[11,100114,1,1,50],[11,100115,1,1,100],[11,100116,1,1,1800],[11,100117,1,1,700],[11,100118,1,1,300],[11,100119,1,1,70],[11,100120,1,1,50],[11,100121,1,1,10],[11,100122,1,1,900],[11,100123,1,1,700],[11,100124,1,1,300],[11,100125,1,1,100],[11,100126,1,1,20],[11,100127,1,1,5],[11,100128,1,1,1800],[11,100129,1,1,950],[11,100130,1,1,300],[11,100131,1,1,90],[11,100132,1,1,80],[11,100133,1,1,30],[11,100134,1,1,20],[11,100135,1,1,1800],[11,100136,1,1,950],[11,100137,1,1,300],[11,100138,1,1,90],[11,100139,1,1,50],[11,100140,1,1,30],[11,100156,1,1,400],[11,100161,1,1,120],[11,100162,1,1,120],[11,100163,1,1,100],[11,100164,1,1,90],[11,100165,1,1,900],[11,100166,1,1,500],[11,100167,1,1,300],[11,100168,1,1,300],[11,100169,1,1,100],[11,100170,1,1,100],[11,100171,1,1,100],[11,100172,1,1,100],[11,100173,1,1,100]]"
201021,角色102AI道具使用1地图,,2,"[[11,100104,1,1,2000],[11,100105,1,1,500],[11,100106,1,1,200],[11,100110,1,1,2000],[11,100111,1,1,500],[11,100112,1,1,333],[11,100113,1,1,200],[11,100116,1,1,2000],[11,100117,1,1,500],[11,100118,1,1,200],[11,100119,1,1,50],[11,100122,1,1,1000],[11,100123,1,1,500],[11,100124,1,1,200],[11,100125,1,1,50],[11,100128,1,1,2000],[11,100129,1,1,667],[11,100130,1,1,200],[11,100131,1,1,67],[11,100132,1,1,33],[11,100135,1,1,2000],[11,100136,1,1,667],[11,100137,1,1,200],[11,100138,1,1,67],[11,100165,1,1,667],[11,100166,1,1,333],[11,100167,1,1,200],[11,100168,1,1,200]]"
201022,角色102AI道具使用2地图,,2,"[[11,100104,1,1,1900],[11,100105,1,1,600],[11,100106,1,1,250],[11,100110,1,1,1900],[11,100111,1,1,600],[11,100112,1,1,400],[11,100113,1,1,250],[11,100116,1,1,1900],[11,100117,1,1,600],[11,100118,1,1,250],[11,100119,1,1,60],[11,100122,1,1,980],[11,100123,1,1,600],[11,100124,1,1,250],[11,100125,1,1,60],[11,100128,1,1,1900],[11,100129,1,1,800],[11,100130,1,1,250],[11,100131,1,1,75],[11,100132,1,1,40],[11,100135,1,1,1900],[11,100136,1,1,800],[11,100137,1,1,250],[11,100138,1,1,75],[11,100165,1,1,750],[11,100166,1,1,400],[11,100167,1,1,250],[11,100168,1,1,250]]"
201023,角色102AI道具使用3地图,,2,"[[11,100104,1,1,1800],[11,100105,1,1,700],[11,100106,1,1,300],[11,100107,1,1,70],[11,100110,1,1,1800],[11,100111,1,1,700],[11,100112,1,1,500],[11,100113,1,1,300],[11,100115,1,1,70],[11,100116,1,1,1800],[11,100117,1,1,700],[11,100118,1,1,300],[11,100119,1,1,70],[11,100122,1,1,960],[11,100123,1,1,700],[11,100124,1,1,300],[11,100125,1,1,70],[11,100128,1,1,1800],[11,100129,1,1,950],[11,100130,1,1,300],[11,100131,1,1,90],[11,100132,1,1,50],[11,100135,1,1,1800],[11,100136,1,1,950],[11,100137,1,1,300],[11,100138,1,1,90],[11,100165,1,1,900],[11,100166,1,1,500],[11,100167,1,1,300],[11,100168,1,1,300],[11,100169,1,1,70],[11,100170,1,1,70],[11,100171,1,1,70],[11,100172,1,1,70],[11,100173,1,1,70]]"
201024,角色102AI道具使用4地图,,2,"[[11,100103,1,1,30],[11,100104,1,1,1700],[11,100105,1,1,800],[11,100106,1,1,350],[11,100107,1,1,80],[11,100108,1,1,30],[11,100110,1,1,1700],[11,100111,1,1,800],[11,100112,1,1,600],[11,100113,1,1,350],[11,100114,1,1,30],[11,100115,1,1,80],[11,100116,1,1,1700],[11,100117,1,1,800],[11,100118,1,1,350],[11,100119,1,1,80],[11,100120,1,1,30],[11,100122,1,1,940],[11,100123,1,1,800],[11,100124,1,1,350],[11,100125,1,1,80],[11,100128,1,1,1700],[11,100129,1,1,1100],[11,100130,1,1,350],[11,100131,1,1,105],[11,100132,1,1,60],[11,100135,1,1,1700],[11,100136,1,1,1100],[11,100137,1,1,350],[11,100138,1,1,105],[11,100139,1,1,30],[11,100161,1,1,100],[11,100162,1,1,100],[11,100163,1,1,80],[11,100164,1,1,60],[11,100165,1,1,1100],[11,100166,1,1,600],[11,100167,1,1,350],[11,100168,1,1,350],[11,100169,1,1,80],[11,100170,1,1,80],[11,100171,1,1,80],[11,100172,1,1,80],[11,100173,1,1,80]]"
201025,角色102AI道具使用5地图,,2,"[[11,100103,1,1,50],[11,100104,1,1,1600],[11,100105,1,1,700],[11,100106,1,1,300],[11,100107,1,1,100],[11,100108,1,1,50],[11,100110,1,1,1600],[11,100111,1,1,700],[11,100112,1,1,500],[11,100113,1,1,300],[11,100114,1,1,50],[11,100115,1,1,100],[11,100116,1,1,1800],[11,100117,1,1,700],[11,100118,1,1,300],[11,100119,1,1,70],[11,100120,1,1,50],[11,100121,1,1,10],[11,100122,1,1,900],[11,100123,1,1,700],[11,100124,1,1,300],[11,100125,1,1,100],[11,100126,1,1,20],[11,100127,1,1,5],[11,100128,1,1,1800],[11,100129,1,1,950],[11,100130,1,1,300],[11,100131,1,1,90],[11,100132,1,1,80],[11,100133,1,1,30],[11,100134,1,1,20],[11,100135,1,1,1800],[11,100136,1,1,950],[11,100137,1,1,300],[11,100138,1,1,90],[11,100139,1,1,50],[11,100140,1,1,30],[11,100161,1,1,120],[11,100162,1,1,120],[11,100163,1,1,100],[11,100164,1,1,90],[11,100165,1,1,900],[11,100166,1,1,500],[11,100167,1,1,300],[11,100168,1,1,300],[11,100169,1,1,100],[11,100170,1,1,100],[11,100171,1,1,100],[11,100172,1,1,100],[11,100173,1,1,100]]"
201031,角色103AI道具使用1地图,,2,"[[11,100101,1,1,500],[11,100102,1,1,200],[11,100104,1,1,2000],[11,100105,1,1,500],[11,100106,1,1,200],[11,100110,1,1,2000],[11,100111,1,1,500],[11,100112,1,1,333],[11,100113,1,1,200],[11,100116,1,1,2000],[11,100117,1,1,500],[11,100118,1,1,200],[11,100119,1,1,50],[11,100122,1,1,1000],[11,100123,1,1,500],[11,100124,1,1,200],[11,100125,1,1,50],[11,100128,1,1,2000],[11,100129,1,1,667],[11,100130,1,1,200],[11,100131,1,1,67],[11,100132,1,1,33],[11,100135,1,1,2000],[11,100136,1,1,667],[11,100137,1,1,200],[11,100138,1,1,67],[11,100151,1,1,200],[11,100152,1,1,200],[11,100153,1,1,200],[11,100154,1,1,200],[11,100155,1,1,200],[11,100156,1,1,200],[11,100157,1,1,200],[11,100158,1,1,200],[11,100159,1,1,200],[11,100160,1,1,200],[11,100165,1,1,667],[11,100166,1,1,333],[11,100167,1,1,200],[11,100168,1,1,200]]"
201032,角色103AI道具使用2地图,,2,"[[11,100101,1,1,600],[11,100102,1,1,250],[11,100104,1,1,1900],[11,100105,1,1,600],[11,100106,1,1,250],[11,100110,1,1,1900],[11,100111,1,1,600],[11,100112,1,1,400],[11,100113,1,1,250],[11,100116,1,1,1900],[11,100117,1,1,600],[11,100118,1,1,250],[11,100119,1,1,60],[11,100122,1,1,980],[11,100123,1,1,600],[11,100124,1,1,250],[11,100125,1,1,60],[11,100128,1,1,1900],[11,100129,1,1,800],[11,100130,1,1,250],[11,100131,1,1,75],[11,100132,1,1,40],[11,100135,1,1,1900],[11,100136,1,1,800],[11,100137,1,1,250],[11,100138,1,1,75],[11,100151,1,1,250],[11,100152,1,1,250],[11,100153,1,1,250],[11,100154,1,1,250],[11,100155,1,1,250],[11,100156,1,1,250],[11,100157,1,1,250],[11,100158,1,1,250],[11,100159,1,1,250],[11,100160,1,1,250],[11,100165,1,1,750],[11,100166,1,1,400],[11,100167,1,1,250],[11,100168,1,1,250]]"
201033,角色103AI道具使用3地图,,2,"[[11,100101,1,1,700],[11,100102,1,1,300],[11,100104,1,1,1800],[11,100105,1,1,700],[11,100106,1,1,300],[11,100107,1,1,70],[11,100110,1,1,1800],[11,100111,1,1,700],[11,100112,1,1,500],[11,100113,1,1,300],[11,100115,1,1,70],[11,100116,1,1,1800],[11,100117,1,1,700],[11,100118,1,1,300],[11,100119,1,1,70],[11,100122,1,1,960],[11,100123,1,1,700],[11,100124,1,1,300],[11,100125,1,1,70],[11,100128,1,1,1800],[11,100129,1,1,950],[11,100130,1,1,300],[11,100131,1,1,90],[11,100132,1,1,50],[11,100135,1,1,1800],[11,100136,1,1,950],[11,100137,1,1,300],[11,100138,1,1,90],[11,100151,1,1,300],[11,100152,1,1,300],[11,100153,1,1,300],[11,100154,1,1,300],[11,100155,1,1,300],[11,100156,1,1,300],[11,100157,1,1,300],[11,100158,1,1,300],[11,100159,1,1,300],[11,100160,1,1,300],[11,100165,1,1,900],[11,100166,1,1,500],[11,100167,1,1,300],[11,100168,1,1,300],[11,100169,1,1,70],[11,100170,1,1,70],[11,100171,1,1,70],[11,100172,1,1,70],[11,100173,1,1,70]]"
201034,角色103AI道具使用4地图,,2,"[[11,100100,1,1,30],[11,100101,1,1,800],[11,100102,1,1,350],[11,100103,1,1,30],[11,100104,1,1,1700],[11,100105,1,1,800],[11,100106,1,1,350],[11,100107,1,1,80],[11,100108,1,1,30],[11,100110,1,1,1700],[11,100111,1,1,800],[11,100112,1,1,600],[11,100113,1,1,350],[11,100114,1,1,30],[11,100115,1,1,80],[11,100116,1,1,1700],[11,100117,1,1,800],[11,100118,1,1,350],[11,100119,1,1,80],[11,100120,1,1,30],[11,100122,1,1,940],[11,100123,1,1,800],[11,100124,1,1,350],[11,100125,1,1,80],[11,100128,1,1,1700],[11,100129,1,1,1100],[11,100130,1,1,350],[11,100131,1,1,105],[11,100132,1,1,60],[11,100135,1,1,1700],[11,100136,1,1,1100],[11,100137,1,1,350],[11,100138,1,1,105],[11,100139,1,1,30],[11,100151,1,1,350],[11,100152,1,1,350],[11,100153,1,1,350],[11,100154,1,1,350],[11,100155,1,1,350],[11,100156,1,1,350],[11,100157,1,1,350],[11,100158,1,1,350],[11,100159,1,1,350],[11,100160,1,1,350],[11,100161,1,1,100],[11,100162,1,1,100],[11,100163,1,1,80],[11,100164,1,1,60],[11,100165,1,1,1100],[11,100166,1,1,600],[11,100167,1,1,350],[11,100168,1,1,350],[11,100169,1,1,80],[11,100170,1,1,80],[11,100171,1,1,80],[11,100172,1,1,80],[11,100173,1,1,80]]"
201035,角色103AI道具使用5地图,,2,"[[11,100100,1,1,50],[11,100101,1,1,700],[11,100102,1,1,300],[11,100103,1,1,50],[11,100104,1,1,1600],[11,100105,1,1,700],[11,100106,1,1,300],[11,100107,1,1,100],[11,100108,1,1,50],[11,100110,1,1,1600],[11,100111,1,1,700],[11,100112,1,1,500],[11,100113,1,1,300],[11,100114,1,1,50],[11,100115,1,1,100],[11,100116,1,1,1800],[11,100117,1,1,700],[11,100118,1,1,300],[11,100119,1,1,70],[11,100120,1,1,50],[11,100121,1,1,10],[11,100122,1,1,900],[11,100123,1,1,700],[11,100124,1,1,300],[11,100125,1,1,100],[11,100126,1,1,20],[11,100127,1,1,5],[11,100128,1,1,1800],[11,100129,1,1,950],[11,100130,1,1,300],[11,100131,1,1,90],[11,100132,1,1,80],[11,100133,1,1,30],[11,100134,1,1,20],[11,100135,1,1,1800],[11,100136,1,1,950],[11,100137,1,1,300],[11,100138,1,1,90],[11,100139,1,1,50],[11,100140,1,1,30],[11,100151,1,1,300],[11,100152,1,1,300],[11,100153,1,1,300],[11,100154,1,1,300],[11,100155,1,1,300],[11,100156,1,1,300],[11,100157,1,1,300],[11,100158,1,1,300],[11,100159,1,1,300],[11,100160,1,1,300],[11,100161,1,1,120],[11,100162,1,1,120],[11,100163,1,1,100],[11,100164,1,1,90],[11,100165,1,1,900],[11,100166,1,1,500],[11,100167,1,1,300],[11,100168,1,1,300],[11,100169,1,1,100],[11,100170,1,1,100],[11,100171,1,1,100],[11,100172,1,1,100],[11,100173,1,1,100]]"
201041,角色104AI道具使用1地图,,2,"[[11,100101,1,1,500],[11,100102,1,1,200],[11,100104,1,1,2000],[11,100105,1,1,500],[11,100106,1,1,200],[11,100110,1,1,2000],[11,100111,1,1,500],[11,100112,1,1,333],[11,100113,1,1,200],[11,100116,1,1,2000],[11,100117,1,1,500],[11,100118,1,1,200],[11,100119,1,1,50],[11,100122,1,1,1000],[11,100123,1,1,500],[11,100124,1,1,200],[11,100125,1,1,50],[11,100128,1,1,2000],[11,100129,1,1,667],[11,100130,1,1,200],[11,100131,1,1,67],[11,100132,1,1,33],[11,100135,1,1,2000],[11,100136,1,1,667],[11,100137,1,1,200],[11,100138,1,1,67],[11,100151,1,1,200],[11,100152,1,1,200],[11,100153,1,1,200],[11,100154,1,1,200],[11,100155,1,1,200],[11,100156,1,1,200],[11,100157,1,1,200],[11,100158,1,1,200],[11,100159,1,1,200],[11,100160,1,1,200],[11,100165,1,1,667],[11,100166,1,1,333],[11,100167,1,1,200],[11,100168,1,1,200]]"
201042,角色104AI道具使用2地图,,2,"[[11,100101,1,1,600],[11,100102,1,1,250],[11,100104,1,1,1900],[11,100105,1,1,600],[11,100106,1,1,250],[11,100110,1,1,1900],[11,100111,1,1,600],[11,100112,1,1,400],[11,100113,1,1,250],[11,100116,1,1,1900],[11,100117,1,1,600],[11,100118,1,1,250],[11,100119,1,1,60],[11,100122,1,1,980],[11,100123,1,1,600],[11,100124,1,1,250],[11,100125,1,1,60],[11,100128,1,1,1900],[11,100129,1,1,800],[11,100130,1,1,250],[11,100131,1,1,75],[11,100132,1,1,40],[11,100135,1,1,1900],[11,100136,1,1,800],[11,100137,1,1,250],[11,100138,1,1,75],[11,100151,1,1,250],[11,100152,1,1,250],[11,100153,1,1,250],[11,100154,1,1,250],[11,100155,1,1,250],[11,100156,1,1,250],[11,100157,1,1,250],[11,100158,1,1,250],[11,100159,1,1,250],[11,100160,1,1,250],[11,100165,1,1,750],[11,100166,1,1,400],[11,100167,1,1,250],[11,100168,1,1,250]]"
201043,角色104AI道具使用3地图,,2,"[[11,100101,1,1,700],[11,100102,1,1,300],[11,100104,1,1,1800],[11,100105,1,1,700],[11,100106,1,1,300],[11,100107,1,1,70],[11,100110,1,1,1800],[11,100111,1,1,700],[11,100112,1,1,500],[11,100113,1,1,300],[11,100115,1,1,70],[11,100116,1,1,1800],[11,100117,1,1,700],[11,100118,1,1,300],[11,100119,1,1,70],[11,100122,1,1,960],[11,100123,1,1,700],[11,100124,1,1,300],[11,100125,1,1,70],[11,100128,1,1,1800],[11,100129,1,1,950],[11,100130,1,1,300],[11,100131,1,1,90],[11,100132,1,1,50],[11,100135,1,1,1800],[11,100136,1,1,950],[11,100137,1,1,300],[11,100138,1,1,90],[11,100151,1,1,300],[11,100152,1,1,300],[11,100153,1,1,300],[11,100154,1,1,300],[11,100155,1,1,300],[11,100156,1,1,300],[11,100157,1,1,300],[11,100158,1,1,300],[11,100159,1,1,300],[11,100160,1,1,300],[11,100165,1,1,900],[11,100166,1,1,500],[11,100167,1,1,300],[11,100168,1,1,300],[11,100169,1,1,70],[11,100170,1,1,70],[11,100171,1,1,70],[11,100172,1,1,70],[11,100173,1,1,70]]"
201044,角色104AI道具使用4地图,,2,"[[11,100100,1,1,30],[11,100101,1,1,800],[11,100102,1,1,350],[11,100103,1,1,30],[11,100104,1,1,1700],[11,100105,1,1,800],[11,100106,1,1,350],[11,100107,1,1,80],[11,100108,1,1,30],[11,100110,1,1,1700],[11,100111,1,1,800],[11,100112,1,1,600],[11,100113,1,1,350],[11,100114,1,1,30],[11,100115,1,1,80],[11,100116,1,1,1700],[11,100117,1,1,800],[11,100118,1,1,350],[11,100119,1,1,80],[11,100120,1,1,30],[11,100122,1,1,940],[11,100123,1,1,800],[11,100124,1,1,350],[11,100125,1,1,80],[11,100128,1,1,1700],[11,100129,1,1,1100],[11,100130,1,1,350],[11,100131,1,1,105],[11,100132,1,1,60],[11,100135,1,1,1700],[11,100136,1,1,1100],[11,100137,1,1,350],[11,100138,1,1,105],[11,100139,1,1,30],[11,100151,1,1,350],[11,100152,1,1,350],[11,100153,1,1,350],[11,100154,1,1,350],[11,100155,1,1,350],[11,100156,1,1,350],[11,100157,1,1,350],[11,100158,1,1,350],[11,100159,1,1,350],[11,100160,1,1,350],[11,100161,1,1,100],[11,100162,1,1,100],[11,100163,1,1,80],[11,100164,1,1,60],[11,100165,1,1,1100],[11,100166,1,1,600],[11,100167,1,1,350],[11,100168,1,1,350],[11,100169,1,1,80],[11,100170,1,1,80],[11,100171,1,1,80],[11,100172,1,1,80],[11,100173,1,1,80]]"
201045,角色104AI道具使用5地图,,2,"[[11,100100,1,1,50],[11,100101,1,1,700],[11,100102,1,1,300],[11,100103,1,1,50],[11,100104,1,1,1600],[11,100105,1,1,700],[11,100106,1,1,300],[11,100107,1,1,100],[11,100108,1,1,50],[11,100110,1,1,1600],[11,100111,1,1,700],[11,100112,1,1,500],[11,100113,1,1,300],[11,100114,1,1,50],[11,100115,1,1,100],[11,100116,1,1,1800],[11,100117,1,1,700],[11,100118,1,1,300],[11,100119,1,1,70],[11,100120,1,1,50],[11,100121,1,1,10],[11,100122,1,1,900],[11,100123,1,1,700],[11,100124,1,1,300],[11,100125,1,1,100],[11,100126,1,1,20],[11,100127,1,1,5],[11,100128,1,1,1800],[11,100129,1,1,950],[11,100130,1,1,300],[11,100131,1,1,90],[11,100132,1,1,80],[11,100133,1,1,30],[11,100134,1,1,20],[11,100135,1,1,1800],[11,100136,1,1,950],[11,100137,1,1,300],[11,100138,1,1,90],[11,100139,1,1,50],[11,100140,1,1,30],[11,100151,1,1,300],[11,100152,1,1,300],[11,100153,1,1,300],[11,100154,1,1,300],[11,100155,1,1,300],[11,100156,1,1,300],[11,100157,1,1,300],[11,100158,1,1,300],[11,100159,1,1,300],[11,100160,1,1,300],[11,100161,1,1,120],[11,100162,1,1,120],[11,100163,1,1,100],[11,100164,1,1,90],[11,100165,1,1,900],[11,100166,1,1,500],[11,100167,1,1,300],[11,100168,1,1,300],[11,100169,1,1,100],[11,100170,1,1,100],[11,100171,1,1,100],[11,100172,1,1,100],[11,100173,1,1,100]]"
201051,角色105AI道具使用1地图,,2,"[[11,100101,1,1,500],[11,100102,1,1,200],[11,100104,1,1,2000],[11,100105,1,1,500],[11,100106,1,1,200],[11,100110,1,1,2000],[11,100111,1,1,500],[11,100112,1,1,333],[11,100113,1,1,200],[11,100116,1,1,2000],[11,100117,1,1,500],[11,100118,1,1,200],[11,100119,1,1,50],[11,100122,1,1,1000],[11,100123,1,1,500],[11,100124,1,1,200],[11,100125,1,1,50],[11,100128,1,1,2000],[11,100129,1,1,667],[11,100130,1,1,200],[11,100131,1,1,67],[11,100132,1,1,33],[11,100135,1,1,2000],[11,100136,1,1,667],[11,100137,1,1,200],[11,100138,1,1,67],[11,100153,1,1,600],[11,100165,1,1,667],[11,100166,1,1,333],[11,100167,1,1,200],[11,100168,1,1,200]]"
201052,角色105AI道具使用2地图,,2,"[[11,100101,1,1,600],[11,100102,1,1,250],[11,100104,1,1,1900],[11,100105,1,1,600],[11,100106,1,1,250],[11,100110,1,1,1900],[11,100111,1,1,600],[11,100112,1,1,400],[11,100113,1,1,250],[11,100116,1,1,1900],[11,100117,1,1,600],[11,100118,1,1,250],[11,100119,1,1,60],[11,100122,1,1,980],[11,100123,1,1,600],[11,100124,1,1,250],[11,100125,1,1,60],[11,100128,1,1,1900],[11,100129,1,1,800],[11,100130,1,1,250],[11,100131,1,1,75],[11,100132,1,1,40],[11,100135,1,1,1900],[11,100136,1,1,800],[11,100137,1,1,250],[11,100138,1,1,75],[11,100153,1,1,800],[11,100165,1,1,750],[11,100166,1,1,400],[11,100167,1,1,250],[11,100168,1,1,250]]"
201053,角色105AI道具使用3地图,,2,"[[11,100101,1,1,700],[11,100102,1,1,300],[11,100104,1,1,1800],[11,100105,1,1,700],[11,100106,1,1,300],[11,100107,1,1,70],[11,100110,1,1,1800],[11,100111,1,1,700],[11,100112,1,1,500],[11,100113,1,1,300],[11,100115,1,1,70],[11,100116,1,1,1800],[11,100117,1,1,700],[11,100118,1,1,300],[11,100119,1,1,70],[11,100122,1,1,960],[11,100123,1,1,700],[11,100124,1,1,300],[11,100125,1,1,70],[11,100128,1,1,1800],[11,100129,1,1,950],[11,100130,1,1,300],[11,100131,1,1,90],[11,100132,1,1,50],[11,100135,1,1,1800],[11,100136,1,1,950],[11,100137,1,1,300],[11,100138,1,1,90],[11,100153,1,1,1000],[11,100165,1,1,900],[11,100166,1,1,500],[11,100167,1,1,300],[11,100168,1,1,300],[11,100169,1,1,70],[11,100170,1,1,70],[11,100171,1,1,70],[11,100172,1,1,70],[11,100173,1,1,70]]"
201054,角色105AI道具使用4地图,,2,"[[11,100100,1,1,30],[11,100101,1,1,800],[11,100102,1,1,350],[11,100103,1,1,30],[11,100104,1,1,1700],[11,100105,1,1,800],[11,100106,1,1,350],[11,100107,1,1,80],[11,100108,1,1,30],[11,100110,1,1,1700],[11,100111,1,1,800],[11,100112,1,1,600],[11,100113,1,1,350],[11,100114,1,1,30],[11,100115,1,1,80],[11,100116,1,1,1700],[11,100117,1,1,800],[11,100118,1,1,350],[11,100119,1,1,80],[11,100120,1,1,30],[11,100122,1,1,940],[11,100123,1,1,800],[11,100124,1,1,350],[11,100125,1,1,80],[11,100128,1,1,1700],[11,100129,1,1,1100],[11,100130,1,1,350],[11,100131,1,1,105],[11,100132,1,1,60],[11,100135,1,1,1700],[11,100136,1,1,1100],[11,100137,1,1,350],[11,100138,1,1,105],[11,100139,1,1,30],[11,100153,1,1,1200],[11,100161,1,1,100],[11,100162,1,1,100],[11,100163,1,1,80],[11,100164,1,1,60],[11,100165,1,1,1100],[11,100166,1,1,600],[11,100167,1,1,350],[11,100168,1,1,350],[11,100169,1,1,80],[11,100170,1,1,80],[11,100171,1,1,80],[11,100172,1,1,80],[11,100173,1,1,80]]"
201055,角色105AI道具使用5地图,,2,"[[11,100100,1,1,50],[11,100101,1,1,700],[11,100102,1,1,300],[11,100103,1,1,50],[11,100104,1,1,1600],[11,100105,1,1,700],[11,100106,1,1,300],[11,100107,1,1,100],[11,100108,1,1,50],[11,100110,1,1,1600],[11,100111,1,1,700],[11,100112,1,1,500],[11,100113,1,1,300],[11,100114,1,1,50],[11,100115,1,1,100],[11,100116,1,1,1800],[11,100117,1,1,700],[11,100118,1,1,300],[11,100119,1,1,70],[11,100120,1,1,50],[11,100121,1,1,10],[11,100122,1,1,900],[11,100123,1,1,700],[11,100124,1,1,300],[11,100125,1,1,100],[11,100126,1,1,20],[11,100127,1,1,5],[11,100128,1,1,1800],[11,100129,1,1,950],[11,100130,1,1,300],[11,100131,1,1,90],[11,100132,1,1,80],[11,100133,1,1,30],[11,100134,1,1,20],[11,100135,1,1,1800],[11,100136,1,1,950],[11,100137,1,1,300],[11,100138,1,1,90],[11,100139,1,1,50],[11,100153,1,1,1400],[11,100161,1,1,120],[11,100162,1,1,120],[11,100163,1,1,100],[11,100164,1,1,90],[11,100165,1,1,900],[11,100166,1,1,500],[11,100167,1,1,300],[11,100168,1,1,300],[11,100169,1,1,100],[11,100170,1,1,100],[11,100171,1,1,100],[11,100172,1,1,100],[11,100173,1,1,100]]"
201061,角色106AI道具使用1地图,,2,"[[11,100101,1,1,500],[11,100102,1,1,200],[11,100104,1,1,2000],[11,100105,1,1,500],[11,100106,1,1,200],[11,100110,1,1,2000],[11,100111,1,1,500],[11,100112,1,1,333],[11,100113,1,1,200],[11,100116,1,1,2000],[11,100117,1,1,500],[11,100118,1,1,200],[11,100119,1,1,50],[11,100122,1,1,1000],[11,100123,1,1,500],[11,100124,1,1,200],[11,100125,1,1,50],[11,100128,1,1,2000],[11,100129,1,1,667],[11,100130,1,1,200],[11,100131,1,1,67],[11,100132,1,1,33],[11,100135,1,1,2000],[11,100136,1,1,667],[11,100137,1,1,200],[11,100138,1,1,67],[11,100153,1,1,600],[11,100157,1,1,600],[11,100165,1,1,667],[11,100166,1,1,333],[11,100167,1,1,200],[11,100168,1,1,200]]"
201062,角色106AI道具使用2地图,,2,"[[11,100101,1,1,600],[11,100102,1,1,250],[11,100104,1,1,1900],[11,100105,1,1,600],[11,100106,1,1,250],[11,100110,1,1,1900],[11,100111,1,1,600],[11,100112,1,1,400],[11,100113,1,1,250],[11,100116,1,1,1900],[11,100117,1,1,600],[11,100118,1,1,250],[11,100119,1,1,60],[11,100122,1,1,980],[11,100123,1,1,600],[11,100124,1,1,250],[11,100125,1,1,60],[11,100128,1,1,1900],[11,100129,1,1,800],[11,100130,1,1,250],[11,100131,1,1,75],[11,100132,1,1,40],[11,100135,1,1,1900],[11,100136,1,1,800],[11,100137,1,1,250],[11,100138,1,1,75],[11,100153,1,1,800],[11,100157,1,1,800],[11,100165,1,1,750],[11,100166,1,1,400],[11,100167,1,1,250],[11,100168,1,1,250]]"
201063,角色106AI道具使用3地图,,2,"[[11,100101,1,1,700],[11,100102,1,1,300],[11,100104,1,1,1800],[11,100105,1,1,700],[11,100106,1,1,300],[11,100107,1,1,70],[11,100110,1,1,1800],[11,100111,1,1,700],[11,100112,1,1,500],[11,100113,1,1,300],[11,100115,1,1,70],[11,100116,1,1,1800],[11,100117,1,1,700],[11,100118,1,1,300],[11,100119,1,1,70],[11,100122,1,1,960],[11,100123,1,1,700],[11,100124,1,1,300],[11,100125,1,1,70],[11,100128,1,1,1800],[11,100129,1,1,950],[11,100130,1,1,300],[11,100131,1,1,90],[11,100132,1,1,50],[11,100135,1,1,1800],[11,100136,1,1,950],[11,100137,1,1,300],[11,100138,1,1,90],[11,100153,1,1,1000],[11,100157,1,1,1000],[11,100165,1,1,900],[11,100166,1,1,500],[11,100167,1,1,300],[11,100168,1,1,300],[11,100169,1,1,70],[11,100170,1,1,70],[11,100171,1,1,70],[11,100172,1,1,70],[11,100173,1,1,70]]"
201064,角色106AI道具使用4地图,,2,"[[11,100100,1,1,30],[11,100101,1,1,800],[11,100102,1,1,350],[11,100103,1,1,30],[11,100104,1,1,1700],[11,100105,1,1,800],[11,100106,1,1,350],[11,100107,1,1,80],[11,100108,1,1,30],[11,100110,1,1,1700],[11,100111,1,1,800],[11,100112,1,1,600],[11,100113,1,1,350],[11,100114,1,1,30],[11,100115,1,1,80],[11,100116,1,1,1700],[11,100117,1,1,800],[11,100118,1,1,350],[11,100119,1,1,80],[11,100120,1,1,30],[11,100122,1,1,940],[11,100123,1,1,800],[11,100124,1,1,350],[11,100125,1,1,80],[11,100128,1,1,1700],[11,100129,1,1,1100],[11,100130,1,1,350],[11,100131,1,1,105],[11,100132,1,1,60],[11,100135,1,1,1700],[11,100136,1,1,1100],[11,100137,1,1,350],[11,100138,1,1,105],[11,100139,1,1,30],[11,100153,1,1,1200],[11,100157,1,1,1200],[11,100161,1,1,100],[11,100162,1,1,100],[11,100163,1,1,80],[11,100164,1,1,60],[11,100165,1,1,1100],[11,100166,1,1,600],[11,100167,1,1,350],[11,100168,1,1,350],[11,100169,1,1,80],[11,100170,1,1,80],[11,100171,1,1,80],[11,100172,1,1,80],[11,100173,1,1,80]]"
201065,角色106AI道具使用5地图,,2,"[[11,100100,1,1,50],[11,100101,1,1,700],[11,100102,1,1,300],[11,100103,1,1,50],[11,100104,1,1,1600],[11,100105,1,1,700],[11,100106,1,1,300],[11,100107,1,1,100],[11,100108,1,1,50],[11,100110,1,1,1600],[11,100111,1,1,700],[11,100112,1,1,500],[11,100113,1,1,300],[11,100114,1,1,50],[11,100115,1,1,100],[11,100116,1,1,1800],[11,100117,1,1,700],[11,100118,1,1,300],[11,100119,1,1,70],[11,100120,1,1,50],[11,100121,1,1,10],[11,100122,1,1,900],[11,100123,1,1,700],[11,100124,1,1,300],[11,100125,1,1,100],[11,100126,1,1,20],[11,100127,1,1,5],[11,100128,1,1,1800],[11,100129,1,1,950],[11,100130,1,1,300],[11,100131,1,1,90],[11,100132,1,1,80],[11,100133,1,1,30],[11,100134,1,1,20],[11,100135,1,1,1800],[11,100136,1,1,950],[11,100137,1,1,300],[11,100138,1,1,90],[11,100139,1,1,50],[11,100153,1,1,1400],[11,100157,1,1,1400],[11,100161,1,1,120],[11,100162,1,1,120],[11,100163,1,1,100],[11,100164,1,1,90],[11,100165,1,1,900],[11,100166,1,1,500],[11,100167,1,1,300],[11,100168,1,1,300],[11,100169,1,1,100],[11,100170,1,1,100],[11,100171,1,1,100],[11,100172,1,1,100],[11,100173,1,1,100]]"
201071,角色107AI道具使用1地图,,2,"[[11,100101,1,1,500],[11,100102,1,1,200],[11,100104,1,1,2000],[11,100105,1,1,500],[11,100106,1,1,200],[11,100110,1,1,2000],[11,100111,1,1,500],[11,100112,1,1,333],[11,100113,1,1,200],[11,100116,1,1,2000],[11,100117,1,1,500],[11,100118,1,1,200],[11,100119,1,1,50],[11,100122,1,1,1000],[11,100123,1,1,500],[11,100124,1,1,200],[11,100125,1,1,50],[11,100128,1,1,2000],[11,100129,1,1,667],[11,100130,1,1,200],[11,100131,1,1,67],[11,100132,1,1,33],[11,100135,1,1,2000],[11,100136,1,1,667],[11,100137,1,1,200],[11,100138,1,1,67],[11,100151,1,1,200],[11,100152,1,1,200],[11,100153,1,1,200],[11,100154,1,1,200],[11,100155,1,1,200],[11,100156,1,1,200],[11,100157,1,1,200],[11,100158,1,1,200],[11,100159,1,1,200],[11,100160,1,1,200],[11,100165,1,1,667],[11,100166,1,1,333],[11,100167,1,1,200],[11,100168,1,1,200]]"
201072,角色107AI道具使用2地图,,2,"[[11,100101,1,1,600],[11,100102,1,1,250],[11,100104,1,1,1900],[11,100105,1,1,600],[11,100106,1,1,250],[11,100110,1,1,1900],[11,100111,1,1,600],[11,100112,1,1,400],[11,100113,1,1,250],[11,100116,1,1,1900],[11,100117,1,1,600],[11,100118,1,1,250],[11,100119,1,1,60],[11,100122,1,1,980],[11,100123,1,1,600],[11,100124,1,1,250],[11,100125,1,1,60],[11,100128,1,1,1900],[11,100129,1,1,800],[11,100130,1,1,250],[11,100131,1,1,75],[11,100132,1,1,40],[11,100135,1,1,1900],[11,100136,1,1,800],[11,100137,1,1,250],[11,100138,1,1,75],[11,100151,1,1,250],[11,100152,1,1,250],[11,100153,1,1,250],[11,100154,1,1,250],[11,100155,1,1,250],[11,100156,1,1,250],[11,100157,1,1,250],[11,100158,1,1,250],[11,100159,1,1,250],[11,100160,1,1,250],[11,100165,1,1,750],[11,100166,1,1,400],[11,100167,1,1,250],[11,100168,1,1,250]]"
201073,角色107AI道具使用3地图,,2,"[[11,100101,1,1,700],[11,100102,1,1,300],[11,100104,1,1,1800],[11,100105,1,1,700],[11,100106,1,1,300],[11,100107,1,1,70],[11,100110,1,1,1800],[11,100111,1,1,700],[11,100112,1,1,500],[11,100113,1,1,300],[11,100115,1,1,70],[11,100116,1,1,1800],[11,100117,1,1,700],[11,100118,1,1,300],[11,100119,1,1,70],[11,100122,1,1,960],[11,100123,1,1,700],[11,100124,1,1,300],[11,100125,1,1,70],[11,100128,1,1,1800],[11,100129,1,1,950],[11,100130,1,1,300],[11,100131,1,1,90],[11,100132,1,1,50],[11,100135,1,1,1800],[11,100136,1,1,950],[11,100137,1,1,300],[11,100138,1,1,90],[11,100151,1,1,300],[11,100152,1,1,300],[11,100153,1,1,300],[11,100154,1,1,300],[11,100155,1,1,300],[11,100156,1,1,300],[11,100157,1,1,300],[11,100158,1,1,300],[11,100159,1,1,300],[11,100160,1,1,300],[11,100165,1,1,900],[11,100166,1,1,500],[11,100167,1,1,300],[11,100168,1,1,300],[11,100169,1,1,70],[11,100170,1,1,70],[11,100171,1,1,70],[11,100172,1,1,70],[11,100173,1,1,70]]"
201074,角色107AI道具使用4地图,,2,"[[11,100100,1,1,30],[11,100101,1,1,800],[11,100102,1,1,350],[11,100103,1,1,30],[11,100104,1,1,1700],[11,100105,1,1,800],[11,100106,1,1,350],[11,100107,1,1,80],[11,100108,1,1,30],[11,100110,1,1,1700],[11,100111,1,1,800],[11,100112,1,1,600],[11,100113,1,1,350],[11,100114,1,1,30],[11,100115,1,1,80],[11,100116,1,1,1700],[11,100117,1,1,800],[11,100118,1,1,350],[11,100119,1,1,80],[11,100120,1,1,30],[11,100122,1,1,940],[11,100123,1,1,800],[11,100124,1,1,350],[11,100125,1,1,80],[11,100128,1,1,1700],[11,100129,1,1,1100],[11,100130,1,1,350],[11,100131,1,1,105],[11,100132,1,1,60],[11,100135,1,1,1700],[11,100136,1,1,1100],[11,100137,1,1,350],[11,100138,1,1,105],[11,100139,1,1,30],[11,100151,1,1,350],[11,100152,1,1,350],[11,100153,1,1,350],[11,100154,1,1,350],[11,100155,1,1,350],[11,100156,1,1,350],[11,100157,1,1,350],[11,100158,1,1,350],[11,100159,1,1,350],[11,100160,1,1,350],[11,100161,1,1,100],[11,100162,1,1,100],[11,100163,1,1,80],[11,100164,1,1,60],[11,100165,1,1,1100],[11,100166,1,1,600],[11,100167,1,1,350],[11,100168,1,1,350],[11,100169,1,1,80],[11,100170,1,1,80],[11,100171,1,1,80],[11,100172,1,1,80],[11,100173,1,1,80]]"
201075,角色107AI道具使用5地图,,2,"[[11,100100,1,1,50],[11,100101,1,1,700],[11,100102,1,1,300],[11,100103,1,1,50],[11,100104,1,1,1600],[11,100105,1,1,700],[11,100106,1,1,300],[11,100107,1,1,100],[11,100108,1,1,50],[11,100110,1,1,1600],[11,100111,1,1,700],[11,100112,1,1,500],[11,100113,1,1,300],[11,100114,1,1,50],[11,100115,1,1,100],[11,100116,1,1,1800],[11,100117,1,1,700],[11,100118,1,1,300],[11,100119,1,1,70],[11,100120,1,1,50],[11,100121,1,1,10],[11,100122,1,1,900],[11,100123,1,1,700],[11,100124,1,1,300],[11,100125,1,1,100],[11,100126,1,1,20],[11,100127,1,1,5],[11,100128,1,1,1800],[11,100129,1,1,950],[11,100130,1,1,300],[11,100131,1,1,90],[11,100132,1,1,80],[11,100133,1,1,30],[11,100134,1,1,20],[11,100135,1,1,1800],[11,100136,1,1,950],[11,100137,1,1,300],[11,100138,1,1,90],[11,100139,1,1,50],[11,100140,1,1,30],[11,100151,1,1,300],[11,100152,1,1,300],[11,100153,1,1,300],[11,100154,1,1,300],[11,100155,1,1,300],[11,100156,1,1,300],[11,100157,1,1,300],[11,100158,1,1,300],[11,100159,1,1,300],[11,100160,1,1,300],[11,100161,1,1,120],[11,100162,1,1,120],[11,100163,1,1,100],[11,100164,1,1,90],[11,100165,1,1,900],[11,100166,1,1,500],[11,100167,1,1,300],[11,100168,1,1,300],[11,100169,1,1,100],[11,100170,1,1,100],[11,100171,1,1,100],[11,100172,1,1,100],[11,100173,1,1,100]]"
201081,角色108AI道具使用1地图,,2,"[[11,100101,1,1,500],[11,100102,1,1,200],[11,100105,1,1,500],[11,100106,1,1,200],[11,100111,1,1,500],[11,100112,1,1,333],[11,100113,1,1,200],[11,100117,1,1,500],[11,100118,1,1,200],[11,100119,1,1,50],[11,100123,1,1,500],[11,100124,1,1,200],[11,100125,1,1,50],[11,100128,1,1,2000],[11,100129,1,1,667],[11,100130,1,1,200],[11,100131,1,1,67],[11,100132,1,1,33],[11,100135,1,1,2000],[11,100136,1,1,667],[11,100137,1,1,200],[11,100138,1,1,67],[11,100151,1,1,200],[11,100152,1,1,200],[11,100153,1,1,200],[11,100154,1,1,200],[11,100155,1,1,200],[11,100156,1,1,200],[11,100157,1,1,200],[11,100158,1,1,200],[11,100159,1,1,200],[11,100160,1,1,200],[11,100165,1,1,667],[11,100166,1,1,333],[11,100167,1,1,200],[11,100168,1,1,200]]"
201082,角色108AI道具使用2地图,,2,"[[11,100101,1,1,600],[11,100102,1,1,250],[11,100105,1,1,600],[11,100106,1,1,250],[11,100111,1,1,600],[11,100112,1,1,400],[11,100113,1,1,250],[11,100117,1,1,600],[11,100118,1,1,250],[11,100119,1,1,60],[11,100123,1,1,600],[11,100124,1,1,250],[11,100125,1,1,60],[11,100128,1,1,1900],[11,100129,1,1,800],[11,100130,1,1,250],[11,100131,1,1,75],[11,100132,1,1,40],[11,100135,1,1,1900],[11,100136,1,1,800],[11,100137,1,1,250],[11,100138,1,1,75],[11,100151,1,1,250],[11,100152,1,1,250],[11,100153,1,1,250],[11,100154,1,1,250],[11,100155,1,1,250],[11,100156,1,1,250],[11,100157,1,1,250],[11,100158,1,1,250],[11,100159,1,1,250],[11,100160,1,1,250],[11,100165,1,1,750],[11,100166,1,1,400],[11,100167,1,1,250],[11,100168,1,1,250]]"
201083,角色108AI道具使用3地图,,2,"[[11,100101,1,1,700],[11,100102,1,1,300],[11,100105,1,1,700],[11,100106,1,1,300],[11,100107,1,1,70],[11,100111,1,1,700],[11,100112,1,1,500],[11,100113,1,1,300],[11,100115,1,1,70],[11,100117,1,1,700],[11,100118,1,1,300],[11,100119,1,1,70],[11,100123,1,1,700],[11,100124,1,1,300],[11,100125,1,1,70],[11,100128,1,1,1800],[11,100129,1,1,950],[11,100130,1,1,300],[11,100131,1,1,90],[11,100132,1,1,50],[11,100135,1,1,1800],[11,100136,1,1,950],[11,100137,1,1,300],[11,100138,1,1,90],[11,100151,1,1,300],[11,100152,1,1,300],[11,100153,1,1,300],[11,100154,1,1,300],[11,100155,1,1,300],[11,100156,1,1,300],[11,100157,1,1,300],[11,100158,1,1,300],[11,100159,1,1,300],[11,100160,1,1,300],[11,100165,1,1,900],[11,100166,1,1,500],[11,100167,1,1,300],[11,100168,1,1,300],[11,100169,1,1,70],[11,100170,1,1,70],[11,100171,1,1,70],[11,100172,1,1,70],[11,100173,1,1,70]]"
201084,角色108AI道具使用4地图,,2,"[[11,100100,1,1,30],[11,100101,1,1,800],[11,100102,1,1,350],[11,100103,1,1,30],[11,100105,1,1,800],[11,100106,1,1,350],[11,100107,1,1,80],[11,100108,1,1,30],[11,100111,1,1,800],[11,100112,1,1,600],[11,100113,1,1,350],[11,100114,1,1,30],[11,100115,1,1,80],[11,100117,1,1,800],[11,100118,1,1,350],[11,100119,1,1,80],[11,100120,1,1,30],[11,100123,1,1,800],[11,100124,1,1,350],[11,100125,1,1,80],[11,100128,1,1,1700],[11,100129,1,1,1100],[11,100130,1,1,350],[11,100131,1,1,105],[11,100132,1,1,60],[11,100135,1,1,1700],[11,100136,1,1,1100],[11,100137,1,1,350],[11,100138,1,1,105],[11,100139,1,1,30],[11,100151,1,1,350],[11,100152,1,1,350],[11,100153,1,1,350],[11,100154,1,1,350],[11,100155,1,1,350],[11,100156,1,1,350],[11,100157,1,1,350],[11,100158,1,1,350],[11,100159,1,1,350],[11,100160,1,1,350],[11,100161,1,1,100],[11,100162,1,1,100],[11,100163,1,1,80],[11,100164,1,1,60],[11,100165,1,1,1100],[11,100166,1,1,600],[11,100167,1,1,350],[11,100168,1,1,350],[11,100169,1,1,80],[11,100170,1,1,80],[11,100171,1,1,80],[11,100172,1,1,80],[11,100173,1,1,80]]"
201085,角色108AI道具使用5地图,,2,"[[11,100100,1,1,50],[11,100101,1,1,700],[11,100102,1,1,300],[11,100103,1,1,50],[11,100105,1,1,700],[11,100106,1,1,300],[11,100107,1,1,100],[11,100108,1,1,50],[11,100111,1,1,700],[11,100112,1,1,500],[11,100113,1,1,300],[11,100114,1,1,50],[11,100115,1,1,100],[11,100117,1,1,700],[11,100118,1,1,300],[11,100119,1,1,70],[11,100120,1,1,50],[11,100121,1,1,10],[11,100123,1,1,700],[11,100124,1,1,300],[11,100125,1,1,100],[11,100126,1,1,20],[11,100127,1,1,5],[11,100128,1,1,1800],[11,100129,1,1,950],[11,100130,1,1,300],[11,100131,1,1,90],[11,100132,1,1,80],[11,100133,1,1,30],[11,100134,1,1,20],[11,100135,1,1,1800],[11,100136,1,1,950],[11,100137,1,1,300],[11,100138,1,1,90],[11,100139,1,1,50],[11,100140,1,1,30],[11,100151,1,1,300],[11,100152,1,1,300],[11,100153,1,1,300],[11,100154,1,1,300],[11,100155,1,1,300],[11,100156,1,1,300],[11,100157,1,1,300],[11,100158,1,1,300],[11,100159,1,1,300],[11,100160,1,1,300],[11,100161,1,1,120],[11,100162,1,1,120],[11,100163,1,1,100],[11,100164,1,1,90],[11,100165,1,1,900],[11,100166,1,1,500],[11,100167,1,1,300],[11,100168,1,1,300],[11,100169,1,1,100],[11,100170,1,1,100],[11,100171,1,1,100],[11,100172,1,1,100],[11,100173,1,1,100]]"
201091,角色109AI道具使用1地图,,2,"[[11,100101,1,1,500],[11,100102,1,1,200],[11,100104,1,1,2000],[11,100105,1,1,500],[11,100106,1,1,200],[11,100110,1,1,2000],[11,100111,1,1,500],[11,100112,1,1,333],[11,100113,1,1,200],[11,100116,1,1,2000],[11,100117,1,1,500],[11,100118,1,1,200],[11,100119,1,1,50],[11,100122,1,1,1000],[11,100123,1,1,500],[11,100124,1,1,200],[11,100125,1,1,50],[11,100128,1,1,2000],[11,100129,1,1,667],[11,100130,1,1,200],[11,100131,1,1,67],[11,100132,1,1,33],[11,100135,1,1,2000],[11,100136,1,1,667],[11,100137,1,1,200],[11,100138,1,1,67],[11,100152,1,1,600],[11,100165,1,1,667],[11,100166,1,1,333],[11,100167,1,1,200],[11,100168,1,1,200]]"
201092,角色109AI道具使用2地图,,2,"[[11,100101,1,1,600],[11,100102,1,1,250],[11,100104,1,1,1900],[11,100105,1,1,600],[11,100106,1,1,250],[11,100110,1,1,1900],[11,100111,1,1,600],[11,100112,1,1,400],[11,100113,1,1,250],[11,100116,1,1,1900],[11,100117,1,1,600],[11,100118,1,1,250],[11,100119,1,1,60],[11,100122,1,1,980],[11,100123,1,1,600],[11,100124,1,1,250],[11,100125,1,1,60],[11,100128,1,1,1900],[11,100129,1,1,800],[11,100130,1,1,250],[11,100131,1,1,75],[11,100132,1,1,40],[11,100135,1,1,1900],[11,100136,1,1,800],[11,100137,1,1,250],[11,100138,1,1,75],[11,100152,1,1,800],[11,100165,1,1,750],[11,100166,1,1,400],[11,100167,1,1,250],[11,100168,1,1,250]]"
201093,角色109AI道具使用3地图,,2,"[[11,100101,1,1,700],[11,100102,1,1,300],[11,100104,1,1,1800],[11,100105,1,1,700],[11,100106,1,1,300],[11,100107,1,1,70],[11,100110,1,1,1800],[11,100111,1,1,700],[11,100112,1,1,500],[11,100113,1,1,300],[11,100115,1,1,70],[11,100116,1,1,1800],[11,100117,1,1,700],[11,100118,1,1,300],[11,100119,1,1,70],[11,100122,1,1,960],[11,100123,1,1,700],[11,100124,1,1,300],[11,100125,1,1,70],[11,100128,1,1,1800],[11,100129,1,1,950],[11,100130,1,1,300],[11,100131,1,1,90],[11,100132,1,1,50],[11,100135,1,1,1800],[11,100136,1,1,950],[11,100137,1,1,300],[11,100138,1,1,90],[11,100152,1,1,1000],[11,100165,1,1,900],[11,100166,1,1,500],[11,100167,1,1,300],[11,100168,1,1,300],[11,100169,1,1,70],[11,100170,1,1,70],[11,100171,1,1,70],[11,100172,1,1,70],[11,100173,1,1,70]]"
201094,角色109AI道具使用4地图,,2,"[[11,100100,1,1,30],[11,100101,1,1,800],[11,100102,1,1,350],[11,100103,1,1,30],[11,100104,1,1,1700],[11,100105,1,1,800],[11,100106,1,1,350],[11,100107,1,1,80],[11,100108,1,1,30],[11,100110,1,1,1700],[11,100111,1,1,800],[11,100112,1,1,600],[11,100113,1,1,350],[11,100114,1,1,30],[11,100115,1,1,80],[11,100116,1,1,1700],[11,100117,1,1,800],[11,100118,1,1,350],[11,100119,1,1,80],[11,100120,1,1,30],[11,100122,1,1,940],[11,100123,1,1,800],[11,100124,1,1,350],[11,100125,1,1,80],[11,100128,1,1,1700],[11,100129,1,1,1100],[11,100130,1,1,350],[11,100131,1,1,105],[11,100132,1,1,60],[11,100135,1,1,1700],[11,100136,1,1,1100],[11,100137,1,1,350],[11,100138,1,1,105],[11,100139,1,1,30],[11,100152,1,1,1200],[11,100161,1,1,100],[11,100162,1,1,100],[11,100163,1,1,80],[11,100164,1,1,60],[11,100165,1,1,1100],[11,100166,1,1,600],[11,100167,1,1,350],[11,100168,1,1,350],[11,100169,1,1,80],[11,100170,1,1,80],[11,100171,1,1,80],[11,100172,1,1,80],[11,100173,1,1,80]]"
201095,角色109AI道具使用5地图,,2,"[[11,100100,1,1,50],[11,100101,1,1,700],[11,100102,1,1,300],[11,100103,1,1,50],[11,100104,1,1,1600],[11,100105,1,1,700],[11,100106,1,1,300],[11,100107,1,1,100],[11,100108,1,1,50],[11,100110,1,1,1600],[11,100111,1,1,700],[11,100112,1,1,500],[11,100113,1,1,300],[11,100114,1,1,50],[11,100115,1,1,100],[11,100116,1,1,1800],[11,100117,1,1,700],[11,100118,1,1,300],[11,100119,1,1,70],[11,100120,1,1,50],[11,100121,1,1,10],[11,100122,1,1,900],[11,100123,1,1,700],[11,100124,1,1,300],[11,100125,1,1,100],[11,100126,1,1,20],[11,100127,1,1,5],[11,100128,1,1,1800],[11,100129,1,1,950],[11,100130,1,1,300],[11,100131,1,1,90],[11,100132,1,1,80],[11,100133,1,1,30],[11,100134,1,1,20],[11,100135,1,1,1800],[11,100136,1,1,950],[11,100137,1,1,300],[11,100138,1,1,90],[11,100139,1,1,50],[11,100152,1,1,1400],[11,100161,1,1,120],[11,100162,1,1,120],[11,100163,1,1,100],[11,100164,1,1,90],[11,100165,1,1,900],[11,100166,1,1,500],[11,100167,1,1,300],[11,100168,1,1,300],[11,100169,1,1,100],[11,100170,1,1,100],[11,100171,1,1,100],[11,100172,1,1,100],[11,100173,1,1,100]]"
201101,角色110AI道具使用1地图,,2,"[[11,100101,1,1,500],[11,100102,1,1,200],[11,100104,1,1,2000],[11,100105,1,1,500],[11,100106,1,1,200],[11,100110,1,1,2000],[11,100111,1,1,500],[11,100112,1,1,333],[11,100113,1,1,200],[11,100116,1,1,2000],[11,100117,1,1,500],[11,100118,1,1,200],[11,100119,1,1,50],[11,100122,1,1,1000],[11,100123,1,1,500],[11,100124,1,1,200],[11,100125,1,1,50],[11,100128,1,1,2000],[11,100129,1,1,667],[11,100130,1,1,200],[11,100131,1,1,67],[11,100132,1,1,33],[11,100135,1,1,2000],[11,100136,1,1,667],[11,100137,1,1,200],[11,100138,1,1,67],[11,100151,1,1,200],[11,100152,1,1,200],[11,100153,1,1,200],[11,100154,1,1,200],[11,100155,1,1,200],[11,100156,1,1,200],[11,100157,1,1,200],[11,100158,1,1,200],[11,100159,1,1,200],[11,100160,1,1,200],[11,100165,1,1,667],[11,100166,1,1,333],[11,100167,1,1,200],[11,100168,1,1,200]]"
201102,角色110AI道具使用2地图,,2,"[[11,100101,1,1,600],[11,100102,1,1,250],[11,100104,1,1,1900],[11,100105,1,1,600],[11,100106,1,1,250],[11,100110,1,1,1900],[11,100111,1,1,600],[11,100112,1,1,400],[11,100113,1,1,250],[11,100116,1,1,1900],[11,100117,1,1,600],[11,100118,1,1,250],[11,100119,1,1,60],[11,100122,1,1,980],[11,100123,1,1,600],[11,100124,1,1,250],[11,100125,1,1,60],[11,100128,1,1,1900],[11,100129,1,1,800],[11,100130,1,1,250],[11,100131,1,1,75],[11,100132,1,1,40],[11,100135,1,1,1900],[11,100136,1,1,800],[11,100137,1,1,250],[11,100138,1,1,75],[11,100151,1,1,250],[11,100152,1,1,250],[11,100153,1,1,250],[11,100154,1,1,250],[11,100155,1,1,250],[11,100156,1,1,250],[11,100157,1,1,250],[11,100158,1,1,250],[11,100159,1,1,250],[11,100160,1,1,250],[11,100165,1,1,750],[11,100166,1,1,400],[11,100167,1,1,250],[11,100168,1,1,250]]"
201103,角色110AI道具使用3地图,,2,"[[11,100101,1,1,700],[11,100102,1,1,300],[11,100104,1,1,1800],[11,100105,1,1,700],[11,100106,1,1,300],[11,100110,1,1,70],[11,100110,1,1,1800],[11,100111,1,1,700],[11,100112,1,1,500],[11,100113,1,1,300],[11,100115,1,1,70],[11,100116,1,1,1800],[11,100117,1,1,700],[11,100118,1,1,300],[11,100119,1,1,70],[11,100122,1,1,960],[11,100123,1,1,700],[11,100124,1,1,300],[11,100125,1,1,70],[11,100128,1,1,1800],[11,100129,1,1,950],[11,100130,1,1,300],[11,100131,1,1,90],[11,100132,1,1,50],[11,100135,1,1,1800],[11,100136,1,1,950],[11,100137,1,1,300],[11,100138,1,1,90],[11,100151,1,1,300],[11,100152,1,1,300],[11,100153,1,1,300],[11,100154,1,1,300],[11,100155,1,1,300],[11,100156,1,1,300],[11,100157,1,1,300],[11,100158,1,1,300],[11,100159,1,1,300],[11,100160,1,1,300],[11,100165,1,1,900],[11,100166,1,1,500],[11,100167,1,1,300],[11,100168,1,1,300],[11,100169,1,1,70],[11,100170,1,1,70],[11,100171,1,1,70],[11,100172,1,1,70],[11,100173,1,1,70]]"
201104,角色110AI道具使用4地图,,2,"[[11,100100,1,1,30],[11,100101,1,1,800],[11,100102,1,1,350],[11,100103,1,1,30],[11,100104,1,1,1700],[11,100105,1,1,800],[11,100106,1,1,350],[11,100110,1,1,80],[11,100108,1,1,30],[11,100110,1,1,1700],[11,100111,1,1,800],[11,100112,1,1,600],[11,100113,1,1,350],[11,100114,1,1,30],[11,100115,1,1,80],[11,100116,1,1,1700],[11,100117,1,1,800],[11,100118,1,1,350],[11,100119,1,1,80],[11,100120,1,1,30],[11,100122,1,1,940],[11,100123,1,1,800],[11,100124,1,1,350],[11,100125,1,1,80],[11,100128,1,1,1700],[11,100129,1,1,1100],[11,100130,1,1,350],[11,100131,1,1,105],[11,100132,1,1,60],[11,100135,1,1,1700],[11,100136,1,1,1100],[11,100137,1,1,350],[11,100138,1,1,105],[11,100139,1,1,30],[11,100151,1,1,350],[11,100152,1,1,350],[11,100153,1,1,350],[11,100154,1,1,350],[11,100155,1,1,350],[11,100156,1,1,350],[11,100157,1,1,350],[11,100158,1,1,350],[11,100159,1,1,350],[11,100160,1,1,350],[11,100161,1,1,100],[11,100162,1,1,100],[11,100163,1,1,80],[11,100164,1,1,60],[11,100165,1,1,1100],[11,100166,1,1,600],[11,100167,1,1,350],[11,100168,1,1,350],[11,100169,1,1,80],[11,100170,1,1,80],[11,100171,1,1,80],[11,100172,1,1,80],[11,100173,1,1,80]]"
201105,角色110AI道具使用5地图,,2,"[[11,100100,1,1,50],[11,100101,1,1,700],[11,100102,1,1,300],[11,100103,1,1,50],[11,100104,1,1,1600],[11,100105,1,1,700],[11,100106,1,1,300],[11,100107,1,1,100],[11,100108,1,1,50],[11,100110,1,1,1600],[11,100111,1,1,700],[11,100112,1,1,500],[11,100113,1,1,300],[11,100114,1,1,50],[11,100115,1,1,100],[11,100116,1,1,1800],[11,100117,1,1,700],[11,100118,1,1,300],[11,100119,1,1,70],[11,100120,1,1,50],[11,100121,1,1,10],[11,100122,1,1,900],[11,100123,1,1,700],[11,100124,1,1,300],[11,100125,1,1,100],[11,100126,1,1,20],[11,100127,1,1,5],[11,100128,1,1,1800],[11,100129,1,1,950],[11,100130,1,1,300],[11,100131,1,1,90],[11,100132,1,1,80],[11,100133,1,1,30],[11,100134,1,1,20],[11,100135,1,1,1800],[11,100136,1,1,950],[11,100137,1,1,300],[11,100138,1,1,90],[11,100139,1,1,50],[11,100140,1,1,30],[11,100151,1,1,300],[11,100152,1,1,300],[11,100153,1,1,300],[11,100154,1,1,300],[11,100155,1,1,300],[11,100156,1,1,300],[11,100157,1,1,300],[11,100158,1,1,300],[11,100159,1,1,300],[11,100160,1,1,300],[11,100161,1,1,120],[11,100162,1,1,120],[11,100163,1,1,100],[11,100164,1,1,90],[11,100165,1,1,900],[11,100166,1,1,500],[11,100167,1,1,300],[11,100168,1,1,300],[11,100169,1,1,100],[11,100170,1,1,100],[11,100171,1,1,100],[11,100172,1,1,100],[11,100173,1,1,100]]"
202011,角色201AI道具使用1地图,,2,"[[11,100101,1,1,500],[11,100102,1,1,200],[11,100104,1,1,2000],[11,100105,1,1,500],[11,100106,1,1,200],[11,100110,1,1,2000],[11,100111,1,1,500],[11,100112,1,1,333],[11,100113,1,1,200],[11,100116,1,1,2000],[11,100117,1,1,500],[11,100118,1,1,200],[11,100119,1,1,50],[11,100122,1,1,1000],[11,100123,1,1,500],[11,100124,1,1,200],[11,100125,1,1,50],[11,100128,1,1,2000],[11,100129,1,1,667],[11,100130,1,1,200],[11,100131,1,1,67],[11,100132,1,1,33],[11,100135,1,1,2000],[11,100136,1,1,667],[11,100137,1,1,200],[11,100138,1,1,67],[11,100151,1,1,200],[11,100152,1,1,200],[11,100153,1,1,200],[11,100154,1,1,200],[11,100155,1,1,200],[11,100156,1,1,200],[11,100157,1,1,200],[11,100158,1,1,200],[11,100159,1,1,200],[11,100160,1,1,200],[11,100165,1,1,667],[11,100166,1,1,333],[11,100167,1,1,200],[11,100168,1,1,200]]"
202012,角色201AI道具使用2地图,,2,"[[11,100101,1,1,600],[11,100102,1,1,250],[11,100104,1,1,1900],[11,100105,1,1,600],[11,100106,1,1,250],[11,100110,1,1,1900],[11,100111,1,1,600],[11,100112,1,1,400],[11,100113,1,1,250],[11,100116,1,1,1900],[11,100117,1,1,600],[11,100118,1,1,250],[11,100119,1,1,60],[11,100122,1,1,980],[11,100123,1,1,600],[11,100124,1,1,250],[11,100125,1,1,60],[11,100128,1,1,1900],[11,100129,1,1,800],[11,100130,1,1,250],[11,100131,1,1,75],[11,100132,1,1,40],[11,100135,1,1,1900],[11,100136,1,1,800],[11,100137,1,1,250],[11,100138,1,1,75],[11,100151,1,1,250],[11,100152,1,1,250],[11,100153,1,1,250],[11,100154,1,1,250],[11,100155,1,1,250],[11,100156,1,1,250],[11,100157,1,1,250],[11,100158,1,1,250],[11,100159,1,1,250],[11,100160,1,1,250],[11,100165,1,1,750],[11,100166,1,1,400],[11,100167,1,1,250],[11,100168,1,1,250]]"
202013,角色201AI道具使用3地图,,2,"[[11,100101,1,1,700],[11,100102,1,1,300],[11,100104,1,1,1800],[11,100105,1,1,700],[11,100106,1,1,300],[11,100110,1,1,70],[11,100110,1,1,1800],[11,100111,1,1,700],[11,100112,1,1,500],[11,100113,1,1,300],[11,100115,1,1,70],[11,100116,1,1,1800],[11,100117,1,1,700],[11,100118,1,1,300],[11,100119,1,1,70],[11,100122,1,1,960],[11,100123,1,1,700],[11,100124,1,1,300],[11,100125,1,1,70],[11,100128,1,1,1800],[11,100129,1,1,950],[11,100130,1,1,300],[11,100131,1,1,90],[11,100132,1,1,50],[11,100135,1,1,1800],[11,100136,1,1,950],[11,100137,1,1,300],[11,100138,1,1,90],[11,100151,1,1,300],[11,100152,1,1,300],[11,100153,1,1,300],[11,100154,1,1,300],[11,100155,1,1,300],[11,100156,1,1,300],[11,100157,1,1,300],[11,100158,1,1,300],[11,100159,1,1,300],[11,100160,1,1,300],[11,100165,1,1,900],[11,100166,1,1,500],[11,100167,1,1,300],[11,100168,1,1,300],[11,100169,1,1,70],[11,100170,1,1,70],[11,100171,1,1,70],[11,100172,1,1,70],[11,100173,1,1,70]]"
202014,角色201AI道具使用4地图,,2,"[[11,100100,1,1,30],[11,100101,1,1,800],[11,100102,1,1,350],[11,100103,1,1,30],[11,100104,1,1,1700],[11,100105,1,1,800],[11,100106,1,1,350],[11,100110,1,1,80],[11,100108,1,1,30],[11,100110,1,1,1700],[11,100111,1,1,800],[11,100112,1,1,600],[11,100113,1,1,350],[11,100114,1,1,30],[11,100115,1,1,80],[11,100116,1,1,1700],[11,100117,1,1,800],[11,100118,1,1,350],[11,100119,1,1,80],[11,100120,1,1,30],[11,100122,1,1,940],[11,100123,1,1,800],[11,100124,1,1,350],[11,100125,1,1,80],[11,100128,1,1,1700],[11,100129,1,1,1100],[11,100130,1,1,350],[11,100131,1,1,105],[11,100132,1,1,60],[11,100135,1,1,1700],[11,100136,1,1,1100],[11,100137,1,1,350],[11,100138,1,1,105],[11,100139,1,1,30],[11,100151,1,1,350],[11,100152,1,1,350],[11,100153,1,1,350],[11,100154,1,1,350],[11,100155,1,1,350],[11,100156,1,1,350],[11,100157,1,1,350],[11,100158,1,1,350],[11,100159,1,1,350],[11,100160,1,1,350],[11,100161,1,1,100],[11,100162,1,1,100],[11,100163,1,1,80],[11,100164,1,1,60],[11,100165,1,1,1100],[11,100166,1,1,600],[11,100167,1,1,350],[11,100168,1,1,350],[11,100169,1,1,80],[11,100170,1,1,80],[11,100171,1,1,80],[11,100172,1,1,80],[11,100173,1,1,80]]"
202015,角色201AI道具使用5地图,,2,"[[11,100100,1,1,50],[11,100101,1,1,700],[11,100102,1,1,300],[11,100103,1,1,50],[11,100104,1,1,1600],[11,100105,1,1,700],[11,100106,1,1,300],[11,100107,1,1,100],[11,100108,1,1,50],[11,100110,1,1,1600],[11,100111,1,1,700],[11,100112,1,1,500],[11,100113,1,1,300],[11,100114,1,1,50],[11,100115,1,1,100],[11,100116,1,1,1800],[11,100117,1,1,700],[11,100118,1,1,300],[11,100119,1,1,70],[11,100120,1,1,50],[11,100121,1,1,10],[11,100122,1,1,900],[11,100123,1,1,700],[11,100124,1,1,300],[11,100125,1,1,100],[11,100126,1,1,20],[11,100127,1,1,5],[11,100128,1,1,1800],[11,100129,1,1,950],[11,100130,1,1,300],[11,100131,1,1,90],[11,100132,1,1,80],[11,100133,1,1,30],[11,100134,1,1,20],[11,100135,1,1,1800],[11,100136,1,1,950],[11,100137,1,1,300],[11,100138,1,1,90],[11,100139,1,1,50],[11,100140,1,1,30],[11,100151,1,1,300],[11,100152,1,1,300],[11,100153,1,1,300],[11,100154,1,1,300],[11,100155,1,1,300],[11,100156,1,1,300],[11,100157,1,1,300],[11,100158,1,1,300],[11,100159,1,1,300],[11,100160,1,1,300],[11,100161,1,1,120],[11,100162,1,1,120],[11,100163,1,1,100],[11,100164,1,1,90],[11,100165,1,1,900],[11,100166,1,1,500],[11,100167,1,1,300],[11,100168,1,1,300],[11,100169,1,1,100],[11,100170,1,1,100],[11,100171,1,1,100],[11,100172,1,1,100],[11,100173,1,1,100]]"
202021,角色202AI道具使用1地图,,2,"[[11,100104,1,1,2000],[11,100105,1,1,500],[11,100106,1,1,200],[11,100110,1,1,2000],[11,100111,1,1,500],[11,100112,1,1,333],[11,100113,1,1,200],[11,100116,1,1,2000],[11,100117,1,1,500],[11,100118,1,1,200],[11,100119,1,1,50],[11,100122,1,1,1000],[11,100123,1,1,500],[11,100124,1,1,200],[11,100125,1,1,50],[11,100128,1,1,2000],[11,100129,1,1,667],[11,100130,1,1,200],[11,100131,1,1,67],[11,100132,1,1,33],[11,100135,1,1,2000],[11,100136,1,1,667],[11,100137,1,1,200],[11,100138,1,1,67],[11,100165,1,1,667],[11,100166,1,1,333],[11,100167,1,1,200],[11,100168,1,1,200]]"
202022,角色202AI道具使用2地图,,2,"[[11,100104,1,1,1900],[11,100105,1,1,600],[11,100106,1,1,250],[11,100110,1,1,1900],[11,100111,1,1,600],[11,100112,1,1,400],[11,100113,1,1,250],[11,100116,1,1,1900],[11,100117,1,1,600],[11,100118,1,1,250],[11,100119,1,1,60],[11,100122,1,1,980],[11,100123,1,1,600],[11,100124,1,1,250],[11,100125,1,1,60],[11,100128,1,1,1900],[11,100129,1,1,800],[11,100130,1,1,250],[11,100131,1,1,75],[11,100132,1,1,40],[11,100135,1,1,1900],[11,100136,1,1,800],[11,100137,1,1,250],[11,100138,1,1,75],[11,100165,1,1,750],[11,100166,1,1,400],[11,100167,1,1,250],[11,100168,1,1,250]]"
202023,角色202AI道具使用3地图,,2,"[[11,100104,1,1,1800],[11,100105,1,1,700],[11,100106,1,1,300],[11,100107,1,1,70],[11,100110,1,1,1800],[11,100111,1,1,700],[11,100112,1,1,500],[11,100113,1,1,300],[11,100115,1,1,70],[11,100116,1,1,1800],[11,100117,1,1,700],[11,100118,1,1,300],[11,100119,1,1,70],[11,100122,1,1,960],[11,100123,1,1,700],[11,100124,1,1,300],[11,100125,1,1,70],[11,100128,1,1,1800],[11,100129,1,1,950],[11,100130,1,1,300],[11,100131,1,1,90],[11,100132,1,1,50],[11,100135,1,1,1800],[11,100136,1,1,950],[11,100137,1,1,300],[11,100138,1,1,90],[11,100165,1,1,900],[11,100166,1,1,500],[11,100167,1,1,300],[11,100168,1,1,300],[11,100169,1,1,70],[11,100170,1,1,70],[11,100171,1,1,70],[11,100172,1,1,70],[11,100173,1,1,70]]"
202024,角色202AI道具使用4地图,,2,"[[11,100103,1,1,30],[11,100104,1,1,1700],[11,100105,1,1,800],[11,100106,1,1,350],[11,100107,1,1,80],[11,100108,1,1,30],[11,100110,1,1,1700],[11,100111,1,1,800],[11,100112,1,1,600],[11,100113,1,1,350],[11,100114,1,1,30],[11,100115,1,1,80],[11,100116,1,1,1700],[11,100117,1,1,800],[11,100118,1,1,350],[11,100119,1,1,80],[11,100120,1,1,30],[11,100122,1,1,940],[11,100123,1,1,800],[11,100124,1,1,350],[11,100125,1,1,80],[11,100128,1,1,1700],[11,100129,1,1,1100],[11,100130,1,1,350],[11,100131,1,1,105],[11,100132,1,1,60],[11,100135,1,1,1700],[11,100136,1,1,1100],[11,100137,1,1,350],[11,100138,1,1,105],[11,100139,1,1,30],[11,100161,1,1,100],[11,100162,1,1,100],[11,100163,1,1,80],[11,100164,1,1,60],[11,100165,1,1,1100],[11,100166,1,1,600],[11,100167,1,1,350],[11,100168,1,1,350],[11,100169,1,1,80],[11,100170,1,1,80],[11,100171,1,1,80],[11,100172,1,1,80],[11,100173,1,1,80]]"
202025,角色202AI道具使用5地图,,2,"[[11,100103,1,1,50],[11,100104,1,1,1600],[11,100105,1,1,700],[11,100106,1,1,300],[11,100107,1,1,100],[11,100108,1,1,50],[11,100110,1,1,1600],[11,100111,1,1,700],[11,100112,1,1,500],[11,100113,1,1,300],[11,100114,1,1,50],[11,100115,1,1,100],[11,100116,1,1,1800],[11,100117,1,1,700],[11,100118,1,1,300],[11,100119,1,1,70],[11,100120,1,1,50],[11,100121,1,1,10],[11,100122,1,1,900],[11,100123,1,1,700],[11,100124,1,1,300],[11,100125,1,1,100],[11,100126,1,1,20],[11,100127,1,1,5],[11,100128,1,1,1800],[11,100129,1,1,950],[11,100130,1,1,300],[11,100131,1,1,90],[11,100132,1,1,80],[11,100133,1,1,30],[11,100134,1,1,20],[11,100135,1,1,1800],[11,100136,1,1,950],[11,100137,1,1,300],[11,100138,1,1,90],[11,100139,1,1,50],[11,100140,1,1,30],[11,100161,1,1,120],[11,100162,1,1,120],[11,100163,1,1,100],[11,100164,1,1,90],[11,100165,1,1,900],[11,100166,1,1,500],[11,100167,1,1,300],[11,100168,1,1,300],[11,100169,1,1,100],[11,100170,1,1,100],[11,100171,1,1,100],[11,100172,1,1,100],[11,100173,1,1,100]]"
202031,角色203AI道具使用1地图,,2,"[[11,100101,1,1,500],[11,100102,1,1,200],[11,100104,1,1,2000],[11,100105,1,1,500],[11,100106,1,1,200],[11,100110,1,1,2000],[11,100111,1,1,500],[11,100112,1,1,333],[11,100113,1,1,200],[11,100116,1,1,2000],[11,100117,1,1,500],[11,100118,1,1,200],[11,100119,1,1,50],[11,100122,1,1,1000],[11,100123,1,1,500],[11,100124,1,1,200],[11,100125,1,1,50],[11,100128,1,1,2000],[11,100129,1,1,667],[11,100130,1,1,200],[11,100131,1,1,67],[11,100132,1,1,33],[11,100135,1,1,2000],[11,100136,1,1,667],[11,100137,1,1,200],[11,100138,1,1,67],[11,100159,1,1,600],[11,100157,1,1,600],[11,100165,1,1,667],[11,100166,1,1,333],[11,100167,1,1,200],[11,100168,1,1,200]]"
202032,角色203AI道具使用2地图,,2,"[[11,100101,1,1,600],[11,100102,1,1,250],[11,100104,1,1,1900],[11,100105,1,1,600],[11,100106,1,1,250],[11,100110,1,1,1900],[11,100111,1,1,600],[11,100112,1,1,400],[11,100113,1,1,250],[11,100116,1,1,1900],[11,100117,1,1,600],[11,100118,1,1,250],[11,100119,1,1,60],[11,100122,1,1,980],[11,100123,1,1,600],[11,100124,1,1,250],[11,100125,1,1,60],[11,100128,1,1,1900],[11,100129,1,1,800],[11,100130,1,1,250],[11,100131,1,1,75],[11,100132,1,1,40],[11,100135,1,1,1900],[11,100136,1,1,800],[11,100137,1,1,250],[11,100138,1,1,75],[11,100159,1,1,800],[11,100157,1,1,800],[11,100165,1,1,750],[11,100166,1,1,400],[11,100167,1,1,250],[11,100168,1,1,250]]"
202033,角色203AI道具使用3地图,,2,"[[11,100101,1,1,700],[11,100102,1,1,300],[11,100104,1,1,1800],[11,100105,1,1,700],[11,100106,1,1,300],[11,100107,1,1,70],[11,100110,1,1,1800],[11,100111,1,1,700],[11,100112,1,1,500],[11,100113,1,1,300],[11,100115,1,1,70],[11,100116,1,1,1800],[11,100117,1,1,700],[11,100118,1,1,300],[11,100119,1,1,70],[11,100122,1,1,960],[11,100123,1,1,700],[11,100124,1,1,300],[11,100125,1,1,70],[11,100128,1,1,1800],[11,100129,1,1,950],[11,100130,1,1,300],[11,100131,1,1,90],[11,100132,1,1,50],[11,100135,1,1,1800],[11,100136,1,1,950],[11,100137,1,1,300],[11,100138,1,1,90],[11,100159,1,1,1000],[11,100157,1,1,1000],[11,100165,1,1,900],[11,100166,1,1,500],[11,100167,1,1,300],[11,100168,1,1,300],[11,100169,1,1,70],[11,100170,1,1,70],[11,100171,1,1,70],[11,100172,1,1,70],[11,100173,1,1,70]]"
202034,角色203AI道具使用4地图,,2,"[[11,100100,1,1,30],[11,100101,1,1,800],[11,100102,1,1,350],[11,100103,1,1,30],[11,100104,1,1,1700],[11,100105,1,1,800],[11,100106,1,1,350],[11,100107,1,1,80],[11,100108,1,1,30],[11,100110,1,1,1700],[11,100111,1,1,800],[11,100112,1,1,600],[11,100113,1,1,350],[11,100114,1,1,30],[11,100115,1,1,80],[11,100116,1,1,1700],[11,100117,1,1,800],[11,100118,1,1,350],[11,100119,1,1,80],[11,100120,1,1,30],[11,100122,1,1,940],[11,100123,1,1,800],[11,100124,1,1,350],[11,100125,1,1,80],[11,100128,1,1,1700],[11,100129,1,1,1100],[11,100130,1,1,350],[11,100131,1,1,105],[11,100132,1,1,60],[11,100135,1,1,1700],[11,100136,1,1,1100],[11,100137,1,1,350],[11,100138,1,1,105],[11,100139,1,1,30],[11,100159,1,1,1200],[11,100157,1,1,1200],[11,100161,1,1,100],[11,100162,1,1,100],[11,100163,1,1,80],[11,100164,1,1,60],[11,100165,1,1,1100],[11,100166,1,1,600],[11,100167,1,1,350],[11,100168,1,1,350],[11,100169,1,1,80],[11,100170,1,1,80],[11,100171,1,1,80],[11,100172,1,1,80],[11,100173,1,1,80]]"
202035,角色203AI道具使用5地图,,2,"[[11,100100,1,1,50],[11,100101,1,1,700],[11,100102,1,1,300],[11,100103,1,1,50],[11,100104,1,1,1600],[11,100105,1,1,700],[11,100106,1,1,300],[11,100107,1,1,100],[11,100108,1,1,50],[11,100110,1,1,1600],[11,100111,1,1,700],[11,100112,1,1,500],[11,100113,1,1,300],[11,100114,1,1,50],[11,100115,1,1,100],[11,100116,1,1,1800],[11,100117,1,1,700],[11,100118,1,1,300],[11,100119,1,1,70],[11,100120,1,1,50],[11,100121,1,1,10],[11,100122,1,1,900],[11,100123,1,1,700],[11,100124,1,1,300],[11,100125,1,1,100],[11,100126,1,1,20],[11,100127,1,1,5],[11,100128,1,1,1800],[11,100129,1,1,950],[11,100130,1,1,300],[11,100131,1,1,90],[11,100132,1,1,80],[11,100133,1,1,30],[11,100134,1,1,20],[11,100135,1,1,1800],[11,100136,1,1,950],[11,100137,1,1,300],[11,100138,1,1,90],[11,100139,1,1,50],[11,100159,1,1,1400],[11,100157,1,1,1400],[11,100161,1,1,120],[11,100162,1,1,120],[11,100163,1,1,100],[11,100164,1,1,90],[11,100165,1,1,900],[11,100166,1,1,500],[11,100167,1,1,300],[11,100168,1,1,300],[11,100169,1,1,100],[11,100170,1,1,100],[11,100171,1,1,100],[11,100172,1,1,100],[11,100173,1,1,100]]"
202041,角色204AI道具使用1地图,,2,"[[11,100101,1,1,500],[11,100102,1,1,200],[11,100104,1,1,2000],[11,100105,1,1,500],[11,100106,1,1,200],[11,100111,1,1,500],[11,100112,1,1,333],[11,100113,1,1,200],[11,100116,1,1,2000],[11,100117,1,1,500],[11,100118,1,1,200],[11,100119,1,1,50],[11,100122,1,1,1000],[11,100123,1,1,500],[11,100124,1,1,200],[11,100125,1,1,50],[11,100128,1,1,2000],[11,100129,1,1,667],[11,100130,1,1,200],[11,100131,1,1,67],[11,100132,1,1,33],[11,100135,1,1,2000],[11,100136,1,1,667],[11,100137,1,1,200],[11,100138,1,1,67],[11,100151,1,1,200],[11,100152,1,1,200],[11,100153,1,1,200],[11,100154,1,1,200],[11,100155,1,1,200],[11,100156,1,1,200],[11,100157,1,1,200],[11,100158,1,1,200],[11,100159,1,1,200],[11,100160,1,1,200],[11,100165,1,1,667],[11,100166,1,1,333],[11,100167,1,1,200],[11,100168,1,1,200]]"
202042,角色204AI道具使用2地图,,2,"[[11,100101,1,1,600],[11,100102,1,1,250],[11,100104,1,1,1900],[11,100105,1,1,600],[11,100106,1,1,250],[11,100111,1,1,600],[11,100112,1,1,400],[11,100113,1,1,250],[11,100116,1,1,1900],[11,100117,1,1,600],[11,100118,1,1,250],[11,100119,1,1,60],[11,100122,1,1,980],[11,100123,1,1,600],[11,100124,1,1,250],[11,100125,1,1,60],[11,100128,1,1,1900],[11,100129,1,1,800],[11,100130,1,1,250],[11,100131,1,1,75],[11,100132,1,1,40],[11,100135,1,1,1900],[11,100136,1,1,800],[11,100137,1,1,250],[11,100138,1,1,75],[11,100151,1,1,250],[11,100152,1,1,250],[11,100153,1,1,250],[11,100154,1,1,250],[11,100155,1,1,250],[11,100156,1,1,250],[11,100157,1,1,250],[11,100158,1,1,250],[11,100159,1,1,250],[11,100160,1,1,250],[11,100165,1,1,750],[11,100166,1,1,400],[11,100167,1,1,250],[11,100168,1,1,250]]"
202043,角色204AI道具使用3地图,,2,"[[11,100101,1,1,700],[11,100102,1,1,300],[11,100104,1,1,1800],[11,100105,1,1,700],[11,100106,1,1,300],[11,100111,1,1,700],[11,100112,1,1,500],[11,100113,1,1,300],[11,100115,1,1,70],[11,100116,1,1,1800],[11,100117,1,1,700],[11,100118,1,1,300],[11,100119,1,1,70],[11,100122,1,1,960],[11,100123,1,1,700],[11,100124,1,1,300],[11,100125,1,1,70],[11,100128,1,1,1800],[11,100129,1,1,950],[11,100130,1,1,300],[11,100131,1,1,90],[11,100132,1,1,50],[11,100135,1,1,1800],[11,100136,1,1,950],[11,100137,1,1,300],[11,100138,1,1,90],[11,100151,1,1,300],[11,100152,1,1,300],[11,100153,1,1,300],[11,100154,1,1,300],[11,100155,1,1,300],[11,100156,1,1,300],[11,100157,1,1,300],[11,100158,1,1,300],[11,100159,1,1,300],[11,100160,1,1,300],[11,100165,1,1,900],[11,100166,1,1,500],[11,100167,1,1,300],[11,100168,1,1,300],[11,100169,1,1,70],[11,100170,1,1,70],[11,100171,1,1,70],[11,100172,1,1,70],[11,100173,1,1,70]]"
202044,角色204AI道具使用4地图,,2,"[[11,100100,1,1,30],[11,100101,1,1,800],[11,100102,1,1,350],[11,100103,1,1,30],[11,100104,1,1,1700],[11,100105,1,1,800],[11,100106,1,1,350],[11,100108,1,1,30],[11,100111,1,1,800],[11,100112,1,1,600],[11,100113,1,1,350],[11,100114,1,1,30],[11,100115,1,1,80],[11,100116,1,1,1700],[11,100117,1,1,800],[11,100118,1,1,350],[11,100119,1,1,80],[11,100120,1,1,30],[11,100122,1,1,940],[11,100123,1,1,800],[11,100124,1,1,350],[11,100125,1,1,80],[11,100128,1,1,1700],[11,100129,1,1,2040],[11,100130,1,1,350],[11,100131,1,1,105],[11,100132,1,1,60],[11,100135,1,1,1700],[11,100136,1,1,2040],[11,100137,1,1,350],[11,100138,1,1,105],[11,100139,1,1,30],[11,100151,1,1,350],[11,100152,1,1,350],[11,100153,1,1,350],[11,100154,1,1,350],[11,100155,1,1,350],[11,100156,1,1,350],[11,100157,1,1,350],[11,100158,1,1,350],[11,100159,1,1,350],[11,100160,1,1,350],[11,100161,1,1,100],[11,100162,1,1,100],[11,100163,1,1,80],[11,100164,1,1,60],[11,100165,1,1,2040],[11,100166,1,1,600],[11,100167,1,1,350],[11,100168,1,1,350],[11,100169,1,1,80],[11,100170,1,1,80],[11,100171,1,1,80],[11,100172,1,1,80],[11,100173,1,1,80]]"
202045,角色204AI道具使用5地图,,2,"[[11,100100,1,1,50],[11,100101,1,1,700],[11,100102,1,1,300],[11,100103,1,1,50],[11,100104,1,1,1600],[11,100105,1,1,700],[11,100106,1,1,300],[11,100107,1,1,100],[11,100108,1,1,50],[11,100110,1,1,1600],[11,100111,1,1,700],[11,100112,1,1,500],[11,100113,1,1,300],[11,100114,1,1,50],[11,100115,1,1,100],[11,100116,1,1,1800],[11,100117,1,1,700],[11,100118,1,1,300],[11,100119,1,1,70],[11,100120,1,1,50],[11,100121,1,1,10],[11,100122,1,1,900],[11,100123,1,1,700],[11,100124,1,1,300],[11,100125,1,1,100],[11,100126,1,1,20],[11,100127,1,1,5],[11,100128,1,1,1800],[11,100129,1,1,950],[11,100130,1,1,300],[11,100131,1,1,90],[11,100132,1,1,80],[11,100133,1,1,30],[11,100134,1,1,20],[11,100135,1,1,1800],[11,100136,1,1,950],[11,100137,1,1,300],[11,100138,1,1,90],[11,100139,1,1,50],[11,100140,1,1,30],[11,100151,1,1,300],[11,100152,1,1,300],[11,100153,1,1,300],[11,100154,1,1,300],[11,100155,1,1,300],[11,100156,1,1,300],[11,100157,1,1,300],[11,100158,1,1,300],[11,100159,1,1,300],[11,100160,1,1,300],[11,100161,1,1,120],[11,100162,1,1,120],[11,100163,1,1,100],[11,100164,1,1,90],[11,100165,1,1,900],[11,100166,1,1,500],[11,100167,1,1,300],[11,100168,1,1,300],[11,100169,1,1,100],[11,100170,1,1,100],[11,100171,1,1,100],[11,100172,1,1,100],[11,100173,1,1,100]]"
202051,角色205AI道具使用1地图,,2,"[[11,100101,1,1,500],[11,100102,1,1,200],[11,100104,1,1,2000],[11,100105,1,1,500],[11,100106,1,1,200],[11,100110,1,1,2000],[11,100111,1,1,500],[11,100112,1,1,333],[11,100113,1,1,200],[11,100116,1,1,2000],[11,100117,1,1,500],[11,100118,1,1,200],[11,100119,1,1,50],[11,100122,1,1,1000],[11,100123,1,1,500],[11,100124,1,1,200],[11,100125,1,1,50],[11,100128,1,1,2000],[11,100129,1,1,667],[11,100130,1,1,200],[11,100131,1,1,67],[11,100132,1,1,33],[11,100135,1,1,2000],[11,100136,1,1,667],[11,100137,1,1,200],[11,100138,1,1,67],[11,100159,1,1,600],[11,100157,1,1,600],[11,100165,1,1,667],[11,100166,1,1,333],[11,100167,1,1,200],[11,100168,1,1,200]]"
202052,角色205AI道具使用2地图,,2,"[[11,100101,1,1,600],[11,100102,1,1,250],[11,100104,1,1,1900],[11,100105,1,1,600],[11,100106,1,1,250],[11,100110,1,1,1900],[11,100111,1,1,600],[11,100112,1,1,400],[11,100113,1,1,250],[11,100116,1,1,1900],[11,100117,1,1,600],[11,100118,1,1,250],[11,100119,1,1,60],[11,100122,1,1,980],[11,100123,1,1,600],[11,100124,1,1,250],[11,100125,1,1,60],[11,100128,1,1,1900],[11,100129,1,1,800],[11,100130,1,1,250],[11,100131,1,1,75],[11,100132,1,1,40],[11,100135,1,1,1900],[11,100136,1,1,800],[11,100137,1,1,250],[11,100138,1,1,75],[11,100159,1,1,800],[11,100157,1,1,800],[11,100165,1,1,750],[11,100166,1,1,400],[11,100167,1,1,250],[11,100168,1,1,250]]"
202053,角色205AI道具使用3地图,,2,"[[11,100101,1,1,700],[11,100102,1,1,300],[11,100104,1,1,1800],[11,100105,1,1,700],[11,100106,1,1,300],[11,100107,1,1,70],[11,100110,1,1,1800],[11,100111,1,1,700],[11,100112,1,1,500],[11,100113,1,1,300],[11,100115,1,1,70],[11,100116,1,1,1800],[11,100117,1,1,700],[11,100118,1,1,300],[11,100119,1,1,70],[11,100122,1,1,960],[11,100123,1,1,700],[11,100124,1,1,300],[11,100125,1,1,70],[11,100128,1,1,1800],[11,100129,1,1,950],[11,100130,1,1,300],[11,100131,1,1,90],[11,100132,1,1,50],[11,100135,1,1,1800],[11,100136,1,1,950],[11,100137,1,1,300],[11,100138,1,1,90],[11,100159,1,1,1000],[11,100157,1,1,1000],[11,100165,1,1,900],[11,100166,1,1,500],[11,100167,1,1,300],[11,100168,1,1,300],[11,100169,1,1,70],[11,100170,1,1,70],[11,100171,1,1,70],[11,100172,1,1,70],[11,100173,1,1,70]]"
202054,角色205AI道具使用4地图,,2,"[[11,100100,1,1,30],[11,100101,1,1,800],[11,100102,1,1,350],[11,100103,1,1,30],[11,100104,1,1,1700],[11,100105,1,1,800],[11,100106,1,1,350],[11,100107,1,1,80],[11,100108,1,1,30],[11,100110,1,1,1700],[11,100111,1,1,800],[11,100112,1,1,600],[11,100113,1,1,350],[11,100114,1,1,30],[11,100115,1,1,80],[11,100116,1,1,1700],[11,100117,1,1,800],[11,100118,1,1,350],[11,100119,1,1,80],[11,100120,1,1,30],[11,100122,1,1,940],[11,100123,1,1,800],[11,100124,1,1,350],[11,100125,1,1,80],[11,100128,1,1,1700],[11,100129,1,1,1100],[11,100130,1,1,350],[11,100131,1,1,105],[11,100132,1,1,60],[11,100135,1,1,1700],[11,100136,1,1,1100],[11,100137,1,1,350],[11,100138,1,1,105],[11,100139,1,1,30],[11,100159,1,1,1200],[11,100157,1,1,1200],[11,100161,1,1,100],[11,100162,1,1,100],[11,100163,1,1,80],[11,100164,1,1,60],[11,100165,1,1,1100],[11,100166,1,1,600],[11,100167,1,1,350],[11,100168,1,1,350],[11,100169,1,1,80],[11,100170,1,1,80],[11,100171,1,1,80],[11,100172,1,1,80],[11,100173,1,1,80]]"
202055,角色205AI道具使用5地图,,2,"[[11,100100,1,1,50],[11,100101,1,1,700],[11,100102,1,1,300],[11,100103,1,1,50],[11,100104,1,1,1600],[11,100105,1,1,700],[11,100106,1,1,300],[11,100107,1,1,100],[11,100108,1,1,50],[11,100110,1,1,1600],[11,100111,1,1,700],[11,100112,1,1,500],[11,100113,1,1,300],[11,100114,1,1,50],[11,100115,1,1,100],[11,100116,1,1,1800],[11,100117,1,1,700],[11,100118,1,1,300],[11,100119,1,1,70],[11,100120,1,1,50],[11,100121,1,1,10],[11,100122,1,1,900],[11,100123,1,1,700],[11,100124,1,1,300],[11,100125,1,1,100],[11,100126,1,1,20],[11,100127,1,1,5],[11,100128,1,1,1800],[11,100129,1,1,950],[11,100130,1,1,300],[11,100131,1,1,90],[11,100132,1,1,80],[11,100133,1,1,30],[11,100134,1,1,20],[11,100135,1,1,1800],[11,100136,1,1,950],[11,100137,1,1,300],[11,100138,1,1,90],[11,100139,1,1,50],[11,100159,1,1,1400],[11,100157,1,1,1400],[11,100161,1,1,120],[11,100162,1,1,120],[11,100163,1,1,100],[11,100164,1,1,90],[11,100165,1,1,900],[11,100166,1,1,500],[11,100167,1,1,300],[11,100168,1,1,300],[11,100169,1,1,100],[11,100170,1,1,100],[11,100171,1,1,100],[11,100172,1,1,100],[11,100173,1,1,100]]"
202061,角色206AI道具使用1地图,,2,"[[11,100101,1,1,500],[11,100102,1,1,200],[11,100104,1,1,2000],[11,100105,1,1,500],[11,100106,1,1,200],[11,100110,1,1,2000],[11,100111,1,1,500],[11,100112,1,1,333],[11,100113,1,1,200],[11,100116,1,1,2000],[11,100117,1,1,500],[11,100118,1,1,200],[11,100119,1,1,50],[11,100122,1,1,1000],[11,100123,1,1,500],[11,100124,1,1,200],[11,100125,1,1,50],[11,100128,1,1,2000],[11,100129,1,1,667],[11,100130,1,1,200],[11,100131,1,1,67],[11,100132,1,1,33],[11,100135,1,1,2000],[11,100136,1,1,667],[11,100137,1,1,200],[11,100138,1,1,67],[11,100159,1,1,600],[11,100157,1,1,600],[11,100165,1,1,667],[11,100166,1,1,333],[11,100167,1,1,200],[11,100168,1,1,200]]"
202062,角色206AI道具使用2地图,,2,"[[11,100101,1,1,600],[11,100102,1,1,250],[11,100104,1,1,1900],[11,100105,1,1,600],[11,100106,1,1,250],[11,100110,1,1,1900],[11,100111,1,1,600],[11,100112,1,1,400],[11,100113,1,1,250],[11,100116,1,1,1900],[11,100117,1,1,600],[11,100118,1,1,250],[11,100119,1,1,60],[11,100122,1,1,980],[11,100123,1,1,600],[11,100124,1,1,250],[11,100125,1,1,60],[11,100128,1,1,1900],[11,100129,1,1,800],[11,100130,1,1,250],[11,100131,1,1,75],[11,100132,1,1,40],[11,100135,1,1,1900],[11,100136,1,1,800],[11,100137,1,1,250],[11,100138,1,1,75],[11,100159,1,1,800],[11,100157,1,1,800],[11,100165,1,1,750],[11,100166,1,1,400],[11,100167,1,1,250],[11,100168,1,1,250]]"
202063,角色206AI道具使用3地图,,2,"[[11,100101,1,1,700],[11,100102,1,1,300],[11,100104,1,1,1800],[11,100105,1,1,700],[11,100106,1,1,300],[11,100107,1,1,70],[11,100110,1,1,1800],[11,100111,1,1,700],[11,100112,1,1,500],[11,100113,1,1,300],[11,100115,1,1,70],[11,100116,1,1,1800],[11,100117,1,1,700],[11,100118,1,1,300],[11,100119,1,1,70],[11,100122,1,1,960],[11,100123,1,1,700],[11,100124,1,1,300],[11,100125,1,1,70],[11,100128,1,1,1800],[11,100129,1,1,950],[11,100130,1,1,300],[11,100131,1,1,90],[11,100132,1,1,50],[11,100135,1,1,1800],[11,100136,1,1,950],[11,100137,1,1,300],[11,100138,1,1,90],[11,100159,1,1,1000],[11,100157,1,1,1000],[11,100165,1,1,900],[11,100166,1,1,500],[11,100167,1,1,300],[11,100168,1,1,300],[11,100169,1,1,70],[11,100170,1,1,70],[11,100171,1,1,70],[11,100172,1,1,70],[11,100173,1,1,70]]"
202064,角色206AI道具使用4地图,,2,"[[11,100100,1,1,30],[11,100101,1,1,800],[11,100102,1,1,350],[11,100103,1,1,30],[11,100104,1,1,1700],[11,100105,1,1,800],[11,100106,1,1,350],[11,100107,1,1,80],[11,100108,1,1,30],[11,100110,1,1,1700],[11,100111,1,1,800],[11,100112,1,1,600],[11,100113,1,1,350],[11,100114,1,1,30],[11,100115,1,1,80],[11,100116,1,1,1700],[11,100117,1,1,800],[11,100118,1,1,350],[11,100119,1,1,80],[11,100120,1,1,30],[11,100122,1,1,940],[11,100123,1,1,800],[11,100124,1,1,350],[11,100125,1,1,80],[11,100128,1,1,1700],[11,100129,1,1,1100],[11,100130,1,1,350],[11,100131,1,1,105],[11,100132,1,1,60],[11,100135,1,1,1700],[11,100136,1,1,1100],[11,100137,1,1,350],[11,100138,1,1,105],[11,100139,1,1,30],[11,100159,1,1,1200],[11,100157,1,1,1200],[11,100161,1,1,100],[11,100162,1,1,100],[11,100163,1,1,80],[11,100164,1,1,60],[11,100165,1,1,1100],[11,100166,1,1,600],[11,100167,1,1,350],[11,100168,1,1,350],[11,100169,1,1,80],[11,100170,1,1,80],[11,100171,1,1,80],[11,100172,1,1,80],[11,100173,1,1,80]]"
202065,角色206AI道具使用5地图,,2,"[[11,100100,1,1,50],[11,100101,1,1,700],[11,100102,1,1,300],[11,100103,1,1,50],[11,100104,1,1,1600],[11,100105,1,1,700],[11,100106,1,1,300],[11,100107,1,1,100],[11,100108,1,1,50],[11,100110,1,1,1600],[11,100111,1,1,700],[11,100112,1,1,500],[11,100113,1,1,300],[11,100114,1,1,50],[11,100115,1,1,100],[11,100116,1,1,1800],[11,100117,1,1,700],[11,100118,1,1,300],[11,100119,1,1,70],[11,100120,1,1,50],[11,100121,1,1,10],[11,100122,1,1,900],[11,100123,1,1,700],[11,100124,1,1,300],[11,100125,1,1,100],[11,100126,1,1,20],[11,100127,1,1,5],[11,100128,1,1,1800],[11,100129,1,1,950],[11,100130,1,1,300],[11,100131,1,1,90],[11,100132,1,1,80],[11,100133,1,1,30],[11,100134,1,1,20],[11,100135,1,1,1800],[11,100136,1,1,950],[11,100137,1,1,300],[11,100138,1,1,90],[11,100139,1,1,50],[11,100159,1,1,1400],[11,100157,1,1,1400],[11,100161,1,1,120],[11,100162,1,1,120],[11,100163,1,1,100],[11,100164,1,1,90],[11,100165,1,1,900],[11,100166,1,1,500],[11,100167,1,1,300],[11,100168,1,1,300],[11,100169,1,1,100],[11,100170,1,1,100],[11,100171,1,1,100],[11,100172,1,1,100],[11,100173,1,1,100]]"
202071,角色207AI道具使用1地图,,2,"[[11,100104,1,1,2000],[11,100105,1,1,500],[11,100106,1,1,200],[11,100110,1,1,2000],[11,100111,1,1,500],[11,100112,1,1,333],[11,100113,1,1,200],[11,100116,1,1,2000],[11,100117,1,1,500],[11,100118,1,1,200],[11,100119,1,1,50],[11,100122,1,1,1000],[11,100123,1,1,500],[11,100124,1,1,200],[11,100125,1,1,50],[11,100128,1,1,2000],[11,100129,1,1,667],[11,100130,1,1,200],[11,100131,1,1,67],[11,100132,1,1,33],[11,100135,1,1,2000],[11,100136,1,1,667],[11,100137,1,1,200],[11,100138,1,1,67],[11,100165,1,1,667],[11,100166,1,1,333],[11,100167,1,1,200],[11,100168,1,1,200]]"
202072,角色207AI道具使用2地图,,2,"[[11,100104,1,1,1900],[11,100105,1,1,600],[11,100106,1,1,250],[11,100110,1,1,1900],[11,100111,1,1,600],[11,100112,1,1,400],[11,100113,1,1,250],[11,100116,1,1,1900],[11,100117,1,1,600],[11,100118,1,1,250],[11,100119,1,1,60],[11,100122,1,1,980],[11,100123,1,1,600],[11,100124,1,1,250],[11,100125,1,1,60],[11,100128,1,1,1900],[11,100129,1,1,800],[11,100130,1,1,250],[11,100131,1,1,75],[11,100132,1,1,40],[11,100135,1,1,1900],[11,100136,1,1,800],[11,100137,1,1,250],[11,100138,1,1,75],[11,100165,1,1,750],[11,100166,1,1,400],[11,100167,1,1,250],[11,100168,1,1,250]]"
202073,角色207AI道具使用3地图,,2,"[[11,100104,1,1,1800],[11,100105,1,1,700],[11,100106,1,1,300],[11,100107,1,1,70],[11,100110,1,1,1800],[11,100111,1,1,700],[11,100112,1,1,500],[11,100113,1,1,300],[11,100115,1,1,70],[11,100116,1,1,1800],[11,100117,1,1,700],[11,100118,1,1,300],[11,100119,1,1,70],[11,100122,1,1,960],[11,100123,1,1,700],[11,100124,1,1,300],[11,100125,1,1,70],[11,100128,1,1,1800],[11,100129,1,1,950],[11,100130,1,1,300],[11,100131,1,1,90],[11,100132,1,1,50],[11,100135,1,1,1800],[11,100136,1,1,950],[11,100137,1,1,300],[11,100138,1,1,90],[11,100165,1,1,900],[11,100166,1,1,500],[11,100167,1,1,300],[11,100168,1,1,300],[11,100169,1,1,70],[11,100170,1,1,70],[11,100171,1,1,70],[11,100172,1,1,70],[11,100173,1,1,70]]"
202074,角色207AI道具使用4地图,,2,"[[11,100103,1,1,30],[11,100104,1,1,1700],[11,100105,1,1,800],[11,100106,1,1,350],[11,100107,1,1,80],[11,100108,1,1,30],[11,100110,1,1,1700],[11,100111,1,1,800],[11,100112,1,1,600],[11,100113,1,1,350],[11,100114,1,1,30],[11,100115,1,1,80],[11,100116,1,1,1700],[11,100117,1,1,800],[11,100118,1,1,350],[11,100119,1,1,80],[11,100120,1,1,30],[11,100122,1,1,940],[11,100123,1,1,800],[11,100124,1,1,350],[11,100125,1,1,80],[11,100128,1,1,1700],[11,100129,1,1,1100],[11,100130,1,1,350],[11,100131,1,1,105],[11,100132,1,1,60],[11,100135,1,1,1700],[11,100136,1,1,1100],[11,100137,1,1,350],[11,100138,1,1,105],[11,100139,1,1,30],[11,100161,1,1,100],[11,100162,1,1,100],[11,100163,1,1,80],[11,100164,1,1,60],[11,100165,1,1,1100],[11,100166,1,1,600],[11,100167,1,1,350],[11,100168,1,1,350],[11,100169,1,1,80],[11,100170,1,1,80],[11,100171,1,1,80],[11,100172,1,1,80],[11,100173,1,1,80]]"
202075,角色207AI道具使用5地图,,2,"[[11,100103,1,1,50],[11,100104,1,1,1600],[11,100105,1,1,700],[11,100106,1,1,300],[11,100107,1,1,100],[11,100108,1,1,50],[11,100110,1,1,1600],[11,100111,1,1,700],[11,100112,1,1,500],[11,100113,1,1,300],[11,100114,1,1,50],[11,100115,1,1,100],[11,100116,1,1,1800],[11,100117,1,1,700],[11,100118,1,1,300],[11,100119,1,1,70],[11,100120,1,1,50],[11,100121,1,1,10],[11,100122,1,1,900],[11,100123,1,1,700],[11,100124,1,1,300],[11,100125,1,1,100],[11,100126,1,1,20],[11,100127,1,1,5],[11,100128,1,1,1800],[11,100129,1,1,950],[11,100130,1,1,300],[11,100131,1,1,90],[11,100132,1,1,80],[11,100133,1,1,30],[11,100134,1,1,20],[11,100135,1,1,1800],[11,100136,1,1,950],[11,100137,1,1,300],[11,100138,1,1,90],[11,100139,1,1,50],[11,100140,1,1,30],[11,100161,1,1,120],[11,100162,1,1,120],[11,100163,1,1,100],[11,100164,1,1,90],[11,100165,1,1,900],[11,100166,1,1,500],[11,100167,1,1,300],[11,100168,1,1,300],[11,100169,1,1,100],[11,100170,1,1,100],[11,100171,1,1,100],[11,100172,1,1,100],[11,100173,1,1,100]]"
202081,角色208AI道具使用1地图,,2,"[[11,100101,1,1,500],[11,100102,1,1,200],[11,100104,1,1,2000],[11,100105,1,1,500],[11,100106,1,1,200],[11,100110,1,1,2000],[11,100111,1,1,500],[11,100112,1,1,333],[11,100113,1,1,200],[11,100116,1,1,2000],[11,100117,1,1,500],[11,100118,1,1,200],[11,100119,1,1,50],[11,100122,1,1,1000],[11,100123,1,1,500],[11,100124,1,1,200],[11,100125,1,1,50],[11,100128,1,1,2000],[11,100129,1,1,667],[11,100130,1,1,200],[11,100131,1,1,67],[11,100132,1,1,33],[11,100135,1,1,2000],[11,100136,1,1,667],[11,100137,1,1,200],[11,100138,1,1,67],[11,100151,1,1,200],[11,100152,1,1,200],[11,100153,1,1,200],[11,100154,1,1,200],[11,100155,1,1,200],[11,100156,1,1,200],[11,100157,1,1,200],[11,100158,1,1,200],[11,100159,1,1,200],[11,100160,1,1,200],[11,100165,1,1,667],[11,100166,1,1,333],[11,100167,1,1,200],[11,100168,1,1,200]]"
202082,角色208AI道具使用2地图,,2,"[[11,100101,1,1,600],[11,100102,1,1,250],[11,100104,1,1,1900],[11,100105,1,1,600],[11,100106,1,1,250],[11,100110,1,1,1900],[11,100111,1,1,600],[11,100112,1,1,400],[11,100113,1,1,250],[11,100116,1,1,1900],[11,100117,1,1,600],[11,100118,1,1,250],[11,100119,1,1,60],[11,100122,1,1,980],[11,100123,1,1,600],[11,100124,1,1,250],[11,100125,1,1,60],[11,100128,1,1,1900],[11,100129,1,1,800],[11,100130,1,1,250],[11,100131,1,1,75],[11,100132,1,1,40],[11,100135,1,1,1900],[11,100136,1,1,800],[11,100137,1,1,250],[11,100138,1,1,75],[11,100151,1,1,250],[11,100152,1,1,250],[11,100153,1,1,250],[11,100154,1,1,250],[11,100155,1,1,250],[11,100156,1,1,250],[11,100157,1,1,250],[11,100158,1,1,250],[11,100159,1,1,250],[11,100160,1,1,250],[11,100165,1,1,750],[11,100166,1,1,400],[11,100167,1,1,250],[11,100168,1,1,250]]"
202083,角色208AI道具使用3地图,,2,"[[11,100101,1,1,700],[11,100102,1,1,300],[11,100104,1,1,1800],[11,100105,1,1,700],[11,100106,1,1,300],[11,100107,1,1,70],[11,100110,1,1,1800],[11,100111,1,1,700],[11,100112,1,1,500],[11,100113,1,1,300],[11,100115,1,1,70],[11,100116,1,1,1800],[11,100117,1,1,700],[11,100118,1,1,300],[11,100119,1,1,70],[11,100122,1,1,960],[11,100123,1,1,700],[11,100124,1,1,300],[11,100125,1,1,70],[11,100128,1,1,1800],[11,100129,1,1,950],[11,100130,1,1,300],[11,100131,1,1,90],[11,100132,1,1,50],[11,100135,1,1,1800],[11,100136,1,1,950],[11,100137,1,1,300],[11,100138,1,1,90],[11,100151,1,1,300],[11,100152,1,1,300],[11,100153,1,1,300],[11,100154,1,1,300],[11,100155,1,1,300],[11,100156,1,1,300],[11,100157,1,1,300],[11,100158,1,1,300],[11,100159,1,1,300],[11,100160,1,1,300],[11,100165,1,1,900],[11,100166,1,1,500],[11,100167,1,1,300],[11,100168,1,1,300],[11,100169,1,1,70],[11,100170,1,1,70],[11,100171,1,1,70],[11,100172,1,1,70],[11,100173,1,1,70]]"
202084,角色208AI道具使用4地图,,2,"[[11,100100,1,1,30],[11,100101,1,1,800],[11,100102,1,1,350],[11,100103,1,1,30],[11,100104,1,1,1700],[11,100105,1,1,800],[11,100106,1,1,350],[11,100107,1,1,80],[11,100108,1,1,30],[11,100110,1,1,1700],[11,100111,1,1,800],[11,100112,1,1,600],[11,100113,1,1,350],[11,100114,1,1,30],[11,100115,1,1,80],[11,100116,1,1,1700],[11,100117,1,1,800],[11,100118,1,1,350],[11,100119,1,1,80],[11,100120,1,1,30],[11,100122,1,1,940],[11,100123,1,1,800],[11,100124,1,1,350],[11,100125,1,1,80],[11,100128,1,1,1700],[11,100129,1,1,1100],[11,100130,1,1,350],[11,100131,1,1,105],[11,100132,1,1,60],[11,100135,1,1,1700],[11,100136,1,1,1100],[11,100137,1,1,350],[11,100138,1,1,105],[11,100139,1,1,30],[11,100151,1,1,350],[11,100152,1,1,350],[11,100153,1,1,350],[11,100154,1,1,350],[11,100155,1,1,350],[11,100156,1,1,350],[11,100157,1,1,350],[11,100158,1,1,350],[11,100159,1,1,350],[11,100160,1,1,350],[11,100161,1,1,100],[11,100162,1,1,100],[11,100163,1,1,80],[11,100164,1,1,60],[11,100165,1,1,1100],[11,100166,1,1,600],[11,100167,1,1,350],[11,100168,1,1,350],[11,100169,1,1,80],[11,100170,1,1,80],[11,100171,1,1,80],[11,100172,1,1,80],[11,100173,1,1,80]]"
202085,角色208AI道具使用5地图,,2,"[[11,100100,1,1,50],[11,100101,1,1,700],[11,100102,1,1,300],[11,100103,1,1,50],[11,100104,1,1,1600],[11,100105,1,1,700],[11,100106,1,1,300],[11,100107,1,1,100],[11,100110,1,1,1600],[11,100111,1,1,700],[11,100112,1,1,500],[11,100113,1,1,300],[11,100114,1,1,50],[11,100115,1,1,100],[11,100116,1,1,1800],[11,100117,1,1,700],[11,100118,1,1,300],[11,100119,1,1,70],[11,100120,1,1,50],[11,100121,1,1,10],[11,100122,1,1,900],[11,100123,1,1,700],[11,100124,1,1,300],[11,100125,1,1,100],[11,100126,1,1,20],[11,100127,1,1,5],[11,100128,1,1,1800],[11,100129,1,1,950],[11,100130,1,1,300],[11,100131,1,1,90],[11,100132,1,1,80],[11,100133,1,1,30],[11,100134,1,1,20],[11,100135,1,1,1800],[11,100136,1,1,950],[11,100137,1,1,300],[11,100138,1,1,90],[11,100139,1,1,50],[11,100140,1,1,30],[11,100151,1,1,300],[11,100152,1,1,300],[11,100153,1,1,300],[11,100154,1,1,300],[11,100155,1,1,300],[11,100156,1,1,300],[11,100157,1,1,300],[11,100158,1,1,300],[11,100159,1,1,300],[11,100160,1,1,300],[11,100161,1,1,120],[11,100162,1,1,120],[11,100163,1,1,100],[11,100164,1,1,90],[11,100165,1,1,900],[11,100166,1,1,500],[11,100167,1,1,300],[11,100168,1,1,300],[11,100169,1,1,100],[11,100170,1,1,100],[11,100171,1,1,100],[11,100172,1,1,100],[11,100173,1,1,100]]"
202091,角色209AI道具使用1地图,,2,"[[11,100104,1,1,2000],[11,100105,1,1,500],[11,100106,1,1,200],[11,100110,1,1,2000],[11,100111,1,1,500],[11,100112,1,1,333],[11,100113,1,1,200],[11,100116,1,1,2000],[11,100117,1,1,500],[11,100118,1,1,200],[11,100119,1,1,50],[11,100122,1,1,1000],[11,100123,1,1,500],[11,100124,1,1,200],[11,100125,1,1,50],[11,100128,1,1,2000],[11,100129,1,1,667],[11,100130,1,1,200],[11,100131,1,1,67],[11,100132,1,1,33],[11,100135,1,1,2000],[11,100136,1,1,667],[11,100137,1,1,200],[11,100138,1,1,67],[11,100165,1,1,667],[11,100166,1,1,333],[11,100167,1,1,200],[11,100168,1,1,200]]"
202092,角色209AI道具使用2地图,,2,"[[11,100104,1,1,1900],[11,100105,1,1,600],[11,100106,1,1,250],[11,100110,1,1,1900],[11,100111,1,1,600],[11,100112,1,1,400],[11,100113,1,1,250],[11,100116,1,1,1900],[11,100117,1,1,600],[11,100118,1,1,250],[11,100119,1,1,60],[11,100122,1,1,980],[11,100123,1,1,600],[11,100124,1,1,250],[11,100125,1,1,60],[11,100128,1,1,1900],[11,100129,1,1,800],[11,100130,1,1,250],[11,100131,1,1,75],[11,100132,1,1,40],[11,100135,1,1,1900],[11,100136,1,1,800],[11,100137,1,1,250],[11,100138,1,1,75],[11,100165,1,1,750],[11,100166,1,1,400],[11,100167,1,1,250],[11,100168,1,1,250]]"
202093,角色209AI道具使用3地图,,2,"[[11,100104,1,1,1800],[11,100105,1,1,700],[11,100106,1,1,300],[11,100107,1,1,70],[11,100110,1,1,1800],[11,100111,1,1,700],[11,100112,1,1,500],[11,100113,1,1,300],[11,100115,1,1,70],[11,100116,1,1,1800],[11,100117,1,1,700],[11,100118,1,1,300],[11,100119,1,1,70],[11,100122,1,1,960],[11,100123,1,1,700],[11,100124,1,1,300],[11,100125,1,1,70],[11,100128,1,1,1800],[11,100129,1,1,950],[11,100130,1,1,300],[11,100131,1,1,90],[11,100132,1,1,50],[11,100135,1,1,1800],[11,100136,1,1,950],[11,100137,1,1,300],[11,100138,1,1,90],[11,100165,1,1,900],[11,100166,1,1,500],[11,100167,1,1,300],[11,100168,1,1,300],[11,100169,1,1,70],[11,100170,1,1,70],[11,100171,1,1,70],[11,100172,1,1,70],[11,100173,1,1,70]]"
202094,角色209AI道具使用4地图,,2,"[[11,100103,1,1,30],[11,100104,1,1,1700],[11,100105,1,1,800],[11,100106,1,1,350],[11,100107,1,1,80],[11,100108,1,1,30],[11,100110,1,1,1700],[11,100111,1,1,800],[11,100112,1,1,600],[11,100113,1,1,350],[11,100114,1,1,30],[11,100115,1,1,80],[11,100116,1,1,1700],[11,100117,1,1,800],[11,100118,1,1,350],[11,100119,1,1,80],[11,100122,1,1,940],[11,100123,1,1,800],[11,100124,1,1,350],[11,100125,1,1,80],[11,100128,1,1,1700],[11,100129,1,1,1100],[11,100130,1,1,350],[11,100131,1,1,105],[11,100132,1,1,60],[11,100135,1,1,1700],[11,100136,1,1,1100],[11,100137,1,1,350],[11,100138,1,1,105],[11,100139,1,1,30],[11,100161,1,1,100],[11,100162,1,1,100],[11,100163,1,1,80],[11,100164,1,1,60],[11,100165,1,1,1100],[11,100166,1,1,600],[11,100167,1,1,350],[11,100168,1,1,350],[11,100169,1,1,80],[11,100170,1,1,80],[11,100171,1,1,80],[11,100172,1,1,80],[11,100173,1,1,80]]"
202095,角色209AI道具使用5地图,,2,"[[11,100103,1,1,50],[11,100104,1,1,1600],[11,100105,1,1,700],[11,100106,1,1,300],[11,100107,1,1,100],[11,100108,1,1,50],[11,100110,1,1,1600],[11,100111,1,1,700],[11,100112,1,1,500],[11,100113,1,1,300],[11,100114,1,1,50],[11,100115,1,1,100],[11,100116,1,1,1800],[11,100117,1,1,700],[11,100118,1,1,300],[11,100119,1,1,70],[11,100121,1,1,10],[11,100122,1,1,900],[11,100123,1,1,700],[11,100124,1,1,300],[11,100125,1,1,100],[11,100127,1,1,5],[11,100128,1,1,1800],[11,100129,1,1,950],[11,100130,1,1,300],[11,100131,1,1,90],[11,100132,1,1,80],[11,100133,1,1,30],[11,100134,1,1,20],[11,100135,1,1,1800],[11,100136,1,1,950],[11,100137,1,1,300],[11,100138,1,1,90],[11,100139,1,1,50],[11,100140,1,1,30],[11,100161,1,1,120],[11,100162,1,1,120],[11,100163,1,1,100],[11,100164,1,1,90],[11,100165,1,1,900],[11,100166,1,1,500],[11,100167,1,1,300],[11,100168,1,1,300],[11,100169,1,1,100],[11,100170,1,1,100],[11,100171,1,1,100],[11,100172,1,1,100],[11,100173,1,1,100]]"
203011,角色301AI道具使用1地图,,2,"[[11,100104,1,1,2000],[11,100105,1,1,500],[11,100106,1,1,200],[11,100110,1,1,2000],[11,100111,1,1,500],[11,100112,1,1,333],[11,100113,1,1,200],[11,100116,1,1,2000],[11,100117,1,1,500],[11,100118,1,1,200],[11,100119,1,1,50],[11,100122,1,1,1000],[11,100123,1,1,500],[11,100124,1,1,200],[11,100125,1,1,50],[11,100128,1,1,2000],[11,100129,1,1,667],[11,100130,1,1,200],[11,100131,1,1,67],[11,100132,1,1,33],[11,100135,1,1,2000],[11,100136,1,1,667],[11,100137,1,1,200],[11,100138,1,1,67],[11,100165,1,1,667],[11,100166,1,1,333],[11,100167,1,1,200],[11,100168,1,1,200]]"
203012,角色301AI道具使用2地图,,2,"[[11,100104,1,1,1900],[11,100105,1,1,600],[11,100106,1,1,250],[11,100110,1,1,1900],[11,100111,1,1,600],[11,100112,1,1,400],[11,100113,1,1,250],[11,100116,1,1,1900],[11,100117,1,1,600],[11,100118,1,1,250],[11,100119,1,1,60],[11,100122,1,1,980],[11,100123,1,1,600],[11,100124,1,1,250],[11,100125,1,1,60],[11,100128,1,1,1900],[11,100129,1,1,800],[11,100130,1,1,250],[11,100131,1,1,75],[11,100132,1,1,40],[11,100135,1,1,1900],[11,100136,1,1,800],[11,100137,1,1,250],[11,100138,1,1,75],[11,100165,1,1,750],[11,100166,1,1,400],[11,100167,1,1,250],[11,100168,1,1,250]]"
203013,角色301AI道具使用3地图,,2,"[[11,100104,1,1,1800],[11,100105,1,1,700],[11,100106,1,1,300],[11,100107,1,1,70],[11,100110,1,1,1800],[11,100111,1,1,700],[11,100112,1,1,500],[11,100113,1,1,300],[11,100115,1,1,70],[11,100116,1,1,1800],[11,100117,1,1,700],[11,100118,1,1,300],[11,100119,1,1,70],[11,100122,1,1,960],[11,100123,1,1,700],[11,100124,1,1,300],[11,100125,1,1,70],[11,100128,1,1,1800],[11,100129,1,1,950],[11,100130,1,1,300],[11,100131,1,1,90],[11,100132,1,1,50],[11,100135,1,1,1800],[11,100136,1,1,950],[11,100137,1,1,300],[11,100138,1,1,90],[11,100165,1,1,900],[11,100166,1,1,500],[11,100167,1,1,300],[11,100168,1,1,300],[11,100169,1,1,70],[11,100170,1,1,70],[11,100171,1,1,70],[11,100172,1,1,70],[11,100173,1,1,70]]"
203014,角色301AI道具使用3地图,,2,"[[11,100104,1,1,1800],[11,100105,1,1,700],[11,100106,1,1,300],[11,100107,1,1,70],[11,100110,1,1,1800],[11,100111,1,1,700],[11,100112,1,1,500],[11,100113,1,1,300],[11,100115,1,1,70],[11,100116,1,1,1800],[11,100117,1,1,700],[11,100118,1,1,300],[11,100119,1,1,70],[11,100122,1,1,960],[11,100123,1,1,700],[11,100124,1,1,300],[11,100125,1,1,70],[11,100128,1,1,1800],[11,100129,1,1,950],[11,100130,1,1,300],[11,100131,1,1,90],[11,100132,1,1,50],[11,100135,1,1,1800],[11,100136,1,1,950],[11,100137,1,1,300],[11,100138,1,1,90],[11,100165,1,1,900],[11,100166,1,1,500],[11,100167,1,1,300],[11,100168,1,1,300],[11,100169,1,1,70],[11,100170,1,1,70],[11,100171,1,1,70],[11,100172,1,1,70],[11,100173,1,1,70]]"
203015,角色301AI道具使用3地图,,2,"[[11,100104,1,1,1800],[11,100105,1,1,700],[11,100106,1,1,300],[11,100107,1,1,70],[11,100110,1,1,1800],[11,100111,1,1,700],[11,100112,1,1,500],[11,100113,1,1,300],[11,100115,1,1,70],[11,100116,1,1,1800],[11,100117,1,1,700],[11,100118,1,1,300],[11,100119,1,1,70],[11,100122,1,1,960],[11,100123,1,1,700],[11,100124,1,1,300],[11,100125,1,1,70],[11,100128,1,1,1800],[11,100129,1,1,950],[11,100130,1,1,300],[11,100131,1,1,90],[11,100132,1,1,50],[11,100135,1,1,1800],[11,100136,1,1,950],[11,100137,1,1,300],[11,100138,1,1,90],[11,100165,1,1,900],[11,100166,1,1,500],[11,100167,1,1,300],[11,100168,1,1,300],[11,100169,1,1,70],[11,100170,1,1,70],[11,100171,1,1,70],[11,100172,1,1,70],[11,100173,1,1,70]]"
8001,11类型随机掉落,,2,"[[11,100100,1,1,10],[11,100101,1,1,10],[11,100102,1,1,10],[11,100103,1,1,10],[11,100104,1,1,10],[11,100105,1,1,10],[11,100106,1,1,10],[11,100107,1,1,10],[11,100108,1,1,10],[11,100110,1,1,10],[11,100111,1,1,10],[11,100112,1,1,10],[11,100113,1,1,10],[11,100114,1,1,10],[11,100115,1,1,10],[11,100116,1,1,10],[11,100117,1,1,10],[11,100118,1,1,10],[11,100119,1,1,10],[11,100120,1,1,10],[11,100121,1,1,10],[11,100122,1,1,10],[11,100123,1,1,10],[11,100124,1,1,10],[11,100125,1,1,10],[11,100126,1,1,10],[11,100127,1,1,10],[11,100128,1,1,10],[11,100129,1,1,10],[11,100130,1,1,10],[11,100131,1,1,10],[11,100132,1,1,10],[11,100133,1,1,10],[11,100134,1,1,10],[11,100135,1,1,10],[11,100136,1,1,10],[11,100137,1,1,10],[11,100138,1,1,10],[11,100139,1,1,10],[11,100140,1,1,10],[11,100151,1,1,10],[11,100152,1,1,10],[11,100153,1,1,10],[11,100154,1,1,10],[11,100155,1,1,10],[11,100156,1,1,10],[11,100157,1,1,10],[11,100158,1,1,10],[11,100159,1,1,10],[11,100160,1,1,10],[11,100161,1,1,10],[11,100162,1,1,10],[11,100163,1,1,10],[11,100164,1,1,10],[11,100165,1,1,10],[11,100166,1,1,10],[11,100167,1,1,10],[11,100168,1,1,10],[11,100169,1,1,10],[11,100170,1,1,10],[11,100171,1,1,10],[11,100172,1,1,10],[11,100173,1,1,10]]"
7001,初级道具箱,,2,"[[9999,70001,1,1,10000]]"
7002,中级道具箱,,2,"[[9999,70001,1,1,7000],[9999,70002,1,1,3000]]"
7003,高级道具箱,,2,"[[9999,70001,1,1,4000],[9999,70002,1,1,4000],[9999,70003,1,1,2000]]"
7004,大师级道具箱,,2,"[[9999,70001,1,1,3000],[9999,70002,1,1,3000],[9999,70003,1,1,3000],[9999,70004,1,1,1000]]"
7011,时光礼盒1期,,2,"[[9999,70010,1,1,10],[9999,70007,1,1,100],[9999,70008,1,1,500],[9999,70014,1,1,500],[9999,70009,1,1,1000],[9999,70005,1,1,2500],[9999,70006,1,1,2500],[9999,70001,1,1,1300],[9999,70002,1,1,950],[9999,70003,1,1,500],[9999,70004,1,1,140]]"
7012,纪念礼盒1期,,2,"[[9999,70011,1,1,10],[9999,70007,1,1,100],[9999,70008,1,1,500],[9999,70014,1,1,500],[9999,70009,1,1,1000],[9999,70005,1,1,2500],[9999,70006,1,1,2500],[9999,70001,1,1,1300],[9999,70002,1,1,950],[9999,70003,1,1,500],[9999,70004,1,1,140]]"
7013,珍藏礼盒1期,,2,"[[9999,70012,1,1,10],[9999,70007,1,1,100],[9999,70008,1,1,500],[9999,70014,1,1,500],[9999,70009,1,1,1000],[9999,70005,1,1,2500],[9999,70006,1,1,2500],[9999,70001,1,1,1300],[9999,70002,1,1,950],[9999,70003,1,1,500],[9999,70004,1,1,140]]"
7103,DLC礼包,,1,"[[1,1,2000000,2000000,10000],[1,2,200,200,10000],[4,7101,2,2,10000]]"
7104,银币箱子,,1,"[[1,1,1000000,1500000,10000]]"
7201,通行证1期礼盒,,2,"[[9999,70013,1,1,30],[9999,70007,1,1,100],[9999,70008,1,1,500],[9999,70014,1,1,500],[9999,70009,1,1,1000],[9999,70005,1,1,2500],[9999,70006,1,1,2500],[9999,70001,1,1,1300],[9999,70002,1,1,940],[9999,70003,1,1,490],[9999,70004,1,1,140]]"
70001,蓝色以下道具随机,,2,"[[11,100104,1,1,200],[11,100116,1,1,200],[11,100122,1,1,200],[11,100128,1,1,200],[11,100135,1,1,200],[11,100101,1,1,200],[11,100105,1,1,200],[11,100110,1,1,200],[11,100111,1,1,200],[11,100112,1,1,200],[11,100117,1,1,200],[11,100123,1,1,200],[11,100129,1,1,200],[11,100136,1,1,200],[11,100102,1,1,100],[11,100106,1,1,100],[11,100113,1,1,100],[11,100118,1,1,100],[11,100124,1,1,100],[11,100137,1,1,100],[11,100151,1,1,100],[11,100152,1,1,100],[11,100153,1,1,100],[11,100154,1,1,100],[11,100155,1,1,100],[11,100156,1,1,100],[11,100157,1,1,100],[11,100158,1,1,100],[11,100159,1,1,100],[11,100160,1,1,100],[11,100165,1,1,100],[11,100166,1,1,100],[11,100167,1,1,100],[11,100161,1,1,100],[11,100162,1,1,100]]"
70002,紫色道具随机,,2,"[[11,100107,1,1,100],[11,100115,1,1,100],[11,100130,1,1,100],[11,100119,1,1,100],[11,100125,1,1,100],[11,100138,1,1,100],[11,100163,1,1,100],[11,100168,1,1,100],[11,100169,1,1,100],[11,100170,1,1,100],[11,100171,1,1,100],[11,100172,1,1,100],[11,100173,1,1,100],[11,100139,1,1,100]]"
70003,金色道具随机,,2,"[[11,100100,1,1,100],[11,100131,1,1,100],[11,100103,1,1,100],[11,100108,1,1,100],[11,100114,1,1,100],[11,100120,1,1,100],[11,100164,1,1,50],[11,100140,1,1,100]]"
70004,红色道具随机,,2,"[[11,100174,1,1,100],[11,100121,1,1,30],[11,100126,1,1,40],[11,100127,1,1,20],[11,100132,1,1,100],[11,100133,1,1,100],[11,100134,1,1,100]]"
70005,银币随机,,2,"[[1,1,10000,10000,3000],[1,1,20000,20000,3000],[1,1,50000,50000,3000],[1,1,100000,100000,850],[1,1,200000,200000,100],[1,1,500000,500000,49],[1,1,1000000,1000000,1]]"
70006,门票随机,,2,"[[2,102,1,1,1000],[2,103,1,1,1000],[2,104,1,1,1000],[2,105,1,1,1000],[2,106,1,1,1000]]"
70007,收藏柜随机,,2,"[[6,261001,1,1,100],[6,261002,1,1,100],[6,261003,1,1,100],[6,261004,1,1,100],[6,261005,1,1,100],[6,261006,1,1,100],[6,261007,1,1,100],[6,261008,1,1,100],[6,261009,1,1,100],[6,261010,1,1,100]]"
70008,背包随机,,2,"[[7,1001,1,1,95],[7,1002,1,1,5],[7,1011,1,1,95],[7,1012,1,1,5],[7,1021,1,1,95],[7,1022,1,1,5],[7,1031,1,1,95],[7,1032,1,1,5],[7,1041,1,1,95],[7,1042,1,1,5],[7,1051,1,1,95],[7,1052,1,1,5],[7,1061,1,1,95],[7,1062,1,1,5],[7,1071,1,1,95],[7,1072,1,1,5],[7,1081,1,1,95],[7,1082,1,1,5],[7,1091,1,1,95],[7,1092,1,1,5],[7,1101,1,1,95],[7,1102,1,1,5]]"
70009,动态表情,,2,"[[3,3001,1,1,100],[3,3002,1,1,100],[3,3003,1,1,100],[3,3004,1,1,100],[3,3005,1,1,100],[3,3006,1,1,100],[3,3007,1,1,100],[3,3008,1,1,100]]"
70010,称号随机,,2,"[[18,250003,1,1,100],[18,250008,1,1,100],[18,250011,1,1,100],[18,250012,1,1,100]]"
70011,头像随机,,2,"[[12,220002,1,1,100],[12,220003,1,1,100],[12,220004,1,1,100],[12,220005,1,1,100]]"
70012,头像框随机,,2,"[[17,240006,1,1,100],[17,240007,1,1,100],[17,240008,1,1,100],[17,240004,1,1,101]]"
70013,发财树,,2,"[[100,1306001,1,1,1000]]"
70014,角色体验卡,,2,"[[19,8101,1,1,100],[19,8102,1,1,100],[19,8103,1,1,100],[19,8105,1,1,100],[19,8106,1,1,100],[19,8109,1,1,100],[19,8110,1,1,100],[19,8111,1,1,100],[19,8112,1,1,100],[19,8113,1,1,100],[19,8114,1,1,100],[19,8115,1,1,100],[19,8116,1,1,100],[19,8117,1,1,100],[19,8118,1,1,100],[19,8119,1,1,100],[19,8120,1,1,100]]"
220001,头像1,,2,"[[12,120001,1,1,10000]]"
220002,头像2,,2,"[[12,120002,1,1,10000]]"
220003,头像3,,2,"[[12,120003,1,1,10000]]"
220004,头像4,,2,"[[12,120004,1,1,10000]]"
220005,头像5,,2,"[[12,120005,1,1,10000]]"
240001,头像框-加冕时刻,,2,"[[17,140001,1,1,10000]]"
240002,头像框-起拍编号,,2,"[[17,140002,1,1,10000]]"
240003,头像框-全息幻影,,2,"[[17,140003,1,1,10000]]"
240004,头像框-聚光焦点,,2,"[[17,140004,1,1,10000]]"
240005,头像框-黑金传说,,2,"[[17,140005,1,1,10000]]"
240006,头像框-紫晶秘藏,,2,"[[17,140006,1,1,10000]]"
240007,头像框-凛冬破冰,,2,"[[17,140007,1,1,10000]]"
240008,头像框-拍卖铁律,,2,"[[17,140008,1,1,10000]]"
250001,称号：富可敌国,,2,"[[18,150001,1,1,10000]]"
250002,称号：掌眼天师,,2,"[[18,150002,1,1,10000]]"
250003,称号：捡漏之王,,2,"[[18,150003,1,1,10000]]"
250004,称号：博物馆长,,2,"[[18,150004,1,1,10000]]"
250005,称号：一锤定音,,2,"[[18,150005,1,1,10000]]"
250006,称号：慈善赌王,,2,"[[18,150006,1,1,10000]]"
250007,称号：吃土少年,,2,"[[18,150007,1,1,10000]]"
250008,称号：打眼专业户,,2,"[[18,150008,1,1,10000]]"
250009,称号：高级韭菜,,2,"[[18,150009,1,1,10000]]"
250010,称号：我也想赢,,2,"[[18,150010,1,1,10000]]"
250011,称号：谢谢老板,,2,"[[18,150011,1,1,10000]]"
250012,称号：散财童子,,2,"[[18,150012,1,1,10000]]"
250013,称号：这就急了？,,2,"[[18,150013,1,1,10000]]"
250014,称号：抬价小能手,,2,"[[18,150014,1,1,10000]]"
250015,称号：下次一定,,2,"[[18,150015,1,1,10000]]"
260001,杂货柜,,2,"[[6,6001,1,1,10000]]"
261001,家具柜,,2,"[[6,6101,1,1,10000]]"
261002,医疗用品柜,,2,"[[6,6102,1,1,10000]]"
261003,欧式潮流柜,,2,"[[6,6103,1,1,10000]]"
261004,武器柜,,2,"[[6,6104,1,1,10000]]"
261005,奢华珠宝柜,,2,"[[6,6105,1,1,10000]]"
261006,中式古董柜,,2,"[[6,6106,1,1,10000]]"
261007,数码产品柜,,2,"[[6,6107,1,1,10000]]"
261008,能源金属柜,,2,"[[6,6108,1,1,10000]]"
261009,日式食储柜,,2,"[[6,6109,1,1,10000]]"
261010,书画古籍柜,,2,"[[6,6110,1,1,10000]]"
1201,通用品质1,通用品质1,2,"[[106,1061001,1,1,934],[109,1091005,1,1,1869],[108,1081001,1,1,1785],[110,1101006,1,1,877],[103,1031010,1,1,869],[110,1101010,1,1,1709],[107,1071002,1,1,833],[102,1021001,1,1,1626],[103,1031001,1,1,813],[104,1041001,1,1,1626],[105,1051001,1,1,813],[105,1051010,1,1,800],[107,1071003,1,1,1587],[107,1071005,1,1,524],[102,1021010,1,1,1492],[106,1061005,1,1,740],[107,1071004,1,1,729],[110,1101007,1,1,729],[104,1041006,1,1,1449],[109,1091008,1,1,1438],[106,1061006,1,1,704],[102,1021009,1,1,1398],[102,1021002,1,1,684],[103,1031002,1,1,1369],[103,1031004,1,1,684],[105,1051002,1,1,456],[106,1061007,1,1,671],[109,1091007,1,1,1333],[106,1061008,1,1,1282],[101,1011001,1,1,625],[107,1071009,1,1,621],[107,1071007,1,1,1190],[108,1081002,1,1,1190],[102,1021003,1,1,591],[103,1031003,1,1,1183],[108,1081007,1,1,1176],[107,1071006,1,1,1123],[101,1011003,1,1,1117],[104,1041008,1,1,543],[105,1051008,1,1,543],[108,1081003,1,1,1081],[109,1091010,1,1,1075],[103,1031007,1,1,529],[105,1051004,1,1,520],[109,1091009,1,1,1041],[101,1011002,1,1,505],[101,1011005,1,1,500],[108,1081009,1,1,500],[109,1091001,1,1,1000],[106,1061002,1,1,487],[102,1021005,1,1,966],[101,1011006,1,1,956],[110,1101004,1,1,458],[104,1041009,1,1,452],[110,1101005,1,1,452],[107,1071001,1,1,809],[103,1031006,1,1,403],[103,1031008,1,1,403],[110,1101008,1,1,389],[105,1051009,1,1,377],[104,1041005,1,1,362],[108,1081010,1,1,722],[103,1031009,1,1,334],[104,1041003,1,1,328],[101,1011009,1,1,655],[110,1101009,1,1,324],[106,1061003,1,1,317],[108,1081004,1,1,317],[110,1101003,1,1,315],[109,1091006,1,1,625],[102,1021008,1,1,302],[107,1071010,1,1,295],[108,1081005,1,1,294],[110,1101002,1,1,293],[109,1091002,1,1,581],[105,1051005,1,1,289],[102,1021004,1,1,578],[104,1041004,1,1,289],[107,1071008,1,1,555],[110,1101001,1,1,555],[103,1031005,1,1,271],[106,1061010,1,1,176],[106,1061004,1,1,260],[102,1021007,1,1,518],[104,1041010,1,1,257],[106,1061009,1,1,243],[102,1021006,1,1,483],[105,1051006,1,1,241],[109,1091004,1,1,457],[104,1041002,1,1,228],[101,1011007,1,1,212],[104,1041007,1,1,207],[109,1091003,1,1,411],[105,1051003,1,1,197],[101,1011008,1,1,166],[101,1011004,1,1,332],[108,1081008,1,1,328],[108,1081006,1,1,265],[101,1011010,1,1,225],[105,1051007,1,1,221]]"
1202,通用品质2,通用品质2,2,"[[106,1062006,1,1,396],[109,1092010,1,1,763],[106,1062007,1,1,371],[102,1022009,1,1,722],[103,1032010,1,1,347],[102,1022006,1,1,341],[103,1032002,1,1,338],[103,1032009,1,1,677],[104,1042010,1,1,332],[102,1022002,1,1,320],[104,1042002,1,1,641],[103,1032003,1,1,317],[106,1062010,1,1,626],[109,1092003,1,1,578],[109,1092004,1,1,555],[104,1042003,1,1,544],[107,1072001,1,1,498],[102,1022008,1,1,496],[107,1072008,1,1,238],[102,1022004,1,1,473],[109,1092008,1,1,465],[110,1102001,1,1,226],[101,1012001,1,1,224],[109,1092009,1,1,448],[106,1062004,1,1,218],[109,1092001,1,1,218],[104,1042001,1,1,432],[107,1072006,1,1,214],[108,1082006,1,1,214],[109,1092002,1,1,422],[109,1092005,1,1,210],[109,1092006,1,1,416],[107,1072004,1,1,396],[106,1062008,1,1,389],[103,1032006,1,1,375],[110,1102007,1,1,373],[107,1072003,1,1,326],[101,1012009,1,1,161],[109,1092007,1,1,314],[102,1022010,1,1,305],[102,1022003,1,1,151],[103,1032005,1,1,141],[103,1032004,1,1,278],[110,1102008,1,1,277],[106,1062001,1,1,136],[110,1102009,1,1,272],[103,1032001,1,1,135],[101,1012003,1,1,132],[110,1102006,1,1,263],[102,1022001,1,1,129],[110,1102005,1,1,254],[106,1062003,1,1,125],[108,1082002,1,1,248],[108,1082005,1,1,124],[104,1042005,1,1,116],[107,1072007,1,1,114],[104,1042006,1,1,113],[103,1032007,1,1,112],[106,1062009,1,1,73],[107,1072009,1,1,218],[108,1082003,1,1,102],[102,1022007,1,1,191],[104,1042007,1,1,191],[101,1012010,1,1,95],[110,1102002,1,1,183],[101,1012008,1,1,90],[110,1102010,1,1,178],[108,1082010,1,1,58],[107,1072010,1,1,171],[108,1082009,1,1,82],[103,1032008,1,1,80],[110,1102003,1,1,160],[101,1012002,1,1,158],[104,1042004,1,1,78],[106,1062002,1,1,78],[107,1072002,1,1,74],[104,1042009,1,1,72],[107,1072005,1,1,70],[106,1062005,1,1,70],[108,1082004,1,1,140],[102,1022005,1,1,69],[108,1082007,1,1,69],[104,1042008,1,1,137],[101,1012005,1,1,135],[101,1012004,1,1,135],[101,1012006,1,1,112],[108,1082008,1,1,108],[110,1102004,1,1,99],[108,1082001,1,1,43],[101,1012007,1,1,82],[108,1082011,1,1,12]]"
1203,通用品质3,通用品质3,2,"[[103,1033010,1,1,1406],[107,1073010,1,1,2469],[109,1093008,1,1,2358],[102,1023002,1,1,2339],[103,1033004,1,1,2166],[103,1033005,1,1,2166],[103,1033007,1,1,2166],[107,1073002,1,1,2166],[109,1093003,1,1,2132],[104,1043006,1,1,2066],[109,1093010,1,1,2034],[107,1073003,1,1,1990],[106,1063001,1,1,952],[109,1093006,1,1,1777],[101,1013007,1,1,567],[107,1073009,1,1,848],[106,1063005,1,1,529],[105,1053002,1,1,1538],[102,1023009,1,1,1523],[109,1093002,1,1,1481],[104,1043010,1,1,728],[108,1083004,1,1,720],[102,1023001,1,1,697],[105,1053007,1,1,1379],[101,1013002,1,1,684],[108,1083008,1,1,680],[105,1053003,1,1,1307],[107,1073007,1,1,1211],[103,1033006,1,1,602],[103,1033008,1,1,602],[103,1033009,1,1,602],[101,1013004,1,1,565],[105,1053010,1,1,561],[110,1103003,1,1,1113],[109,1093007,1,1,1073],[106,1063002,1,1,503],[101,1013003,1,1,488],[102,1023008,1,1,487],[104,1043007,1,1,974],[106,1063003,1,1,320],[107,1073004,1,1,937],[103,1033001,1,1,451],[103,1033002,1,1,903],[106,1063010,1,1,431],[102,1023007,1,1,861],[104,1043008,1,1,846],[102,1023006,1,1,419],[109,1093005,1,1,805],[107,1073008,1,1,787],[106,1063008,1,1,783],[104,1043001,1,1,389],[110,1103004,1,1,779],[107,1073005,1,1,772],[110,1103001,1,1,740],[110,1103008,1,1,722],[101,1013010,1,1,349],[102,1023003,1,1,648],[108,1083007,1,1,315],[110,1103006,1,1,617],[109,1093001,1,1,608],[102,1023005,1,1,607],[104,1043004,1,1,607],[104,1043005,1,1,299],[108,1083002,1,1,286],[101,1013005,1,1,563],[104,1043003,1,1,555],[106,1063004,1,1,552],[110,1103010,1,1,542],[101,1013009,1,1,527],[102,1023010,1,1,263],[104,1043009,1,1,519],[101,1013001,1,1,259],[101,1013006,1,1,258],[103,1033003,1,1,258],[107,1073001,1,1,513],[108,1083010,1,1,170],[106,1063006,1,1,253],[110,1103002,1,1,505],[108,1083003,1,1,161],[108,1083009,1,1,475],[104,1043002,1,1,463],[110,1103007,1,1,460],[110,1103009,1,1,455],[108,1083006,1,1,226],[109,1093009,1,1,436],[101,1013008,1,1,210],[104,1043011,1,1,413],[108,1083005,1,1,406],[102,1023004,1,1,396],[105,1053008,1,1,198],[109,1093004,1,1,380],[105,1053004,1,1,189],[105,1053009,1,1,174],[106,1063007,1,1,174],[105,1053001,1,1,169],[105,1053005,1,1,167],[106,1063009,1,1,161],[108,1083001,1,1,106],[105,1053006,1,1,99],[107,1073006,1,1,130],[110,1103005,1,1,112],[106,1063011,1,1,72],[108,1083011,1,1,68]]"
1204,通用品质4,通用品质4,2,"[[109,1094003,1,1,952],[109,1094007,1,1,462],[107,1074003,1,1,416],[103,1034004,1,1,406],[101,1014008,1,1,397],[103,1034005,1,1,390],[108,1084008,1,1,256],[104,1044006,1,1,735],[108,1084010,1,1,328],[107,1074004,1,1,641],[104,1044007,1,1,314],[101,1014002,1,1,289],[102,1024008,1,1,183],[106,1064008,1,1,273],[102,1024010,1,1,264],[109,1094009,1,1,510],[108,1084009,1,1,253],[107,1074001,1,1,168],[105,1054005,1,1,235],[103,1034002,1,1,225],[103,1034003,1,1,225],[103,1034007,1,1,225],[101,1014005,1,1,144],[109,1094004,1,1,417],[106,1064002,1,1,207],[109,1094002,1,1,396],[109,1094005,1,1,394],[105,1054006,1,1,193],[102,1024009,1,1,349],[102,1024003,1,1,332],[105,1054003,1,1,325],[109,1094006,1,1,305],[101,1014004,1,1,152],[106,1064004,1,1,302],[110,1104008,1,1,150],[102,1024004,1,1,147],[110,1104002,1,1,146],[109,1094010,1,1,287],[104,1044004,1,1,140],[103,1034008,1,1,135],[110,1104003,1,1,133],[108,1084011,1,1,261],[101,1014007,1,1,85],[101,1014003,1,1,123],[110,1104006,1,1,121],[107,1074006,1,1,239],[103,1034009,1,1,119],[105,1054002,1,1,236],[105,1054001,1,1,230],[110,1104009,1,1,114],[104,1044010,1,1,113],[110,1104001,1,1,223],[101,1014001,1,1,111],[104,1044002,1,1,222],[101,1014006,1,1,109],[106,1064003,1,1,105],[106,1064001,1,1,104],[107,1074005,1,1,208],[103,1034001,1,1,205],[102,1024001,1,1,202],[106,1064009,1,1,200],[108,1084004,1,1,99],[110,1104007,1,1,97],[103,1034006,1,1,193],[106,1064010,1,1,96],[107,1074008,1,1,190],[101,1014010,1,1,94],[108,1084007,1,1,188],[104,1044008,1,1,91],[105,1054004,1,1,182],[109,1094001,1,1,177],[102,1024005,1,1,175],[110,1104005,1,1,173],[104,1044005,1,1,170],[110,1104004,1,1,170],[106,1064007,1,1,169],[107,1074009,1,1,168],[108,1084001,1,1,83],[107,1074002,1,1,166],[106,1064006,1,1,166],[108,1084006,1,1,162],[102,1024006,1,1,79],[104,1044001,1,1,158],[102,1024002,1,1,77],[105,1054011,1,1,76],[101,1014009,1,1,75],[110,1104010,1,1,70],[102,1024007,1,1,46],[107,1074007,1,1,69],[106,1064005,1,1,64],[108,1084003,1,1,127],[109,1094008,1,1,123],[104,1044003,1,1,122],[105,1054010,1,1,121],[105,1054007,1,1,109],[108,1084005,1,1,105],[107,1074010,1,1,104],[104,1044009,1,1,99],[105,1054008,1,1,95],[108,1084002,1,1,90],[105,1054009,1,1,84],[103,1034010,1,1,80],[104,1044011,1,1,63]]"
1205,通用品质5,通用品质5,2,"[[107,1075002,1,1,1282],[103,1035005,1,1,2163],[108,1085010,1,1,894],[103,1035003,1,1,545],[104,1045009,1,1,1612],[109,1095004,1,1,1587],[107,1075006,1,1,1577],[109,1095002,1,1,1559],[105,1055001,1,1,1500],[105,1055002,1,1,459],[107,1075010,1,1,1346],[103,1035004,1,1,652],[101,1015008,1,1,651],[106,1065005,1,1,428],[102,1025005,1,1,1234],[109,1095001,1,1,1075],[109,1095008,1,1,1020],[107,1075008,1,1,1007],[101,1015009,1,1,314],[105,1055009,1,1,915],[103,1035010,1,1,821],[110,1105009,1,1,818],[101,1015001,1,1,400],[110,1105007,1,1,772],[103,1035007,1,1,250],[106,1065007,1,1,364],[103,1035008,1,1,722],[103,1035001,1,1,234],[106,1065008,1,1,344],[109,1095009,1,1,689],[104,1045005,1,1,338],[110,1105005,1,1,336],[101,1015003,1,1,331],[106,1065009,1,1,326],[108,1085001,1,1,625],[109,1095005,1,1,606],[105,1055008,1,1,582],[105,1055006,1,1,581],[108,1085002,1,1,580],[104,1045003,1,1,289],[110,1105001,1,1,284],[103,1035009,1,1,547],[104,1045007,1,1,267],[107,1075003,1,1,529],[110,1105002,1,1,263],[103,1035002,1,1,516],[103,1035006,1,1,172],[105,1055007,1,1,510],[109,1095010,1,1,505],[108,1085003,1,1,503],[102,1025002,1,1,495],[107,1075007,1,1,477],[104,1045008,1,1,470],[109,1095007,1,1,465],[106,1065003,1,1,229],[108,1085011,1,1,442],[105,1055004,1,1,207],[106,1065006,1,1,207],[101,1015007,1,1,410],[109,1095006,1,1,406],[102,1025001,1,1,400],[101,1015010,1,1,395],[108,1085005,1,1,390],[107,1075004,1,1,387],[101,1015005,1,1,193],[110,1105004,1,1,186],[109,1095003,1,1,369],[107,1075001,1,1,367],[110,1105003,1,1,180],[104,1045006,1,1,358],[106,1065001,1,1,176],[110,1105008,1,1,173],[110,1105006,1,1,171],[102,1025006,1,1,331],[106,1065004,1,1,165],[101,1015002,1,1,109],[102,1025004,1,1,161],[101,1015004,1,1,304],[104,1045001,1,1,295],[107,1075009,1,1,285],[101,1015006,1,1,139],[106,1065011,1,1,90],[104,1045002,1,1,267],[102,1025007,1,1,131],[108,1085008,1,1,85],[107,1075005,1,1,256],[106,1065002,1,1,254],[110,1105011,1,1,125],[104,1045004,1,1,120],[106,1065010,1,1,116],[102,1025003,1,1,116],[110,1105010,1,1,113],[106,1065012,1,1,223],[104,1045010,1,1,106],[105,1055003,1,1,103],[107,1075011,1,1,205],[108,1085006,1,1,197],[108,1085009,1,1,93],[108,1085007,1,1,100]]"
1206,通用品质6,通用品质6,2,"[[105,1056001,1,1,38095],[104,1046003,1,1,12277],[107,1076006,1,1,36630],[102,1026005,1,1,36579],[105,1056009,1,1,35714],[109,1096004,1,1,29368],[105,1055005,1,1,14619],[108,1086006,1,1,14534],[105,1056007,1,1,13986],[105,1056003,1,1,26490],[101,1016005,1,1,11679],[105,1056004,1,1,22988],[103,1036001,1,1,22500],[109,1096001,1,1,21533],[105,1056008,1,1,21164],[104,1046009,1,1,19157],[106,1066001,1,1,5925],[102,1026004,1,1,8857],[110,1106002,1,1,8291],[107,1076003,1,1,16313],[109,1096005,1,1,15715],[105,1056002,1,1,15625],[102,1026006,1,1,15349],[106,1066002,1,1,7077],[104,1046007,1,1,6988],[110,1106008,1,1,6718],[102,1026003,1,1,4194],[106,1066005,1,1,6242],[110,1106003,1,1,6242],[106,1066010,1,1,11918],[103,1036002,1,1,11904],[109,1096003,1,1,5952],[110,1106005,1,1,5875],[101,1016002,1,1,5869],[110,1106007,1,1,5698],[106,1066008,1,1,11166],[105,1056006,1,1,5555],[107,1076002,1,1,10700],[101,1016001,1,1,5324],[110,1106004,1,1,5213],[109,1096009,1,1,10351],[103,1036005,1,1,10248],[104,1046002,1,1,3348],[104,1046001,1,1,4409],[110,1106001,1,1,4155],[109,1096006,1,1,8032],[101,1016003,1,1,3919],[106,1066003,1,1,3908],[107,1076001,1,1,7729],[102,1026002,1,1,7717],[103,1036003,1,1,3758],[106,1066009,1,1,7102],[110,1106006,1,1,3543],[110,1106012,1,1,2343],[106,1066004,1,1,6961],[108,1086008,1,1,3408],[109,1096008,1,1,6802],[105,1056005,1,1,6768],[104,1046004,1,1,6537],[105,1056011,1,1,6329],[106,1066007,1,1,6200],[108,1086003,1,1,2800],[101,1016006,1,1,1846],[108,1086005,1,1,5518],[107,1076005,1,1,5333],[109,1096002,1,1,5128],[104,1046005,1,1,2369],[108,1086001,1,1,4504],[108,1086007,1,1,4416],[105,1056014,1,1,4374],[103,1036004,1,1,4301],[107,1076004,1,1,4251],[102,1026007,1,1,4210],[105,1056010,1,1,3906],[104,1046006,1,1,7532],[106,1066011,1,1,3520],[106,1066006,1,1,2368],[104,1046008,1,1,3988],[102,1026008,1,1,1924],[102,1026001,1,1,1834],[110,1106011,1,1,1616],[110,1106009,1,1,1340],[108,1086002,1,1,1336],[109,1096007,1,1,2576],[110,1106010,1,1,1286],[108,1086004,1,1,2368],[105,1056012,1,1,794],[105,1056015,1,1,1332],[101,1016004,1,1,540],[105,1056013,1,1,228],[100,1006001,1,1,76]]"
105151,​隐秘拍卖会1,​隐秘拍卖会,2,"[[9999,1201,1,1,20]]"
105251,​隐秘拍卖会2,​隐秘拍卖会,2,"[[9999,1202,1,1,20]]"
105351,​隐秘拍卖会3,​隐秘拍卖会,2,"[[9999,1203,1,1,20]]"
105451,​隐秘拍卖会4,​隐秘拍卖会,2,"[[9999,1204,1,1,20]]"
105551,​隐秘拍卖会5,​隐秘拍卖会,2,"[[9999,1205,1,1,20]]"
105651,​隐秘拍卖会6,​隐秘拍卖会,2,"[[9999,1206,1,1,20]]"
2051,​隐秘拍卖会,​隐秘拍卖会,2,"[[9999,105151,1,1,10],[9999,105251,1,1,100],[9999,105351,1,1,200],[9999,105451,1,1,240],[9999,105551,1,1,220],[9999,105651,1,1,200]]"
2601,​隐秘拍卖会,​隐秘拍卖会,1,"[[9999,2051,1,1,10000],[9999,2051,1,1,2000],[9999,2051,1,1,1000],[9999,2051,1,1,1000]]"