id,col_1,col_2,item_name,item_nm,item_desc,item_type_id,slot_type,item_quality,base_value,in_case,is_tradable,binds_on_purchase,is_auction,auction_baseprice,grid_count,transaction_tax_rate,max_stack_size,max_per_listing,collectible_item_type_id,skills,specified_obtain,drop_group_id,show_item,icon_path,icon_atlas,collection,rank7count,item_access,collection_coin,number,number_weight,cost,model_3D,is_show,exchangeId,is_sale,room_price
1,银币,普通货币,itemName_1,itemName_1,itemDesc_1,[1],0,0,0,0,0,0,0,"[10,5]",0,[[0]],1,0,[0],[0],[[0]],0,[0],icon_1,iconitem1,0,0,[0],0,[0],[0],[0],Cube,0,[0],0,
2,金币,高级货币，仅充值可得,itemName_2,itemName_2,itemDesc_2,[1],0,6,1000,0,1,0,0,"[10,5]",0,"[[999999,10]]",1,0,[0],[0],[[0]],0,[0],icon_2,iconitem1,0,0,[0],0,[0],[0],[0],Cube,0,[0],0,
3,金币,废弃货币,itemName_3,itemName_3,itemDesc_3,[1],0,6,1000,0,1,0,0,"[10,5]",0,[[0]],1,0,[0],[0],[[0]],0,[0],icon_2,iconitem1,0,0,[0],0,[0],[0],[0],Cube,0,[0],0,
4,通行证经验,通行证经验,itemName_4,itemName_4,itemDesc_4,[1],0,0,0,0,0,0,0,"[10,5]",0,[[0]],1,0,[0],[0],[[0]],0,[0],icon_3,iconitem1,0,0,[0],0,[0],[0],[0],Cube,0,[0],0,
5,收藏值,收藏值,itemName_5,itemName_5,itemDesc_5,[1],0,0,0,0,0,0,0,"[10,5]",0,[[0]],1,0,[0],[0],[[0]],0,[0],icon_3,iconitem1,0,0,[0],0,[0],[0],[0],Cube,0,[0],0,
6,模拟币,模拟币,itemName_6,itemName_6,itemDesc_6,[1],0,0,0,0,0,0,0,"[10,5]",0,[[0]],1,0,[0],[0],[[0]],0,[0],icon_3,iconitem1,0,0,[0],0,[0],[0],[0],Cube,0,[0],0,
7,改名卡,改名卡,itemName_7,itemName_7,itemDesc_7,[16],0,0,0,0,0,0,0,"[10,5]",0,[[0]],1,0,[0],[0],[[0]],0,[0],icon_4,iconitem1,0,0,[1003],0,[0],[0],[0],Cube,1,[0],0,
8,博物馆地契,博物馆地契,itemName_8,itemName_8,itemDesc_8,[2],0,0,0,0,0,0,0,"[10,5]",0,[[0]],5,0,[0],[0],[[0]],0,[0],icon_8,iconitem1,0,0,[1003],0,[0],[0],[0],Cube,1,[0],0,
9,区域协会积分,区域协会积分,itemName_9,itemName_9,itemName_9,[1],0,0,0,0,0,0,0,"[10,5]",0,[[0]],1,0,[0],[0],[[0]],0,[0],icon_9,iconitem1,0,0,[0],0,[0],[0],[0],Cube,0,[0],0,
10,协会积分,协会积分,itemName_10,itemName_10,itemName_10,[1],0,0,0,0,0,0,0,"[10,5]",0,[[0]],1,0,[0],[0],[[0]],0,[0],icon_10,iconitem1,0,0,[0],0,[0],[0],[0],Cube,0,[0],0,
101,竞拍票,竞拍票,itemName_101,itemName_101,itemDesc_101,[2],11,0,1,0,0,0,0,"[10,5]",0,[[0]],20,0,[0],[0],[[0]],0,[0],icon_101,iconitem1,0,0,"[1003,1004]",0,[0],[0],[0],Cube,1,[502001],1,
102,指定快递竞拍票,指定快递竞拍票,itemName_102,itemName_102,itemDesc_102,[2],11,0,1,0,0,0,0,"[10,5]",0,[[0]],20,0,[0],[0],[[0]],0,[0],icon_102,iconitem1,0,0,"[1003,1004]",0,[0],[0],[0],Cube,1,[502002],1,
103,指定仓库竞拍票,指定仓库竞拍票,itemName_103,itemName_103,itemDesc_103,[2],11,0,1,0,0,0,0,"[10,5]",0,[[0]],20,0,[0],[0],[[0]],0,[0],icon_103,iconitem1,0,0,"[1003,1004]",0,[0],[0],[0],Cube,1,[502003],1,
104,指定集装箱竞拍票,指定集装箱竞拍票,itemName_104,itemName_104,itemDesc_104,[2],11,0,1,0,0,0,0,"[10,5]",0,[[0]],20,0,[0],[0],[[0]],0,[0],icon_104,iconitem1,0,0,"[1003,1004]",0,[0],[0],[0],Cube,1,[502004],1,
105,指定别墅拍票,指定别墅拍票,itemName_105,itemName_105,itemDesc_105,[2],11,0,1,0,0,0,0,"[10,5]",0,[[0]],20,0,[0],[0],[[0]],0,[0],icon_105,iconitem1,0,0,"[1003,1004]",0,[0],[0],[0],Cube,1,[502005],1,
106,指定沉船竞拍票,指定沉船竞拍票,itemName_106,itemName_106,itemDesc_106,[2],11,0,1,0,0,0,0,"[10,5]",0,[[0]],20,0,[0],[0],[[0]],0,[0],icon_106,iconitem1,0,0,"[1003,1004]",0,[0],[0],[0],Cube,1,[502006],1,
107,指定竞拍票,指定竞拍票,itemName_107,itemName_107,itemDesc_107,[2],11,0,1,0,0,0,0,"[10,5]",0,[[0]],20,0,[0],[0],[[0]],0,[0],icon_106,iconitem1,0,0,"[1003,1004]",0,[0],[0],[0],Cube,1,[],1,
301,高级通行证,高级通行证,itemName_301,itemName_301,itemDesc_301,[3],0,0,0,0,0,0,0,"[10,5]",0,[[0]],1,0,[0],[0],[[0]],0,[0],icon_301,iconitem1,0,0,[1003],0,[0],[0],[0],Cube,1,[0],0,
1000,主仓库,主仓库,itemName_1000,itemName_1000,itemDesc_1000,[7],0,0,0,0,0,0,0,"[10,5]",100,[[0]],1,0,[0],[0],[[0]],0,[0],icon_1000,iconitem1,0,0,[0],0,[0],[0],[0],Cube,0,[0],0,
1001,小型万用物品箱,小型万用物品箱,itemName_1001,itemName_1001,itemDesc_1001,[7],22,4,10000,0,0,0,0,"[10,5]",5,[[0]],1,0,"[11,100,101,102,103,104,105,106,107,108,109,110]",[0],[[0]],0,[0],icon_bx_01,iconitem7,0,0,[1004],0,[0],[0],[0],Cube,1,[503001],1,
1002,中型万用物品箱,中型万用物品箱,itemName_1002,itemName_1002,itemDesc_1002,[7],22,5,50000,0,0,0,0,"[10,5]",10,[[0]],1,0,"[11,100,101,102,103,104,105,106,107,108,109,110]",[0],[[0]],0,[0],icon_bx_01,iconitem7,0,0,[1004],0,[0],[0],[0],Cube,1,[503002],1,
1003,典藏消耗道具箱,典藏消耗道具箱,itemName_1003,itemName_1003,itemDesc_1003,[7],22,6,200000,0,0,0,0,"[10,5]",15,[[0]],1,0,"[11,100,101,102,103,104,105,106,107,108,109,110]",[0],[[0]],0,[0],icon_bx_01,iconitem7,0,0,[1004],0,[0],[0],[0],Cube,1,[503003],1,
1011,小型家具物品箱,小型家具物品箱,itemName_1011,itemName_1011,itemDesc_1011,[7],22,4,8000,0,0,0,0,"[10,5]",5,[[0]],1,0,[101],[0],[[0]],0,[0],icon_bx_01,iconitem7,0,0,[1004],0,[0],[0],[0],Cube,1,[503004],1,
1012,中型家具物品箱,中型家具物品箱,itemName_1012,itemName_1012,itemDesc_1012,[7],22,5,40000,0,0,0,0,"[10,5]",10,[[0]],1,0,[101],[0],[[0]],0,[0],icon_bx_01,iconitem7,0,0,[1004],0,[0],[0],[0],Cube,1,[503005],1,
1013,典藏家具物品箱,典藏家具物品箱,itemName_1013,itemName_1013,itemDesc_1013,[7],22,6,160000,0,0,0,0,"[10,5]",15,[[0]],1,0,[101],[0],[[0]],0,[0],icon_bx_01,iconitem7,0,0,[1004],0,[0],[0],[0],Cube,1,[503006],1,
1021,小型医疗药品箱,小型医疗药品箱,itemName_1021,itemName_1021,itemDesc_1021,[7],22,4,8000,0,0,0,0,"[10,5]",5,[[0]],1,0,[102],[0],[[0]],0,[0],icon_bx_02,iconitem7,0,0,[1004],0,[0],[0],[0],Cube,1,[503007],1,
1022,中型医疗药品箱,中型医疗药品箱,itemName_1022,itemName_1022,itemDesc_1022,[7],22,5,40000,0,0,0,0,"[10,5]",10,[[0]],1,0,[102],[0],[[0]],0,[0],icon_bx_02,iconitem7,0,0,[1004],0,[0],[0],[0],Cube,1,[503008],1,
1023,典藏医疗药品箱,典藏医疗药品箱,itemName_1023,itemName_1023,itemDesc_1023,[7],22,6,160000,0,0,0,0,"[10,5]",15,[[0]],1,0,[102],[0],[[0]],0,[0],icon_bx_02,iconitem7,0,0,[1004],0,[0],[0],[0],Cube,1,[503009],1,
1031,小型时尚潮流箱,小型时尚潮流箱,itemName_1031,itemName_1031,itemDesc_1031,[7],22,4,8000,0,0,0,0,"[10,5]",5,[[0]],1,0,[103],[0],[[0]],0,[0],icon_bx_03,iconitem7,0,0,[1004],0,[0],[0],[0],Cube,1,[503010],1,
1032,中型时尚潮流箱,中型时尚潮流箱,itemName_1032,itemName_1032,itemDesc_1032,[7],22,5,40000,0,0,0,0,"[10,5]",10,[[0]],1,0,[103],[0],[[0]],0,[0],icon_bx_03,iconitem7,0,0,[1004],0,[0],[0],[0],Cube,1,[503011],1,
1033,典藏时尚潮流箱,典藏时尚潮流箱,itemName_1033,itemName_1033,itemDesc_1033,[7],22,6,160000,0,0,0,0,"[10,5]",15,[[0]],1,0,[103],[0],[[0]],0,[0],icon_bx_03,iconitem7,0,0,[1004],0,[0],[0],[0],Cube,1,[503012],1,
1041,小型兵装军火箱,小型兵装军火箱,itemName_1041,itemName_1041,itemDesc_1041,[7],22,4,8000,0,0,0,0,"[10,5]",5,[[0]],1,0,[104],[0],[[0]],0,[0],icon_bx_04,iconitem7,0,0,[1004],0,[0],[0],[0],Cube,1,[503013],1,
1042,中型兵装军火箱,中型兵装军火箱,itemName_1042,itemName_1042,itemDesc_1042,[7],22,5,40000,0,0,0,0,"[10,5]",10,[[0]],1,0,[104],[0],[[0]],0,[0],icon_bx_04,iconitem7,0,0,[1004],0,[0],[0],[0],Cube,1,[503014],1,
1043,典藏兵装军火箱,典藏兵装军火箱,itemName_1043,itemName_1043,itemDesc_1043,[7],22,6,160000,0,0,0,0,"[10,5]",15,[[0]],1,0,[104],[0],[[0]],0,[0],icon_bx_04,iconitem7,0,0,[1004],0,[0],[0],[0],Cube,1,[503015],1,
1051,小型珠宝矿藏箱,小型珠宝矿藏箱,itemName_1051,itemName_1051,itemDesc_1051,[7],22,4,8000,0,0,0,0,"[10,5]",5,[[0]],1,0,[105],[0],[[0]],0,[0],icon_bx_05,iconitem7,0,0,[1004],0,[0],[0],[0],Cube,1,[503016],1,
1052,中型珠宝矿藏箱,中型珠宝矿藏箱,itemName_1052,itemName_1052,itemDesc_1052,[7],22,5,40000,0,0,0,0,"[10,5]",10,[[0]],1,0,[105],[0],[[0]],0,[0],icon_bx_05,iconitem7,0,0,[1004],0,[0],[0],[0],Cube,1,[503017],1,
1053,典藏珠宝矿藏箱,典藏珠宝矿藏箱,itemName_1053,itemName_1053,itemDesc_1053,[7],22,6,160000,0,0,0,0,"[10,5]",15,[[0]],1,0,[105],[0],[[0]],0,[0],icon_bx_05,iconitem7,0,0,[1004],0,[0],[0],[0],Cube,1,[503018],1,
1061,小型文物古董箱,小型文物古董箱,itemName_1061,itemName_1061,itemDesc_1061,[7],22,4,8000,0,0,0,0,"[10,5]",5,[[0]],1,0,[106],[0],[[0]],0,[0],icon_bx_06,iconitem7,0,0,[1004],0,[0],[0],[0],Cube,1,[503019],1,
1062,中型型文物古董箱,中型型文物古董箱,itemName_1062,itemName_1062,itemDesc_1062,[7],22,5,40000,0,0,0,0,"[10,5]",10,[[0]],1,0,[106],[0],[[0]],0,[0],icon_bx_06,iconitem7,0,0,[1004],0,[0],[0],[0],Cube,1,[503020],1,
1063,典藏文物古董箱,典藏文物古董箱,itemName_1063,itemName_1063,itemDesc_1063,[7],22,6,160000,0,0,0,0,"[10,5]",15,[[0]],1,0,[106],[0],[[0]],0,[0],icon_bx_06,iconitem7,0,0,[1004],0,[0],[0],[0],Cube,1,[503021],1,
1071,小型数码娱乐箱,小型数码娱乐箱,itemName_1071,itemName_1071,itemDesc_1071,[7],22,4,8000,0,0,0,0,"[10,5]",5,[[0]],1,0,[107],[0],[[0]],0,[0],icon_bx_07,iconitem7,0,0,[1004],0,[0],[0],[0],Cube,1,[503022],1,
1072,中型数码娱乐箱,中型数码娱乐箱,itemName_1072,itemName_1072,itemDesc_1072,[7],22,5,40000,0,0,0,0,"[10,5]",10,[[0]],1,0,[107],[0],[[0]],0,[0],icon_bx_07,iconitem7,0,0,[1004],0,[0],[0],[0],Cube,1,[503023],1,
1073,典藏数码娱乐箱,典藏数码娱乐箱,itemName_1073,itemName_1073,itemDesc_1073,[7],22,6,160000,0,0,0,0,"[10,5]",15,[[0]],1,0,[107],[0],[[0]],0,[0],icon_bx_07,iconitem7,0,0,[1004],0,[0],[0],[0],Cube,1,[503024],1,
1081,小型能源交通箱,小型能源交通箱,itemName_1081,itemName_1081,itemDesc_1081,[7],22,4,8000,0,0,0,0,"[10,5]",5,[[0]],1,0,[108],[0],[[0]],0,[0],icon_bx_08,iconitem7,0,0,[1004],0,[0],[0],[0],Cube,1,[503025],1,
1082,中型能源交通箱,中型能源交通箱,itemName_1082,itemName_1082,itemDesc_1082,[7],22,5,40000,0,0,0,0,"[10,5]",10,[[0]],1,0,[108],[0],[[0]],0,[0],icon_bx_08,iconitem7,0,0,[1004],0,[0],[0],[0],Cube,1,[503026],1,
1083,典藏能源交通箱,典藏能源交通箱,itemName_1083,itemName_1083,itemDesc_1083,[7],22,6,160000,0,0,0,0,"[10,5]",15,[[0]],1,0,[108],[0],[[0]],0,[0],icon_bx_08,iconitem7,0,0,[1004],0,[0],[0],[0],Cube,1,[503027],1,
1091,小型食饮珍馐箱,小型食饮珍馐箱,itemName_1091,itemName_1091,itemDesc_1091,[7],22,4,8000,0,0,0,0,"[10,5]",5,[[0]],1,0,[109],[0],[[0]],0,[0],icon_bx_09,iconitem7,0,0,[1004],0,[0],[0],[0],Cube,1,[503028],1,
1092,中型食饮珍馐箱,中型食饮珍馐箱,itemName_1092,itemName_1092,itemDesc_1092,[7],22,5,40000,0,0,0,0,"[10,5]",10,[[0]],1,0,[109],[0],[[0]],0,[0],icon_bx_09,iconitem7,0,0,[1004],0,[0],[0],[0],Cube,1,[503029],1,
1093,典藏食饮珍馐箱,典藏食饮珍馐箱,itemName_1093,itemName_1093,itemDesc_1093,[7],22,6,160000,0,0,0,0,"[10,5]",15,[[0]],1,0,[109],[0],[[0]],0,[0],icon_bx_09,iconitem7,0,0,[1004],0,[0],[0],[0],Cube,1,[503030],1,
1101,小型书画古籍箱,小型书画古籍箱,itemName_1101,itemName_1101,itemDesc_1101,[7],22,4,8000,0,0,0,0,"[10,5]",5,[[0]],1,0,[110],[0],[[0]],0,[0],icon_bx_10,iconitem7,0,0,[1004],0,[0],[0],[0],Cube,1,[503031],1,
1102,中型书画古籍箱,中型书画古籍箱,itemName_1102,itemName_1102,itemDesc_1102,[7],22,5,40000,0,0,0,0,"[10,5]",10,[[0]],1,0,[110],[0],[[0]],0,[0],icon_bx_10,iconitem7,0,0,[1004],0,[0],[0],[0],Cube,1,[503032],1,
1103,典藏书画古籍箱,典藏书画古籍箱,itemName_1103,itemName_1103,itemDesc_1103,[7],22,6,160000,0,0,0,0,"[10,5]",15,[[0]],1,0,[110],[0],[[0]],0,[0],icon_bx_10,iconitem7,0,0,[1004],0,[0],[0],[0],Cube,1,[503033],1,
3001,鱼,凶恶的鱼,emoji_name_201,emoji_name_201,emoji_desc_201,[3],0,3,1000,0,0,0,0,"[10,5]",0,[[0]],999,0,[0],[0],[[0]],0,[0],icon_3001,iconitem1,0,0,[0],0,[0],[0],[0],Cube,1,[0],0,
3002,鸡,看起来很美的鸡,emoji_name_202,emoji_name_202,emoji_desc_202,[3],0,3,1000,0,0,0,0,"[10,5]",0,[[0]],999,0,[0],[0],[[0]],0,[0],icon_3002,iconitem1,0,0,[0],0,[0],[0],[0],Cube,1,[0],0,
3003,小丑,小丑专属面具,emoji_name_203,emoji_name_203,emoji_desc_203,[3],0,3,1000,0,0,0,0,"[10,5]",0,[[0]],999,0,[0],[0],[[0]],0,[0],icon_3003,iconitem1,0,0,[0],0,[0],[0],[0],Cube,1,[0],0,
3004,雪花,晶莹剔透,emoji_name_204,emoji_name_204,emoji_desc_204,[3],0,3,1000,0,0,0,0,"[10,5]",0,[[0]],999,0,[0],[0],[[0]],0,[0],icon_3004,iconitem1,0,0,[0],0,[0],[0],[0],Cube,1,[0],0,
3005,番茄,多汁的番茄,emoji_name_205,emoji_name_205,emoji_desc_205,[3],0,3,1000,0,0,0,0,"[10,5]",0,[[0]],999,0,[0],[0],[[0]],0,[0],icon_3005,iconitem1,0,0,[0],0,[0],[0],[0],Cube,1,[0],0,
3006,弹幕,一些信息,emoji_name_206,emoji_name_206,emoji_desc_206,[3],0,3,1000,0,0,0,0,"[10,5]",0,[[0]],999,0,[0],[0],[[0]],0,[0],icon_3006,iconitem1,0,0,[0],0,[0],[0],[0],Cube,1,[0],0,
3007,碎屏,屏幕好像裂开了,emoji_name_207,emoji_name_207,emoji_desc_207,[3],0,3,1000,0,0,0,0,"[10,5]",0,[[0]],999,0,[0],[0],[[0]],0,[0],icon_3007,iconitem1,0,0,[0],0,[0],[0],[0],Cube,1,[0],0,
3008,墨鱼,人畜无害的墨鱼,emoji_name_208,emoji_name_208,emoji_desc_208,[3],0,3,1000,0,0,0,0,"[10,5]",0,[[0]],999,0,[0],[0],[[0]],0,[0],icon_3008,iconitem1,0,0,[0],0,[0],[0],[0],Cube,1,[0],0,
3009,表情道具test009,发送表情，需要的道具test009,itemName_3009,itemName_3009,itemDesc_3009,[3],0,3,0,0,0,0,0,"[10,5]",0,[[0]],999,0,[0],[0],[[0]],0,[0],icon_3,iconitem1,0,0,[0],0,[0],[0],[0],Cube,1,[0],0,
6001,杂货柜,杂货柜,Cabinet_6001,Cabinet_6001,itemDesc_6001,[6],0,5,0,0,0,0,0,"[100,10]",0,[[0]],0,0,[0],[0],[[0]],0,[0],ui_storage_icon_2_0,CabinetIcon,0,0,[0],0,[0],[0],[0],Cube,0,[0],0,
6002,高级杂货柜,高级杂货柜,Cabinet_7001,Cabinet_7001,Cabinet_Desc_7001,[6],0,6,0,0,0,0,0,"[100,10]",0,[[0]],0,0,[0],[0],[[0]],0,[0],ui_storage_icon_2_0,CabinetIcon,0,0,[0],0,[0],[0],[0],Cube,0,[0],0,
6101,家具柜,家具柜,Cabinet_6101,Cabinet_6101,itemDesc_6101,[6],0,5,0,0,0,0,0,"[100,10]",0,[[0]],0,0,[0],[0],[[0]],0,[0],ui_storage_icon_2_1,CabinetIcon,0,0,[0],0,[0],[0],[0],Cube,0,[0],0,
6102,医疗用品柜,医疗用品柜,Cabinet_6102,Cabinet_6102,itemDesc_6102,[6],0,5,0,0,0,0,0,"[100,10]",0,[[0]],0,0,[0],[0],[[0]],0,[0],ui_storage_icon_2_2,CabinetIcon,0,0,[0],0,[0],[0],[0],Cube,0,[0],0,
6103,欧式潮流柜,欧式潮流柜,Cabinet_6103,Cabinet_6103,itemDesc_6103,[6],0,5,0,0,0,0,0,"[100,10]",0,[[0]],0,0,[0],[0],[[0]],0,[0],ui_storage_icon_2_3,CabinetIcon,0,0,[0],0,[0],[0],[0],Cube,0,[0],0,
6104,武器柜,武器柜,Cabinet_6104,Cabinet_6104,itemDesc_6104,[6],0,5,0,0,0,0,0,"[100,10]",0,[[0]],0,0,[0],[0],[[0]],0,[0],ui_storage_icon_2_4,CabinetIcon,0,0,[0],0,[0],[0],[0],Cube,0,[0],0,
6105,奢华珠宝柜,奢华珠宝柜,Cabinet_6105,Cabinet_6105,itemDesc_6105,[6],0,5,0,0,0,0,0,"[100,10]",0,[[0]],0,0,[0],[0],[[0]],0,[0],ui_storage_icon_2_5,CabinetIcon,0,0,[0],0,[0],[0],[0],Cube,0,[0],0,
6106,中式古董柜,中式古董柜,Cabinet_6106,Cabinet_6106,itemDesc_6106,[6],0,5,0,0,0,0,0,"[100,10]",0,[[0]],0,0,[0],[0],[[0]],0,[0],ui_storage_icon_2_6,CabinetIcon,0,0,[0],0,[0],[0],[0],Cube,0,[0],0,
6107,数码产品柜,数码产品柜,Cabinet_6107,Cabinet_6107,itemDesc_6107,[6],0,5,0,0,0,0,0,"[100,10]",0,[[0]],0,0,[0],[0],[[0]],0,[0],ui_storage_icon_2_7,CabinetIcon,0,0,[0],0,[0],[0],[0],Cube,0,[0],0,
6108,能源金属柜,能源金属柜,Cabinet_6108,Cabinet_6108,itemDesc_6108,[6],0,5,0,0,0,0,0,"[100,10]",0,[[0]],0,0,[0],[0],[[0]],0,[0],ui_storage_icon_2_8,CabinetIcon,0,0,[0],0,[0],[0],[0],Cube,0,[0],0,
6109,日式食储柜,日式食储柜,Cabinet_6109,Cabinet_6109,itemDesc_6109,[6],0,5,0,0,0,0,0,"[100,10]",0,[[0]],0,0,[0],[0],[[0]],0,[0],ui_storage_icon_2_9,CabinetIcon,0,0,[0],0,[0],[0],[0],Cube,0,[0],0,
6110,书画古籍柜,书画古籍柜,Cabinet_6110,Cabinet_6110,itemDesc_6110,[6],0,5,0,0,0,0,0,"[100,10]",0,[[0]],0,0,[0],[0],[[0]],0,[0],ui_storage_icon_2_10,CabinetIcon,0,0,[0],0,[0],[0],[0],Cube,0,[0],0,
7001,初级道具箱,随机获得1个道具（有概率获得蓝色道具）,itemName_7001,itemName_7001,itemDesc_7001,[4],0,3,0,0,0,0,0,"[10,5]",0,[[0]],999,0,[0],[0],[[0]],7001,"[7901,7902,7903]",icon_box_7001,iconitem7,0,0,[0],0,[0],[0],[0],Cube,1,[0],0,
7002,中级道具箱,随机获得1个道具（有概率获得紫色道具）,itemName_7002,itemName_7002,itemDesc_7002,[4],0,4,0,0,0,0,0,"[10,5]",0,[[0]],999,0,[0],[0],[[0]],7002,"[7901,7902,7903,7904]",icon_box_7002,iconitem7,0,0,[0],0,[0],[0],[0],Cube,1,[0],0,
7003,高级道具箱,随机获得1个道具（低概率获得橙色道具）,itemName_7003,itemName_7003,itemDesc_7003,[4],0,5,0,0,0,0,0,"[10,5]",0,[[0]],999,0,[0],[0],[[0]],7003,"[7901,7902,7903,7904,7905]",icon_box_7003,iconitem7,0,0,[0],0,[0],[0],[0],Cube,1,[0],0,
7004,大师级道具箱,随机获得1个道具（极低概率获得红色道具）,itemName_7004,itemName_7004,itemDesc_7004,[4],0,6,0,0,0,0,0,"[10,5]",0,[[0]],999,0,[0],[0],[[0]],7004,"[7901,7902,7903,7904,7905,7906]",icon_box_7004,iconitem7,0,0,[0],0,[0],[0],[0],Cube,1,[0],0,
7011,时光礼盒1期,随机获得1个物品（极低概率获得称号）,itemName_7011,itemName_7011,itemDesc_7011,[4],0,6,0,0,0,0,0,"[100,5]",0,[[0]],999,0,[0],[0],[[0]],7011,"[250003,250008,250011,250012,7907,7908,7909,7910,7901,7902,7903,7904,7905,7906,7912,7911]",icon_box_7011,iconitem7,0,0,[1004],0,[0],[0],[0],Cube,1,[505001],0,
7012,纪念礼盒1期,随机获得1个物品（极低概率获得头像）,itemName_7012,itemName_7012,itemDesc_7012,[4],0,6,0,0,0,0,0,"[100,5]",0,[[0]],999,0,[0],[0],[[0]],7012,"[220002,220003,220004,220005,7907,7908,7909,7910,7901,7902,7903,7904,7905,7906,7912,7911]",icon_box_7012,iconitem7,0,0,[1004],0,[0],[0],[0],Cube,1,[505002],0,
7013,珍藏礼盒1期,随机获得1个物品（极低概率获得头像框）,itemName_7013,itemName_7013,itemDesc_7013,[4],0,6,0,0,0,0,0,"[100,5]",0,[[0]],999,0,[0],[0],[[0]],7013,"[240006,240007,240008,240004,7907,7908,7909,7910,7901,7902,7903,7904,7905,7906,7912,7911]",icon_box_7013,iconitem7,0,0,[1004],0,[0],[0],[0],Cube,1,[505003],0,
7014,时光礼盒2期,随机获得1个物品（极低概率获得称号）,itemName_7014,itemName_7014,itemDesc_7014,[4],0,6,0,0,0,0,0,"[100,5]",0,[[0]],999,0,[0],[0],[[0]],7014,"[250027,250028,250029,250030,7907,7908,7909,7910,7901,7902,7903,7904,7905,7906,7912,7911]",icon_box_7014,iconitem7,0,0,[1004],0,[0],[0],[0],Cube,1,[505004],0,
7015,纪念礼盒2期,随机获得1个物品（极低概率获得头像）,itemName_7015,itemName_7015,itemDesc_7015,[4],0,6,0,0,0,0,0,"[100,5]",0,[[0]],999,0,[0],[0],[[0]],7015,"[220006,220007,220008,220009,7907,7908,7909,7910,7901,7902,7903,7904,7905,7906,7912,7911]",icon_box_7015,iconitem7,0,0,[1004],0,[0],[0],[0],Cube,1,[505005],0,
7016,珍藏礼盒2期,随机获得1个物品（极低概率获得头像框）,itemName_7016,itemName_7016,itemDesc_7016,[4],0,6,0,0,0,0,0,"[100,5]",0,[[0]],999,0,[0],[0],[[0]],7016,"[240012,240013,240014,240015,7907,7908,7909,7910,7901,7902,7903,7904,7905,7906,7912,7911]",icon_box_7016,iconitem7,0,0,[1004],0,[0],[0],[0],Cube,1,[505006],0,
7101,角色自选礼盒基础款,初始17个角色自选礼盒,itemName_7101,itemName_7101,itemDesc_7101,[5],0,6,0,0,0,0,0,"[10,5]",0,[[0]],1,0,[0],[0],"[[150101,1],[150102,1],[150103,1],[150104,1],[150105,1],[150106,1],[150107,1],[150108,1],[150109,1],[150110,1],[150201,1],[150202,1],[150203,1],[150204,1],[150205,1],[150206,1],[150207,1],[150208,1],[150209,1],[150301,1]]",0,[0],icon_box_7101,iconitem7,0,0,[0],0,[0],[0],[0],Cube,1,[0],0,
7102,皮肤自选礼盒基础款,初始17个角色皮肤自选礼盒,itemName_7102,itemName_7102,itemDesc_7102,[5],0,6,0,0,0,0,0,"[10,5]",0,[[0]],1,0,[0],[0],"[[1410101,1],[1410201,1],[1410301,1],[1410401,1],[1410501,1],[1410601,1],[1410701,1],[1410801,1],[1410901,1],[1411001,1],[1420101,1],[1420201,1],[1420301,1],[1420401,1],[1420501,1],[1420601,1],[1420701,1],[1420801,1],[1420901,1],[1430101,1],[1420802,1]]",0,[0],icon_box_7102,iconitem7,0,0,[0],0,[0],[0],[0],Cube,1,[0],0,
7103,DCL礼包,金币X200，银币X200W，角色自选礼盒X2,itemName_7103,itemName_7103,itemDesc_7103,[4],0,6,0,0,0,0,0,"[100,5]",0,[[0]],999,0,[0],[0],[[0]],7103,"[1,2,7101]",icon_box_7103,iconitem7,0,0,[0],0,[0],[0],[0],Cube,1,[0],0,
7104,银币箱子,随机获得1000000-1500000银币,itemName_7104,itemName_7104,itemDesc_7104,[4],0,6,0,0,0,0,0,"[10,5]",0,[[0]],999,0,[0],[0],[[0]],7104,[1],icon_box_7104,iconitem7,0,0,[0],0,[0],[0],[0],Cube,1,[0],0,
7105,小袋银币,随机获得5000-30000银币,itemName_7105,itemName_7105,itemDesc_7105,[4],0,5,0,0,0,0,0,"[10,5]",0,[[0]],999,0,[0],[0],[[0]],7105,[1],icon_box_7105,iconitem7,0,0,[0],0,[0],[0],[0],Cube,1,[0],0,
7106,表情自选,表情自选,itemName_7106,itemName_7106,itemDesc_7106,[5],0,5,0,0,0,0,0,"[10,5]",0,[[0]],1,0,[0],[0],"[[3001,1],[3002,1],[3003,1],[3004,1],[3005,1],[3006,1],[3007,1],[3008,1]]",0,[0],icon_3001,iconitem1,0,0,[0],0,[0],[0],[0],Cube,1,[0],0,
7107,体验卡自选,体验卡自选,itemName_7107,itemName_7107,itemDesc_7107,[5],0,5,0,0,0,0,0,"[10,5]",0,[[0]],1,0,[0],[0],"[[8101,1],[8102,1],[8103,1],[8105,1],[8106,1],[8109,1],[8110,1],[8111,1],[8112,1],[8113,1],[8114,1],[8115,1],[8116,1],[8117,1],[8118,1],[8119,1],[8120,1]]",0,[0],icon_trialcard_8101,iconitem1,0,0,[0],0,[0],[0],[0],Cube,1,[0],0,
7108,生肖藏品自选,生肖藏品自选,itemName_7108,itemName_7108,itemDesc_7108,[5],0,5,0,0,0,0,0,"[10,5]",0,[[0]],1,0,[0],[0],"[[1306003,1],[1306004,1],[1306005,1],[1306006,1],[1306007,1],[1306008,1],[1306009,1],[1306010,1],[1306011,1],[1306012,1],[1306013,1],[1306014,1]]",0,[0],icon_1306003,iconitem130,0,0,[0],0,[0],[0],[0],Cube,1,[0],0,
7109,S1藏品自选,S1藏品自选,itemName_7109,itemName_7109,itemDesc_7109,[5],0,6,0,0,0,0,0,"[10,5]",0,[[0]],10,0,[0],[0],"[[1006002,1],[1006003,1],[1006004,1],[1006005,1],[1006006,1],[1006007,1]]",0,"[1006002,1006003,1006004,1006005,1006006,1006007]",icon_box_s1,iconitem7,0,0,[0],0,[0],[0],[0],Cube,1,[0],0,
7201,通行证1期礼盒,通行证1期-双蟾纳宝礼盒,itemName_7201,itemName_7201,itemDesc_7201,[4],0,6,0,0,0,0,0,"[100,5]",0,[[0]],999,0,[0],[0],[[0]],7201,"[1306001,7907,7908,7909,7910,7901,7902,7903,7904,7905,7906,7912,7911]",icon_box_7201,iconitem7,0,0,"[1006,1004]",0,[0],[0],[0],Cube,1,[505004],0,
7202,通行证2期礼盒,通行证1期-聚财金盆礼盒,itemName_7202,itemName_7202,itemDesc_7202,[4],0,6,0,0,0,0,0,"[100,5]",0,[[0]],999,0,[0],[0],[[0]],7202,"[1306002,7907,7908,7909,7910,7901,7902,7903,7904,7905,7906,7912,7911]",icon_box_7202,iconitem7,0,0,"[1006,1004]",0,[0],[0],[0],Cube,1,[505005],0,
7203,,,itemName_7203,itemName_7203,itemDesc_7203,[4],0,6,0,0,0,0,0,"[100,5]",0,[[0]],999,0,[0],[0],[[0]],7203,[1306016],icon_box_7203,iconitem7,0,0,"[1006,1004]",0,[0],[0],[0],Cube,1,[505005],0,
7901,白色道具,【占位道具不要使用】仅显示图标，描述，名字用，无作用的道具,itemName_7901,itemName_7901,itemDesc_7901,[4],0,1,0,0,0,0,0,"[10,5]",0,[[0]],1,0,[0],[0],[[0]],0,[0],icon_201,iconitem11,0,0,[0],0,[0],[0],[0],Cube,0,[0],0,
7902,绿色道具,【占位道具不要使用】仅显示图标，描述，名字用，无作用的道具,itemName_7902,itemName_7902,itemDesc_7902,[4],0,2,0,0,0,0,0,"[10,5]",0,[[0]],1,0,[0],[0],[[0]],0,[0],icon_202,iconitem11,0,0,[0],0,[0],[0],[0],Cube,0,[0],0,
7903,蓝色道具,【占位道具不要使用】仅显示图标，描述，名字用，无作用的道具,itemName_7903,itemName_7903,itemDesc_7903,[4],0,3,0,0,0,0,0,"[10,5]",0,[[0]],1,0,[0],[0],[[0]],0,[0],icon_203,iconitem11,0,0,[0],0,[0],[0],[0],Cube,0,[0],0,
7904,紫色道具,【占位道具不要使用】仅显示图标，描述，名字用，无作用的道具,itemName_7904,itemName_7904,itemDesc_7904,[4],0,4,0,0,0,0,0,"[10,5]",0,[[0]],1,0,[0],[0],[[0]],0,[0],icon_204,iconitem11,0,0,[0],0,[0],[0],[0],Cube,0,[0],0,
7905,金色道具,【占位道具不要使用】仅显示图标，描述，名字用，无作用的道具,itemName_7905,itemName_7905,itemDesc_7905,[4],0,5,0,0,0,0,0,"[10,5]",0,[[0]],1,0,[0],[0],[[0]],0,[0],icon_205,iconitem11,0,0,[0],0,[0],[0],[0],Cube,0,[0],0,
7906,红色道具,【占位道具不要使用】仅显示图标，描述，名字用，无作用的道具,itemName_7906,itemName_7906,itemDesc_7906,[4],0,6,0,0,0,0,0,"[10,5]",0,[[0]],1,0,[0],[0],[[0]],0,[0],icon_606,iconitem11,0,0,[0],0,[0],[0],[0],Cube,0,[0],0,
7907,收藏柜随机,【占位道具不要使用】仅显示图标，描述，名字用，无作用的道具,itemName_7907,itemName_7907,itemDesc_7907,[4],0,6,0,0,0,0,0,"[10,5]",0,[[0]],1,0,[0],[0],[[0]],0,[0],ui_storage_icon_260001,iconitem6,0,0,[0],0,[0],[0],[0],Cube,0,[0],0,
7908,背包随机,【占位道具不要使用】仅显示图标，描述，名字用，无作用的道具,itemName_7908,itemName_7908,itemDesc_7908,[4],0,6,0,0,0,0,0,"[10,5]",0,[[0]],1,0,[0],[0],[[0]],0,[0],icon_bx_01,iconitem7,0,0,[0],0,[0],[0],[0],Cube,0,[0],0,
7909,角色体验卡随机,【占位道具不要使用】仅显示图标，描述，名字用，无作用的道具,itemName_7909,itemName_7909,itemDesc_7909,[4],0,6,0,0,0,0,0,"[10,5]",0,[[0]],1,0,[0],[0],[[0]],0,[0],icon_trialcard_8120,iconitem1,0,0,[0],0,[0],[0],[0],Cube,0,[0],0,
7910,动态表情随机,【占位道具不要使用】仅显示图标，描述，名字用，无作用的道具,itemName_7910,itemName_7910,itemDesc_7910,[4],0,6,0,0,0,0,0,"[10,5]",0,[[0]],1,0,[0],[0],[[0]],0,[0],icon_3,iconitem1,0,0,[0],0,[0],[0],[0],Cube,0,[0],0,
7911,银币随机,【占位道具不要使用】仅显示图标，描述，名字用，无作用的道具,itemName_7911,itemName_7911,itemDesc_7911,[4],0,6,0,0,0,0,0,"[10,5]",0,[[0]],1,0,[0],[0],[[0]],0,[0],icon_1,iconitem1,0,0,[0],0,[0],[0],[0],Cube,0,[0],0,
7912,门票随机,【占位道具不要使用】仅显示图标，描述，名字用，无作用的道具,itemName_7912,itemName_7912,itemDesc_7912,[4],0,6,0,0,0,0,0,"[10,5]",0,[[0]],1,0,[0],[0],[[0]],0,[0],icon_101,iconitem1,0,0,[0],0,[0],[0],[0],Cube,0,[0],0,
8001,放大镜,每局游戏开始时，揭示5个任意藏品轮廓,itemName_8001,itemName_8001,itemDesc_8001,[8],0,3,0,0,0,0,0,"[10,5]",0,[[]],1,0,[8],[3001],[[0]],0,[0],icon_100,iconitem11,0,0,[0],0,[0],[0],[0],Cube,0,[0],0,
8002,家居目录,每局游戏开始时，揭示3个家具物品轮廓,itemName_8002,itemName_8002,itemDesc_8002,[8],0,3,0,0,0,0,0,"[10,5]",0,[[]],1,0,[8],[3002],[[0]],0,[0],icon_100,iconitem11,0,0,[0],0,[0],[0],[0],Cube,0,[0],0,
8003,药瓶标签,每局游戏开始时，揭示3个医疗药品轮廓,itemName_8003,itemName_8003,itemDesc_8003,[8],0,3,0,0,0,0,0,"[10,5]",0,[[]],1,0,[8],[3003],[[0]],0,[0],icon_100,iconitem11,0,0,[0],0,[0],[0],[0],Cube,0,[0],0,
8004,时尚杂志,每局游戏开始时，揭示3个时尚潮流轮廓,itemName_8004,itemName_8004,itemDesc_8004,[8],0,3,0,0,0,0,0,"[10,5]",0,[[]],1,0,[8],[3004],[[0]],0,[0],icon_100,iconitem11,0,0,[0],0,[0],[0],[0],Cube,0,[0],0,
8005,军刀鞘,每局游戏开始时，揭示3个兵装军火轮廓,itemName_8005,itemName_8005,itemDesc_8005,[8],0,3,0,0,0,0,0,"[10,5]",0,[[]],1,0,[8],[3005],[[0]],0,[0],icon_100,iconitem11,0,0,[0],0,[0],[0],[0],Cube,0,[0],0,
8006,宝石盒,每局游戏开始时，揭示3个珠宝矿藏轮廓,itemName_8006,itemName_8006,itemDesc_8006,[8],0,3,0,0,0,0,0,"[10,5]",0,[[]],1,0,[8],[3006],[[0]],0,[0],icon_100,iconitem11,0,0,[0],0,[0],[0],[0],Cube,0,[0],0,
8007,古董钟,每局游戏开始时，揭示3个文物古董轮廓,itemName_8007,itemName_8007,itemDesc_8007,[8],0,3,0,0,0,0,0,"[10,5]",0,[[]],1,0,[8],[3007],[[0]],0,[0],icon_100,iconitem11,0,0,[0],0,[0],[0],[0],Cube,0,[0],0,
8008,有线耳机,每局游戏开始时，揭示3个数码娱乐轮廓,itemName_8008,itemName_8008,itemDesc_8008,[8],0,3,0,0,0,0,0,"[10,5]",0,[[]],1,0,[8],[3008],[[0]],0,[0],icon_100,iconitem11,0,0,[0],0,[0],[0],[0],Cube,0,[0],0,
8009,电池芯,每局游戏开始时，揭示3个能源交通轮廓,itemName_8009,itemName_8009,itemDesc_8009,[8],0,3,0,0,0,0,0,"[10,5]",0,[[]],1,0,[8],[3009],[[0]],0,[0],icon_100,iconitem11,0,0,[0],0,[0],[0],[0],Cube,0,[0],0,
8010,酒瓶塞,每局游戏开始时，揭示3个食饮珍馐轮廓,itemName_8010,itemName_8010,itemDesc_8010,[8],0,3,0,0,0,0,0,"[10,5]",0,[[]],1,0,[8],[3010],[[0]],0,[0],icon_100,iconitem11,0,0,[0],0,[0],[0],[0],Cube,0,[0],0,
8011,古书页,每局游戏开始时，揭示3个书画古籍轮廓,itemName_8011,itemName_8011,itemDesc_8011,[8],0,3,0,0,0,0,0,"[10,5]",0,[[]],1,0,[8],[3011],[[0]],0,[0],icon_100,iconitem11,0,0,[0],0,[0],[0],[0],Cube,0,[0],0,
8012,鉴定证书,每局游戏开始时，揭示3个任意藏品品质,itemName_8012,itemName_8012,itemDesc_8012,[8],0,3,0,0,0,0,0,"[10,5]",0,[[]],1,0,[8],[3012],[[0]],0,[0],icon_100,iconitem11,0,0,[0],0,[0],[0],[0],Cube,0,[0],0,
8013,沙发标签,每局游戏开始时，揭示1个家具物品品质,itemName_8013,itemName_8013,itemDesc_8013,[8],0,3,0,0,0,0,0,"[10,5]",0,[[]],1,0,[8],[3013],[[0]],0,[0],icon_100,iconitem11,0,0,[0],0,[0],[0],[0],Cube,0,[0],0,
8014,药瓶说明,每局游戏开始时，揭示1个医疗药品品质,itemName_8014,itemName_8014,itemDesc_8014,[8],0,3,0,0,0,0,0,"[10,5]",0,[[]],1,0,[8],[3014],[[0]],0,[0],icon_100,iconitem11,0,0,[0],0,[0],[0],[0],Cube,0,[0],0,
8015,手袋标签,每局游戏开始时，揭示1个时尚潮流品质,itemName_8015,itemName_8015,itemDesc_8015,[8],0,3,0,0,0,0,0,"[10,5]",0,[[]],1,0,[8],[3015],[[0]],0,[0],icon_100,iconitem11,0,0,[0],0,[0],[0],[0],Cube,0,[0],0,
8016,军刀鉴定,每局游戏开始时，揭示1个兵装军火品质,itemName_8016,itemName_8016,itemDesc_8016,[8],0,3,0,0,0,0,0,"[10,5]",0,[[]],1,0,[8],[3016],[[0]],0,[0],icon_100,iconitem11,0,0,[0],0,[0],[0],[0],Cube,0,[0],0,
8017,宝石证书,每局游戏开始时，揭示1个珠宝矿藏品质,itemName_8017,itemName_8017,itemDesc_8017,[8],0,3,0,0,0,0,0,"[10,5]",0,[[]],1,0,[8],[3017],[[0]],0,[0],icon_100,iconitem11,0,0,[0],0,[0],[0],[0],Cube,0,[0],0,
8018,文物报告,每局游戏开始时，揭示1个文物古董品质,itemName_8018,itemName_8018,itemDesc_8018,[8],0,3,0,0,0,0,0,"[10,5]",0,[[]],1,0,[8],[3018],[[0]],0,[0],icon_100,iconitem11,0,0,[0],0,[0],[0],[0],Cube,0,[0],0,
8019,游戏标签,每局游戏开始时，揭示1个数码娱乐品质,itemName_8019,itemName_8019,itemDesc_8019,[8],0,3,0,0,0,0,0,"[10,5]",0,[[]],1,0,[8],[3019],[[0]],0,[0],icon_100,iconitem11,0,0,[0],0,[0],[0],[0],Cube,0,[0],0,
8020,轮胎标签,每局游戏开始时，揭示1个能源交通品质,itemName_8020,itemName_8020,itemDesc_8020,[8],0,3,0,0,0,0,0,"[10,5]",0,[[]],1,0,[8],[3020],[[0]],0,[0],icon_100,iconitem11,0,0,[0],0,[0],[0],[0],Cube,0,[0],0,
8021,巧克力标签,每局游戏开始时，揭示1个食饮珍馐品质,itemName_8021,itemName_8021,itemDesc_8021,[8],0,3,0,0,0,0,0,"[10,5]",0,[[]],1,0,[8],[3021],[[0]],0,[0],icon_100,iconitem11,0,0,[0],0,[0],[0],[0],Cube,0,[0],0,
8022,画轴证书,每局游戏开始时，揭示1个书画古籍品质,itemName_8022,itemName_8022,itemDesc_8022,[8],0,3,0,0,0,0,0,"[10,5]",0,[[]],1,0,[8],[3022],[[0]],0,[0],icon_100,iconitem11,0,0,[0],0,[0],[0],[0],Cube,0,[0],0,
8023,计时沙漏,每次回合开始时，揭示1个任意藏品品质,itemName_8023,itemName_8023,itemDesc_8023,[8],0,3,0,0,0,0,0,"[10,5]",0,[[]],1,0,[8],[3023],[[0]],0,[0],icon_100,iconitem11,0,0,[0],0,[0],[0],[0],Cube,0,[0],0,
8024,转盘轮,在奇数回合，随机揭示1个藏品轮廓，在偶数回合，随机揭示一个藏品品质,itemName_8024,itemName_8024,itemDesc_8024,[8],0,3,0,0,0,0,0,"[10,5]",0,[[]],1,0,[8],"[3024,3025]",[[0]],0,[0],icon_100,iconitem11,0,0,[0],0,[0],[0],[0],Cube,0,[0],0,
8025,拉环扣,每次使用道具时，揭示1个藏品的轮廓,itemName_8025,itemName_8025,itemDesc_8025,[8],0,3,0,0,0,0,0,"[10,5]",0,[[]],1,0,[8],[3026],[[0]],0,[0],icon_100,iconitem11,0,0,[0],0,[0],[0],[0],Cube,0,[0],0,
8026,附加镜头,揭示轮廓时，额外增加1个揭示数量,itemName_8026,itemName_8026,itemDesc_8026,[8],0,3,0,0,0,0,0,"[10,5]",0,[[]],1,0,[8],[3027],[[0]],0,[0],icon_100,iconitem11,0,0,[0],0,[0],[0],[0],Cube,0,[0],0,
8027,额外证书,揭示品质时，额外增加1个揭示数量,itemName_8027,itemName_8027,itemDesc_8027,[8],0,3,0,0,0,0,0,"[10,5]",0,[[]],1,0,[8],[3028],[[0]],0,[0],icon_100,iconitem11,0,0,[0],0,[0],[0],[0],Cube,0,[0],0,
8028,轮廓图纸,游戏开始时，获得藏品整体轮廓(外边缘),itemName_8028,itemName_8028,itemDesc_8028,[8],0,3,0,0,0,0,0,"[10,5]",0,[[]],1,0,[8],[3029],[[0]],0,[0],icon_100,iconitem11,0,0,[0],0,[0],[0],[0],Cube,0,[0],0,
8029,抽奖票,揭示任意藏品轮廓时，10%概率直接显示其品质。,itemName_8029,itemName_8029,itemDesc_8029,[8],0,3,0,0,0,0,0,"[10,5]",0,[[]],1,0,[8],[3030],[[0]],0,[0],icon_100,iconitem11,0,0,[0],0,[0],[0],[0],Cube,0,[0],0,
8030,家居百科,揭示家具物品轮廓时，30%概率直接显示其品质。,itemName_8030,itemName_8030,itemDesc_8030,[8],0,3,0,0,0,0,0,"[10,5]",0,[[]],1,0,[8],[3031],[[0]],0,[0],icon_100,iconitem11,0,0,[0],0,[0],[0],[0],Cube,0,[0],0,
8031,药品百科,揭示医疗药品轮廓时，30%概率直接显示其品质。,itemName_8031,itemName_8031,itemDesc_8031,[8],0,3,0,0,0,0,0,"[10,5]",0,[[]],1,0,[8],[3032],[[0]],0,[0],icon_100,iconitem11,0,0,[0],0,[0],[0],[0],Cube,0,[0],0,
8032,时尚百科,揭示时尚潮流轮廓时，30%概率直接显示其品质。,itemName_8032,itemName_8032,itemDesc_8032,[8],0,3,0,0,0,0,0,"[10,5]",0,[[]],1,0,[8],[3033],[[0]],0,[0],icon_100,iconitem11,0,0,[0],0,[0],[0],[0],Cube,0,[0],0,
8033,武器大全,揭示兵装军火轮廓时，30%概率直接显示其品质。,itemName_8033,itemName_8033,itemDesc_8033,[8],0,3,0,0,0,0,0,"[10,5]",0,[[]],1,0,[8],[3034],[[0]],0,[0],icon_100,iconitem11,0,0,[0],0,[0],[0],[0],Cube,0,[0],0,
8034,宝石大全,揭示珠宝矿藏轮廓时，30%概率直接显示其品质。,itemName_8034,itemName_8034,itemDesc_8034,[8],0,3,0,0,0,0,0,"[10,5]",0,[[]],1,0,[8],[3035],[[0]],0,[0],icon_100,iconitem11,0,0,[0],0,[0],[0],[0],Cube,0,[0],0,
8035,古董大全,揭示文物古董轮廓时，30%概率直接显示其品质。,itemName_8035,itemName_8035,itemDesc_8035,[8],0,3,0,0,0,0,0,"[10,5]",0,[[]],1,0,[8],[3036],[[0]],0,[0],icon_100,iconitem11,0,0,[0],0,[0],[0],[0],Cube,0,[0],0,
8036,游戏大全,揭示数码娱乐轮廓时，30%概率直接显示其品质。,itemName_8036,itemName_8036,itemDesc_8036,[8],0,3,0,0,0,0,0,"[10,5]",0,[[]],1,0,[8],[3037],[[0]],0,[0],icon_100,iconitem11,0,0,[0],0,[0],[0],[0],Cube,0,[0],0,
8037,交通大全,揭示能源交通轮廓时，30%概率直接显示其品质。,itemName_8037,itemName_8037,itemDesc_8037,[8],0,3,0,0,0,0,0,"[10,5]",0,[[]],1,0,[8],[3038],[[0]],0,[0],icon_100,iconitem11,0,0,[0],0,[0],[0],[0],Cube,0,[0],0,
8038,食谱大全,揭示食饮珍馐轮廓时，30%概率直接显示其品质。,itemName_8038,itemName_8038,itemDesc_8038,[8],0,3,0,0,0,0,0,"[10,5]",0,[[]],1,0,[8],[3039],[[0]],0,[0],icon_100,iconitem11,0,0,[0],0,[0],[0],[0],Cube,0,[0],0,
8039,古书大全,揭示书画古籍轮廓时，30%概率直接显示其品质。,itemName_8039,itemName_8039,itemDesc_8039,[8],0,3,0,0,0,0,0,"[10,5]",0,[[]],1,0,[8],[3040],[[0]],0,[0],icon_100,iconitem11,0,0,[0],0,[0],[0],[0],Cube,0,[0],0,
8040,角色卡牌,每局游戏开始时，随机使用其他角色的能力1次。,itemName_8040,itemName_8040,itemDesc_8040,[8],0,3,0,0,0,0,0,"[10,5]",0,[[]],1,0,[8],[3041],[[0]],0,[0],icon_100,iconitem11,0,0,[0],0,[0],[0],[0],Cube,0,[0],0,
8041,电话,每局游戏开始时，指定使用其他角色的能力1次。,itemName_8041,itemName_8041,itemDesc_8041,[8],0,3,0,0,0,0,0,"[10,5]",0,[[]],1,0,[8],[3042],[[0]],0,[0],icon_100,iconitem11,0,0,[0],0,[0],[0],[0],Cube,0,[0],0,
8042,显示屏,[使用消耗]显示所有当前已确定品质和轮廓的藏品。,itemName_8042,itemName_8042,itemDesc_8042,[8],0,3,0,0,0,0,0,"[10,5]",0,[[]],1,0,[8],[3043],[[0]],0,[0],icon_100,iconitem11,0,0,[0],0,[0],[0],[1],Cube,0,[0],0,
8043,扫描仪,[使用消耗]显示所有藏品的轮廓,itemName_8043,itemName_8043,itemDesc_8043,[8],0,3,0,0,0,0,0,"[10,5]",0,[[]],1,0,[8],[3044],[[0]],0,[0],icon_100,iconitem11,0,0,[0],0,[0],[0],[1],Cube,0,[0],0,
8044,评估报告,[使用消耗]显示所有藏品的品质,itemName_8044,itemName_8044,itemDesc_8044,[8],0,3,0,0,0,0,0,"[10,5]",0,[[]],1,0,[8],[3045],[[0]],0,[0],icon_100,iconitem11,0,0,[0],0,[0],[0],[1],Cube,0,[0],0,
8046,扩展包,每个回合可使用的道具数量+1,itemName_8046,itemName_8046,itemDesc_8046,[8],0,3,0,0,0,0,0,"[10,5]",0,[[]],1,0,[8],[3049],[[0]],0,[0],icon_100,iconitem11,0,0,[0],0,[0],[0],[0],Cube,0,[0],0,
8047,无限卡,[使用/消耗]本回合可使用的道具数量无上限,itemName_8047,itemName_8047,itemDesc_8047,[8],0,3,0,0,0,0,0,"[10,5]",0,[[]],1,0,[8],[3050],[[0]],0,[0],icon_100,iconitem11,0,0,[0],0,[0],[0],[1],Cube,0,[0],0,
8051,补给罐,道具消耗完时，立即随机获得一个道具,itemName_8051,itemName_8051,itemDesc_8051,[8],0,3,0,0,0,0,0,"[10,5]",0,[[]],1,0,[8],[3054],[[0]],0,[0],icon_100,iconitem11,0,0,[0],0,[0],[0],[0],Cube,0,[0],0,
8052,腰带槽,道具携带量+1,itemName_8052,itemName_8052,itemDesc_8052,[8],0,3,0,0,0,0,0,"[10,5]",0,[[]],1,0,[8],[3056],[[0]],0,[0],icon_100,iconitem11,0,0,[0],0,[0],[0],[0],Cube,0,[0],0,
8053,开局礼盒,每局游戏开始时，随机获得1个道具,itemName_8053,itemName_8053,itemDesc_8053,[8],0,3,0,0,0,0,0,"[10,5]",0,[[]],1,0,[8],[3065],[[0]],0,[0],icon_100,iconitem11,0,0,[0],0,[0],[0],[0],Cube,0,[0],0,
8054,清理刷,每回合开始时丢弃1个道具，,itemName_8054,itemName_8054,itemDesc_8054,[8],0,3,0,0,0,0,0,"[10,5]",0,[[]],1,0,[8],[3066],[[0]],0,[0],icon_100,iconitem11,0,0,[0],0,[0],[0],[0],Cube,0,[0],0,
8055,回合补包,每回合开始时获得1个道具，,itemName_8055,itemName_8055,itemDesc_8055,[8],0,3,0,0,0,0,0,"[10,5]",0,[[]],1,0,[8],[3067],[[0]],0,[0],icon_100,iconitem11,0,0,[0],0,[0],[0],[0],Cube,0,[0],0,
8056,跟屁虫,每次获得遗物时，50%额外获得1个道具,itemName_8056,itemName_8056,itemDesc_8056,[8],0,3,0,0,0,0,0,"[10,5]",0,[[]],1,0,[8],[3068],[[0]],0,[0],icon_100,iconitem11,0,0,[0],0,[0],[0],[0],Cube,0,[0],0,
8057,充电宝,揭示藏品轮廓获得一次充能，获得1个道具,itemName_8057,itemName_8057,itemDesc_8057,[8],0,3,0,0,0,0,0,"[10,5]",0,[[]],1,0,[8],"[3069,3071]",[[0]],0,[0],icon_100,iconitem11,0,0,[0],0,[0],[0],"[2,5,5]",Cube,0,[0],0,
8058,充电器,使用道具时获得一次充能，获得1个道具,itemName_8058,itemName_8058,itemDesc_8058,[8],0,3,0,0,0,0,0,"[10,5]",0,[[]],1,0,[8],"[3070,3071]",[[0]],0,[0],icon_100,iconitem11,0,0,[0],0,[0],[0],"[2,5,5]",Cube,0,[0],0,
8059,揭示镜,【使用/充能】每次获得家具物品藏品的完整信息时，获得1点充能，激活时，揭示一个已确定为家具物品藏品的完整信息。,itemName_8059,itemName_8059,itemDesc_8059,[8],0,3,0,0,0,0,0,"[10,5]",0,[[]],1,0,[8],"[3072,3082]",[[0]],0,[0],icon_100,iconitem11,0,0,[0],0,[0],[0],"[2,5,5]",Cube,0,[0],0,
8060,胶囊透视仪,【使用/充能】每次获得医疗药品藏品的完整信息时，获得1点充能，激活时，揭示一个已确定为医疗药品藏品的完整信息。,itemName_8060,itemName_8060,itemDesc_8060,[8],0,3,0,0,0,0,0,"[10,5]",0,[[]],1,0,[8],"[3073,3083]",[[0]],0,[0],icon_100,iconitem11,0,0,[0],0,[0],[0],"[2,5,5]",Cube,0,[0],0,
8061,点赞,【使用/充能】每次获得时尚潮流藏品的完整信息时，获得1点充能，激活时，揭示一个已确定为时尚潮流藏品的完整信息。,itemName_8061,itemName_8061,itemDesc_8061,[8],0,3,0,0,0,0,0,"[10,5]",0,[[]],1,0,[8],"[3074,3084]",[[0]],0,[0],icon_100,iconitem11,0,0,[0],0,[0],[0],"[2,5,5]",Cube,0,[0],0,
8062,空弹夹,【使用/充能】每次获得兵装军火藏品的完整信息时，获得1点充能，激活时，揭示一个已确定为兵装军火藏品的完整信息。,itemName_8062,itemName_8062,itemDesc_8062,[8],0,3,0,0,0,0,0,"[10,5]",0,[[]],1,0,[8],"[3075,3085]",[[0]],0,[0],icon_100,iconitem11,0,0,[0],0,[0],[0],"[2,5,5]",Cube,0,[0],0,
8063,矿石盘,【使用/充能】每次获得珠宝矿藏藏品的完整信息时，获得1点充能，激活时，揭示一个已确定为珠宝矿藏藏品的完整信息。,itemName_8063,itemName_8063,itemDesc_8063,[8],0,3,0,0,0,0,0,"[10,5]",0,[[]],1,0,[8],"[3076,3086]",[[0]],0,[0],icon_100,iconitem11,0,0,[0],0,[0],[0],"[2,5,5]",Cube,0,[0],0,
8064,存钱罐,【使用/充能】每次获得文物古董藏品的完整信息时，获得1点充能，激活时，揭示一个已确定为文物古董藏品的完整信息。,itemName_8064,itemName_8064,itemDesc_8064,[8],0,3,0,0,0,0,0,"[10,5]",0,[[]],1,0,[8],"[3077,3087]",[[0]],0,[0],icon_100,iconitem11,0,0,[0],0,[0],[0],"[2,5,5]",Cube,0,[0],0,
8065,游戏手柄,【使用/充能】每次获得数码娱乐藏品的完整信息时，获得1点充能，激活时，揭示一个已确定为数码娱乐藏品的完整信息。,itemName_8065,itemName_8065,itemDesc_8065,[8],0,3,0,0,0,0,0,"[10,5]",0,[[]],1,0,[8],"[3078,3088]",[[0]],0,[0],icon_100,iconitem11,0,0,[0],0,[0],[0],"[2,5,5]",Cube,0,[0],0,
8066,车钥匙,【使用/充能】每次获得能源交通藏品的完整信息时，获得1点充能，激活时，揭示一个已确定为能源交通藏品的完整信息。,itemName_8066,itemName_8066,itemDesc_8066,[8],0,3,0,0,0,0,0,"[10,5]",0,[[]],1,0,[8],"[3079,3089]",[[0]],0,[0],icon_100,iconitem11,0,0,[0],0,[0],[0],"[2,5,5]",Cube,0,[0],0,
8067,马卡龙,【使用/充能】每次获得食饮珍馐藏品的完整信息时，获得1点充能，激活时，揭示一个已确定为食饮珍馐藏品的完整信息。,itemName_8067,itemName_8067,itemDesc_8067,[8],0,3,0,0,0,0,0,"[10,5]",0,[[]],1,0,[8],"[3080,3090]",[[0]],0,[0],icon_100,iconitem11,0,0,[0],0,[0],[0],"[2,5,5]",Cube,0,[0],0,
8068,印章,【使用/充能】每次获得书画古籍藏品的完整信息时，获得1点充能，激活时，揭示一个已确定为书画古籍藏品的完整信息。,itemName_8068,itemName_8068,itemDesc_8068,[8],0,3,0,0,0,0,0,"[10,5]",0,[[]],1,0,[8],"[3081,3091]",[[0]],0,[0],icon_100,iconitem11,0,0,[0],0,[0],[0],"[2,5,5]",Cube,0,[0],0,
8101,法蒂玛体验卡(1次),法蒂玛体验卡(1次),TrialCard_8101,TrialCard_8101,TrialCardd_8101,[19],0,0,100,0,0,0,0,"[10,5]",0,[[0]],999,0,[0],[101],[[0]],0,[0],icon_trialcard_8101,iconitem1,0,0,[0],0,[0],[0],[0],Cube,1,[0],0,
8102,陈美体验卡(1次),陈美体验卡(1次),TrialCard_8102,TrialCard_8102,TrialCardd_8102,[19],0,0,100,0,0,0,0,"[10,5]",0,[[0]],999,0,[0],[102],[[0]],0,[0],icon_trialcard_8102,iconitem1,0,0,[0],0,[0],[0],[0],Cube,1,[0],0,
8103,艾莎体验卡(1次),艾莎体验卡(1次),TrialCard_8103,TrialCard_8103,TrialCardd_8103,[19],0,0,100,0,0,0,0,"[10,5]",0,[[0]],999,0,[0],[103],[[0]],0,[0],icon_trialcard_8103,iconitem1,0,0,[0],0,[0],[0],[0],Cube,1,[0],0,
8104,加布里埃拉体验卡(1次),加布里埃拉体验卡(1次),TrialCard_8104,TrialCard_8104,TrialCardd_8104,[19],0,0,100,0,0,0,0,"[10,5]",0,[[0]],999,0,[0],[104],[[0]],0,[0],icon_trialcard_8104,iconitem1,0,0,[0],0,[0],[0],[0],Cube,1,[0],0,
8105,塔蒂安娜体验卡(1次),塔蒂安娜体验卡(1次),TrialCard_8105,TrialCard_8105,TrialCardd_8105,[19],0,0,100,0,0,0,0,"[10,5]",0,[[0]],999,0,[0],[105],[[0]],0,[0],icon_trialcard_8105,iconitem1,0,0,[0],0,[0],[0],[0],Cube,1,[0],0,
8106,娜奥米体验卡(1次),娜奥米体验卡(1次),TrialCard_8106,TrialCard_8106,TrialCardd_8106,[19],0,0,100,0,0,0,0,"[10,5]",0,[[0]],999,0,[0],[106],[[0]],0,[0],icon_trialcard_8106,iconitem1,0,0,[0],0,[0],[0],[0],Cube,1,[0],0,
8107,索菲体验卡(1次),索菲体验卡(1次),TrialCard_8107,TrialCard_8107,TrialCardd_8107,[19],0,0,100,0,0,0,0,"[10,5]",0,[[0]],999,0,[0],[107],[[0]],0,[0],icon_trialcard_8107,iconitem1,0,0,[0],0,[0],[0],[0],Cube,1,[0],0,
8108,玛丽亚体验卡(1次),玛丽亚体验卡(1次),TrialCard_8108,TrialCard_8108,TrialCardd_8108,[19],0,0,100,0,0,0,0,"[10,5]",0,[[0]],999,0,[0],[108],[[0]],0,[0],icon_trialcard_8108,iconitem1,0,0,[0],0,[0],[0],[0],Cube,1,[0],0,
8109,海琳娜体验卡(1次),海琳娜体验卡(1次),TrialCard_8109,TrialCard_8109,TrialCardd_8109,[19],0,0,100,0,0,0,0,"[10,5]",0,[[0]],999,0,[0],[109],[[0]],0,[0],icon_trialcard_8109,iconitem1,0,0,[0],0,[0],[0],[0],Cube,1,[0],0,
8110,伊莎贝拉体验卡(1次),伊莎贝拉体验卡(1次),TrialCard_8110,TrialCard_8110,TrialCardd_8110,[19],0,0,100,0,0,0,0,"[10,5]",0,[[0]],999,0,[0],[110],[[0]],0,[0],icon_trialcard_8110,iconitem1,0,0,[0],0,[0],[0],[0],Cube,1,[0],0,
8111,乔治体验卡(1次),乔治体验卡(1次),TrialCard_8111,TrialCard_8111,TrialCardd_8111,[19],0,0,100,0,0,0,0,"[10,5]",0,[[0]],999,0,[0],[201],[[0]],0,[0],icon_trialcard_8111,iconitem1,0,0,[0],0,[0],[0],[0],Cube,1,[0],0,
8112,卡洛斯体验卡(1次),卡洛斯体验卡(1次),TrialCard_8112,TrialCard_8112,TrialCardd_8112,[19],0,0,100,0,0,0,0,"[10,5]",0,[[0]],999,0,[0],[202],[[0]],0,[0],icon_trialcard_8112,iconitem1,0,0,[0],0,[0],[0],[0],Cube,1,[0],0,
8113,莱昂纳德体验卡(1次),莱昂纳德体验卡(1次),TrialCard_8113,TrialCard_8113,TrialCardd_8113,[19],0,0,100,0,0,0,0,"[10,5]",0,[[0]],999,0,[0],[203],[[0]],0,[0],icon_trialcard_8113,iconitem1,0,0,[0],0,[0],[0],[0],Cube,1,[0],0,
8114,艾哈迈德体验卡(1次),艾哈迈德体验卡(1次),TrialCard_8114,TrialCard_8114,TrialCardd_8114,[19],0,0,100,0,0,0,0,"[10,5]",0,[[0]],999,0,[0],[204],[[0]],0,[0],icon_trialcard_8114,iconitem1,0,0,[0],0,[0],[0],[0],Cube,1,[0],0,
8115,伊万体验卡(1次),伊万体验卡(1次),TrialCard_8115,TrialCard_8115,TrialCardd_8115,[19],0,0,100,0,0,0,0,"[10,5]",0,[[0]],999,0,[0],[205],[[0]],0,[0],icon_trialcard_8115,iconitem1,0,0,[0],0,[0],[0],[0],Cube,1,[0],0,
8116,武田宏志体验卡(1次),武田宏志体验卡(1次),TrialCard_8116,TrialCard_8116,TrialCardd_8116,[19],0,0,100,0,0,0,0,"[10,5]",0,[[0]],999,0,[0],[206],[[0]],0,[0],icon_trialcard_8116,iconitem1,0,0,[0],0,[0],[0],[0],Cube,1,[0],0,
8117,吴起灵体验卡(1次),吴起灵体验卡(1次),TrialCard_8117,TrialCard_8117,TrialCardd_8117,[19],0,0,100,0,0,0,0,"[10,5]",0,[[0]],999,0,[0],[207],[[0]],0,[0],icon_trialcard_8117,iconitem1,0,0,[0],0,[0],[0],[0],Cube,1,[0],0,
8118,伊森体验卡(1次),伊森体验卡(1次),TrialCard_8118,TrialCard_8118,TrialCardd_8118,[19],0,0,100,0,0,0,0,"[10,5]",0,[[0]],999,0,[0],[208],[[0]],0,[0],icon_trialcard_8118,iconitem1,0,0,[0],0,[0],[0],[0],Cube,1,[0],0,
8119,维克托体验卡(1次),维克托体验卡(1次),TrialCard_8119,TrialCard_8119,TrialCardd_8119,[19],0,0,100,0,0,0,0,"[10,5]",0,[[0]],999,0,[0],[209],[[0]],0,[0],icon_trialcard_8119,iconitem1,0,0,[0],0,[0],[0],[0],Cube,1,[0],0,
8120,拉文体验卡(1次),拉文体验卡(1次),TrialCard_8120,TrialCard_8120,TrialCardd_8120,[19],0,0,100,0,0,0,0,"[10,5]",0,[[0]],999,0,[0],[301],[[0]],0,[0],icon_trialcard_8120,iconitem1,0,0,[0],0,[0],[0],[0],Cube,1,[0],0,
10001,家居盲盒,家居盲盒,itemName_10001,itemName_10001,itemDesc_10001,[4],0,0,0,0,0,0,0,"[10,5]",0,[[0]],999,0,[0],[0],[[0]],0,[0],icon_bx_01,iconitem7,0,0,[0],0,[0],[0],[0],Cube,0,[0],0,
10002,医疗盲盒,医疗盲盒,itemName_10002,itemName_10002,itemDesc_10002,[4],0,0,0,0,0,0,0,"[10,5]",0,[[0]],999,0,[0],[0],[[0]],0,[0],icon_bx_02,iconitem7,0,0,[0],0,[0],[0],[0],Cube,0,[0],0,
10003,箱子盒,箱子盒,itemName_10003,itemName_10003,itemDesc_10003,[5],0,0,0,0,0,0,0,"[10,5]",0,[[0]],999,0,[0],[0],"[[1011,1],[1021,1],[1031,1],[1041, 1],[1051,1],[1061,1],[1071,1],[1081,1],[1091,1],[1101,1]]",0,[0],icon_bx_03,iconitem7,0,0,[0],0,[0],[0],[0],Cube,0,[0],0,
10004,皮肤测试礼盒,皮肤测试礼盒,itemName_10004,itemName_10004,itemDesc_10004,[4],0,0,0,0,0,0,0,"[10,5]",0,[[0]],999,0,[0],[0],[[0]],0,[0],icon_bx_juese,iconitem7,0,0,[0],0,[0],[0],[0],Cube,0,[0],0,
10005,头像测试礼盒,头像测试礼盒,itemName_10005,itemName_10005,itemDesc_10005,[4],0,0,0,0,0,0,0,"[10,5]",0,[[0]],999,0,[0],[0],[[0]],0,[0],icon_bx_lipin,iconitem7,0,0,[0],0,[0],[0],[0],Cube,0,[0],0,
10006,收藏箱礼盒,收藏箱礼盒,itemName_10006,itemName_10006,itemDesc_10006,[4],0,0,0,0,0,0,0,"[10,5]",0,[[0]],999,0,[0],[0],[[0]],0,[0],icon_bx_pifu,iconitem7,0,0,[0],0,[0],[0],[0],Cube,0,[0],0,
10007,角色测试礼盒,角色测试礼盒,itemName_10007,itemName_10007,itemDesc_10007,[4],0,0,0,0,0,0,0,"[10,5]",0,[[0]],999,0,[0],[0],[[0]],0,[0],icon_bx_touxiang,iconitem7,0,0,[0],0,[0],[0],[0],Cube,0,[0],0,
80001,收藏值,收藏值,itemName_80001,itemName_80001,itemDesc_80001,[8],0,1,0,0,0,0,0,"[10,5]",0,[[0]],1,0,[0],[103],[[0]],0,[0],icon_3,iconitem1,0,0,[0],0,[0],[0],[0],Cube,0,[0],0,
80002,模拟币,模拟币,itemName_80002,itemName_80002,itemDesc_80002,[8],0,2,0,0,0,0,0,"[10,5]",0,[[0]],1,0,[0],[203],[[0]],0,[0],icon_3,iconitem1,0,0,[0],0,[0],[0],[0],Cube,0,[0],0,
80003,竞拍票,竞拍票,itemName_80003,itemName_80003,itemDesc_80003,[8],0,3,0,0,0,0,0,"[10,5]",0,[[0]],1,0,[0],[402],[[0]],0,[0],icon_101,iconitem1,0,0,[0],0,[0],[0],[0],Cube,0,[0],0,
80004,收藏值,收藏值,itemName_80004,itemName_80004,itemDesc_80004,[8],0,4,0,0,0,0,0,"[10,5]",0,[[0]],1,0,[0],[103],[[0]],0,[0],icon_3,iconitem1,0,0,[0],0,[0],[0],[0],Cube,0,[0],0,
80005,模拟币,模拟币,itemName_80005,itemName_80005,itemDesc_80005,[8],0,5,0,0,0,0,0,"[10,5]",0,[[0]],1,0,[0],[203],[[0]],0,[0],icon_3,iconitem1,0,0,[0],0,[0],[0],[0],Cube,0,[0],0,
80006,竞拍票,竞拍票,itemName_80006,itemName_80006,itemDesc_80006,[8],0,6,0,0,0,0,0,"[10,5]",0,[[0]],1,0,[0],[402],[[0]],0,[0],icon_101,iconitem1,0,0,[0],0,[0],[0],[0],Cube,0,[0],0,
100100,全库透视,显示所有藏品的轮廓,itemName_100100,itemName_100100,itemDesc_100100,[11],11,5,10000,0,1,1,0,"[10,5]",0,"[[2000,50],[4000,200],[10000,500],[999999,900]]",99,10,[0],[100],[[0]],0,[0],icon_405,iconitem11,0,0,[1004],0,[0],[0],[0],Cube,1,[40001],1,25000
100101,四象窥视,随机显示4件藏品轮廓,itemName_100101,itemName_100101,itemDesc_100101,[11],11,2,1000,0,1,1,0,"[10,5]",0,"[[2000,50],[4000,200],[10000,500],[999999,900]]",99,10,[0],[103],[[0]],0,[0],icon_103,iconitem11,0,0,[1005],0,[0],[0],[0],Cube,1,[10001],1,1000
100102,十方窥视,随机显示10件藏品轮廓,itemName_100102,itemName_100102,itemDesc_100102,[11],11,3,2500,0,1,1,0,"[10,5]",0,"[[2000,50],[4000,200],[10000,500],[999999,900]]",99,10,[0],[106],[[0]],0,[0],icon_106,iconitem11,0,0,[1004],0,[0],[0],[0],Cube,1,[40002],1,2500
100103,总仓储空间,显示所有藏品的总格数,itemName_100103,itemName_100103,itemDesc_100103,[11],11,5,25000,0,1,1,0,"[10,5]",0,"[[2000,50],[4000,200],[10000,500],[999999,900]]",99,10,[0],[200],[[0]],0,[0],icon_200,iconitem11,0,0,[1004],0,[0],[0],[0],Cube,1,[40003],1,25000
100104,普品扫描,显示所有绿色品质藏品的总格数,itemName_100104,itemName_100104,itemDesc_100104,[11],11,1,500,0,1,1,0,"[10,5]",0,"[[2000,50],[4000,200],[10000,500],[999999,900]]",99,10,[0],[201],[[0]],0,[0],icon_201,iconitem11,0,0,[1005],0,[0],[0],[0],Cube,1,[10002],1,250
100105,良品扫描,显示所有蓝色品质藏品的总格数,itemName_100105,itemName_100105,itemDesc_100105,[11],11,2,1000,0,1,1,0,"[10,5]",0,"[[2000,50],[4000,200],[10000,500],[999999,900]]",99,10,[0],[202],[[0]],0,[0],icon_202,iconitem11,0,0,[1005],0,[0],[0],[0],Cube,1,[10003],1,1000
100106,优品扫描,显示所有紫色品质藏品的总格数,itemName_100106,itemName_100106,itemDesc_100106,[11],11,3,2500,0,1,1,0,"[10,5]",0,"[[2000,50],[4000,200],[10000,500],[999999,900]]",99,10,[0],[203],[[0]],0,[0],icon_203,iconitem11,0,0,[1004],0,[0],[0],[0],Cube,1,[40004],1,2500
100107,极品扫描,显示所有金色品质藏品的总格数,itemName_100107,itemName_100107,itemDesc_100107,[11],11,4,10000,0,1,1,0,"[10,5]",0,"[[2000,50],[4000,200],[10000,500],[999999,900]]",99,10,[0],[204],[[0]],0,[0],icon_204,iconitem11,0,0,[1004],0,[0],[0],[0],Cube,1,[40005],1,10000
100108,珍品扫描,显示所有红色品质藏品的总格数,itemName_100108,itemName_100108,itemDesc_100108,[11],11,5,25000,0,1,1,0,"[10,5]",0,"[[2000,50],[4000,200],[10000,500],[999999,900]]",99,10,[0],[205],[[0]],0,[0],icon_205,iconitem11,0,0,[1004],0,[0],[0],[0],Cube,1,[40006],1,25000
100110,普品均格,显示所有绿色和白色品质藏品的平均格数,itemName_100110,itemName_100110,itemDesc_100110,[11],11,2,500,0,1,1,0,"[10,5]",0,"[[2000,50],[4000,200],[10000,500],[999999,900]]",99,10,[0],[301],[[0]],0,[0],icon_301,iconitem11,0,0,[1005],0,[0],[0],[0],Cube,1,[10004],1,250
100111,良品均格,显示所有蓝色品质藏品的平均格数,itemName_100111,itemName_100111,itemDesc_100111,[11],11,2,1000,0,1,1,0,"[10,5]",0,"[[2000,50],[4000,200],[10000,500],[999999,900]]",99,10,[0],[302],[[0]],0,[0],icon_302,iconitem11,0,0,[1005],0,[0],[0],[0],Cube,1,[10005],1,1000
100112,优品均格,显示所有紫色品质藏品的平均格数,itemName_100112,itemName_100112,itemDesc_100112,[11],11,2,1000,0,1,1,0,"[10,5]",0,"[[2000,50],[4000,200],[10000,500],[999999,900]]",99,10,[0],[303],[[0]],0,[0],icon_303,iconitem11,0,0,[1005],0,[0],[0],[0],Cube,1,[10006],1,1500
100113,极品均格,显示所有金色品质藏品的平均格数,itemName_100113,itemName_100113,itemDesc_100113,[11],11,3,2500,0,1,1,0,"[10,5]",0,"[[2000,50],[4000,200],[10000,500],[999999,900]]",99,10,[0],[304],[[0]],0,[0],icon_304,iconitem11,0,0,[1004],0,[0],[0],[0],Cube,1,[40008],1,2500
100114,珍品均格,显示所有红色品质藏品的平均格数,itemName_100114,itemName_100114,itemDesc_100114,[11],11,5,25000,0,1,1,0,"[10,5]",0,"[[2000,50],[4000,200],[10000,500],[999999,900]]",99,10,[0],[305],[[0]],0,[0],icon_305,iconitem11,0,0,[1004],0,[0],[0],[0],Cube,1,[40009],1,25000
100115,库存清点,显示所有藏品总数量,itemName_100115,itemName_100115,itemDesc_100115,[11],11,4,10000,0,1,1,0,"[10,5]",0,"[[2000,50],[4000,200],[10000,500],[999999,900]]",99,10,[0],[400],[[0]],0,[0],icon_400,iconitem11,0,0,[1004],0,[0],[0],[0],Cube,1,[40010],1,10000
100116,普品存量,显示所有绿色品质藏品的总数量,itemName_100116,itemName_100116,itemDesc_100116,[11],11,1,500,0,1,1,0,"[10,5]",0,"[[2000,50],[4000,200],[10000,500],[999999,900]]",99,10,[0],[401],[[0]],0,[0],icon_401,iconitem11,0,0,[1005],0,[0],[0],[0],Cube,1,[10007],1,250
100117,良品存量,显示所有蓝色品质藏品的总数量,itemName_100117,itemName_100117,itemDesc_100117,[11],11,2,1000,0,1,1,0,"[10,5]",0,"[[2000,50],[4000,200],[10000,500],[999999,900]]",99,10,[0],[402],[[0]],0,[0],icon_402,iconitem11,0,0,[1005],0,[0],[0],[0],Cube,1,[10008],1,1000
100118,优品存量,显示所有紫色品质藏品的总数量,itemName_100118,itemName_100118,itemDesc_100118,[11],11,3,2500,0,1,1,0,"[10,5]",0,"[[2000,50],[4000,200],[10000,500],[999999,900]]",99,10,[0],[403],[[0]],0,[0],icon_403,iconitem11,0,0,[1004],0,[0],[0],[0],Cube,1,[40011],1,2500
100119,极品存量,显示所有金色品质藏品的总数量,itemName_100119,itemName_100119,itemDesc_100119,[11],11,4,10000,0,1,1,0,"[10,5]",0,"[[2000,50],[4000,200],[10000,500],[999999,900]]",99,10,[0],[404],[[0]],0,[0],icon_404,iconitem11,0,0,[1004],0,[0],[0],[0],Cube,1,[40012],1,10000
100120,珍品存量,显示所有红色品质藏品的总数量,itemName_100120,itemName_100120,itemDesc_100120,[11],11,5,25000,0,1,1,0,"[10,5]",0,"[[2000,50],[4000,200],[10000,500],[999999,900]]",99,10,[0],[405],[[0]],0,[0],icon_405,iconitem11,0,0,[1004],0,[0],[0],[0],Cube,1,[40013],1,25000
100121,终极审计,显示所有藏品总价值,itemName_100121,itemName_100121,itemDesc_100121,[11],11,6,50000,0,1,1,0,"[10,5]",0,"[[2000,50],[4000,200],[10000,500],[999999,900]]",99,10,[0],[500],[[0]],0,[0],icon_500,iconitem11,0,0,[1004],0,[0],[0],[0],Cube,1,[40014],1,250000
100122,普品估价,显示绿色品质藏品总价值,itemName_100122,itemName_100122,itemDesc_100122,[11],11,1,500,0,1,1,0,"[10,5]",0,"[[2000,50],[4000,200],[10000,500],[999999,900]]",99,10,[0],[501],[[0]],0,[0],icon_501,iconitem11,0,0,[1005],0,[0],[0],[0],Cube,1,[10009],1,500
100123,良品估价,显示蓝色品质藏品总价值,itemName_100123,itemName_100123,itemDesc_100123,[11],11,2,1000,0,1,1,0,"[10,5]",0,"[[2000,50],[4000,200],[10000,500],[999999,900]]",99,10,[0],[502],[[0]],0,[0],icon_502,iconitem11,0,0,[1005],0,[0],[0],[0],Cube,1,[10010],1,1000
100124,优品估价,显示紫色品质藏品总价值,itemName_100124,itemName_100124,itemDesc_100124,[11],11,3,2500,0,1,1,0,"[10,5]",0,"[[2000,50],[4000,200],[10000,500],[999999,900]]",99,10,[0],[503],[[0]],0,[0],icon_503,iconitem11,0,0,[1004],0,[0],[0],[0],Cube,1,[40015],1,2500
100125,极品估价,显示金色品质藏品总价值,itemName_100125,itemName_100125,itemDesc_100125,[11],11,4,10000,0,1,1,0,"[10,5]",0,"[[2000,50],[4000,200],[10000,500],[999999,900]]",99,10,[0],[504],[[0]],0,[0],icon_504,iconitem11,0,0,[1004],0,[0],[0],[0],Cube,1,[40016],1,10000
100126,珍品估价,显示红色品质藏品总价值,itemName_100126,itemName_100126,itemDesc_100126,[11],11,6,50000,0,1,1,0,"[10,5]",0,"[[2000,50],[4000,200],[10000,500],[999999,900]]",99,10,[0],[505],[[0]],0,[0],icon_505,iconitem11,0,0,[1004],0,[0],[0],[0],Cube,1,[40017],1,100000
100127,全知全能,显示所有藏品,itemName_100127,itemName_100127,itemDesc_100127,[11],11,6,50000,0,1,1,0,"[10,5]",0,"[[2000,50],[4000,200],[10000,500],[999999,900]]",99,10,[0],[600],[[0]],0,[0],icon_600,iconitem11,0,0,[1004],0,[0],[0],[0],Cube,1,[40018],1,500000
100128,随机抽检（1）,随机显示1件藏品,itemName_100128,itemName_100128,itemDesc_100128,[11],11,1,500,0,1,1,0,"[10,5]",0,"[[2000,50],[4000,200],[10000,500],[999999,900]]",99,10,[0],[601],[[0]],0,[0],icon_601,iconitem11,0,0,[1005],0,[0],[0],[0],Cube,1,[10011],1,250
100129,随机抽检（2）,随机显示2件藏品,itemName_100129,itemName_100129,itemDesc_100129,[11],11,2,1000,0,1,1,0,"[10,5]",0,"[[2000,50],[4000,200],[10000,500],[999999,900]]",99,10,[0],[602],[[0]],0,[0],icon_602,iconitem11,0,0,[1005],0,[0],[0],[0],Cube,1,[10012],1,750
100130,随机抽检（4）,随机显示4件藏品,itemName_100130,itemName_100130,itemDesc_100130,[11],11,4,10000,0,1,1,0,"[10,5]",0,"[[2000,50],[4000,200],[10000,500],[999999,900]]",99,10,[0],[603],[[0]],0,[0],icon_603,iconitem11,0,0,[1004],0,[0],[0],[0],Cube,1,[40019],1,2500
100131,随机抽检（6）,随机显示6件藏品,itemName_100131,itemName_100131,itemDesc_100131,[11],11,5,25000,0,1,1,0,"[10,5]",0,"[[2000,50],[4000,200],[10000,500],[999999,900]]",99,10,[0],[604],[[0]],0,[0],icon_604,iconitem11,0,0,[1004],0,[0],[0],[0],Cube,1,[40020],1,7500
100132,随机抽检（8）,随机显示8件藏品,itemName_100132,itemName_100132,itemDesc_100132,[11],11,6,50000,0,1,1,0,"[10,5]",0,"[[2000,50],[4000,200],[10000,500],[999999,900]]",99,10,[0],[605],[[0]],0,[0],icon_605,iconitem11,0,0,[1004],0,[0],[0],[0],Cube,1,[40021],1,15000
100133,随机抽检（10）,随机显示10件藏品,itemName_100133,itemName_100133,itemDesc_100133,[11],11,6,50000,0,1,1,0,"[10,5]",0,"[[2000,50],[4000,200],[10000,500],[999999,900]]",99,10,[0],[606],[[0]],0,[0],icon_606,iconitem11,0,0,[1004],0,[0],[0],[0],Cube,1,[40022],1,50000
100134,明镜之眼,显示所有藏品的品质,itemName_100134,itemName_100134,itemDesc_100134,[11],11,6,50000,0,1,1,0,"[10,5]",0,"[[2000,50],[4000,200],[10000,500],[999999,900]]",99,10,[0],[700],[[0]],0,[0],icon_700,iconitem11,0,0,[1004],0,[0],[0],[0],Cube,1,[40023],1,100000
100135,宝光双鉴,随机显示2件藏品的品质,itemName_100135,itemName_100135,itemDesc_100135,[11],11,1,500,0,1,1,0,"[10,5]",0,"[[2000,50],[4000,200],[10000,500],[999999,900]]",99,10,[0],[701],[[0]],0,[0],icon_701,iconitem11,0,0,[1005],0,[0],[0],[0],Cube,1,[10013],1,250
100136,宝光四鉴,随机显示4件藏品的品质,itemName_100136,itemName_100136,itemDesc_100136,[11],11,2,1000,0,1,1,0,"[10,5]",0,"[[2000,50],[4000,200],[10000,500],[999999,900]]",99,10,[0],[702],[[0]],0,[0],icon_702,iconitem11,0,0,[1005],0,[0],[0],[0],Cube,1,[10014],1,750
100137,宝光六鉴,随机显示6件藏品的品质,itemName_100137,itemName_100137,itemDesc_100137,[11],11,3,2500,0,1,1,0,"[10,5]",0,"[[2000,50],[4000,200],[10000,500],[999999,900]]",99,10,[0],[703],[[0]],0,[0],icon_703,iconitem11,0,0,[1004],0,[0],[0],[0],Cube,1,[40024],1,2500
100138,宝光八鉴,随机显示8件藏品的品质,itemName_100138,itemName_100138,itemDesc_100138,[11],11,4,10000,0,1,1,0,"[10,5]",0,"[[2000,50],[4000,200],[10000,500],[999999,900]]",99,10,[0],[704],[[0]],0,[0],icon_704,iconitem11,0,0,[1004],0,[0],[0],[0],Cube,1,[40025],1,7500
100139,宝光十鉴,随机显示10件藏品的品质,itemName_100139,itemName_100139,itemDesc_100139,[11],11,4,10000,0,1,1,0,"[10,5]",0,"[[2000,50],[4000,200],[10000,500],[999999,900]]",99,10,[0],[705],[[0]],0,[0],icon_705,iconitem11,0,0,[1004],0,[0],[0],[0],Cube,1,[40026],1,15000
100140,华丽宝光,随机显示15件藏品的品质,itemName_100140,itemName_100140,itemDesc_100140,[11],11,5,25000,0,1,1,0,"[10,5]",0,"[[2000,50],[4000,200],[10000,500],[999999,900]]",99,10,[0],[706],[[0]],0,[0],icon_706,iconitem11,0,0,[1004],0,[0],[0],[0],Cube,1,[40027],1,50000
100151,【家具物品】鉴影,显示家具物品的藏品的轮廓,itemName_100151,itemName_100151,itemDesc_100151,[11],11,3,2500,0,1,1,0,"[10,5]",0,"[[2000,50],[4000,200],[10000,500],[999999,900]]",99,10,[0],[2001],[[0]],0,[0],icon_2001,iconitem11,0,0,[1004],0,[0],[0],[0],Cube,1,[40038],1,2500
100152,【医疗药品】鉴影,显示医疗药品的藏品的轮廓,itemName_100152,itemName_100152,itemDesc_100152,[11],11,3,2500,0,1,1,0,"[10,5]",0,"[[2000,50],[4000,200],[10000,500],[999999,900]]",99,10,[0],[2002],[[0]],0,[0],icon_2002,iconitem11,0,0,[1004],0,[0],[0],[0],Cube,1,[40039],1,2500
100153,【时尚潮流】鉴影,显示时尚潮流的藏品的轮廓,itemName_100153,itemName_100153,itemDesc_100153,[11],11,3,2500,0,1,1,0,"[10,5]",0,"[[2000,50],[4000,200],[10000,500],[999999,900]]",99,10,[0],[2003],[[0]],0,[0],icon_2003,iconitem11,0,0,[1004],0,[0],[0],[0],Cube,1,[40040],1,2500
100154,【兵装军火】鉴影,显示兵装军火的藏品的轮廓,itemName_100154,itemName_100154,itemDesc_100154,[11],11,3,2500,0,1,1,0,"[10,5]",0,"[[2000,50],[4000,200],[10000,500],[999999,900]]",99,10,[0],[2004],[[0]],0,[0],icon_2004,iconitem11,0,0,[1004],0,[0],[0],[0],Cube,1,[40041],1,2500
100155,【珠宝矿藏】鉴影,显示珠宝矿藏的藏品的轮廓,itemName_100155,itemName_100155,itemDesc_100155,[11],11,3,2500,0,1,1,0,"[10,5]",0,"[[2000,50],[4000,200],[10000,500],[999999,900]]",99,10,[0],[2005],[[0]],0,[0],icon_2005,iconitem11,0,0,[1004],0,[0],[0],[0],Cube,1,[40042],1,2500
100156,【文物古董】鉴影,显示文物古董的藏品的轮廓,itemName_100156,itemName_100156,itemDesc_100156,[11],11,3,2500,0,1,1,0,"[10,5]",0,"[[2000,50],[4000,200],[10000,500],[999999,900]]",99,10,[0],[2006],[[0]],0,[0],icon_2006,iconitem11,0,0,[1004],0,[0],[0],[0],Cube,1,[40043],1,2500
100157,【数码娱乐】鉴影,显示数码娱乐的藏品的轮廓,itemName_100157,itemName_100157,itemDesc_100157,[11],11,3,2500,0,1,1,0,"[10,5]",0,"[[2000,50],[4000,200],[10000,500],[999999,900]]",99,10,[0],[2007],[[0]],0,[0],icon_2007,iconitem11,0,0,[1004],0,[0],[0],[0],Cube,1,[40044],1,2500
100158,【能源交通】鉴影,显示能源交通的藏品的轮廓,itemName_100158,itemName_100158,itemDesc_100158,[11],11,3,2500,0,1,1,0,"[10,5]",0,"[[2000,50],[4000,200],[10000,500],[999999,900]]",99,10,[0],[2008],[[0]],0,[0],icon_2008,iconitem11,0,0,[1004],0,[0],[0],[0],Cube,1,[40045],1,2500
100159,【食饮珍馐】鉴影,显示食饮珍馐的藏品的轮廓,itemName_100159,itemName_100159,itemDesc_100159,[11],11,3,2500,0,1,1,0,"[10,5]",0,"[[2000,50],[4000,200],[10000,500],[999999,900]]",99,10,[0],[2009],[[0]],0,[0],icon_2009,iconitem11,0,0,[1004],0,[0],[0],[0],Cube,1,[40046],1,2500
100160,【书画古籍】鉴影,显示书画古籍的藏品的轮廓,itemName_100160,itemName_100160,itemDesc_100160,[11],11,3,2500,0,1,1,0,"[10,5]",0,"[[2000,50],[4000,200],[10000,500],[999999,900]]",99,10,[0],[2010],[[0]],0,[0],icon_2010,iconitem11,0,0,[1004],0,[0],[0],[0],Cube,1,[40047],1,2500
100161,至宝寻踪,显示随机1个最高品质藏品的轮廓,itemName_100161,itemName_100161,itemDesc_100161,[11],11,3,2500,0,1,1,0,"[10,5]",0,"[[2000,50],[4000,200],[10000,500],[999999,900]]",99,10,[0],[10000],[[0]],0,[0],icon_10000,iconitem11,0,0,[1004],0,[0],[0],[0],Cube,1,[40048],1,7500
100162,至宝体量,显示随机1个最高品质藏品的格子数量,itemName_100162,itemName_100162,itemDesc_100162,[11],11,3,2500,0,1,1,0,"[10,5]",0,"[[2000,50],[4000,200],[10000,500],[999999,900]]",99,10,[0],[10001],[[0]],0,[0],icon_10001,iconitem11,0,0,[1004],0,[0],[0],[0],Cube,1,[40049],1,7500
100163,至宝估价,显示随机1个最高品质藏品的价值,itemName_100163,itemName_100163,itemDesc_100163,[11],11,4,10000,0,1,1,0,"[10,5]",0,"[[2000,50],[4000,200],[10000,500],[999999,900]]",99,10,[0],[10002],[[0]],0,[0],icon_10002,iconitem11,0,0,[1004],0,[0],[0],[0],Cube,1,[40050],1,10000
100164,至宝抽样,显示随机1个最高品质的藏品,itemName_100164,itemName_100164,itemDesc_100164,[11],11,5,25000,0,1,1,0,"[10,5]",0,"[[2000,50],[4000,200],[10000,500],[999999,900]]",99,10,[0],[10003],[[0]],0,[0],icon_10003,iconitem11,0,0,[1004],0,[0],[0],[0],Cube,1,[40051],1,15000
100165,巨物标识,显示随机1个格子占用最多藏品的轮廓,itemName_100165,itemName_100165,itemDesc_100165,[11],11,3,2500,0,1,1,0,"[10,5]",0,"[[2000,50],[4000,200],[10000,500],[999999,900]]",99,10,[0],[10010],[[0]],0,[0],icon_10012,iconitem11,0,0,[1005],0,[0],[0],[0],Cube,1,[10015],1,750
100166,巨物鉴定,显示随机1个格子占用最多藏品的品质,itemName_100166,itemName_100166,itemDesc_100166,[11],11,3,2500,0,1,1,0,"[10,5]",0,"[[2000,50],[4000,200],[10000,500],[999999,900]]",99,10,[0],[10011],[[0]],0,[0],icon_10001,iconitem11,0,0,[1005],0,[0],[0],[0],Cube,1,[10016],1,1500
100167,巨物估价,显示随机1个格子占用最多藏品的价值,itemName_100167,itemName_100167,itemDesc_100167,[11],11,3,2500,0,1,1,0,"[10,5]",0,"[[2000,50],[4000,200],[10000,500],[999999,900]]",99,10,[0],[10012],[[0]],0,[0],icon_10012,iconitem11,0,0,[1004],0,[0],[0],[0],Cube,1,[40052],1,2500
100168,巨物抽样,显示随机1个格子占用最多的藏品,itemName_100168,itemName_100168,itemDesc_100168,[11],11,4,10000,0,1,1,0,"[10,5]",0,"[[2000,50],[4000,200],[10000,500],[999999,900]]",99,10,[0],[10013],[[0]],0,[0],icon_10013,iconitem11,0,0,[1004],0,[0],[0],[0],Cube,1,[40053],1,2500
100169,单格均价,显示占位1格藏品的平均价值,itemName_100169,itemName_100169,itemDesc_100169,[11],11,4,10000,0,1,1,0,"[10,5]",0,"[[2000,50],[4000,200],[10000,500],[999999,900]]",99,10,[0],[10014],[[0]],0,[0],icon_10014,iconitem11,0,0,[1004],0,[0],[0],[0],Cube,1,[40054],1,10000
100170,两格均价,显示占位2格藏品的平均价值,itemName_100170,itemName_100170,itemDesc_100170,[11],11,4,10000,0,1,1,0,"[10,5]",0,"[[2000,50],[4000,200],[10000,500],[999999,900]]",99,10,[0],[10015],[[0]],0,[0],icon_10015,iconitem11,0,0,[1004],0,[0],[0],[0],Cube,1,[40055],1,10000
100171,三格均价,显示占位3格藏品的平均价值,itemName_100171,itemName_100171,itemDesc_100171,[11],11,4,10000,0,1,1,0,"[10,5]",0,"[[2000,50],[4000,200],[10000,500],[999999,900]]",99,10,[0],[10016],[[0]],0,[0],icon_10016,iconitem11,0,0,[1004],0,[0],[0],[0],Cube,1,[40056],1,10000
100172,四格均价,显示占位4格藏品的平均价值,itemName_100172,itemName_100172,itemDesc_100172,[11],11,4,10000,0,1,1,0,"[10,5]",0,"[[2000,50],[4000,200],[10000,500],[999999,900]]",99,10,[0],[10017],[[0]],0,[0],icon_10017,iconitem11,0,0,[1004],0,[0],[0],[0],Cube,1,[40057],1,10000
100173,六格均价,显示占位6格藏品的平均价值,itemName_100173,itemName_100173,itemDesc_100173,[11],11,4,10000,0,1,1,0,"[10,5]",0,"[[2000,50],[4000,200],[10000,500],[999999,900]]",99,10,[0],[10018],[[0]],0,[0],icon_10018,iconitem11,0,0,[1004],0,[0],[0],[0],Cube,1,[40058],1,10000
100174,【能源交通】检定,显示能源交通的藏品的轮廓和品质,itemName_100174,itemName_100174,itemDesc_100174,[11],11,6,50000,0,1,1,0,"[10,5]",0,"[[2000,50],[4000,200],[10000,500],[999999,900]]",99,10,[0],[801],[[0]],0,[0],icon_100,iconitem11,0,0,[1004],0,[0],[0],[0],Cube,1,[0],1,50000
120000,默认头像,默认头像,itemName_120000,itemName_120000,itemDesc_120000,[12],0,0,0,0,0,1,0,"[100,10]",0,[[0]],0,0,[0],[0],[[0]],0,[0],tx_00,HeadIcon,0,0,[0],0,[0],[0],[0],Cube,0,[0],0,
120001,许愿之星,实际头像,itemName_120001,itemName_120001,itemDesc_120001,[12],0,0,0,0,0,1,0,"[100,10]",0,[[0]],0,0,[0],[0],[[0]],0,[0],tx_120001,HeadIcon,0,0,[0],0,[0],[0],[0],Cube,0,[0],0,
120002,力量之熊,实际头像,itemName_120002,itemName_120002,itemDesc_120002,[12],0,0,0,0,0,1,0,"[100,10]",0,[[0]],0,0,[0],[0],[[0]],0,[0],tx_120002,HeadIcon,0,0,[0],0,[0],[0],[0],Cube,0,[0],0,
120003,威严之狮,实际头像,itemName_120003,itemName_120003,itemDesc_120003,[12],0,0,0,0,0,1,0,"[100,10]",0,[[0]],0,0,[0],[0],[[0]],0,[0],tx_120003,HeadIcon,0,0,[0],0,[0],[0],[0],Cube,0,[0],0,
120004,狡黠之狐,实际头像,itemName_120004,itemName_120004,itemDesc_120004,[12],0,0,0,0,0,1,0,"[100,10]",0,[[0]],0,0,[0],[0],[[0]],0,[0],tx_120004,HeadIcon,0,0,[0],0,[0],[0],[0],Cube,0,[0],0,
120005,优雅之鹤,实际头像,itemName_120005,itemName_120005,itemDesc_120005,[12],0,0,0,0,0,1,0,"[100,10]",0,[[0]],0,0,[0],[0],[[0]],0,[0],tx_120005,HeadIcon,0,0,[0],0,[0],[0],[0],Cube,0,[0],0,
120006,青龙,实际头像,itemName_120006,itemName_120006,itemDesc_120006,[12],0,0,0,0,0,1,0,"[100,10]",0,[[0]],0,0,[0],[0],[[0]],0,[0],tx_120006,HeadIcon,0,0,[0],0,[0],[0],[0],Cube,0,[0],0,
120007,白虎,实际头像,itemName_120007,itemName_120007,itemDesc_120007,[12],0,0,0,0,0,1,0,"[100,10]",0,[[0]],0,0,[0],[0],[[0]],0,[0],tx_120007,HeadIcon,0,0,[0],0,[0],[0],[0],Cube,0,[0],0,
120008,朱雀,实际头像,itemName_120008,itemName_120008,itemDesc_120008,[12],0,0,0,0,0,1,0,"[100,10]",0,[[0]],0,0,[0],[0],[[0]],0,[0],tx_120008,HeadIcon,0,0,[0],0,[0],[0],[0],Cube,0,[0],0,
120009,玄武,实际头像,itemName_120009,itemName_120009,itemDesc_120009,[12],0,0,0,0,0,1,0,"[100,10]",0,[[0]],0,0,[0],[0],[[0]],0,[0],tx_120009,HeadIcon,0,0,[0],0,[0],[0],[0],Cube,0,[0],0,
120101,法蒂玛基础头像,实际头像,itemName_120101,itemName_120101,itemDesc_120101,[12],0,0,0,0,0,1,0,"[100,10]",0,[[0]],0,0,[0],[0],[[0]],0,[0],hero_xq_101,HeadIcon,0,0,[0],0,[0],[0],[0],Cube,0,[0],0,
120102,法蒂玛竞买人头像,实际头像,itemName_120102,itemName_120102,itemDesc_120102,[12],0,0,0,0,0,1,0,"[100,10]",0,[[0]],0,0,[0],[0],[[0]],0,[0],hero_jmr_101,HeadIcon,0,0,[0],0,[0],[0],[0],Cube,0,[0],0,
120103,法蒂玛皮肤头像,实际头像,itemName_120103,itemName_120103,itemDesc_120103,[12],0,0,0,0,0,1,0,"[100,10]",0,[[0]],0,0,[0],[0],[[0]],0,[0],hero_xq_101_2,HeadIcon,0,0,[0],0,[0],[0],[0],Cube,0,[0],0,
120201,陈美基础头像,实际头像,itemName_120201,itemName_120201,itemDesc_120201,[12],0,0,0,0,0,1,0,"[100,10]",0,[[0]],0,0,[0],[0],[[0]],0,[0],hero_xq_102,HeadIcon,0,0,[0],0,[0],[0],[0],Cube,0,[0],0,
120202,陈美竞买人头像,实际头像,itemName_120202,itemName_120202,itemDesc_120202,[12],0,0,0,0,0,1,0,"[100,10]",0,[[0]],0,0,[0],[0],[[0]],0,[0],hero_jmr_102,HeadIcon,0,0,[0],0,[0],[0],[0],Cube,0,[0],0,
120203,陈美皮肤头像,实际头像,itemName_120203,itemName_120203,itemDesc_120203,[12],0,0,0,0,0,1,0,"[100,10]",0,[[0]],0,0,[0],[0],[[0]],0,[0],hero_xq_102_2,HeadIcon,0,0,[0],0,[0],[0],[0],Cube,0,[0],0,
120301,艾莎基础头像,实际头像,itemName_120301,itemName_120301,itemDesc_120301,[12],0,0,0,0,0,1,0,"[100,10]",0,[[0]],0,0,[0],[0],[[0]],0,[0],hero_xq_103,HeadIcon,0,0,[0],0,[0],[0],[0],Cube,0,[0],0,
120302,艾莎竞买人头像,实际头像,itemName_120302,itemName_120302,itemDesc_120302,[12],0,0,0,0,0,1,0,"[100,10]",0,[[0]],0,0,[0],[0],[[0]],0,[0],hero_jmr_103,HeadIcon,0,0,[0],0,[0],[0],[0],Cube,0,[0],0,
120303,艾莎皮肤头像,实际头像,itemName_120303,itemName_120303,itemDesc_120303,[12],0,0,0,0,0,1,0,"[100,10]",0,[[0]],0,0,[0],[0],[[0]],0,[0],hero_xq_103_2,HeadIcon,0,0,[0],0,[0],[0],[0],Cube,0,[0],0,
120401,加布里埃拉基础头像,实际头像,itemName_120401,itemName_120401,itemDesc_120401,[12],0,0,0,0,0,1,0,"[100,10]",0,[[0]],0,0,[0],[0],[[0]],0,[0],hero_xq_104,HeadIcon,0,0,[0],0,[0],[0],[0],Cube,0,[0],0,
120402,加布里埃拉竞买人头像,实际头像,itemName_120402,itemName_120402,itemDesc_120402,[12],0,0,0,0,0,1,0,"[100,10]",0,[[0]],0,0,[0],[0],[[0]],0,[0],hero_jmr_104,HeadIcon,0,0,[0],0,[0],[0],[0],Cube,0,[0],0,
120403,加布里埃拉皮肤头像,实际头像,itemName_120403,itemName_120403,itemDesc_120403,[12],0,0,0,0,0,1,0,"[100,10]",0,[[0]],0,0,[0],[0],[[0]],0,[0],hero_xq_104_2,HeadIcon,0,0,[0],0,[0],[0],[0],Cube,0,[0],0,
120501,塔蒂安娜基础头像,实际头像,itemName_120501,itemName_120501,itemDesc_120501,[12],0,0,0,0,0,1,0,"[100,10]",0,[[0]],0,0,[0],[0],[[0]],0,[0],hero_xq_105,HeadIcon,0,0,[0],0,[0],[0],[0],Cube,0,[0],0,
120502,塔蒂安娜竞买人头像,实际头像,itemName_120502,itemName_120502,itemDesc_120502,[12],0,0,0,0,0,1,0,"[100,10]",0,[[0]],0,0,[0],[0],[[0]],0,[0],hero_jmr_105,HeadIcon,0,0,[0],0,[0],[0],[0],Cube,0,[0],0,
120503,塔蒂安娜皮肤头像,实际头像,itemName_120503,itemName_120503,itemDesc_120503,[12],0,0,0,0,0,1,0,"[100,10]",0,[[0]],0,0,[0],[0],[[0]],0,[0],hero_xq_105_2,HeadIcon,0,0,[0],0,[0],[0],[0],Cube,0,[0],0,
120601,娜奥米基础头像,实际头像,itemName_120601,itemName_120601,itemDesc_120601,[12],0,0,0,0,0,1,0,"[100,10]",0,[[0]],0,0,[0],[0],[[0]],0,[0],hero_xq_106,HeadIcon,0,0,[0],0,[0],[0],[0],Cube,0,[0],0,
120602,娜奥米竞买人头像,实际头像,itemName_120602,itemName_120602,itemDesc_120602,[12],0,0,0,0,0,1,0,"[100,10]",0,[[0]],0,0,[0],[0],[[0]],0,[0],hero_jmr_106,HeadIcon,0,0,[0],0,[0],[0],[0],Cube,0,[0],0,
120603,娜奥米皮肤头像,实际头像,itemName_120603,itemName_120603,itemDesc_120603,[12],0,0,0,0,0,1,0,"[100,10]",0,[[0]],0,0,[0],[0],[[0]],0,[0],hero_xq_106_2,HeadIcon,0,0,[0],0,[0],[0],[0],Cube,0,[0],0,
120701,索菲基础头像,实际头像,itemName_120701,itemName_120701,itemDesc_120701,[12],0,0,0,0,0,1,0,"[100,10]",0,[[0]],0,0,[0],[0],[[0]],0,[0],hero_xq_107,HeadIcon,0,0,[0],0,[0],[0],[0],Cube,0,[0],0,
120702,索菲竞买人头像,实际头像,itemName_120702,itemName_120702,itemDesc_120702,[12],0,0,0,0,0,1,0,"[100,10]",0,[[0]],0,0,[0],[0],[[0]],0,[0],hero_jmr_107,HeadIcon,0,0,[0],0,[0],[0],[0],Cube,0,[0],0,
120703,索菲皮肤1头像,实际头像,itemName_120703,itemName_120703,itemDesc_120703,[12],0,0,0,0,0,1,0,"[100,10]",0,[[0]],0,0,[0],[0],[[0]],0,[0],hero_xq_107_2,HeadIcon,0,0,[0],0,[0],[0],[0],Cube,0,[0],0,
120704,索菲皮肤2头像,实际头像,itemName_120704,itemName_120704,itemDesc_120704,[12],0,0,0,0,0,1,0,"[100,10]",0,[[0]],0,0,[0],[0],[[0]],0,[0],hero_xq_107_3,HeadIcon,0,0,[0],0,[0],[0],[0],Cube,0,[0],0,
120801,玛丽亚基础头像,实际头像,itemName_120801,itemName_120801,itemDesc_120801,[12],0,0,0,0,0,1,0,"[100,10]",0,[[0]],0,0,[0],[0],[[0]],0,[0],hero_xq_108,HeadIcon,0,0,[0],0,[0],[0],[0],Cube,0,[0],0,
120802,玛丽亚竞买人头像,实际头像,itemName_120802,itemName_120802,itemDesc_120802,[12],0,0,0,0,0,1,0,"[100,10]",0,[[0]],0,0,[0],[0],[[0]],0,[0],hero_jmr_108,HeadIcon,0,0,[0],0,[0],[0],[0],Cube,0,[0],0,
120803,玛丽亚皮肤头像,实际头像,itemName_120803,itemName_120803,itemDesc_120803,[12],0,0,0,0,0,1,0,"[100,10]",0,[[0]],0,0,[0],[0],[[0]],0,[0],hero_xq_108_2,HeadIcon,0,0,[0],0,[0],[0],[0],Cube,0,[0],0,
120901,海琳娜基础头像,实际头像,itemName_120901,itemName_120901,itemDesc_120901,[12],0,0,0,0,0,1,0,"[100,10]",0,[[0]],0,0,[0],[0],[[0]],0,[0],hero_xq_109,HeadIcon,0,0,[0],0,[0],[0],[0],Cube,0,[0],0,
120902,海琳娜竞买人头像,实际头像,itemName_120902,itemName_120902,itemDesc_120902,[12],0,0,0,0,0,1,0,"[100,10]",0,[[0]],0,0,[0],[0],[[0]],0,[0],hero_jmr_109,HeadIcon,0,0,[0],0,[0],[0],[0],Cube,0,[0],0,
120903,海琳娜皮肤头像,实际头像,itemName_120903,itemName_120903,itemDesc_120903,[12],0,0,0,0,0,1,0,"[100,10]",0,[[0]],0,0,[0],[0],[[0]],0,[0],hero_xq_109_2,HeadIcon,0,0,[0],0,[0],[0],[0],Cube,0,[0],0,
121001,伊莎贝拉基础头像,实际头像,itemName_121001,itemName_121001,itemDesc_121001,[12],0,0,0,0,0,1,0,"[100,10]",0,[[0]],0,0,[0],[0],[[0]],0,[0],hero_xq_110,HeadIcon,0,0,[0],0,[0],[0],[0],Cube,0,[0],0,
121002,伊莎贝拉竞买人头像,实际头像,itemName_121002,itemName_121002,itemDesc_121002,[12],0,0,0,0,0,1,0,"[100,10]",0,[[0]],0,0,[0],[0],[[0]],0,[0],hero_jmr_110,HeadIcon,0,0,[0],0,[0],[0],[0],Cube,0,[0],0,
121003,伊莎贝拉皮肤头像,实际头像,itemName_121003,itemName_121003,itemDesc_121003,[12],0,0,0,0,0,1,0,"[100,10]",0,[[0]],0,0,[0],[0],[[0]],0,[0],hero_xq_110_2,HeadIcon,0,0,[0],0,[0],[0],[0],Cube,0,[0],0,
121101,乔治基础头像,实际头像,itemName_121101,itemName_121101,itemDesc_121101,[12],0,0,0,0,0,1,0,"[100,10]",0,[[0]],0,0,[0],[0],[[0]],0,[0],hero_xq_201,HeadIcon,0,0,[0],0,[0],[0],[0],Cube,0,[0],0,
121102,乔治竞买人头像,实际头像,itemName_121102,itemName_121102,itemDesc_121102,[12],0,0,0,0,0,1,0,"[100,10]",0,[[0]],0,0,[0],[0],[[0]],0,[0],hero_jmr_201,HeadIcon,0,0,[0],0,[0],[0],[0],Cube,0,[0],0,
121103,乔治皮肤头像,实际头像,itemName_121103,itemName_121103,itemDesc_121103,[12],0,0,0,0,0,1,0,"[100,10]",0,[[0]],0,0,[0],[0],[[0]],0,[0],hero_xq_201_2,HeadIcon,0,0,[0],0,[0],[0],[0],Cube,0,[0],0,
121201,卡洛斯基础头像,实际头像,itemName_121201,itemName_121201,itemDesc_121201,[12],0,0,0,0,0,1,0,"[100,10]",0,[[0]],0,0,[0],[0],[[0]],0,[0],hero_xq_202,HeadIcon,0,0,[0],0,[0],[0],[0],Cube,0,[0],0,
121202,卡洛斯竞买人头像,实际头像,itemName_121202,itemName_121202,itemDesc_121202,[12],0,0,0,0,0,1,0,"[100,10]",0,[[0]],0,0,[0],[0],[[0]],0,[0],hero_jmr_202,HeadIcon,0,0,[0],0,[0],[0],[0],Cube,0,[0],0,
121203,卡洛斯皮肤头像,实际头像,itemName_121203,itemName_121203,itemDesc_121203,[12],0,0,0,0,0,1,0,"[100,10]",0,[[0]],0,0,[0],[0],[[0]],0,[0],hero_xq_202_2,HeadIcon,0,0,[0],0,[0],[0],[0],Cube,0,[0],0,
121301,莱昂纳德基础头像,实际头像,itemName_121301,itemName_121301,itemDesc_121301,[12],0,0,0,0,0,1,0,"[100,10]",0,[[0]],0,0,[0],[0],[[0]],0,[0],hero_xq_203,HeadIcon,0,0,[0],0,[0],[0],[0],Cube,0,[0],0,
121302,莱昂纳德竞买人头像,实际头像,itemName_121302,itemName_121302,itemDesc_121302,[12],0,0,0,0,0,1,0,"[100,10]",0,[[0]],0,0,[0],[0],[[0]],0,[0],hero_jmr_203,HeadIcon,0,0,[0],0,[0],[0],[0],Cube,0,[0],0,
121303,莱昂纳德皮肤头像,实际头像,itemName_121303,itemName_121303,itemDesc_121303,[12],0,0,0,0,0,1,0,"[100,10]",0,[[0]],0,0,[0],[0],[[0]],0,[0],hero_xq_203_2,HeadIcon,0,0,[0],0,[0],[0],[0],Cube,0,[0],0,
121401,艾哈迈德基础头像,实际头像,itemName_121401,itemName_121401,itemDesc_121401,[12],0,0,0,0,0,1,0,"[100,10]",0,[[0]],0,0,[0],[0],[[0]],0,[0],hero_xq_204,HeadIcon,0,0,[0],0,[0],[0],[0],Cube,0,[0],0,
121402,艾哈迈德竞买人头像,实际头像,itemName_121402,itemName_121402,itemDesc_121402,[12],0,0,0,0,0,1,0,"[100,10]",0,[[0]],0,0,[0],[0],[[0]],0,[0],hero_jmr_204,HeadIcon,0,0,[0],0,[0],[0],[0],Cube,0,[0],0,
121403,艾哈迈德皮肤头像,实际头像,itemName_121403,itemName_121403,itemDesc_121403,[12],0,0,0,0,0,1,0,"[100,10]",0,[[0]],0,0,[0],[0],[[0]],0,[0],hero_xq_204_2,HeadIcon,0,0,[0],0,[0],[0],[0],Cube,0,[0],0,
121501,伊万基础头像,实际头像,itemName_121501,itemName_121501,itemDesc_121501,[12],0,0,0,0,0,1,0,"[100,10]",0,[[0]],0,0,[0],[0],[[0]],0,[0],hero_xq_205,HeadIcon,0,0,[0],0,[0],[0],[0],Cube,0,[0],0,
121502,伊万竞买人头像,实际头像,itemName_121502,itemName_121502,itemDesc_121502,[12],0,0,0,0,0,1,0,"[100,10]",0,[[0]],0,0,[0],[0],[[0]],0,[0],hero_jmr_205,HeadIcon,0,0,[0],0,[0],[0],[0],Cube,0,[0],0,
121503,伊万皮肤头像,实际头像,itemName_121503,itemName_121503,itemDesc_121503,[12],0,0,0,0,0,1,0,"[100,10]",0,[[0]],0,0,[0],[0],[[0]],0,[0],hero_xq_205_2,HeadIcon,0,0,[0],0,[0],[0],[0],Cube,0,[0],0,
121601,武田宏志基础头像,实际头像,itemName_121601,itemName_121601,itemDesc_121601,[12],0,0,0,0,0,1,0,"[100,10]",0,[[0]],0,0,[0],[0],[[0]],0,[0],hero_xq_206,HeadIcon,0,0,[0],0,[0],[0],[0],Cube,0,[0],0,
121602,武田宏志竞买人头像,实际头像,itemName_121602,itemName_121602,itemDesc_121602,[12],0,0,0,0,0,1,0,"[100,10]",0,[[0]],0,0,[0],[0],[[0]],0,[0],hero_jmr_206,HeadIcon,0,0,[0],0,[0],[0],[0],Cube,0,[0],0,
121603,武田宏志皮肤头像,实际头像,itemName_121603,itemName_121603,itemDesc_121603,[12],0,0,0,0,0,1,0,"[100,10]",0,[[0]],0,0,[0],[0],[[0]],0,[0],hero_xq_206_2,HeadIcon,0,0,[0],0,[0],[0],[0],Cube,0,[0],0,
121701,吴起灵基础头像,实际头像,itemName_121701,itemName_121701,itemDesc_121701,[12],0,0,0,0,0,1,0,"[100,10]",0,[[0]],0,0,[0],[0],[[0]],0,[0],hero_xq_207,HeadIcon,0,0,[0],0,[0],[0],[0],Cube,0,[0],0,
121702,吴起灵竞买人头像,实际头像,itemName_121702,itemName_121702,itemDesc_121702,[12],0,0,0,0,0,1,0,"[100,10]",0,[[0]],0,0,[0],[0],[[0]],0,[0],hero_jmr_207,HeadIcon,0,0,[0],0,[0],[0],[0],Cube,0,[0],0,
121703,吴起灵皮肤头像,实际头像,itemName_121703,itemName_121703,itemDesc_121703,[12],0,0,0,0,0,1,0,"[100,10]",0,[[0]],0,0,[0],[0],[[0]],0,[0],hero_xq_207_2,HeadIcon,0,0,[0],0,[0],[0],[0],Cube,0,[0],0,
121801,伊森基础头像,实际头像,itemName_121801,itemName_121801,itemDesc_121801,[12],0,0,0,0,0,1,0,"[100,10]",0,[[0]],0,0,[0],[0],[[0]],0,[0],hero_xq_208,HeadIcon,0,0,[0],0,[0],[0],[0],Cube,0,[0],0,
121802,伊森竞买人头像,实际头像,itemName_121802,itemName_121802,itemDesc_121802,[12],0,0,0,0,0,1,0,"[100,10]",0,[[0]],0,0,[0],[0],[[0]],0,[0],hero_jmr_208,HeadIcon,0,0,[0],0,[0],[0],[0],Cube,0,[0],0,
121803,伊森皮肤1头像,实际头像,itemName_121803,itemName_121803,itemDesc_121803,[12],0,0,0,0,0,1,0,"[100,10]",0,[[0]],0,0,[0],[0],[[0]],0,[0],hero_xq_208_2,HeadIcon,0,0,[0],0,[0],[0],[0],Cube,0,[0],0,
121804,伊森皮肤2头像,实际头像,itemName_121804,itemName_121804,itemDesc_121804,[12],0,0,0,0,0,1,0,"[100,10]",0,[[0]],0,0,[0],[0],[[0]],0,[0],hero_xq_208_3,HeadIcon,0,0,[0],0,[0],[0],[0],Cube,0,[0],0,
121901,维克托基础头像,实际头像,itemName_121901,itemName_121901,itemDesc_121901,[12],0,0,0,0,0,1,0,"[100,10]",0,[[0]],0,0,[0],[0],[[0]],0,[0],hero_xq_209,HeadIcon,0,0,[0],0,[0],[0],[0],Cube,0,[0],0,
121902,维克托竞买人头像,实际头像,itemName_121902,itemName_121902,itemDesc_121902,[12],0,0,0,0,0,1,0,"[100,10]",0,[[0]],0,0,[0],[0],[[0]],0,[0],hero_jmr_209,HeadIcon,0,0,[0],0,[0],[0],[0],Cube,0,[0],0,
121903,维克托皮肤头像,实际头像,itemName_121903,itemName_121903,itemDesc_121903,[12],0,0,0,0,0,1,0,"[100,10]",0,[[0]],0,0,[0],[0],[[0]],0,[0],hero_xq_209_2,HeadIcon,0,0,[0],0,[0],[0],[0],Cube,0,[0],0,
122001,拉文基础头像,实际头像,itemName_122001,itemName_122001,itemDesc_122001,[12],0,0,0,0,0,1,0,"[100,10]",0,[[0]],0,0,[0],[0],[[0]],0,[0],hero_xq_301,HeadIcon,0,0,[0],0,[0],[0],[0],Cube,0,[0],0,
122002,拉文竞买人头像,实际头像,itemName_122002,itemName_122002,itemDesc_122002,[12],0,0,0,0,0,1,0,"[100,10]",0,[[0]],0,0,[0],[0],[[0]],0,[0],hero_jmr_301,HeadIcon,0,0,[0],0,[0],[0],[0],Cube,0,[0],0,
122003,拉文皮肤头像,实际头像,itemName_122003,itemName_122003,itemDesc_122003,[12],0,0,0,0,0,1,0,"[100,10]",0,[[0]],0,0,[0],[0],[[0]],0,[0],hero_xq_301_2,HeadIcon,0,0,[0],0,[0],[0],[0],Cube,0,[0],0,
122004,拉文皮肤2头像,实际头像,itemName_122004,itemName_122004,itemDesc_122004,[12],0,0,0,0,0,1,0,"[100,10]",0,[[0]],0,0,[0],[0],[[0]],0,[0],hero_xq_301_3,HeadIcon,0,0,[0],0,[0],[0],[0],Cube,0,[0],0,
130048,勋章48,富可敌国5,taskname_5301005,taskname_5301005,taskname_5301005,[13],0,5,0,0,0,0,0,"[10,5]",0,[[0]],0,0,[0],[0],[[0]],0,[0],ui_achievement_01_5,Achievement,0,0,[0],0,[0],[0],[0],Cube,0,[0],0,
130049,勋章49,小有成就1,taskname_5302001,taskname_5302001,taskname_5302001,[13],0,1,0,0,0,0,0,"[10,5]",0,[[0]],0,0,[0],[0],[[0]],0,[0],icon_achievement_3002_1,Achievement,0,0,[0],0,[0],[0],[0],Cube,0,[0],0,
130050,勋章50,小有成就2,taskname_5302002,taskname_5302002,taskname_5302002,[13],0,2,0,0,0,0,0,"[10,5]",0,[[0]],0,0,[0],[0],[[0]],0,[0],icon_achievement_3002_2,Achievement,0,0,[0],0,[0],[0],[0],Cube,0,[0],0,
130051,勋章51,小有成就3,taskname_5302003,taskname_5302003,taskname_5302003,[13],0,3,0,0,0,0,0,"[10,5]",0,[[0]],0,0,[0],[0],[[0]],0,[0],icon_achievement_3002_3,Achievement,0,0,[0],0,[0],[0],[0],Cube,0,[0],0,
130052,勋章52,小有成就4,taskname_5302004,taskname_5302004,taskname_5302004,[13],0,4,0,0,0,0,0,"[10,5]",0,[[0]],0,0,[0],[0],[[0]],0,[0],icon_achievement_3002_4,Achievement,0,0,[0],0,[0],[0],[0],Cube,0,[0],0,
130053,勋章53,竞拍师1,taskname_5303001,taskname_5303001,taskname_5303001,[13],0,1,0,0,0,0,0,"[10,5]",0,[[0]],0,0,[0],[0],[[0]],0,[0],icon_achievement_3003_1,Achievement,0,0,[0],0,[0],[0],[0],Cube,0,[0],0,
130054,勋章54,竞拍师2,taskname_5303002,taskname_5303002,taskname_5303002,[13],0,2,0,0,0,0,0,"[10,5]",0,[[0]],0,0,[0],[0],[[0]],0,[0],icon_achievement_3003_2,Achievement,0,0,[0],0,[0],[0],[0],Cube,0,[0],0,
130055,勋章55,竞拍师3,taskname_5303003,taskname_5303003,taskname_5303003,[13],0,3,0,0,0,0,0,"[10,5]",0,[[0]],0,0,[0],[0],[[0]],0,[0],icon_achievement_3003_3,Achievement,0,0,[0],0,[0],[0],[0],Cube,0,[0],0,
130056,勋章56,竞拍之王,taskname_5303004,taskname_5303004,taskname_5303004,[13],0,4,0,0,0,0,0,"[10,5]",0,[[0]],0,0,[0],[0],[[0]],0,[0],icon_achievement_3003_4,Achievement,0,0,[0],0,[0],[0],[0],Cube,0,[0],0,
130062,勋章62,深谋远虑1,taskname_5309001,taskname_5309001,taskname_5309001,[13],0,1,0,0,0,0,0,"[10,5]",0,[[0]],0,0,[0],[0],[[0]],0,[0],icon_achievement_3009_1,Achievement,0,0,[0],0,[0],[0],[0],Cube,0,[0],0,
130063,勋章63,深谋远虑2,taskname_5309002,taskname_5309002,taskname_5309002,[13],0,2,0,0,0,0,0,"[10,5]",0,[[0]],0,0,[0],[0],[[0]],0,[0],icon_achievement_3009_2,Achievement,0,0,[0],0,[0],[0],[0],Cube,0,[0],0,
130064,勋章64,深谋远虑3,taskname_5309003,taskname_5309003,taskname_5309003,[13],0,3,0,0,0,0,0,"[10,5]",0,[[0]],0,0,[0],[0],[[0]],0,[0],icon_achievement_3009_3,Achievement,0,0,[0],0,[0],[0],[0],Cube,0,[0],0,
130065,勋章65,深谋远虑4,taskname_5309004,taskname_5309004,taskname_5309004,[13],0,4,0,0,0,0,0,"[10,5]",0,[[0]],0,0,[0],[0],[[0]],0,[0],icon_achievement_3009_4,Achievement,0,0,[0],0,[0],[0],[0],Cube,0,[0],0,
131011,勋章1,竞拍师1,taskname_5101001,taskname_5101001,taskname_5101001,[13],0,1,0,0,0,0,0,"[10,5]",0,[[0]],0,0,[0],[0],[[0]],0,[0],icon_achievement_1001_1,Achievement,0,0,[0],0,[0],[0],[0],Cube,0,[0],0,
131012,勋章2,竞拍师2,taskname_5101002,taskname_5101002,taskname_5101002,[13],0,2,0,0,0,0,0,"[10,5]",0,[[0]],0,0,[0],[0],[[0]],0,[0],icon_achievement_1001_2,Achievement,0,0,[0],0,[0],[0],[0],Cube,0,[0],0,
131013,勋章3,竞拍师3,taskname_5101003,taskname_5101003,taskname_5101003,[13],0,3,0,0,0,0,0,"[10,5]",0,[[0]],0,0,[0],[0],[[0]],0,[0],icon_achievement_1001_3,Achievement,0,0,[0],0,[0],[0],[0],Cube,0,[0],0,
131014,勋章4,竞拍师4,taskname_5101004,taskname_5101004,taskname_5101004,[13],0,4,0,0,0,0,0,"[10,5]",0,[[0]],0,0,[0],[0],[[0]],0,[0],icon_achievement_1001_4,Achievement,0,0,[0],0,[0],[0],[0],Cube,0,[0],0,
132011,勋章6,藏品大师1,taskname_5201001,taskname_5201001,taskname_5201001,[13],0,1,0,0,0,0,0,"[10,5]",0,[[0]],0,0,[0],[0],[[0]],0,[0],icon_achievement_2001_1,Achievement,0,0,[0],0,[0],[0],[0],Cube,0,[0],0,
132012,勋章7,藏品大师2,taskname_5201002,taskname_5201002,taskname_5201002,[13],0,2,0,0,0,0,0,"[10,5]",0,[[0]],0,0,[0],[0],[[0]],0,[0],icon_achievement_2001_2,Achievement,0,0,[0],0,[0],[0],[0],Cube,0,[0],0,
132013,勋章7,藏品大师2,taskname_5201002,taskname_5201002,taskname_5201002,[13],0,2,0,0,0,0,0,"[10,5]",0,[[0]],0,0,[0],[0],[[0]],0,[0],icon_achievement_2001_3,Achievement,0,0,[0],0,[0],[0],[0],Cube,0,[0],0,
132021,勋章8,匠人1,taskname_5202001,taskname_5202001,taskname_5202001,[13],0,1,0,0,0,0,0,"[10,5]",0,[[0]],0,0,[0],[0],[[0]],0,[0],icon_achievement_2002_1,Achievement,0,0,[0],0,[0],[0],[0],Cube,0,[0],0,
132022,勋章9,匠人2,taskname_5202002,taskname_5202002,taskname_5202002,[13],0,2,0,0,0,0,0,"[10,5]",0,[[0]],0,0,[0],[0],[[0]],0,[0],icon_achievement_2002_2,Achievement,0,0,[0],0,[0],[0],[0],Cube,0,[0],0,
132023,勋章9,匠人2,taskname_5202002,taskname_5202002,taskname_5202002,[13],0,2,0,0,0,0,0,"[10,5]",0,[[0]],0,0,[0],[0],[[0]],0,[0],icon_achievement_2002_3,Achievement,0,0,[0],0,[0],[0],[0],Cube,0,[0],0,
132031,勋章10,医师1,taskname_5203001,taskname_5203001,taskname_5203001,[13],0,1,0,0,0,0,0,"[10,5]",0,[[0]],0,0,[0],[0],[[0]],0,[0],icon_achievement_2003_1,Achievement,0,0,[0],0,[0],[0],[0],Cube,0,[0],0,
132032,勋章11,医师2,taskname_5203002,taskname_5203002,taskname_5203002,[13],0,2,0,0,0,0,0,"[10,5]",0,[[0]],0,0,[0],[0],[[0]],0,[0],icon_achievement_2003_2,Achievement,0,0,[0],0,[0],[0],[0],Cube,0,[0],0,
132033,勋章11,医师2,taskname_5203002,taskname_5203002,taskname_5203002,[13],0,2,0,0,0,0,0,"[10,5]",0,[[0]],0,0,[0],[0],[[0]],0,[0],icon_achievement_2003_3,Achievement,0,0,[0],0,[0],[0],[0],Cube,0,[0],0,
132041,勋章12,时尚浪潮1,taskname_5204001,taskname_5204001,taskname_5204001,[13],0,1,0,0,0,0,0,"[10,5]",0,[[0]],0,0,[0],[0],[[0]],0,[0],icon_achievement_2004_1,Achievement,0,0,[0],0,[0],[0],[0],Cube,0,[0],0,
132042,勋章13,时尚浪潮2,taskname_5204002,taskname_5204002,taskname_5204002,[13],0,2,0,0,0,0,0,"[10,5]",0,[[0]],0,0,[0],[0],[[0]],0,[0],icon_achievement_2004_2,Achievement,0,0,[0],0,[0],[0],[0],Cube,0,[0],0,
132043,勋章13,时尚浪潮2,taskname_5204002,taskname_5204002,taskname_5204002,[13],0,2,0,0,0,0,0,"[10,5]",0,[[0]],0,0,[0],[0],[[0]],0,[0],icon_achievement_2004_3,Achievement,0,0,[0],0,[0],[0],[0],Cube,0,[0],0,
132051,勋章14,军火商人1,taskname_5205201,taskname_5205201,taskname_5205201,[13],0,1,0,0,0,0,0,"[10,5]",0,[[0]],0,0,[0],[0],[[0]],0,[0],icon_achievement_2005_1,Achievement,0,0,[0],0,[0],[0],[0],Cube,0,[0],0,
132052,勋章15,军火商人2,taskname_5205202,taskname_5205202,taskname_5205202,[13],0,2,0,0,0,0,0,"[10,5]",0,[[0]],0,0,[0],[0],[[0]],0,[0],icon_achievement_2005_2,Achievement,0,0,[0],0,[0],[0],[0],Cube,0,[0],0,
132053,勋章15,军火商人2,taskname_5205202,taskname_5205202,taskname_5205202,[13],0,2,0,0,0,0,0,"[10,5]",0,[[0]],0,0,[0],[0],[[0]],0,[0],icon_achievement_2005_3,Achievement,0,0,[0],0,[0],[0],[0],Cube,0,[0],0,
132061,勋章16,珠宝大师1,taskname_5206001,taskname_5206001,taskname_5206001,[13],0,1,0,0,0,0,0,"[10,5]",0,[[0]],0,0,[0],[0],[[0]],0,[0],icon_achievement_2006_1,Achievement,0,0,[0],0,[0],[0],[0],Cube,0,[0],0,
132062,勋章17,珠宝大师2,taskname_5206002,taskname_5206002,taskname_5206002,[13],0,2,0,0,0,0,0,"[10,5]",0,[[0]],0,0,[0],[0],[[0]],0,[0],icon_achievement_2006_2,Achievement,0,0,[0],0,[0],[0],[0],Cube,0,[0],0,
132063,勋章17,珠宝大师2,taskname_5206002,taskname_5206002,taskname_5206002,[13],0,2,0,0,0,0,0,"[10,5]",0,[[0]],0,0,[0],[0],[[0]],0,[0],icon_achievement_2006_3,Achievement,0,0,[0],0,[0],[0],[0],Cube,0,[0],0,
132071,勋章18,博物馆长1,taskname_5207001,taskname_5207001,taskname_5207001,[13],0,1,0,0,0,0,0,"[10,5]",0,[[0]],0,0,[0],[0],[[0]],0,[0],icon_achievement_2007_1,Achievement,0,0,[0],0,[0],[0],[0],Cube,0,[0],0,
132072,勋章19,博物馆长2,taskname_5207002,taskname_5207002,taskname_5207002,[13],0,2,0,0,0,0,0,"[10,5]",0,[[0]],0,0,[0],[0],[[0]],0,[0],icon_achievement_2007_2,Achievement,0,0,[0],0,[0],[0],[0],Cube,0,[0],0,
132073,勋章19,博物馆长2,taskname_5207002,taskname_5207002,taskname_5207002,[13],0,2,0,0,0,0,0,"[10,5]",0,[[0]],0,0,[0],[0],[[0]],0,[0],icon_achievement_2007_3,Achievement,0,0,[0],0,[0],[0],[0],Cube,0,[0],0,
132081,勋章20,数码达人1,taskname_5208001,taskname_5208001,taskname_5208001,[13],0,1,0,0,0,0,0,"[10,5]",0,[[0]],0,0,[0],[0],[[0]],0,[0],icon_achievement_2008_1,Achievement,0,0,[0],0,[0],[0],[0],Cube,0,[0],0,
132082,勋章21,数码达人2,taskname_5208002,taskname_5208002,taskname_5208002,[13],0,2,0,0,0,0,0,"[10,5]",0,[[0]],0,0,[0],[0],[[0]],0,[0],icon_achievement_2008_2,Achievement,0,0,[0],0,[0],[0],[0],Cube,0,[0],0,
132083,勋章21,数码达人2,taskname_5208002,taskname_5208002,taskname_5208002,[13],0,2,0,0,0,0,0,"[10,5]",0,[[0]],0,0,[0],[0],[[0]],0,[0],icon_achievement_2008_3,Achievement,0,0,[0],0,[0],[0],[0],Cube,0,[0],0,
132091,勋章22,能源大亨1,taskname_5209001,taskname_5209001,taskname_5209001,[13],0,1,0,0,0,0,0,"[10,5]",0,[[0]],0,0,[0],[0],[[0]],0,[0],icon_achievement_2009_1,Achievement,0,0,[0],0,[0],[0],[0],Cube,0,[0],0,
132092,勋章23,能源大亨2,taskname_5209002,taskname_5209002,taskname_5209002,[13],0,2,0,0,0,0,0,"[10,5]",0,[[0]],0,0,[0],[0],[[0]],0,[0],icon_achievement_2009_2,Achievement,0,0,[0],0,[0],[0],[0],Cube,0,[0],0,
132093,勋章23,能源大亨2,taskname_5209002,taskname_5209002,taskname_5209002,[13],0,2,0,0,0,0,0,"[10,5]",0,[[0]],0,0,[0],[0],[[0]],0,[0],icon_achievement_2009_3,Achievement,0,0,[0],0,[0],[0],[0],Cube,0,[0],0,
132101,勋章24,餐饮大王1,taskname_5210001,taskname_5210001,taskname_5210001,[13],0,1,0,0,0,0,0,"[10,5]",0,[[0]],0,0,[0],[0],[[0]],0,[0],icon_achievement_2010_1,Achievement,0,0,[0],0,[0],[0],[0],Cube,0,[0],0,
132102,勋章25,餐饮大王2,taskname_5210002,taskname_5210002,taskname_5210002,[13],0,2,0,0,0,0,0,"[10,5]",0,[[0]],0,0,[0],[0],[[0]],0,[0],icon_achievement_2010_2,Achievement,0,0,[0],0,[0],[0],[0],Cube,0,[0],0,
132103,勋章25,餐饮大王2,taskname_5210002,taskname_5210002,taskname_5210002,[13],0,2,0,0,0,0,0,"[10,5]",0,[[0]],0,0,[0],[0],[[0]],0,[0],icon_achievement_2010_3,Achievement,0,0,[0],0,[0],[0],[0],Cube,0,[0],0,
132111,勋章26,书画收藏家1,taskname_5211001,taskname_5211001,taskname_5211001,[13],0,1,0,0,0,0,0,"[10,5]",0,[[0]],0,0,[0],[0],[[0]],0,[0],icon_achievement_2011_1,Achievement,0,0,[0],0,[0],[0],[0],Cube,0,[0],0,
132112,勋章27,书画收藏家2,taskname_5211002,taskname_5211002,taskname_5211002,[13],0,2,0,0,0,0,0,"[10,5]",0,[[0]],0,0,[0],[0],[[0]],0,[0],icon_achievement_2011_2,Achievement,0,0,[0],0,[0],[0],[0],Cube,0,[0],0,
132113,勋章27,书画收藏家2,taskname_5211002,taskname_5211002,taskname_5211002,[13],0,2,0,0,0,0,0,"[10,5]",0,[[0]],0,0,[0],[0],[[0]],0,[0],icon_achievement_2011_3,Achievement,0,0,[0],0,[0],[0],[0],Cube,0,[0],0,
132121,勋章28,璀璨星光1,taskname_5212001,taskname_5212001,taskname_5212001,[13],0,1,0,0,0,0,0,"[10,5]",0,[[0]],0,0,[0],[0],[[0]],0,[0],icon_achievement_2012_1,Achievement,0,0,[0],0,[0],[0],[0],Cube,0,[0],0,
132122,勋章29,璀璨星光2,taskname_5212002,taskname_5212002,taskname_5212002,[13],0,2,0,0,0,0,0,"[10,5]",0,[[0]],0,0,[0],[0],[[0]],0,[0],icon_achievement_2012_2,Achievement,0,0,[0],0,[0],[0],[0],Cube,0,[0],0,
132123,勋章30,璀璨星光3,taskname_5212003,taskname_5212003,taskname_5212003,[13],0,3,0,0,0,0,0,"[10,5]",0,[[0]],0,0,[0],[0],[[0]],0,[0],icon_achievement_2012_3,Achievement,0,0,[0],0,[0],[0],[0],Cube,0,[0],0,
132124,勋章31,璀璨星光4,taskname_5212004,taskname_5212004,taskname_5212004,[13],0,4,0,0,0,0,0,"[10,5]",0,[[0]],0,0,[0],[0],[[0]],0,[0],icon_achievement_2012_4,Achievement,0,0,[0],0,[0],[0],[0],Cube,0,[0],0,
132131,勋章32,百里挑一1,taskname_5213001,taskname_5213001,taskname_5213001,[13],0,1,0,0,0,0,0,"[10,5]",0,[[0]],0,0,[0],[0],[[0]],0,[0],icon_achievement_2013_1,Achievement,0,0,[0],0,[0],[0],[0],Cube,0,[0],0,
132132,勋章33,百里挑一2,taskname_5213002,taskname_5213002,taskname_5213002,[13],0,2,0,0,0,0,0,"[10,5]",0,[[0]],0,0,[0],[0],[[0]],0,[0],icon_achievement_2013_2,Achievement,0,0,[0],0,[0],[0],[0],Cube,0,[0],0,
132133,勋章34,百里挑一3,taskname_5213003,taskname_5213003,taskname_5213003,[13],0,3,0,0,0,0,0,"[10,5]",0,[[0]],0,0,[0],[0],[[0]],0,[0],icon_achievement_2013_3,Achievement,0,0,[0],0,[0],[0],[0],Cube,0,[0],0,
132134,勋章35,百里挑一4,taskname_5213004,taskname_5213004,taskname_5213004,[13],0,4,0,0,0,0,0,"[10,5]",0,[[0]],0,0,[0],[0],[[0]],0,[0],icon_achievement_2013_4,Achievement,0,0,[0],0,[0],[0],[0],Cube,0,[0],0,
132141,勋章36,万众瞩目1,taskname_5214001,taskname_5214001,taskname_5214001,[13],0,1,0,0,0,0,0,"[10,5]",0,[[0]],0,0,[0],[0],[[0]],0,[0],icon_achievement_2014_1,Achievement,0,0,[0],0,[0],[0],[0],Cube,0,[0],0,
132142,勋章37,万众瞩目2,taskname_5214002,taskname_5214002,taskname_5214002,[13],0,2,0,0,0,0,0,"[10,5]",0,[[0]],0,0,[0],[0],[[0]],0,[0],icon_achievement_2014_2,Achievement,0,0,[0],0,[0],[0],[0],Cube,0,[0],0,
132143,勋章38,万众瞩目3,taskname_5214003,taskname_5214003,taskname_5214003,[13],0,3,0,0,0,0,0,"[10,5]",0,[[0]],0,0,[0],[0],[[0]],0,[0],icon_achievement_2014_3,Achievement,0,0,[0],0,[0],[0],[0],Cube,0,[0],0,
132144,勋章39,万众瞩目4,taskname_5214004,taskname_5214004,taskname_5214004,[13],0,4,0,0,0,0,0,"[10,5]",0,[[0]],0,0,[0],[0],[[0]],0,[0],icon_achievement_2014_4,Achievement,0,0,[0],0,[0],[0],[0],Cube,0,[0],0,
132151,勋章40,非洲之心1,taskname_5215001,taskname_5215001,taskname_5215001,[13],0,1,0,0,0,0,0,"[10,5]",0,[[0]],0,0,[0],[0],[[0]],0,[0],icon_achievement_2015_1,Achievement,0,0,[0],0,[0],[0],[0],Cube,0,[0],0,
132152,勋章41,非洲之心2,taskname_5215002,taskname_5215002,taskname_5215002,[13],0,2,0,0,0,0,0,"[10,5]",0,[[0]],0,0,[0],[0],[[0]],0,[0],icon_achievement_2015_2,Achievement,0,0,[0],0,[0],[0],[0],Cube,0,[0],0,
132153,勋章42,非洲之心3,taskname_5215003,taskname_5215003,taskname_5215003,[13],0,3,0,0,0,0,0,"[10,5]",0,[[0]],0,0,[0],[0],[[0]],0,[0],icon_achievement_2015_3,Achievement,0,0,[0],0,[0],[0],[0],Cube,0,[0],0,
132154,勋章43,非洲之心4,taskname_5215004,taskname_5215004,taskname_5215004,[13],0,4,0,0,0,0,0,"[10,5]",0,[[0]],0,0,[0],[0],[[0]],0,[0],icon_achievement_2015_4,Achievement,0,0,[0],0,[0],[0],[0],Cube,0,[0],0,
133011,勋章44,富可敌国1,taskname_5301001,taskname_5301001,taskname_5301001,[13],0,1,0,0,0,0,0,"[10,5]",0,[[0]],0,0,[0],[0],[[0]],0,[0],icon_achievement_3001_1,Achievement,0,0,[0],0,[0],[0],[0],Cube,0,[0],0,
133012,勋章45,富可敌国2,taskname_5301002,taskname_5301002,taskname_5301002,[13],0,2,0,0,0,0,0,"[10,5]",0,[[0]],0,0,[0],[0],[[0]],0,[0],icon_achievement_3001_2,Achievement,0,0,[0],0,[0],[0],[0],Cube,0,[0],0,
133013,勋章46,富可敌国3,taskname_5301003,taskname_5301003,taskname_5301003,[13],0,3,0,0,0,0,0,"[10,5]",0,[[0]],0,0,[0],[0],[[0]],0,[0],icon_achievement_3001_3,Achievement,0,0,[0],0,[0],[0],[0],Cube,0,[0],0,
133014,勋章47,富可敌国4,taskname_5301004,taskname_5301004,taskname_5301004,[13],0,4,0,0,0,0,0,"[10,5]",0,[[0]],0,0,[0],[0],[[0]],0,[0],icon_achievement_3001_4,Achievement,0,0,[0],0,[0],[0],[0],Cube,0,[0],0,
133041,勋章57,盲盒专家,taskname_5304001,taskname_5304001,taskname_5304001,[13],0,1,0,0,0,0,0,"[10,5]",0,[[0]],0,0,[0],[0],[[0]],0,[0],icon_achievement_3004_1,Achievement,0,0,[0],0,[0],[0],[0],Cube,0,[0],0,
133051,勋章58,仓库专家,taskname_5305001,taskname_5305001,taskname_5305001,[13],0,1,0,0,0,0,0,"[10,5]",0,[[0]],0,0,[0],[0],[[0]],0,[0],icon_achievement_3005_1,Achievement,0,0,[0],0,[0],[0],[0],Cube,0,[0],0,
133061,勋章59,集装箱专家,taskname_5306001,taskname_5306001,taskname_5306001,[13],0,1,0,0,0,0,0,"[10,5]",0,[[0]],0,0,[0],[0],[[0]],0,[0],icon_achievement_3006_1,Achievement,0,0,[0],0,[0],[0],[0],Cube,0,[0],0,
133071,勋章60,别墅庄家,taskname_5307001,taskname_5307001,taskname_5307001,[13],0,1,0,0,0,0,0,"[10,5]",0,[[0]],0,0,[0],[0],[[0]],0,[0],icon_achievement_3007_1,Achievement,0,0,[0],0,[0],[0],[0],Cube,0,[0],0,
133081,勋章61,沉船专家,taskname_5308001,taskname_5308001,taskname_5308001,[13],0,1,0,0,0,0,0,"[10,5]",0,[[0]],0,0,[0],[0],[[0]],0,[0],icon_achievement_3008_1,Achievement,0,0,[0],0,[0],[0],[0],Cube,0,[0],0,
133101,勋章66,审计师1,taskname_5310001,taskname_5310001,taskname_5310001,[13],0,1,0,0,0,0,0,"[10,5]",0,[[0]],0,0,[0],[0],[[0]],0,[0],icon_achievement_3010_1,Achievement,0,0,[0],0,[0],[0],[0],Cube,0,[0],0,
133102,勋章67,审计师2,taskname_5310002,taskname_5310002,taskname_5310002,[13],0,2,0,0,0,0,0,"[10,5]",0,[[0]],0,0,[0],[0],[[0]],0,[0],icon_achievement_3010_2,Achievement,0,0,[0],0,[0],[0],[0],Cube,0,[0],0,
133103,勋章68,审计师3,taskname_5310003,taskname_5310003,taskname_5310003,[13],0,3,0,0,0,0,0,"[10,5]",0,[[0]],0,0,[0],[0],[[0]],0,[0],icon_achievement_3010_3,Achievement,0,0,[0],0,[0],[0],[0],Cube,0,[0],0,
133104,勋章69,审计师4,taskname_5310004,taskname_5310004,taskname_5310004,[13],0,4,0,0,0,0,0,"[10,5]",0,[[0]],0,0,[0],[0],[[0]],0,[0],icon_achievement_3010_4,Achievement,0,0,[0],0,[0],[0],[0],Cube,0,[0],0,
133111,勋章70,全知全能1,taskname_5311001,taskname_5311001,taskname_5311001,[13],0,1,0,0,0,0,0,"[10,5]",0,[[0]],0,0,[0],[0],[[0]],0,[0],icon_achievement_3011_1,Achievement,0,0,[0],0,[0],[0],[0],Cube,0,[0],0,
133112,勋章71,全知全能2,taskname_5311002,taskname_5311002,taskname_5311002,[13],0,2,0,0,0,0,0,"[10,5]",0,[[0]],0,0,[0],[0],[[0]],0,[0],icon_achievement_3011_2,Achievement,0,0,[0],0,[0],[0],[0],Cube,0,[0],0,
133113,勋章72,全知全能3,taskname_5311003,taskname_5311003,taskname_5311003,[13],0,3,0,0,0,0,0,"[10,5]",0,[[0]],0,0,[0],[0],[[0]],0,[0],icon_achievement_3011_3,Achievement,0,0,[0],0,[0],[0],[0],Cube,0,[0],0,
133114,勋章73,全知全能4,taskname_5311004,taskname_5311004,taskname_5311004,[13],0,4,0,0,0,0,0,"[10,5]",0,[[0]],0,0,[0],[0],[[0]],0,[0],icon_achievement_3011_4,Achievement,0,0,[0],0,[0],[0],[0],Cube,0,[0],0,
133121,勋章74,贸易专家1,taskname_5312001,taskname_5312001,taskname_5312001,[13],0,1,0,0,0,0,0,"[10,5]",0,[[0]],0,0,[0],[0],[[0]],0,[0],icon_achievement_3012_1,Achievement,0,0,[0],0,[0],[0],[0],Cube,0,[0],0,
133122,勋章75,贸易专家2,taskname_5312002,taskname_5312002,taskname_5312002,[13],0,2,0,0,0,0,0,"[10,5]",0,[[0]],0,0,[0],[0],[[0]],0,[0],icon_achievement_3012_2,Achievement,0,0,[0],0,[0],[0],[0],Cube,0,[0],0,
133123,勋章76,贸易专家3,taskname_5312003,taskname_5312003,taskname_5312003,[13],0,3,0,0,0,0,0,"[10,5]",0,[[0]],0,0,[0],[0],[[0]],0,[0],icon_achievement_3012_3,Achievement,0,0,[0],0,[0],[0],[0],Cube,0,[0],0,
133131,勋章75,没落贵族1,taskname_5312002,taskname_5312002,taskname_5312002,[13],0,3,0,0,0,0,0,"[10,5]",0,[[0]],0,0,[0],[0],[[0]],0,[0],icon_achievement_3013_1,Achievement,0,0,[0],0,[0],[0],[0],Cube,0,[0],0,
133132,勋章76,没落贵族2,taskname_5312003,taskname_5312003,taskname_5312003,[13],0,4,0,0,0,0,0,"[10,5]",0,[[0]],0,0,[0],[0],[[0]],0,[0],icon_achievement_3013_2,Achievement,0,0,[0],0,[0],[0],[0],Cube,0,[0],0,
140001,加冕时刻,这是胜利者的象征，正如游戏名“竞拍之王”，代表登顶王座,itemName_140001,itemName_140001,itemDesc_140001,[17],0,0,0,0,0,0,0,"[10,5]",0,[[0]],0,0,[0],[0],[[0]],0,[0],ui_avatarframe_01,HeadFrame,0,0,[0],0,[0],[0],[0],Cube,0,[0],0,
140002,起拍编号,这是竞拍入场的基础身份象征，代表你是“持牌人”,itemName_140002,itemName_140002,itemDesc_140002,[17],0,0,0,0,0,0,0,"[10,5]",0,[[0]],0,0,[0],[0],[[0]],0,[0],ui_avatarframe_02,HeadFrame,0,0,[0],0,[0],[0],[0],Cube,0,[0],0,
140003,全息幻影,拥有彩色藏品的玩家,itemName_140003,itemName_140003,itemDesc_140003,[17],0,0,0,0,0,0,0,"[10,5]",0,[[0]],0,0,[0],[0],[[0]],0,[0],ui_avatarframe_03,HeadFrame,0,0,[0],0,[0],[0],[0],Cube,0,[0],0,
140004,聚光焦点,暗示你是全场的焦点，所有的藏品和目光都集中在你身上,itemName_140004,itemName_140004,itemDesc_140004,[17],0,0,0,0,0,0,0,"[10,5]",0,[[0]],0,0,[0],[0],[[0]],0,[0],ui_avatarframe_04,HeadFrame,0,0,[0],0,[0],[0],[0],Cube,0,[0],0,
140005,黑金传说,像是排行榜霸主的专属框,itemName_140005,itemName_140005,itemDesc_140005,[17],0,0,0,0,0,0,0,"[10,5]",0,[[0]],0,0,[0],[0],[[0]],0,[0],ui_avatarframe_05,HeadFrame,0,0,[0],0,[0],[0],[0],Cube,0,[0],0,
140006,紫晶秘藏,紫色通常代表“史诗”或“神秘”，暗示框内之人拥有不为人知的珍稀藏品,itemName_140006,itemName_140006,itemDesc_140006,[17],0,0,0,0,0,0,0,"[10,5]",0,[[0]],0,0,[0],[0],[[0]],0,[0],ui_avatarframe_06,HeadFrame,0,0,[0],0,[0],[0],[0],Cube,0,[0],0,
140007,凛冬破冰,象征在冷场的局面下打破僵局，或者用冷酷的手段赢得竞拍,itemName_140007,itemName_140007,itemDesc_140007,[17],0,0,0,0,0,0,0,"[10,5]",0,[[0]],0,0,[0],[0],[[0]],0,[0],ui_avatarframe_07,HeadFrame,0,0,[0],0,[0],[0],[0],Cube,0,[0],0,
140008,拍卖铁律,象征拍卖行的规则与秩序，木质代表沉稳和传统,itemName_140008,itemName_140008,itemDesc_140008,[17],0,0,0,0,0,0,0,"[10,5]",0,[[0]],0,0,[0],[0],[[0]],0,[0],ui_avatarframe_08,HeadFrame,0,0,[0],0,[0],[0],[0],Cube,0,[0],0,
140009,原始股东,实际头像框,itemName_140009,itemName_140009,itemDesc_140009,[17],0,0,0,0,0,0,0,"[10,5]",0,[[0]],0,0,[0],[0],[[0]],0,[0],ui_avatarframe_09,HeadFrame,0,0,[0],0,[0],[0],[0],Cube,0,[0],0,
140010,刀乐US刀乐,大哥，您这挣的是啥钱？,itemName_140010,itemName_140010,itemDesc_140010,[17],0,0,0,0,0,0,0,"[10,5]",0,[[0]],0,0,[0],[0],[[0]],0,[0],ui_avatarframe_10,HeadFrame,0,0,[0],0,[0],[0],[0],Cube,0,[0],0,
140011,灵感之源,当多数灵感仍在分散生长时，您的构想已完成收束,itemName_140011,itemName_140011,itemDesc_140011,[17],0,0,0,0,0,0,0,"[10,5]",0,[[0]],0,0,[0],[0],[[0]],0,[0],ui_avatarframe_11,HeadFrame,0,0,[0],0,[0],[0],[0],Cube,0,[0],0,
140012,似水柔情,似水柔情,itemName_140012,itemName_140012,itemDesc_140012,[17],0,0,0,0,0,0,0,"[10,5]",0,[[0]],0,0,[0],[0],[[0]],0,[0],ui_avatarframe_12,HeadFrame,0,0,[0],0,[0],[0],[0],Cube,0,[0],0,
140013,风之轻语,风之轻语,itemName_140013,itemName_140013,itemDesc_140013,[17],0,0,0,0,0,0,0,"[10,5]",0,[[0]],0,0,[0],[0],[[0]],0,[0],ui_avatarframe_13,HeadFrame,0,0,[0],0,[0],[0],[0],Cube,0,[0],0,
140014,火焰之舞,火焰之舞,itemName_140014,itemName_140014,itemDesc_140014,[17],0,0,0,0,0,0,0,"[10,5]",0,[[0]],0,0,[0],[0],[[0]],0,[0],ui_avatarframe_14,HeadFrame,0,0,[0],0,[0],[0],[0],Cube,0,[0],0,
140015,大地守望,大地守望,itemName_140015,itemName_140015,itemDesc_140015,[17],0,0,0,0,0,0,0,"[10,5]",0,[[0]],0,0,[0],[0],[[0]],0,[0],ui_avatarframe_15,HeadFrame,0,0,[0],0,[0],[0],[0],Cube,0,[0],0,
140701,索菲头像框,实际头像框,itemName_140701,itemName_140701,itemDesc_140701,[17],0,0,0,0,0,0,0,"[10,5]",0,[[0]],0,0,[0],[0],[[0]],0,[0],ui_avatarframe_140701,HeadFrame,0,0,[0],0,[0],[0],[0],Cube,0,[0],0,
140702,拉文头像框,实际头像框,itemName_140702,itemName_140702,itemDesc_140702,[17],0,0,0,0,0,0,0,"[10,5]",0,[[0]],0,0,[0],[0],[[0]],0,[0],ui_avatarframe_140702,HeadFrame,0,0,[0],0,[0],[0],[0],Cube,0,[0],0,
141001,白银,白银,itemName_141001,itemName_141001,itemDesc_141001,[17],0,0,0,0,0,0,0,"[10,5]",0,[[0]],0,0,[0],[0],[[0]],0,[0],ui_avatarframe_141001,HeadFrame,0,0,[0],0,[0],[0],[0],Cube,0,[0],0,
141002,黄金,黄金,itemName_141002,itemName_141002,itemDesc_141002,[17],0,0,0,0,0,0,0,"[10,5]",0,[[0]],0,0,[0],[0],[[0]],0,[0],ui_avatarframe_141002,HeadFrame,0,0,[0],0,[0],[0],[0],Cube,0,[0],0,
141003,白金,白金,itemName_141003,itemName_141003,itemDesc_141003,[17],0,0,0,0,0,0,0,"[10,5]",0,[[0]],0,0,[0],[0],[[0]],0,[0],ui_avatarframe_141003,HeadFrame,0,0,[0],0,[0],[0],[0],Cube,0,[0],0,
141004,钻石,钻石,itemName_141004,itemName_141004,itemDesc_141004,[17],0,0,0,0,0,0,0,"[10,5]",0,[[0]],0,0,[0],[0],[[0]],0,[0],ui_avatarframe_141004,HeadFrame,0,0,[0],0,[0],[0],[0],Cube,0,[0],0,
141005,大师,大师,itemName_141005,itemName_141005,itemDesc_141005,[17],0,0,0,0,0,0,0,"[10,5]",0,[[0]],0,0,[0],[0],[[0]],0,[0],ui_avatarframe_141005,HeadFrame,0,0,[0],0,[0],[0],[0],Cube,0,[0],0,
141006,王者,王者,itemName_141006,itemName_141006,itemDesc_141006,[17],0,0,0,0,0,0,0,"[10,5]",0,[[0]],0,0,[0],[0],[[0]],0,[0],ui_avatarframe_141006,HeadFrame,0,0,[0],0,[0],[0],[0],Cube,0,[0],0,
150001,富可敌国,称号：富可敌国,itemName_150001,itemName_150001,itemDesc_150001,[18],0,0,0,0,0,0,0,"[10,5]",0,[[0]],0,0,[0],[0],[[0]],0,[0],ui_title_01,HeadTitle,0,0,[0],0,[0],[0],[0],Cube,0,[0],0,
150002,掌眼天师,称号：掌眼天师,itemName_150002,itemName_150002,itemDesc_150002,[18],0,0,0,0,0,0,0,"[10,5]",0,[[0]],0,0,[0],[0],[[0]],0,[0],ui_title_02,HeadTitle,0,0,[0],0,[0],[0],[0],Cube,0,[0],0,
150003,捡漏之王,称号：捡漏之王,itemName_150003,itemName_150003,itemDesc_150003,[18],0,0,0,0,0,0,0,"[10,5]",0,[[0]],0,0,[0],[0],[[0]],0,[0],ui_title_03,HeadTitle,0,0,[0],0,[0],[0],[0],Cube,0,[0],0,
150004,博物馆长,称号：博物馆长,itemName_150004,itemName_150004,itemDesc_150004,[18],0,0,0,0,0,0,0,"[10,5]",0,[[0]],0,0,[0],[0],[[0]],0,[0],ui_title_04,HeadTitle,0,0,[0],0,[0],[0],[0],Cube,0,[0],0,
150005,一锤定音,称号：一锤定音,itemName_150005,itemName_150005,itemDesc_150005,[18],0,0,0,0,0,0,0,"[10,5]",0,[[0]],0,0,[0],[0],[[0]],0,[0],ui_title_05,HeadTitle,0,0,[0],0,[0],[0],[0],Cube,0,[0],0,
150006,慈善赌王,称号：慈善赌王,itemName_150006,itemName_150006,itemDesc_150006,[18],0,0,0,0,0,0,0,"[10,5]",0,[[0]],0,0,[0],[0],[[0]],0,[0],ui_title_06,HeadTitle,0,0,[0],0,[0],[0],[0],Cube,0,[0],0,
150007,吃土少年,称号：吃土少年,itemName_150007,itemName_150007,itemDesc_150007,[18],0,0,0,0,0,0,0,"[10,5]",0,[[0]],0,0,[0],[0],[[0]],0,[0],ui_title_07,HeadTitle,0,0,[0],0,[0],[0],[0],Cube,0,[0],0,
150008,打眼专业户,称号：打眼专业户,itemName_150008,itemName_150008,itemDesc_150008,[18],0,0,0,0,0,0,0,"[10,5]",0,[[0]],0,0,[0],[0],[[0]],0,[0],ui_title_08,HeadTitle,0,0,[0],0,[0],[0],[0],Cube,0,[0],0,
150009,高级韭菜,称号：高级韭菜,itemName_150009,itemName_150009,itemDesc_150009,[18],0,0,0,0,0,0,0,"[10,5]",0,[[0]],0,0,[0],[0],[[0]],0,[0],ui_title_09,HeadTitle,0,0,[0],0,[0],[0],[0],Cube,0,[0],0,
150010,我也想赢,称号：我也想赢,itemName_150010,itemName_150010,itemDesc_150010,[18],0,0,0,0,0,0,0,"[10,5]",0,[[0]],0,0,[0],[0],[[0]],0,[0],ui_title_10,HeadTitle,0,0,[0],0,[0],[0],[0],Cube,0,[0],0,
150011,谢谢老板,称号：谢谢老板,itemName_150011,itemName_150011,itemDesc_150011,[18],0,0,0,0,0,0,0,"[10,5]",0,[[0]],0,0,[0],[0],[[0]],0,[0],ui_title_11,HeadTitle,0,0,[0],0,[0],[0],[0],Cube,0,[0],0,
150012,散财童子,称号：散财童子,itemName_150012,itemName_150012,itemDesc_150012,[18],0,0,0,0,0,0,0,"[10,5]",0,[[0]],0,0,[0],[0],[[0]],0,[0],ui_title_12,HeadTitle,0,0,[0],0,[0],[0],[0],Cube,0,[0],0,
150013,这就急了？,称号：这就急了？,itemName_150013,itemName_150013,itemDesc_150013,[18],0,0,0,0,0,0,0,"[10,5]",0,[[0]],0,0,[0],[0],[[0]],0,[0],ui_title_13,HeadTitle,0,0,[0],0,[0],[0],[0],Cube,0,[0],0,
150014,抬价小能手,称号：抬价小能手,itemName_150014,itemName_150014,itemDesc_150014,[18],0,0,0,0,0,0,0,"[10,5]",0,[[0]],0,0,[0],[0],[[0]],0,[0],ui_title_14,HeadTitle,0,0,[0],0,[0],[0],[0],Cube,0,[0],0,
150015,下次一定,称号：下次一定,itemName_150015,itemName_150015,itemDesc_150015,[18],0,0,0,0,0,0,0,"[10,5]",0,[[0]],0,0,[0],[0],[[0]],0,[0],ui_title_15,HeadTitle,0,0,[0],0,[0],[0],[0],Cube,0,[0],0,
150016,梦幻顶流,称号：梦幻顶流,itemName_150016,itemName_150016,itemDesc_150016,[18],0,0,0,0,0,0,0,"[10,5]",0,[[0]],0,0,[0],[0],[[0]],0,[0],ui_title_16,HeadTitle,0,0,[0],0,[0],[0],[0],Cube,0,[0],0,
150017,幸运星,称号：幸运星,itemName_150017,itemName_150017,itemDesc_150017,[18],0,0,0,0,0,0,0,"[10,5]",0,[[0]],0,0,[0],[0],[[0]],0,[0],ui_title_17,HeadTitle,0,0,[0],0,[0],[0],[0],Cube,0,[0],0,
150018,竞拍师,称号：竞拍师,itemName_150018,itemName_150018,itemDesc_150018,[18],0,0,0,0,0,0,0,"[10,5]",0,[[0]],0,0,[0],[0],[[0]],0,[0],ui_title_18,HeadTitle,0,0,[0],0,[0],[0],[0],Cube,0,[0],0,
150019,狂热博士,称号：狂热博士,itemName_150019,itemName_150019,itemDesc_150019,[18],0,0,0,0,0,0,0,"[10,5]",0,[[0]],0,0,[0],[0],[[0]],0,[0],ui_title_19,HeadTitle,0,0,[0],0,[0],[0],[0],Cube,0,[0],0,
150020,站着把钱挣了,称号：站着把钱挣了,itemName_150020,itemName_150020,itemDesc_150020,[18],0,0,0,0,0,0,0,"[10,5]",0,[[0]],0,0,[0],[0],[[0]],0,[0],ui_title_20,HeadTitle,0,0,[0],0,[0],[0],[0],Cube,0,[0],0,
150021,绝对构色之人,称号：绝对构色之人,itemName_150021,itemName_150021,itemDesc_150021,[18],0,0,0,0,0,0,0,"[10,5]",0,[[0]],0,0,[0],[0],[[0]],0,[0],ui_title_21,HeadTitle,0,0,[0],0,[0],[0],[0],Cube,0,[0],0,
150024,万马奔腾,称号：万马奔腾,itemName_150024,itemName_150024,itemDesc_150024,[18],0,0,0,0,0,0,0,"[10,5]",0,[[0]],0,0,[0],[0],[[0]],0,[0],ui_title_24,HeadTitle,0,0,[0],0,[0],[0],[0],Cube,0,[0],0,
150026,斗鱼鉴宝王,称号：斗鱼鉴宝王,itemName_150026,itemName_150026,itemDesc_150026,[18],0,0,0,0,0,0,0,"[10,5]",0,[[0]],0,0,[0],[0],[[0]],0,[0],ui_title_26,HeadTitle,0,0,[0],0,[0],[0],[0],Cube,0,[0],0,
150027,君临天下,称号：君临天下,itemName_150027,itemName_150027,itemDesc_150027,[18],0,0,0,0,0,0,0,"[10,5]",0,[[0]],0,0,[0],[0],[[0]],0,[0],ui_title_27,HeadTitle,0,0,[0],0,[0],[0],[0],Cube,0,[0],0,
150028,星穹旅者,称号：星穹旅者,itemName_150028,itemName_150028,itemDesc_150028,[18],0,0,0,0,0,0,0,"[10,5]",0,[[0]],0,0,[0],[0],[[0]],0,[0],ui_title_28,HeadTitle,0,0,[0],0,[0],[0],[0],Cube,0,[0],0,
150029,幸运之星,称号：幸运之星,itemName_150029,itemName_150029,itemDesc_150029,[18],0,0,0,0,0,0,0,"[10,5]",0,[[0]],0,0,[0],[0],[[0]],0,[0],ui_title_29,HeadTitle,0,0,[0],0,[0],[0],[0],Cube,0,[0],0,
150030,破局大师,称号：破局大师,itemName_150030,itemName_150030,itemDesc_150030,[18],0,0,0,0,0,0,0,"[10,5]",0,[[0]],0,0,[0],[0],[[0]],0,[0],ui_title_30,HeadTitle,0,0,[0],0,[0],[0],[0],Cube,0,[0],0,
150101,法蒂玛,法蒂玛,hero_n_101,hero_n_101,hero_c_101,[15],0,0,0,0,0,0,0,"[10,5]",0,[[0]],0,0,[0],[101],[[0]],0,[0],hero_xq_101,HeroIcon,0,0,[0],0,[0],[0],[0],Cube,0,[0],0,
150102,陈美,陈美,hero_n_102,hero_n_102,hero_c_102,[15],0,0,0,0,0,0,0,"[10,5]",0,[[0]],0,0,[0],[102],[[0]],0,[0],hero_xq_102,HeroIcon,0,0,[0],0,[0],[0],[0],Cube,0,[0],0,
150103,艾莎,艾莎,hero_n_103,hero_n_103,hero_c_103,[15],0,0,0,0,0,0,0,"[10,5]",0,[[0]],0,0,[0],[103],[[0]],0,[0],hero_xq_103,HeroIcon,0,0,[0],0,[0],[0],[0],Cube,0,[0],0,
150104,加布里埃拉,加布里埃拉,hero_n_104,hero_n_104,hero_c_104,[15],0,0,0,0,0,0,0,"[10,5]",0,[[0]],0,0,[0],[104],[[0]],0,[0],hero_xq_104,HeroIcon,0,0,[0],0,[0],[0],[0],Cube,0,[0],0,
150105,塔蒂安娜,塔蒂安娜,hero_n_105,hero_n_105,hero_c_105,[15],0,0,0,0,0,0,0,"[10,5]",0,[[0]],0,0,[0],[105],[[0]],0,[0],hero_xq_105,HeroIcon,0,0,[0],0,[0],[0],[0],Cube,0,[0],0,
150106,娜奥米,娜奥米,hero_n_106,hero_n_106,hero_c_106,[15],0,0,0,0,0,0,0,"[10,5]",0,[[0]],0,0,[0],[106],[[0]],0,[0],hero_xq_106,HeroIcon,0,0,[0],0,[0],[0],[0],Cube,0,[0],0,
150107,索菲,索菲,hero_n_107,hero_n_107,hero_c_107,[15],0,0,0,0,0,0,0,"[10,5]",0,[[0]],0,0,[0],[107],[[0]],0,[0],hero_xq_107,HeroIcon,0,0,[0],0,[0],[0],[0],Cube,0,[0],0,
150108,玛丽亚,玛丽亚,hero_n_108,hero_n_108,hero_c_108,[15],0,0,0,0,0,0,0,"[10,5]",0,[[0]],0,0,[0],[108],[[0]],0,[0],hero_xq_108,HeroIcon,0,0,[0],0,[0],[0],[0],Cube,0,[0],0,
150109,海琳娜,海琳娜,hero_n_109,hero_n_109,hero_c_109,[15],0,0,0,0,0,0,0,"[10,5]",0,[[0]],0,0,[0],[109],[[0]],0,[0],hero_xq_109,HeroIcon,0,0,[0],0,[0],[0],[0],Cube,0,[0],0,
150110,伊莎贝拉,伊莎贝拉,hero_n_110,hero_n_110,hero_c_110,[15],0,0,0,0,0,0,0,"[10,5]",0,[[0]],0,0,[0],[110],[[0]],0,[0],hero_xq_110,HeroIcon,0,0,[0],0,[0],[0],[0],Cube,0,[0],0,
150201,乔治,乔治,hero_n_201,hero_n_201,hero_c_201,[15],0,0,0,0,0,0,0,"[10,5]",0,[[0]],0,0,[0],[201],[[0]],0,[0],hero_xq_201,HeroIcon,0,0,[0],0,[0],[0],[0],Cube,0,[0],0,
150202,卡洛斯,卡洛斯,hero_n_202,hero_n_202,hero_c_202,[15],0,0,0,0,0,0,0,"[10,5]",0,[[0]],0,0,[0],[202],[[0]],0,[0],hero_xq_202,HeroIcon,0,0,[0],0,[0],[0],[0],Cube,0,[0],0,
150203,莱昂纳德,莱昂纳德,hero_n_203,hero_n_203,hero_c_203,[15],0,0,0,0,0,0,0,"[10,5]",0,[[0]],0,0,[0],[203],[[0]],0,[0],hero_xq_203,HeroIcon,0,0,[0],0,[0],[0],[0],Cube,0,[0],0,
150204,艾哈迈德,艾哈迈德,hero_n_204,hero_n_204,hero_c_204,[15],0,0,0,0,0,0,0,"[10,5]",0,[[0]],0,0,[0],[204],[[0]],0,[0],hero_xq_204,HeroIcon,0,0,[0],0,[0],[0],[0],Cube,0,[0],0,
150205,伊万,伊万,hero_n_205,hero_n_205,hero_c_205,[15],0,0,0,0,0,0,0,"[10,5]",0,[[0]],0,0,[0],[205],[[0]],0,[0],hero_xq_205,HeroIcon,0,0,[0],0,[0],[0],[0],Cube,0,[0],0,
150206,武田宏志,武田宏志,hero_n_206,hero_n_206,hero_c_206,[15],0,0,0,0,0,0,0,"[10,5]",0,[[0]],0,0,[0],[206],[[0]],0,[0],hero_xq_206,HeroIcon,0,0,[0],0,[0],[0],[0],Cube,0,[0],0,
150207,吴起灵,吴起灵,hero_n_207,hero_n_207,hero_c_207,[15],0,0,0,0,0,0,0,"[10,5]",0,[[0]],0,0,[0],[207],[[0]],0,[0],hero_xq_207,HeroIcon,0,0,[0],0,[0],[0],[0],Cube,0,[0],0,
150208,伊森,伊森,hero_n_208,hero_n_208,hero_c_208,[15],0,0,0,0,0,0,0,"[10,5]",0,[[0]],0,0,[0],[208],[[0]],0,[0],hero_xq_208,HeroIcon,0,0,[0],0,[0],[0],[0],Cube,0,[0],0,
150209,维克托,维克托,hero_n_209,hero_n_209,hero_c_209,[15],0,0,0,0,0,0,0,"[10,5]",0,[[0]],0,0,[0],[209],[[0]],0,[0],hero_xq_209,HeroIcon,0,0,[0],0,[0],[0],[0],Cube,0,[0],0,
150301,拉文,拉文,hero_n_301,hero_n_301,hero_c_301,[15],0,0,0,0,0,0,0,"[10,5]",0,[[0]],0,0,[0],[301],[[0]],0,[0],hero_xq_301,HeroIcon,0,0,[0],0,[0],[0],[0],Cube,0,[0],0,
151001,S1大师,称号：S1大师,itemName_151001,itemName_151001,itemDesc_151001,[18],0,0,0,0,0,0,0,"[10,5]",0,[[0]],0,0,[0],[0],[[0]],0,[0],ui_title_1001,HeadTitle,0,0,[0],0,[0],[0],[0],Cube,0,[0],0,
151002,S1王者,称号：S1王者,itemName_151002,itemName_151002,itemDesc_151002,[18],0,0,0,0,0,0,0,"[10,5]",0,[[0]],0,0,[0],[0],[[0]],0,[0],ui_title_1002,HeadTitle,0,0,[0],0,[0],[0],[0],Cube,0,[0],0,
171001,表情101,表情101,emoji_name_101,emoji_name_101,emoji_name_101,[17],0,0,0,0,0,0,0,"[10,5]",0,[[0]],0,0,[0],[0],[[0]],0,[0],icon_1011001,iconitem101,0,0,[0],0,[0],[0],[0],Cube,0,[0],0,
171002,表情102,表情102,emoji_name_102,emoji_name_102,emoji_name_102,[17],0,0,0,0,0,0,0,"[10,5]",0,[[0]],0,0,[0],[0],[[0]],0,[0],icon_1011001,iconitem101,0,0,[0],0,[0],[0],[0],Cube,0,[0],0,
171003,表情103,表情103,emoji_name_103,emoji_name_103,emoji_name_103,[17],0,0,0,0,0,0,0,"[10,5]",0,[[0]],0,0,[0],[0],[[0]],0,[0],icon_1011001,iconitem101,0,0,[0],0,[0],[0],[0],Cube,0,[0],0,
171004,表情104,表情104,emoji_name_104,emoji_name_104,emoji_name_104,[17],0,0,0,0,0,0,0,"[10,5]",0,[[0]],0,0,[0],[0],[[0]],0,[0],icon_1011001,iconitem101,0,0,[0],0,[0],[0],[0],Cube,0,[0],0,
171005,表情105,表情105,emoji_name_105,emoji_name_105,emoji_name_105,[17],0,0,0,0,0,0,0,"[10,5]",0,[[0]],0,0,[0],[0],[[0]],0,[0],icon_1011001,iconitem101,0,0,[0],0,[0],[0],[0],Cube,0,[0],0,
171006,表情106,表情106,emoji_name_106,emoji_name_106,emoji_name_106,[17],0,0,0,0,0,0,0,"[10,5]",0,[[0]],0,0,[0],[0],[[0]],0,[0],icon_1011001,iconitem101,0,0,[0],0,[0],[0],[0],Cube,0,[0],0,
171007,表情107,表情107,emoji_name_107,emoji_name_107,emoji_name_107,[17],0,0,0,0,0,0,0,"[10,5]",0,[[0]],0,0,[0],[0],[[0]],0,[0],icon_1011001,iconitem101,0,0,[0],0,[0],[0],[0],Cube,0,[0],0,
171008,表情108,表情108,emoji_name_108,emoji_name_108,emoji_name_108,[17],0,0,0,0,0,0,0,"[10,5]",0,[[0]],0,0,[0],[0],[[0]],0,[0],icon_1011001,iconitem101,0,0,[0],0,[0],[0],[0],Cube,0,[0],0,
172001,表情201,表情201,emoji_name_201,emoji_name_201,emoji_desc_201,[17],0,0,0,0,0,0,0,"[10,5]",0,[[0]],0,0,[0],[0],[[0]],0,[0],icon_3001,iconitem1,0,0,[0],0,[0],[0],[0],Cube,0,[0],0,
172002,表情202,表情202,emoji_name_202,emoji_name_202,emoji_desc_202,[17],0,0,0,0,0,0,0,"[10,5]",0,[[0]],0,0,[0],[0],[[0]],0,[0],icon_3002,iconitem1,0,0,[0],0,[0],[0],[0],Cube,0,[0],0,
172003,表情203,表情203,emoji_name_203,emoji_name_203,emoji_desc_203,[17],0,0,0,0,0,0,0,"[10,5]",0,[[0]],0,0,[0],[0],[[0]],0,[0],icon_3003,iconitem1,0,0,[0],0,[0],[0],[0],Cube,0,[0],0,
172004,表情204,表情204,emoji_name_204,emoji_name_204,emoji_desc_204,[17],0,0,0,0,0,0,0,"[10,5]",0,[[0]],0,0,[0],[0],[[0]],0,[0],icon_3004,iconitem1,0,0,[0],0,[0],[0],[0],Cube,0,[0],0,
172005,表情205,表情205,emoji_name_205,emoji_name_205,emoji_desc_205,[17],0,0,0,0,0,0,0,"[10,5]",0,[[0]],0,0,[0],[0],[[0]],0,[0],icon_3005,iconitem1,0,0,[0],0,[0],[0],[0],Cube,0,[0],0,
172006,表情206,表情206,emoji_name_206,emoji_name_206,emoji_desc_206,[17],0,0,0,0,0,0,0,"[10,5]",0,[[0]],0,0,[0],[0],[[0]],0,[0],icon_3006,iconitem1,0,0,[0],0,[0],[0],[0],Cube,0,[0],0,
172007,表情207,表情207,emoji_name_207,emoji_name_207,emoji_desc_207,[17],0,0,0,0,0,0,0,"[10,5]",0,[[0]],0,0,[0],[0],[[0]],0,[0],icon_3007,iconitem1,0,0,[0],0,[0],[0],[0],Cube,0,[0],0,
172008,表情208,表情208,emoji_name_208,emoji_name_208,emoji_desc_208,[17],0,0,0,0,0,0,0,"[10,5]",0,[[0]],0,0,[0],[0],[[0]],0,[0],icon_3008,iconitem1,0,0,[0],0,[0],[0],[0],Cube,0,[0],0,
181001,基础拍卖集装箱,基础拍卖集装箱,itemName_181001,itemName_181001,itemDesc_181001,[18],0,0,0,0,0,0,0,"[10,5]",0,[[0]],3,0,[0],[0],[[0]],0,[0],icon_1011001,iconitem101,0,0,[0],0,[0],[0],[0],Cube,0,[0],0,
181002,额外拍卖集装箱,额外拍卖集装箱,itemName_181002,itemName_181002,itemDesc_181002,[18],0,0,0,0,0,0,0,"[10,5]",0,[[0]],2,0,[0],[0],[[0]],0,[0],icon_1011001,iconitem101,0,0,[0],0,[0],[0],[0],Cube,0,[0],0,
220002,力量之熊,实际道具-开启后获得对应头像,itemName_220002,itemName_220002,itemDesc_220002,[4],0,6,10000,0,0,1,1,"[100,10]",0,[[0]],1,0,[0],[0],[[0]],220002,[120002],tx_120002,HeadIcon,0,0,[0],0,[0],[0],[0],Cube,1,[0],0,
220003,威严之狮,实际道具-开启后获得对应头像,itemName_220003,itemName_220003,itemDesc_220003,[4],0,6,10000,0,0,1,1,"[100,10]",0,[[0]],1,0,[0],[0],[[0]],220003,[120003],tx_120003,HeadIcon,0,0,[0],0,[0],[0],[0],Cube,1,[0],0,
220004,狡黠之狐,实际道具-开启后获得对应头像,itemName_220004,itemName_220004,itemDesc_220004,[4],0,6,10000,0,0,1,1,"[100,10]",0,[[0]],1,0,[0],[0],[[0]],220004,[120004],tx_120004,HeadIcon,0,0,[0],0,[0],[0],[0],Cube,1,[0],0,
220005,优雅之鹤,实际道具-开启后获得对应头像,itemName_220005,itemName_220005,itemDesc_220005,[4],0,6,10000,0,0,1,1,"[100,10]",0,[[0]],1,0,[0],[0],[[0]],220005,[120005],tx_120005,HeadIcon,0,0,[0],0,[0],[0],[0],Cube,1,[0],0,
220006,青龙,实际道具-开启后获得对应头像,itemName_220006,itemName_220006,itemDesc_220006,[4],0,6,10000,0,0,1,1,"[100,10]",0,[[0]],1,0,[0],[0],[[0]],220006,[120006],tx_120006,HeadIcon,0,0,[0],0,[0],[0],[0],Cube,1,[0],0,
220007,白虎,实际道具-开启后获得对应头像,itemName_220007,itemName_220007,itemDesc_220007,[4],0,6,10000,0,0,1,1,"[100,10]",0,[[0]],1,0,[0],[0],[[0]],220007,[120007],tx_120007,HeadIcon,0,0,[0],0,[0],[0],[0],Cube,1,[0],0,
220008,朱雀,实际道具-开启后获得对应头像,itemName_220008,itemName_220008,itemDesc_220008,[4],0,6,10000,0,0,1,1,"[100,10]",0,[[0]],1,0,[0],[0],[[0]],220008,[120008],tx_120008,HeadIcon,0,0,[0],0,[0],[0],[0],Cube,1,[0],0,
220009,玄武,实际道具-开启后获得对应头像,itemName_220009,itemName_220009,itemDesc_220009,[4],0,6,10000,0,0,1,1,"[100,10]",0,[[0]],1,0,[0],[0],[[0]],220009,[120009],tx_120009,HeadIcon,0,0,[0],0,[0],[0],[0],Cube,1,[0],0,
240001,加冕时刻,实际道具，开启获得头像框,itemName_240001,itemName_240001,itemDesc_240001,[4],0,6,10000,0,0,1,0,"[100,10]",0,[[0]],1,0,[0],[0],[[0]],240001,[240001],ui_avatarframe_01,HeadFrame,0,0,[0],0,[0],[0],[0],Cube,1,[0],0,
240002,起拍编号,实际道具，开启获得头像框,itemName_240002,itemName_240002,itemDesc_240002,[4],0,6,10000,0,0,1,0,"[100,10]",0,[[0]],1,0,[0],[0],[[0]],240002,[240002],ui_avatarframe_02,HeadFrame,0,0,[0],0,[0],[0],[0],Cube,1,[0],0,
240003,全息幻影,实际道具，开启获得头像框,itemName_240003,itemName_240003,itemDesc_240003,[4],0,6,10000,0,0,1,0,"[100,10]",0,[[0]],1,0,[0],[0],[[0]],240003,[240003],ui_avatarframe_03,HeadFrame,0,0,[0],0,[0],[0],[0],Cube,1,[0],0,
240004,聚光焦点,实际道具，开启获得头像框,itemName_240004,itemName_240004,itemDesc_240004,[4],0,6,10000,0,0,1,1,"[100,10]",0,[[0]],1,0,[0],[0],[[0]],240004,[240004],ui_avatarframe_04,HeadFrame,0,0,[0],0,[0],[0],[0],Cube,1,[0],0,
240005,黑金传说,实际道具，开启获得头像框,itemName_240005,itemName_240005,itemDesc_240005,[4],0,6,10000,0,0,1,0,"[100,10]",0,[[0]],1,0,[0],[0],[[0]],240005,[240005],ui_avatarframe_05,HeadFrame,0,0,[0],0,[0],[0],[0],Cube,1,[0],0,
240006,紫晶秘藏,实际道具，开启获得头像框,itemName_240006,itemName_240006,itemDesc_240006,[4],0,6,10000,0,0,1,1,"[100,10]",0,[[0]],1,0,[0],[0],[[0]],240006,[240006],ui_avatarframe_06,HeadFrame,0,0,[0],0,[0],[0],[0],Cube,1,[0],0,
240007,凛冬破冰,实际道具，开启获得头像框,itemName_240007,itemName_240007,itemDesc_240007,[4],0,6,10000,0,0,1,1,"[100,10]",0,[[0]],1,0,[0],[0],[[0]],240007,[240007],ui_avatarframe_07,HeadFrame,0,0,[0],0,[0],[0],[0],Cube,1,[0],0,
240008,拍卖铁律,实际道具，开启获得头像框,itemName_240008,itemName_240008,itemDesc_240008,[4],0,6,10000,0,0,1,1,"[100,10]",0,[[0]],1,0,[0],[0],[[0]],240008,[240008],ui_avatarframe_08,HeadFrame,0,0,[0],0,[0],[0],[0],Cube,1,[0],0,
240012,似水柔情,实际道具，开启获得头像框,itemName_240012,itemName_240012,itemDesc_240012,[4],0,6,10000,0,0,1,1,"[100,10]",0,[[0]],1,0,[0],[0],[[0]],240012,[240012],ui_avatarframe_12,HeadFrame,0,0,[0],0,[0],[0],[0],Cube,1,[0],0,
240013,风之轻语,实际道具，开启获得头像框,itemName_240013,itemName_240013,itemDesc_240013,[4],0,6,10000,0,0,1,1,"[100,10]",0,[[0]],1,0,[0],[0],[[0]],240013,[240013],ui_avatarframe_13,HeadFrame,0,0,[0],0,[0],[0],[0],Cube,1,[0],0,
240014,火焰之舞,实际道具，开启获得头像框,itemName_240014,itemName_240014,itemDesc_240014,[4],0,6,10000,0,0,1,1,"[100,10]",0,[[0]],1,0,[0],[0],[[0]],240014,[240014],ui_avatarframe_14,HeadFrame,0,0,[0],0,[0],[0],[0],Cube,1,[0],0,
240015,大地守望,实际道具，开启获得头像框,itemName_240015,itemName_240015,itemDesc_240015,[4],0,6,10000,0,0,1,1,"[100,10]",0,[[0]],1,0,[0],[0],[[0]],240015,[240015],ui_avatarframe_15,HeadFrame,0,0,[0],0,[0],[0],[0],Cube,1,[0],0,
241001,S1白银头像框,实际道具，开启获得头像框,itemName_241001,itemName_241001,itemDesc_241001,[4],0,6,10000,0,0,0,0,"[100,10]",0,[[0]],1,0,[0],[0],[[0]],240008,[240008],ui_avatarframe_08,HeadFrame,0,0,[0],0,[0],[0],[0],Cube,1,[0],0,
241002,S1黄金头像框,实际道具，开启获得头像框,itemName_241002,itemName_241002,itemDesc_241002,[4],0,6,10000,0,0,0,0,"[100,10]",0,[[0]],1,0,[0],[0],[[0]],240008,[240008],ui_avatarframe_08,HeadFrame,0,0,[0],0,[0],[0],[0],Cube,1,[0],0,
241003,S1白金头像框,实际道具，开启获得头像框,itemName_241003,itemName_241003,itemDesc_241003,[4],0,6,10000,0,0,0,0,"[100,10]",0,[[0]],1,0,[0],[0],[[0]],240008,[240008],ui_avatarframe_08,HeadFrame,0,0,[0],0,[0],[0],[0],Cube,1,[0],0,
241004,S1钻石头像框,实际道具，开启获得头像框,itemName_241004,itemName_241004,itemDesc_241004,[4],0,6,10000,0,0,0,0,"[100,10]",0,[[0]],1,0,[0],[0],[[0]],240008,[240008],ui_avatarframe_08,HeadFrame,0,0,[0],0,[0],[0],[0],Cube,1,[0],0,
241005,S1竞拍大师头像框,实际道具，开启获得头像框,itemName_241005,itemName_241005,itemDesc_241005,[4],0,6,10000,0,0,0,0,"[100,10]",0,[[0]],1,0,[0],[0],[[0]],240008,[240008],ui_avatarframe_08,HeadFrame,0,0,[0],0,[0],[0],[0],Cube,1,[0],0,
241006,S1竞争之王头像框,实际道具，开启获得头像框,itemName_241006,itemName_241006,itemDesc_241006,[4],0,6,10000,0,0,0,0,"[100,10]",0,[[0]],1,0,[0],[0],[[0]],240008,[240008],ui_avatarframe_08,HeadFrame,0,0,[0],0,[0],[0],[0],Cube,1,[0],0,
250001,富可敌国,实际道具，开启获得称号,itemName_250001,itemName_250001,itemDesc_250001,[4],0,6,10000,0,0,1,0,"[100,10]",0,[[0]],1,0,[0],[0],[[0]],250001,[250001],ui_title_01,HeadTitle,0,0,[0],0,[0],[0],[0],Cube,1,[0],0,
250002,掌眼天师,实际道具，开启获得称号,itemName_250002,itemName_250002,itemDesc_250002,[4],0,6,10000,0,0,1,0,"[100,10]",0,[[0]],1,0,[0],[0],[[0]],250002,[250002],ui_title_02,HeadTitle,0,0,[0],0,[0],[0],[0],Cube,1,[0],0,
250003,捡漏之王,实际道具，开启获得称号,itemName_250003,itemName_250003,itemDesc_250003,[4],0,6,10000,0,0,1,1,"[100,10]",0,[[0]],1,0,[0],[0],[[0]],250003,[250003],ui_title_03,HeadTitle,0,0,[0],0,[0],[0],[0],Cube,1,[0],0,
250004,博物馆长,实际道具，开启获得称号,itemName_250004,itemName_250004,itemDesc_250004,[4],0,6,10000,0,0,1,0,"[100,10]",0,[[0]],1,0,[0],[0],[[0]],250004,[250004],ui_title_04,HeadTitle,0,0,[0],0,[0],[0],[0],Cube,1,[0],0,
250005,一锤定音,实际道具，开启获得称号,itemName_250005,itemName_250005,itemDesc_250005,[4],0,6,10000,0,0,1,0,"[100,10]",0,[[0]],1,0,[0],[0],[[0]],250005,[250005],ui_title_05,HeadTitle,0,0,[0],0,[0],[0],[0],Cube,1,[0],0,
250006,慈善赌王,实际道具，开启获得称号,itemName_250006,itemName_250006,itemDesc_250006,[4],0,6,10000,0,0,1,0,"[100,10]",0,[[0]],1,0,[0],[0],[[0]],250006,[250006],ui_title_06,HeadTitle,0,0,[0],0,[0],[0],[0],Cube,1,[0],0,
250007,吃土少年,实际道具，开启获得称号,itemName_250007,itemName_250007,itemDesc_250007,[4],0,6,10000,0,0,1,0,"[100,10]",0,[[0]],1,0,[0],[0],[[0]],250007,[250007],ui_title_07,HeadTitle,0,0,[0],0,[0],[0],[0],Cube,1,[0],0,
250008,打眼专业户,实际道具，开启获得称号,itemName_250008,itemName_250008,itemDesc_250008,[4],0,6,10000,0,0,1,1,"[100,10]",0,[[0]],1,0,[0],[0],[[0]],250008,[250008],ui_title_08,HeadTitle,0,0,[0],0,[0],[0],[0],Cube,1,[0],0,
250009,高级韭菜,实际道具，开启获得称号,itemName_250009,itemName_250009,itemDesc_250009,[4],0,6,10000,0,0,1,0,"[100,10]",0,[[0]],1,0,[0],[0],[[0]],250009,[250009],ui_title_09,HeadTitle,0,0,[0],0,[0],[0],[0],Cube,1,[0],0,
250010,我也想赢,实际道具，开启获得称号,itemName_250010,itemName_250010,itemDesc_250010,[4],0,6,10000,0,0,1,0,"[100,10]",0,[[0]],1,0,[0],[0],[[0]],250010,[250010],ui_title_10,HeadTitle,0,0,[0],0,[0],[0],[0],Cube,1,[0],0,
250011,谢谢老板,实际道具，开启获得称号,itemName_250011,itemName_250011,itemDesc_250011,[4],0,6,10000,0,0,1,1,"[100,10]",0,[[0]],1,0,[0],[0],[[0]],250011,[250011],ui_title_11,HeadTitle,0,0,[0],0,[0],[0],[0],Cube,1,[0],0,
250012,散财童子,实际道具，开启获得称号,itemName_250012,itemName_250012,itemDesc_250012,[4],0,6,10000,0,0,1,1,"[100,10]",0,[[0]],1,0,[0],[0],[[0]],250012,[250012],ui_title_12,HeadTitle,0,0,[0],0,[0],[0],[0],Cube,1,[0],0,
250013,这就急了？,实际道具，开启获得称号,itemName_250013,itemName_250013,itemDesc_250013,[4],0,6,10000,0,0,1,0,"[100,10]",0,[[0]],1,0,[0],[0],[[0]],250013,[250013],ui_title_13,HeadTitle,0,0,[0],0,[0],[0],[0],Cube,1,[0],0,
250014,抬价小能手,实际道具，开启获得称号,itemName_250014,itemName_250014,itemDesc_250014,[4],0,6,10000,0,0,1,0,"[100,10]",0,[[0]],1,0,[0],[0],[[0]],250014,[250014],ui_title_14,HeadTitle,0,0,[0],0,[0],[0],[0],Cube,1,[0],0,
250015,下次一定,实际道具，开启获得称号,itemName_250015,itemName_250015,itemDesc_250015,[4],0,6,10000,0,0,1,0,"[100,10]",0,[[0]],1,0,[0],[0],[[0]],250015,[250015],ui_title_15,HeadTitle,0,0,[0],0,[0],[0],[0],Cube,1,[0],0,
250027,君临天下,实际道具，开启获得称号,itemName_250027,itemName_250027,itemDesc_250027,[4],0,6,10000,0,0,1,1,"[100,10]",0,[[0]],1,0,[0],[0],[[0]],250027,[250027],ui_title_27,HeadTitle,0,0,[0],0,[0],[0],[0],Cube,1,[0],0,
250028,星穹旅者,实际道具，开启获得称号,itemName_250028,itemName_250028,itemDesc_250028,[4],0,6,10000,0,0,1,1,"[100,10]",0,[[0]],1,0,[0],[0],[[0]],250028,[250028],ui_title_28,HeadTitle,0,0,[0],0,[0],[0],[0],Cube,1,[0],0,
250029,幸运之星,实际道具，开启获得称号,itemName_250029,itemName_250029,itemDesc_250029,[4],0,6,10000,0,0,1,1,"[100,10]",0,[[0]],1,0,[0],[0],[[0]],250029,[250029],ui_title_29,HeadTitle,0,0,[0],0,[0],[0],[0],Cube,1,[0],0,
250030,破局大师,实际道具，开启获得称号,itemName_250030,itemName_250030,itemDesc_250030,[4],0,6,10000,0,0,1,1,"[100,10]",0,[[0]],1,0,[0],[0],[[0]],250030,[250030],ui_title_30,HeadTitle,0,0,[0],0,[0],[0],[0],Cube,1,[0],0,
251001,S1竞拍大师称号,开启获得S1竞拍大师称号,itemName_251001,itemName_251001,itemDesc_251001,[4],0,6,10000,0,0,0,0,"[100,10]",0,[[0]],1,0,[0],[0],[[0]],250015,[250015],ui_title_15,HeadTitle,0,0,[0],0,[0],[0],[0],Cube,1,[0],0,
251002,S1竞拍之王称号,开启获得S1竞拍之王称号,itemName_251002,itemName_251002,itemDesc_251002,[4],0,6,10000,0,0,0,0,"[100,10]",0,[[0]],1,0,[0],[0],[[0]],250015,[250015],ui_title_15,HeadTitle,0,0,[0],0,[0],[0],[0],Cube,1,[0],0,
260001,杂货柜,杂货柜,itemName_260001,itemName_260001,itemDesc_260001,[4],0,5,0,0,0,0,0,"[100,10]",0,[[0]],1,0,[0],[0],[[0]],260001,[6001],ui_storage_icon_260001,iconitem6,0,0,[0],0,[0],[0],[0],Cube,1,[0],0,
261001,家具柜,家具柜,itemName_261001,itemName_261001,itemDesc_261001,[4],0,5,0,0,0,0,1,"[100,10]",0,[[0]],1,0,[0],[0],[[0]],261001,[6101],ui_storage_icon_261001,iconitem6,0,0,[0],0,[0],[0],[0],Cube,1,[0],0,
261002,医疗用品柜,医疗用品柜,itemName_261002,itemName_261002,itemDesc_261002,[4],0,5,0,0,0,0,1,"[100,10]",0,[[0]],1,0,[0],[0],[[0]],261002,[6102],ui_storage_icon_261002,iconitem6,0,0,[0],0,[0],[0],[0],Cube,1,[0],0,
261003,欧式潮流柜,欧式潮流柜,itemName_261003,itemName_261003,itemDesc_261003,[4],0,5,0,0,0,0,1,"[100,10]",0,[[0]],1,0,[0],[0],[[0]],261003,[6103],ui_storage_icon_261003,iconitem6,0,0,[0],0,[0],[0],[0],Cube,1,[0],0,
261004,武器柜,武器柜,itemName_261004,itemName_261004,itemDesc_261004,[4],0,5,0,0,0,0,1,"[100,10]",0,[[0]],1,0,[0],[0],[[0]],261004,[6104],ui_storage_icon_261004,iconitem6,0,0,[0],0,[0],[0],[0],Cube,1,[0],0,
261005,奢华珠宝柜,奢华珠宝柜,itemName_261005,itemName_261005,itemDesc_261005,[4],0,5,0,0,0,0,1,"[100,10]",0,[[0]],1,0,[0],[0],[[0]],261005,[6105],ui_storage_icon_261005,iconitem6,0,0,[0],0,[0],[0],[0],Cube,1,[0],0,
261006,中式古董柜,中式古董柜,itemName_261006,itemName_261006,itemDesc_261006,[4],0,5,0,0,0,0,1,"[100,10]",0,[[0]],1,0,[0],[0],[[0]],261006,[6106],ui_storage_icon_261006,iconitem6,0,0,[0],0,[0],[0],[0],Cube,1,[0],0,
261007,数码产品柜,数码产品柜,itemName_261007,itemName_261007,itemDesc_261007,[4],0,5,0,0,0,0,1,"[100,10]",0,[[0]],1,0,[0],[0],[[0]],261007,[6107],ui_storage_icon_261007,iconitem6,0,0,[0],0,[0],[0],[0],Cube,1,[0],0,
261008,能源金属柜,能源金属柜,itemName_261008,itemName_261008,itemDesc_261008,[4],0,5,0,0,0,0,1,"[100,10]",0,[[0]],1,0,[0],[0],[[0]],261008,[6108],ui_storage_icon_261008,iconitem6,0,0,[0],0,[0],[0],[0],Cube,1,[0],0,
261009,日式食储柜,日式食储柜,itemName_261009,itemName_261009,itemDesc_261009,[4],0,5,0,0,0,0,1,"[100,10]",0,[[0]],1,0,[0],[0],[[0]],261009,[6109],ui_storage_icon_261009,iconitem6,0,0,[0],0,[0],[0],[0],Cube,1,[0],0,
261010,书画古籍柜,书画古籍柜,itemName_261010,itemName_261010,itemDesc_261010,[4],0,5,0,0,0,0,1,"[100,10]",0,[[0]],1,0,[0],[0],[[0]],261010,[6110],ui_storage_icon_261010,iconitem6,0,0,[0],0,[0],[0],[0],Cube,1,[0],0,
1006001,金陵折扇,金陵折扇,itemName_1006001,itemName_1006001,itemDesc_1006001,[100],12,6,19371213,1,0,0,0,"[10,5]",0,"[[2000,50],[4000,200],[10000,500],[999999,900]]",1,3,[0],[0],[[0]],0,[0],icon_1006001,iconitem110,193712,0,[0],2.45702853881279,[0],[0],[0],Cube,1,[0],0,
1006002,未激活的头部,未激活的头部,itemName_1006002,itemName_1006002,itemDesc_1006002,[100],22,3,3000000,1,0,0,0,"[10,5]",0,"[[2000,50],[4000,200],[10000,500],[999999,900]]",999,0,[0],[0],[[0]],0,[0],icon_1006002,iconitem130,0,0,[0],0,[0],[0],[0],Cube,1,[0],0,
1006003,未激活的躯干,未激活的躯干,itemName_1006003,itemName_1006003,itemDesc_1006003,[100],22,3,8000000,1,0,0,0,"[10,5]",0,"[[2000,50],[4000,200],[10000,500],[999999,900]]",999,0,[0],[0],[[0]],0,[0],icon_1006003,iconitem130,0,0,[0],0,[0],[0],[0],Cube,1,[0],0,
1006004,未激活的左臂,未激活的左臂,itemName_1006004,itemName_1006004,itemDesc_1006004,[100],22,3,4000000,1,0,0,0,"[10,5]",0,"[[2000,50],[4000,200],[10000,500],[999999,900]]",999,0,[0],[0],[[0]],0,[0],icon_1006004,iconitem130,0,0,[0],0,[0],[0],[0],Cube,1,[0],0,
1006005,未激活的右臂,未激活的右臂,itemName_1006005,itemName_1006005,itemDesc_1006005,[100],22,3,4000000,1,0,0,0,"[10,5]",0,"[[2000,50],[4000,200],[10000,500],[999999,900]]",999,0,[0],[0],[[0]],0,[0],icon_1006005,iconitem130,0,0,[0],0,[0],[0],[0],Cube,1,[0],0,
1006006,未激活的左腿,未激活的左腿,itemName_1006006,itemName_1006006,itemDesc_1006006,[100],22,3,4000000,1,0,0,0,"[10,5]",0,"[[2000,50],[4000,200],[10000,500],[999999,900]]",999,0,[0],[0],[[0]],0,[0],icon_1006006,iconitem130,0,0,[0],0,[0],[0],[0],Cube,1,[0],0,
1006007,未激活的右腿,未激活的右腿,itemName_1006007,itemName_1006007,itemDesc_1006007,[100],22,3,4000000,1,0,0,0,"[10,5]",0,"[[2000,50],[4000,200],[10000,500],[999999,900]]",999,0,[0],[0],[[0]],0,[0],icon_1006007,iconitem130,0,0,[0],0,[0],[0],[0],Cube,1,[0],0,
1011001,数据线,用于连接电子设备与电源或其他设备，进行充电和数据传输的线缆。接口类型多样（如USB-C， Lightning），是维持现代数码设备正常运作的基础配件。,itemName_1011001,itemName_1011001,itemDesc_1011001,"[101,107]",11,1,160,0,1,1,0,"[10,5]",0,"[[2000,50],[4000,200],[10000,500],[999999,900]]",1,10,[0],[0],[[0]],0,[0],icon_1011001,iconitem101,2,0,[1002],0,"[0,101]","[1999999,1]",[0],Cube,1,[0],1,
1011002,马克杯,一种常见的圆柱形带柄饮杯，通常由陶瓷、玻璃或塑料制成。容量较大，常用于盛装咖啡、茶等热饮，杯身常印有图案或文字，兼具实用与装饰功能。,itemName_1011002,itemName_1011002,itemDesc_1011002,"[101,109]",11,1,198,0,1,1,0,"[10,5]",0,"[[2000,50],[4000,200],[10000,500],[999999,900]]",1,10,[0],[0],[[0]],0,[0],icon_1011002,iconitem101,2,0,[1002],0,"[0,101]","[1999999,1]",[0],Cube,1,[0],1,
1011003,0.38MM中性笔,笔尖球珠直径为0.38毫米的中性墨水笔。书写线条较细，出水均匀，适合需要精细书写的场合，如笔记、绘图，是常见的办公学习文具。,itemName_1011003,itemName_1011003,itemDesc_1011003,[101],11,1,179,0,1,1,0,"[10,5]",0,"[[2000,50],[4000,200],[10000,500],[999999,900]]",1,10,[0],[0],[[0]],0,[0],icon_1011003,iconitem101,2,0,[1002],0,"[0,101]","[1999999,1]",[0],Cube,1,[0],1,
1011004,晾衣杆,用于悬挂晾晒衣物的长杆，材质多为金属、塑料或木材。有固定式和可伸缩式，是保持衣物整洁、进行日常家务的必备工具。,itemName_1011004,itemName_1011004,itemDesc_1011004,[101],31,1,602,0,1,1,0,"[10,5]",0,"[[2000,50],[4000,200],[10000,500],[999999,900]]",1,3,[0],[0],[[0]],0,[0],icon_1011004,iconitem101,6,0,[1002],0,"[0,101]","[1999999,1]",[0],Cube,1,[0],1,
1011005,插座,连接电源与用电设备的电气接口，提供标准化的插孔。将电器插头插入即可通电使用，是家庭和办公室基础电力接入点。,itemName_1011005,itemName_1011005,itemDesc_1011005,"[101,107]",11,1,200,0,1,1,0,"[10,5]",0,"[[2000,50],[4000,200],[10000,500],[999999,900]]",1,10,[0],[0],[[0]],0,[0],icon_1011005,iconitem101,2,0,[1002],0,"[0,101]","[1999999,1]",[0],Cube,1,[0],1,
1011006,快递单,速递公司提供的标准化物流面单。用于填写寄件人和收件人信息、物品详情，是包裹在物流网络中流转、跟踪的身份凭证和操作依据。,itemName_1011006,itemName_1011006,itemDesc_1011006,[101],11,1,209,0,1,1,0,"[10,5]",0,"[[2000,50],[4000,200],[10000,500],[999999,900]]",1,10,[0],[0],[[0]],0,[0],icon_1011006,iconitem101,2,0,[1002],0,"[0,101]","[1999999,1]",[0],Cube,1,[0],1,
1011007,电子体重秤,通过电子传感器测量人体或其他物体重量的仪器。数字显示，读数精确，部分型号可连接APP记录数据，是健康管理的常用工具。,itemName_1011007,itemName_1011007,itemDesc_1011007,"[101,102]",22,1,470,0,1,1,0,"[10,5]",0,"[[2000,50],[4000,200],[10000,500],[999999,900]]",1,3,[0],[0],[[0]],0,[0],icon_1011007,iconitem101,5,0,[1002],0,"[0,101]","[1999999,1]",[0],Cube,1,[0],1,
1011008,披萨盒,盛放外卖披萨的纸质包装盒，通常为方形。具有良好的保温性，并设计有通气孔防止水汽使面饼变软，便于携带和分发。,itemName_1011008,itemName_1011008,itemDesc_1011008,"[101,109]",22,1,599,0,1,1,0,"[10,5]",0,"[[2000,50],[4000,200],[10000,500],[999999,900]]",1,3,[0],[0],[[0]],0,[0],icon_1011008,iconitem101,6,0,[1002],0,"[0,101]","[1999999,1]",[0],Cube,1,[0],1,
1011009,园林修理剪,用于修剪植物枝条、保持园林美观的剪刀。刀口锋利，手柄常设计为防滑结构，适合修剪花草树木，是园艺工作的基本工具。,itemName_1011009,itemName_1011009,itemDesc_1011009,[101],21,1,305,0,1,1,0,"[10,5]",0,"[[2000,50],[4000,200],[10000,500],[999999,900]]",1,5,[0],[0],[[0]],0,[0],icon_1011009,iconitem101,3,0,[1002],0,"[0,101]","[1999999,1]",[0],Cube,1,[0],1,
1011010,废旧纸箱,使用过后被废弃的瓦楞纸板箱。可回收再利用，常用于临时收纳、搬运物品，或经处理后制成再生纸，体现环保价值。,itemName_1011010,itemName_1011010,itemDesc_1011010,[101],22,1,885,0,1,1,0,"[10,5]",0,"[[2000,50],[4000,200],[10000,500],[999999,900]]",1,3,[0],[0],[[0]],0,[0],icon_1011010,iconitem101,9,0,[1002],0,"[0,101]","[1999999,1]",[0],Cube,1,[0],1,
1012001,电子手表,以电池驱动，通过数字屏幕显示时间的腕表。功能可能包括日期、秒表、闹钟等，价格亲民，走时准确，是普及型计时工具。,itemName_1012001,itemName_1012001,itemDesc_1012001,"[101,107]",11,2,445,0,1,1,0,"[10,5]",0,"[[2000,50],[4000,200],[10000,500],[999999,900]]",1,10,[0],[0],[[0]],0,[0],icon_1012001,iconitem101,4,0,[1002],0,"[0,102]","[2999999,1]",[0],Cube,1,[0],1,
1012002,抱枕,置于沙发、床上用于倚靠、抱持的软垫。内填海绵或棉花，外套可拆卸清洗，能增加舒适度，并作为家居装饰点缀空间。,itemName_1012002,itemName_1012002,itemDesc_1012002,[101],22,2,1258,0,1,1,0,"[10,5]",0,"[[2000,50],[4000,200],[10000,500],[999999,900]]",1,3,[0],[0],[[0]],0,[0],icon_1012002,iconitem101,13,0,[1002],0,"[0,102]","[2999999,1]",[0],Cube,1,[0],1,
1012003,HDIM高清线,一种全数字化视频/音频传输接口线缆，用于连接蓝光播放器、游戏机与显示器、电视等。能无损传输高清音视频信号。,itemName_1012003,itemName_1012003,itemDesc_1012003,"[101,107]",11,2,755,0,1,1,0,"[10,5]",0,"[[2000,50],[4000,200],[10000,500],[999999,900]]",1,10,[0],[0],[[0]],0,[0],icon_1012003,iconitem101,8,0,[1002],0,"[0,102]","[2999999,1]",[0],Cube,1,[0],1,
1012004,篮球,球类运动之一，也是该项运动使用的器材。圆形，充气，表面有颗粒增加摩擦力。用于投篮、传球，是普及度极高的体育运动用品。,itemName_1012004,itemName_1012004,itemDesc_1012004,[101],22,2,1481,0,1,1,0,"[10,5]",0,"[[2000,50],[4000,200],[10000,500],[999999,900]]",1,3,[0],[0],[[0]],0,[0],icon_1012004,iconitem101,15,0,[1002],0,"[0,102]","[2999999,1]",[0],Cube,1,[0],1,
1012005,足球,另一项世界级球类运动及其用球。由多块皮革或合成材料拼接而成，用于踢、传递和射门，是全球范围内广受欢迎的运动象征。,itemName_1012005,itemName_1012005,itemDesc_1012005,[101],22,2,1480,0,1,1,0,"[10,5]",0,"[[2000,50],[4000,200],[10000,500],[999999,900]]",1,3,[0],[0],[[0]],0,[0],icon_1012005,iconitem101,15,0,[1002],0,"[0,102]","[2999999,1]",[0],Cube,1,[0],1,
1012006,羽毛球拍,打羽毛球时使用的器械，由拍框、拍线、拍杆和拍柄构成。要求重量轻、强度高、弹性好，是进行此项运动的核心装备。,itemName_1012006,itemName_1012006,itemDesc_1012006,[101],21,2,1776,0,1,1,0,"[10,5]",0,"[[2000,50],[4000,200],[10000,500],[999999,900]]",1,5,[0],[0],[[0]],0,[0],icon_1012006,iconitem101,18,0,[1002],0,"[0,102]","[2999999,1]",[0],Cube,1,[0],1,
1012007,折叠床,床架可折叠以便收纳的便携式床具。通常为金属框架搭配布料或板材，适用于临时住宿、小户型空间或午休，节省空间。,itemName_1012007,itemName_1012007,itemDesc_1012007,[101],32,2,2415,0,1,1,0,"[10,5]",0,"[[2000,50],[4000,200],[10000,500],[999999,900]]",1,2,[0],[0],[[0]],0,[0],icon_1012007,iconitem101,24,0,[1002],0,"[0,102]","[2999999,1]",[0],Cube,1,[0],1,
1012008,电水壶,通过电能快速加热烧开水的壶具。具有自动断电功能，加热迅速，使用方便，是家庭、办公室中常见的饮水设备。,itemName_1012008,itemName_1012008,itemDesc_1012008,"[101,107]",12,2,1106,0,1,1,0,"[10,5]",0,"[[2000,50],[4000,200],[10000,500],[999999,900]]",1,5,[0],[0],[[0]],0,[0],icon_1012008,iconitem101,11,0,[1002],0,"[0,102]","[2999999,1]",[0],Cube,1,[0],1,
1012009,遥控器,一种无线操作用户界面设备，通过红外或射频信号控制电视、空调等电器的部分功能。使人能在一定距离内便捷操作，无需起身。,itemName_1012009,itemName_1012009,itemDesc_1012009,"[101,107]",11,2,619,0,1,1,0,"[10,5]",0,"[[2000,50],[4000,200],[10000,500],[999999,900]]",1,10,[0],[0],[[0]],0,[0],icon_1012009,iconitem101,6,0,[1002],0,"[0,102]","[2999999,1]",[0],Cube,1,[0],1,
1012010,饮水机,提供饮用水加热或制冷功能的设备，通常与桶装水配套使用。具备两个龙头分别出热水和常温水，满足即时饮水需求。,itemName_1012010,itemName_1012010,itemDesc_1012010,"[101,107]",12,2,1045,0,1,1,0,"[10,5]",0,"[[2000,50],[4000,200],[10000,500],[999999,900]]",1,5,[0],[0],[[0]],0,[0],icon_1012010,iconitem101,10,0,[1002],0,"[0,102]","[2999999,1]",[0],Cube,1,[0],1,
1013001,烧烤架,用于户外烧烤烹饪的装置，通常有支架、烤网和炭盆。以炭火或电为热源，用于烤制肉类、蔬菜等，是聚会休闲的常用器具。,itemName_1013001,itemName_1013001,itemDesc_1013001,"[101,109]",22,3,3855,0,1,1,0,"[10,5]",0,"[[2000,50],[4000,200],[10000,500],[999999,900]]",1,3,[0],[0],[[0]],0,[0],icon_1013001,iconitem101,39,0,[1002],0,"[0,103]","[2999999,1]",[0],Cube,1,[0],1,
1013002,电动牙刷,以微型电机驱动刷头高速振动或旋转的牙齿清洁工具。比手动刷牙更高效清洁牙菌斑，通常具备多种模式，提升口腔健康。,itemName_1013002,itemName_1013002,itemDesc_1013002,"[101,107]",11,3,1461,0,1,1,0,"[10,5]",0,"[[2000,50],[4000,200],[10000,500],[999999,900]]",1,10,[0],[0],[[0]],0,[0],icon_1013002,iconitem101,15,0,[1002],0,"[0,103]","[2999999,1]",[0],Cube,1,[0],1,
1013003,筋膜枪,一种高频次冲击深层肌肉和筋膜的放松设备。通过枪头的高频振动缓解肌肉僵硬和酸痛，常用于运动后恢复或日常按摩。,itemName_1013003,itemName_1013003,itemDesc_1013003,"[101,107]",21,3,2045,0,1,1,0,"[10,5]",0,"[[2000,50],[4000,200],[10000,500],[999999,900]]",1,5,[0],[0],[[0]],0,[0],icon_1013003,iconitem101,20,0,[1002],0,"[0,103]","[2999999,1]",[0],Cube,1,[0],1,
1013004,电动剃须刀,利用马达驱动刀片往复运动或旋转来剃除胡须的器具。干湿两用，方便快捷，是现代男性日常理容的重要个人护理工具。,itemName_1013004,itemName_1013004,itemDesc_1013004,"[101,107]",11,3,1767,0,1,1,0,"[10,5]",0,"[[2000,50],[4000,200],[10000,500],[999999,900]]",1,10,[0],[0],[[0]],0,[0],icon_1013004,iconitem101,18,0,[1002],0,"[0,103]","[2999999,1]",[0],Cube,1,[0],1,
1013005,便携式手提箱,带有提手、便于随身携带的箱子。用于收纳衣物、文件或特定器材，材质多样，适合短途旅行或作为专业设备箱使用。,itemName_1013005,itemName_1013005,itemDesc_1013005,[101],22,3,3551,0,1,1,0,"[10,5]",0,"[[2000,50],[4000,200],[10000,500],[999999,900]]",1,3,[0],[0],[[0]],0,[0],icon_1013005,iconitem101,36,0,[1002],0,"[0,103]","[2999999,1]",[0],Cube,1,[0],1,
1013006,等身抱枕,长度接近成人身高的长条形抱枕。除了提供舒适支撑，其枕套上常印有动漫、游戏角色图案，是二次元文化爱好者喜爱的周边产品。,itemName_1013006,itemName_1013006,itemDesc_1013006,"[101,103]",13,3,3870,0,1,1,0,"[10,5]",0,"[[2000,50],[4000,200],[10000,500],[999999,900]]",1,3,[0],[0],[[0]],0,[0],icon_1013006,iconitem101,39,0,[1002],0,"[0,103]","[2999999,1]",[0],Cube,1,[0],1,
1013007,BB机,又称寻呼机，是无线寻呼系统中的个人接收终端。曾广泛应用于1990年代，用于接收数字或简短文字信息，是移动通讯发展史上的重要一环。,itemName_1013007,itemName_1013007,itemDesc_1013007,"[101,107,106]",11,3,1175,0,1,1,0,"[10,5]",0,"[[2000,50],[4000,200],[10000,500],[999999,900]]",1,10,[0],[0],[[0]],0,[0],icon_1013007,iconitem101,12,0,[1002],0,"[0,103]","[2999999,1]",[0],Cube,1,[0],1,
1013008,便携式冰箱,一种小容量、可移动的制冷/保温设备，多采用半导体技术或压缩机制冷。适用于车载、户外等场景，为食物饮料提供冷藏环境。,itemName_1013008,itemName_1013008,itemDesc_1013008,"[101,107]",13,3,4761,0,1,1,0,"[10,5]",0,"[[2000,50],[4000,200],[10000,500],[999999,900]]",1,3,[0],[0],[[0]],0,[0],icon_1013008,iconitem101,48,0,[1002],0,"[0,103]","[2999999,1]",[0],Cube,1,[0],1,
1013009,电脑桌,专门为放置和使用台式电脑、显示器而设计的桌子。通常设有键盘托架、主机位等分区，优化使用体验，符合人体工学。,itemName_1013009,itemName_1013009,itemDesc_1013009,[101],31,3,3791,0,1,1,0,"[10,5]",0,"[[2000,50],[4000,200],[10000,500],[999999,900]]",1,3,[0],[0],[[0]],0,[0],icon_1013009,iconitem101,38,0,[1002],0,"[0,103]","[2999999,1]",[0],Cube,1,[0],1,
1013010,纺织地毯,以棉、毛、化纤等纱线编织而成的地面铺设物。具有装饰、保暖、隔音和防滑作用，能提升居室或办公环境的舒适度和美观度。,itemName_1013010,itemName_1013010,itemDesc_1013010,"[101,110]",21,3,2858,0,1,1,0,"[10,5]",0,"[[2000,50],[4000,200],[10000,500],[999999,900]]",1,5,[0],[0],[[0]],0,[0],icon_1013010,iconitem101,29,0,[1002],0,"[0,103]","[2999999,1]",[0],Cube,1,[0],1,
1014001,宝宝哄睡椅,模拟父母怀抱的智能座椅，辅以白噪音与温暖包裹感，科学安抚宝宝情绪，轻松引导入睡。,itemName_1014001,itemName_1014001,itemDesc_1014001,"[101,102]",22,4,8974,0,1,1,0,"[10,5]",0,"[[2000,50],[4000,200],[10000,500],[999999,900]]",1,3,[0],[0],[[0]],0,[0],icon_1014001,iconitem101,90,0,[1002],0,"[0,104]","[2999999,1]",[0],Cube,1,[0],1,
1014002,除湿器,采用高效冷凝技术，快速降低空气湿度，防止物品受潮，营造干爽舒适的家居环境。,itemName_1014002,itemName_1014002,itemDesc_1014002,"[101,107]",12,4,3454,0,1,1,0,"[10,5]",0,"[[2000,50],[4000,200],[10000,500],[999999,900]]",1,5,[0],[0],[[0]],0,[0],icon_1014002,iconitem101,35,0,[1002],0,"[0,104]","[2999999,1]",[0],Cube,1,[0],1,
1014003,扫地机器人,能够自动在房间内移动并进行地面清扫的智能家电。通过传感器导航，吸尘、扫拖，减轻人工打扫负担，实现地面清洁自动化。,itemName_1014003,itemName_1014003,itemDesc_1014003,"[101,107]",22,4,8115,0,1,1,0,"[10,5]",0,"[[2000,50],[4000,200],[10000,500],[999999,900]]",1,3,[0],[0],[[0]],0,[0],icon_1014003,iconitem101,81,0,[1002],0,"[0,104]","[2999999,1]",[0],Cube,1,[0],1,
1014004,吸尘器,利用电机产生负压（真空）吸入灰尘和碎屑的清洁电器。有线或无线，配有多功能吸头，能高效清洁地板、地毯、缝隙等。,itemName_1014004,itemName_1014004,itemDesc_1014004,"[101,107]",13,4,6554,0,1,1,0,"[10,5]",0,"[[2000,50],[4000,200],[10000,500],[999999,900]]",1,3,[0],[0],[[0]],0,[0],icon_1014004,iconitem101,66,0,[1002],0,"[0,104]","[2999999,1]",[0],Cube,1,[0],1,
1014005,大哥大电话,早期模拟移动电话的俗称，体积大、重量沉，只能进行语音通话。是移动通讯技术普及初期的标志性产品，象征身份与财富。,itemName_1014005,itemName_1014005,itemDesc_1014005,"[101,107,106]",12,4,4624,0,1,1,0,"[10,5]",0,"[[2000,50],[4000,200],[10000,500],[999999,900]]",1,5,[0],[0],[[0]],0,[0],icon_1014005,iconitem101,46,0,[1002],0,"[0,104]","[2999999,1]",[0],Cube,1,[0],1,
1014006,壁挂式空调,安装在墙壁上的分体式空调室内机。与室外机通过冷媒管连接，节省地面空间，出风均匀，是常见的家庭和商业空调形式。,itemName_1014006,itemName_1014006,itemDesc_1014006,"[101,107]",31,4,9115,0,1,1,0,"[10,5]",0,"[[2000,50],[4000,200],[10000,500],[999999,900]]",1,3,[0],[0],[[0]],0,[0],icon_1014006,iconitem101,91,0,[1002],0,"[0,104]","[2999999,1]",[0],Cube,1,[0],1,
1014007,按摩椅,模拟人手按摩手法，通过机械装置对使用者背、颈、腿等部位进行自动按摩的大型座椅。能缓解疲劳、促进血液循环，提升生活品质。,itemName_1014007,itemName_1014007,itemDesc_1014007,"[101,102,107]",22,4,7758,0,1,1,0,"[10,5]",0,"[[2000,50],[4000,200],[10000,500],[999999,900]]",1,3,[0],[0],[[0]],0,[0],icon_1014007,iconitem101,78,0,[1002],0,"[0,104]","[2999999,1]",[0],Cube,1,[0],1,
1014008,金丝眼镜,镜架部分或全部采用金丝或镀金材料制作的眼镜。色泽典雅，常被视为兼具良好视力矫正功能与精致品味的时尚配饰。,itemName_1014008,itemName_1014008,itemDesc_1014008,"[101,103]",11,4,2514,0,1,1,0,"[10,5]",0,"[[2000,50],[4000,200],[10000,500],[999999,900]]",1,10,[0],[0],[[0]],0,[0],icon_1014008,iconitem101,25,0,[1002],0,"[0,104]","[2999999,1]",[0],Cube,1,[0],1,
1014009,手办展示架,专门用于陈列动漫、游戏角色手办模型的架子。通常为玻璃柜或开放式层架，配灯光，能更好地展示收藏品并防尘。,itemName_1014009,itemName_1014009,itemDesc_1014009,"[101,103]",24,4,13251,0,1,1,0,"[10,5]",0,"[[2000,50],[4000,200],[10000,500],[999999,900]]",1,1,[0],[0],[[0]],0,[0],icon_1014009,iconitem101,133,0,[1002],0,"[0,104]","[2999999,1]",[0],Cube,1,[0],1,
1014010,智能马桶,集便圈加热、温水冲洗、暖风烘干、自动除臭等多种功能于一体的电子坐便器。提供更舒适、卫生和智能化的如厕体验。,itemName_1014010,itemName_1014010,itemDesc_1014010,"[101,107]",23,4,10542,0,1,1,0,"[10,5]",0,"[[2000,50],[4000,200],[10000,500],[999999,900]]",1,2,[0],[0],[[0]],0,[0],icon_1014010,iconitem101,105,0,[1002],0,"[0,104]","[2999999,1]",[0],Cube,1,[0],1,
1015001,章丘铁锅,指山东章丘地区传统工艺手工锻造的铁锅。以其厚实、导热均匀、不易粘锅而闻名，是需要精湛“开锅”保养的厨具精品。,itemName_1015001,itemName_1015001,itemDesc_1015001,"[101,109]",21,5,24969,0,1,1,0,"[10,5]",0,"[[2000,50],[4000,200],[10000,500],[999999,900]]",1,5,[0],[0],[[0]],0,[0],icon_1015001,iconitem101,250,0,[1002],0,"[0,105]","[2999999,1]",[0],Cube,1,[0],1,
1015002,智能冰箱,具备大屏幕、可连接互联网的冰箱。能管理食材、提供菜谱、播放娱乐内容，实现食物储存与管理的信息化、智能化。,itemName_1015002,itemName_1015002,itemDesc_1015002,"[101,109,107]",24,5,61143,0,1,1,0,"[10,5]",0,"[[2000,50],[4000,200],[10000,500],[999999,900]]",1,1,[0],[0],[[0]],0,[0],icon_1015002,iconitem101,611,0,[1002],0,"[0,105]","[2999999,1]",[0],Cube,1,[0],1,
1015003,智能温控空调,能够通过APP远程控制、语音交互，并自动调节温度湿度以适应环境的空调。与智能家居系统联动，提供精准舒适的室内气候。,itemName_1015003,itemName_1015003,itemDesc_1015003,"[101,107]",13,5,30159,0,1,1,0,"[10,5]",0,"[[2000,50],[4000,200],[10000,500],[999999,900]]",1,3,[0],[0],[[0]],0,[0],icon_1015003,iconitem101,302,0,[1002],0,"[0,105]","[2999999,1]",[0],Cube,1,[0],1,
1015004,中古牛皮沙发,指具有使用痕迹、体现岁月感的二手真皮沙发。优质皮革随使用产生独特光泽和纹理，常带有复古风格，是家居装饰的选择之一。,itemName_1015004,itemName_1015004,itemDesc_1015004,[101],31,5,65610,0,1,1,0,"[10,5]",0,"[[2000,50],[4000,200],[10000,500],[999999,900]]",1,3,[0],[0],[[0]],0,[0],icon_1015004,iconitem101,656,0,[1002],0,"[0,105]","[2999999,1]",[0],Cube,1,[0],1,
1015005,锦绣山河靠山石,精雕“江山如画”之景的天然石摆件，寓意事业有“靠山”稳固，增添空间大气格调。,itemName_1015005,itemName_1015005,itemDesc_1015005,"[101,106]",32,5,51801,0,1,1,0,"[10,5]",0,"[[2000,50],[4000,200],[10000,500],[999999,900]]",1,2,[0],[0],[[0]],0,[0],icon_1015005,iconitem101,518,0,[1002],0,"[0,105]","[2999999,1]",[0],Cube,1,[0],1,
1015006,财神爷摆件,中国传统吉祥物，象征招财进宝，常置于店铺或家中财位，寄托对财富的美好祈愿。,itemName_1015006,itemName_1015006,itemDesc_1015006,"[101,106]",23,5,71499,0,1,1,0,"[10,5]",0,"[[2000,50],[4000,200],[10000,500],[999999,900]]",1,2,[0],[0],[[0]],0,[0],icon_1015006,iconitem101,715,0,[1002],0,"[0,105]","[2999999,1]",[0],Cube,1,[0],1,
1015007,发财树,寓意吉祥的观叶植物，株形美观，生机盎然，象征财源广进，是常见的开业贺礼与绿化选择。,itemName_1015007,itemName_1015007,itemDesc_1015007,[101],24,5,48703,0,1,1,0,"[10,5]",0,"[[2000,50],[4000,200],[10000,500],[999999,900]]",1,3,[0],[0],[[0]],0,[0],icon_1015007,iconitem101,487,0,[1002],0,"[0,105]","[2999999,1]",[0],Cube,1,[0],1,
1015008,貔貅茶宠,茶盘上的瑞兽摆件，寓意招财聚福，常用茶汤滋养，日久温润，为茶事增添雅趣。,itemName_1015008,itemName_1015008,itemDesc_1015008,"[101,106]",11,5,15345,0,1,1,0,"[10,5]",0,"[[2000,50],[4000,200],[10000,500],[999999,900]]",1,10,[0],[0],[[0]],0,[0],icon_1015008,iconitem101,153,0,[1002],0,"[0,105]","[2999999,1]",[0],Cube,1,[0],1,
1015009,黄金打火机,镀金工艺打造的奢华点烟工具，是品味的象征，常作为体现尊贵心意的高端礼品。,itemName_1015009,itemName_1015009,itemDesc_1015009,"[101,106,103]",11,5,21201,0,1,1,0,"[10,5]",0,"[[2000,50],[4000,200],[10000,500],[999999,900]]",1,10,[0],[0],[[0]],0,[0],icon_1015009,iconitem101,212,0,[1002],0,"[0,105]","[2999999,1]",[0],Cube,1,[0],1,
1015010,航空碳纤维鱼竿,采用航空级碳纤维材质，极致轻量且强度高，触感灵敏，是专业垂钓者的顶级装备。,itemName_1015010,itemName_1015010,itemDesc_1015010,[101],14,5,50604,0,1,1,0,"[10,5]",0,"[[2000,50],[4000,200],[10000,500],[999999,900]]",1,3,[0],[0],[[0]],0,[0],icon_1015010,iconitem101,506,0,[1002],0,"[0,105]","[2999999,1]",[0],Cube,1,[0],1,
1016001,金丝楠木椅,用珍稀木材金丝楠木制作的椅子。金丝楠木木性稳定，不易变形，纹理细腻华丽且有淡香，是价值高昂的传统中式家具用材。,itemName_1016001,itemName_1016001,itemDesc_1016001,"[101,106]",22,6,187812,0,1,1,0,"[10,5]",0,"[[2000,50],[4000,200],[10000,500],[999999,900]]",1,3,[0],[0],[[0]],0,[0],icon_1016001,iconitem101,1878,0,[1002],0.0238219178082192,"[0,106]","[1999999,1]",[0],Cube,1,[0],1,
1016002,小米全智能扫地机器人,小米品牌旗下高端扫地机器人产品线，集自动集尘、洗拖布、自清洁于一体，能通过APP进行全面管理，实现高度自动化清洁。,itemName_1016002,itemName_1016002,itemDesc_1016002,"[101,107]",22,6,170362,0,1,1,0,"[10,5]",0,"[[2000,50],[4000,200],[10000,500],[999999,900]]",1,3,[0],[0],[[0]],0,[0],icon_1016002,iconitem101,1704,0,[1002],0.0216085743277524,"[0,106]","[1999999,1]",[0],Cube,1,[0],1,
1016003,小米云端100寸液晶电视,小米推出的大尺寸超高清智能电视。整合丰富的在线影视资源与智能系统，提供沉浸式家庭影音娱乐体验。,itemName_1016003,itemName_1016003,itemDesc_1016003,"[101,107]",32,6,255115,0,1,1,0,"[10,5]",0,"[[2000,50],[4000,200],[10000,500],[999999,900]]",1,1,[0],[0],[[0]],0,[0],icon_1016003,iconitem101,2551,0,[1002],0.0323585743277524,"[0,106]","[1999999,1]",[0],Cube,1,[0],1,
1016004,豪宅管理用黑盒,一个概念性产品，指用于集成控制豪宅内智能安防、照明、影音、环境等所有系统的中央控制终端，象征顶级的全屋智能化管理。,itemName_1016004,itemName_1016004,itemDesc_1016004,[101],22,6,7402320,0,1,1,0,"[10,5]",0,"[[2000,50],[4000,200],[10000,500],[999999,900]]",1,3,[0],[0],[[0]],0,[0],icon_1016004,iconitem101,74023,0,[1002],0.938904109589041,"[0,106]","[1999999,1]",[0],Cube,1,[0],1,
1016005,黄金水龙头,通体或关键部位由黄金打造的水龙头。材质极其昂贵，主要起装饰作用，凸显奢华气派，多见于极度追求奢华的装饰风格中。,itemName_1016005,itemName_1016005,itemDesc_1016005,"[101,106]",11,6,85623,0,1,1,0,"[10,5]",0,"[[2000,50],[4000,200],[10000,500],[999999,900]]",1,10,[0],[0],[[0]],0,[0],icon_1016005,iconitem101,856,0,[1002],0.0108603500761035,"[0,106]","[1999999,1]",[0],Cube,1,[0],1,
1016006,红木屏风,通体由红木精制而成的屏风。材质名贵厚重，兼具实用与装饰功能，彰显典雅大气与文化底蕴，多见于中式及高端古典装修风格中。,itemName_1016006,itemName_1016006,itemDesc_1016006,"[101,110,106]",44,6,361000,0,1,1,0,"[10,5]",0,"[[2000,50],[4000,200],[10000,500],[999999,900]]",1,10,[0],[0],[[0]],0,[0],icon_1016006,iconitem101,3610,0,[1002],0.0457889396245561,"[0,106]","[1999999,1]",[0],Cube,1,[0],1,
1016007,决赛指定用球,决赛指定比赛用球，独特拼接面板设计，内置智能芯片,itemName_1016007,itemName_1016007,itemDesc_1016007,"[101,107]",22,6,758000,1,0,1,0,"[10,5]",0,"[[2000,50],[4000,200],[10000,500],[999999,900]]",1,10,[0],[0],[[0]],0,[0],icon_1016007,iconitem101,7580,0,[1002],0.0961440892947742,[0],[0],[0],Cube,1,[0],1,
1021001,注射用针,一种中空的细长金属针具，与注射器配套使用，用于穿刺皮肤，将药液注入体内或抽取体液。是医疗中最基础、应用最广泛的器械之一，要求尖锐、光滑、无菌。,itemName_1021001,itemName_1021001,itemDesc_1021001,[102],11,1,123,0,1,1,0,"[10,5]",0,"[[2000,50],[4000,200],[10000,500],[999999,900]]",1,10,[0],[0],[[0]],0,[0],icon_1021001,iconitem102,1,0,[1002],0,"[0,101]","[1999999,1]",[0],Cube,1,[0],1,
1021002,创可贴,一种小型片状急救敷料，通常由吸水垫、背胶和覆盖膜组成。用于覆盖小面积的浅表伤口，吸收少量渗出液，保护伤口免受摩擦和细菌感染，方便快捷。,itemName_1021002,itemName_1021002,itemDesc_1021002,"[102,101]",11,1,146,0,1,1,0,"[10,5]",0,"[[2000,50],[4000,200],[10000,500],[999999,900]]",1,10,[0],[0],[[0]],0,[0],icon_1021002,iconitem102,1,0,[1002],0,"[0,101]","[1999999,1]",[0],Cube,1,[0],1,
1021003,消毒棉签,由无菌脱脂棉缠绕在木棒或塑料棒一端制成的清洁工具。通常独立包装，蘸取碘伏、酒精等消毒液后，用于清洁皮肤、伤口或医疗器械表面。,itemName_1021003,itemName_1021003,itemDesc_1021003,"[102,101]",11,1,169,0,1,1,0,"[10,5]",0,"[[2000,50],[4000,200],[10000,500],[999999,900]]",1,10,[0],[0],[[0]],0,[0],icon_1021003,iconitem102,2,0,[1002],0,"[0,101]","[1999999,1]",[0],Cube,1,[0],1,
1021004,弹性绷带,一种具有良好伸缩性的绷带，通常由棉和橡胶丝混纺而成。用于包扎伤口时施加均匀压力，固定敷料、支撑关节、减轻肿胀，也可用于运动防护。,itemName_1021004,itemName_1021004,itemDesc_1021004,[102],21,1,346,0,1,1,0,"[10,5]",0,"[[2000,50],[4000,200],[10000,500],[999999,900]]",1,5,[0],[0],[[0]],0,[0],icon_1021004,iconitem102,3,0,[1002],0,"[0,101]","[1999999,1]",[0],Cube,1,[0],1,
1021005,医用一次性口罩,用无纺布材料制成的口罩，用于覆盖口鼻。能有效阻隔飞沫、粉尘等颗粒物，防止交叉感染。在医疗环境和日常防护中都是重要的消耗品。,itemName_1021005,itemName_1021005,itemDesc_1021005,[102],21,1,207,0,1,1,0,"[10,5]",0,"[[2000,50],[4000,200],[10000,500],[999999,900]]",1,5,[0],[0],[[0]],0,[0],icon_1021005,iconitem102,2,0,[1002],0,"[0,101]","[1999999,1]",[0],Cube,1,[0],1,
1021006,医用橡胶坐垫,由医用橡胶制成的中空或镂空坐垫，质地柔软有弹性。主要为长期坐卧的患者设计，能减少局部压力，预防和缓解褥疮（压疮），增加舒适度。,itemName_1021006,itemName_1021006,itemDesc_1021006,[102],22,1,414,0,1,1,0,"[10,5]",0,"[[2000,50],[4000,200],[10000,500],[999999,900]]",1,3,[0],[0],[[0]],0,[0],icon_1021006,iconitem102,4,0,[1002],0,"[0,101]","[1999999,1]",[0],Cube,1,[0],1,
1021007,医用拄拐,辅助行动不便者行走的器械，通常腋下支撑。能帮助患者分担腿部承重，保持身体平衡，用于下肢受伤、手术后或年老体弱者的康复训练。,itemName_1021007,itemName_1021007,itemDesc_1021007,[102],23,1,386,0,1,1,0,"[10,5]",0,"[[2000,50],[4000,200],[10000,500],[999999,900]]",1,3,[0],[0],[[0]],0,[0],icon_1021007,iconitem102,4,0,[1002],0,"[0,101]","[1999999,1]",[0],Cube,1,[0],1,
1021008,艾条,由干燥的艾叶捣碎后制成绒状，再用棉纸卷裹而成的圆柱形条状物。是艾灸疗法的主要材料，点燃后熏烤人体穴位，以达到温通经络、驱散寒邪的目的。,itemName_1021008,itemName_1021008,itemDesc_1021008,"[102,101]",11,1,331,0,1,1,0,"[10,5]",0,"[[2000,50],[4000,200],[10000,500],[999999,900]]",1,5,[0],[0],[[0]],0,[0],icon_1021008,iconitem102,3,0,[1002],0,"[0,101]","[1999999,1]",[0],Cube,1,[0],1,
1021009,留置针,内置软管可留置血管的输液针，避免反复穿刺，减轻患者痛苦，方便多次给药或长期输液。,itemName_1021009,itemName_1021009,itemDesc_1021009,[102],11,1,143,0,1,1,0,"[10,5]",0,"[[2000,50],[4000,200],[10000,500],[999999,900]]",1,10,[0],[0],[[0]],0,[0],icon_1021009,iconitem102,1,0,[1002],0,"[0,101]","[1999999,1]",[0],Cube,1,[0],1,
1021010,医用剪刀,专为医疗设计，锋利耐用，用于剪断纱布、绷带或衣物，通常采用不锈钢材质便于消毒处理。,itemName_1021010,itemName_1021010,itemDesc_1021010,[102],11,1,134,0,1,1,0,"[10,5]",0,"[[2000,50],[4000,200],[10000,500],[999999,900]]",1,10,[0],[0],[[0]],0,[0],icon_1021010,iconitem102,1,0,[1002],0,"[0,101]","[1999999,1]",[0],Cube,1,[0],1,
1022001,急救毯,一种轻便、可折叠的金属化薄膜毯子，通常为金银两色。能有效反射人体散发的大部分热量，在意外发生时用于保持体温，防止失温，是急救包标配。,itemName_1022001,itemName_1022001,itemDesc_1022001,"[102,101]",22,2,770,0,1,1,0,"[10,5]",0,"[[2000,50],[4000,200],[10000,500],[999999,900]]",1,3,[0],[0],[[0]],0,[0],icon_1022001,iconitem102,8,0,[1002],0,"[0,102]","[2999999,1]",[0],Cube,1,[0],1,
1022002,血糖仪,一种用于测量人体血液中葡萄糖浓度的电子仪器。患者通过采血针获取一滴指尖血，滴在试纸上插入仪器，即可快速读取血糖值，是糖尿病患者日常管理的必备工具。,itemName_1022002,itemName_1022002,itemDesc_1022002,"[102,107]",11,2,312,0,1,1,0,"[10,5]",0,"[[2000,50],[4000,200],[10000,500],[999999,900]]",1,10,[0],[0],[[0]],0,[0],icon_1022002,iconitem102,3,0,[1002],0,"[0,102]","[2999999,1]",[0],Cube,1,[0],1,
1022003,雾化器,将药液转化成微小气溶胶颗粒的医疗设备。患者通过面罩或口器吸入这些微粒，药物能直接作用于呼吸道和肺部，用于治疗哮喘、支气管炎等呼吸系统疾病。,itemName_1022003,itemName_1022003,itemDesc_1022003,"[102,107]",12,2,661,0,1,1,0,"[10,5]",0,"[[2000,50],[4000,200],[10000,500],[999999,900]]",1,5,[0],[0],[[0]],0,[0],icon_1022003,iconitem102,7,0,[1002],0,"[0,102]","[2999999,1]",[0],Cube,1,[0],1,
1022004,生理盐水,指浓度为0.9%的氯化钠无菌水溶液，其渗透压与人体血液相近。用途广泛，可用于清洗伤口、稀释药物、静脉输液补充水分和电解质，是基础医疗液体。,itemName_1022004,itemName_1022004,itemDesc_1022004,[102],11,2,422,0,1,1,0,"[10,5]",0,"[[2000,50],[4000,200],[10000,500],[999999,900]]",1,10,[0],[0],[[0]],0,[0],icon_1022004,iconitem102,4,0,[1002],0,"[0,102]","[2999999,1]",[0],Cube,1,[0],1,
1022005,医药整理盒,一种带有多个小格子的盒子，通常按日期或一天中的时段（如早、中、晚）分隔。帮助需要长期服药的患者或老人分类、管理药品，避免漏服或错服。,itemName_1022005,itemName_1022005,itemDesc_1022005,"[102,101]",22,2,1433,0,1,1,0,"[10,5]",0,"[[2000,50],[4000,200],[10000,500],[999999,900]]",1,3,[0],[0],[[0]],0,[0],icon_1022005,iconitem102,14,0,[1002],0,"[0,102]","[2999999,1]",[0],Cube,1,[0],1,
1022006,Six god,指在中国家喻户晓的“六神”品牌花露水。具有清凉、祛痱止痒、驱避蚊虫的功效，其独特香气已成为几代人的夏日记忆，是大众化的日用化学品。,itemName_1022006,itemName_1022006,itemDesc_1022006,"[102,101]",11,2,293,0,1,1,0,"[10,5]",0,"[[2000,50],[4000,200],[10000,500],[999999,900]]",1,10,[0],[0],[[0]],0,[0],icon_1022006,iconitem102,3,0,[1002],0,"[0,102]","[2999999,1]",[0],Cube,1,[0],1,
1022007,药碾子,一种传统的捣药工具，由碾槽和碾轮（碾船）组成。通过推动碾轮在槽内来回滚动，将干燥的药材研磨成细粉，便于冲服或制剂，体现了古老的中药制备工艺。,itemName_1022007,itemName_1022007,itemDesc_1022007,[102],22,2,1044,0,1,1,0,"[10,5]",0,"[[2000,50],[4000,200],[10000,500],[999999,900]]",1,3,[0],[0],[[0]],0,[0],icon_1022007,iconitem102,10,0,[1002],0,"[0,102]","[2999999,1]",[0],Cube,1,[0],1,
1022008,拔罐器,利用燃烧、抽气等方式造成罐内负压，使其吸附于体表皮肤的器械。这种疗法能造成局部充血，促进血液循环，常用于缓解肌肉酸痛、风寒湿痹等症。,itemName_1022008,itemName_1022008,itemDesc_1022008,[102],11,2,403,0,1,1,0,"[10,5]",0,"[[2000,50],[4000,200],[10000,500],[999999,900]]",1,10,[0],[0],[[0]],0,[0],icon_1022008,iconitem102,4,0,[1002],0,"[0,102]","[2999999,1]",[0],Cube,1,[0],1,
1022009,医用酒精,浓度为75%的乙醇溶液，能有效杀灭常见细菌和病毒，是家庭与医疗场所必备的消毒用品。,itemName_1022009,itemName_1022009,itemDesc_1022009,[102],11,2,277,0,1,1,0,"[10,5]",0,"[[2000,50],[4000,200],[10000,500],[999999,900]]",1,10,[0],[0],[[0]],0,[0],icon_1022009,iconitem102,3,0,[1002],0,"[0,102]","[2999999,1]",[0],Cube,1,[0],1,
1022010,宝宝降热贴,含清凉成分的物理降温贴片，可贴于额头，安全舒缓地为宝宝降低局部体温，缓解发热不适。,itemName_1022010,itemName_1022010,itemDesc_1022010,[102],21,2,654,0,1,1,0,"[10,5]",0,"[[2000,50],[4000,200],[10000,500],[999999,900]]",1,5,[0],[0],[[0]],0,[0],icon_1022010,iconitem102,7,0,[1002],0,"[0,102]","[2999999,1]",[0],Cube,1,[0],1,
1023001,电子体温计,利用温度传感器测量体温的电子仪器，通过数字显示屏直接读数。相比传统水银体温计，具有测量快、读数方便、安全不易碎的优点，是现代家庭常用医疗器械。,itemName_1023001,itemName_1023001,itemDesc_1023001,"[102,107]",11,3,1433,0,1,1,0,"[10,5]",0,"[[2000,50],[4000,200],[10000,500],[999999,900]]",1,10,[0],[0],[[0]],0,[0],icon_1023001,iconitem102,14,0,[1002],0,"[0,103]","[2999999,1]",[0],Cube,1,[0],1,
1023002,胰岛素笔,一种形似钢笔的胰岛素注射装置，前端可安装一次性针头，笔身装有胰岛素笔芯。剂量调节精确，使用携带方便，大大提升了糖尿病患者自我注射的便捷性。,itemName_1023002,itemName_1023002,itemDesc_1023002,[102],11,3,855,0,1,1,0,"[10,5]",0,"[[2000,50],[4000,200],[10000,500],[999999,900]]",1,10,[0],[0],[[0]],0,[0],icon_1023002,iconitem102,9,0,[1002],0,"[0,103]","[2999999,1]",[0],Cube,1,[0],1,
1023003,医用缝合包,一个经过灭菌处理、内含一次手术所需全部缝合器材的无菌包。通常包括缝针、缝线、持针器、线剪、敷料等，为伤口闭合提供标准化的操作条件。,itemName_1023003,itemName_1023003,itemDesc_1023003,[102],22,3,3083,0,1,1,0,"[10,5]",0,"[[2000,50],[4000,200],[10000,500],[999999,900]]",1,3,[0],[0],[[0]],0,[0],icon_1023003,iconitem102,31,0,[1002],0,"[0,103]","[2999999,1]",[0],Cube,1,[0],1,
1023004,无菌手术衣,外科医生在进行手术时穿着的隔离服装，经过严格灭菌处理。能有效阻隔液体和微生物，建立无菌屏障，防止术中病原体在医患之间传播。,itemName_1023004,itemName_1023004,itemDesc_1023004,[102],23,3,5040,0,1,1,0,"[10,5]",0,"[[2000,50],[4000,200],[10000,500],[999999,900]]",1,2,[0],[0],[[0]],0,[0],icon_1023004,iconitem102,50,0,[1002],0,"[0,103]","[2999999,1]",[0],Cube,1,[0],1,
1023005,腰椎固定带,一种具有支撑和限制作用的医用束腹带，通常由高弹性材料制成并内置支撑条。用于固定腰椎，减轻椎间盘压力，缓解腰部疼痛，辅助腰椎伤病康复。,itemName_1023005,itemName_1023005,itemDesc_1023005,[102],22,3,3294,0,1,1,0,"[10,5]",0,"[[2000,50],[4000,200],[10000,500],[999999,900]]",1,3,[0],[0],[[0]],0,[0],icon_1023005,iconitem102,33,0,[1002],0,"[0,103]","[2999999,1]",[0],Cube,1,[0],1,
1023006,便携式心电图仪,一种可手持、便于携带的心电信号记录设备。能快速捕捉和记录患者短时间的心电活动，帮助筛查心律失常、心肌缺血等心脏问题，适合社区或家庭使用。,itemName_1023006,itemName_1023006,itemDesc_1023006,"[102,107]",22,3,2385,0,1,1,0,"[10,5]",0,"[[2000,50],[4000,200],[10000,500],[999999,900]]",1,3,[0],[0],[[0]],0,[0],icon_1023006,iconitem102,24,0,[1002],0,"[0,103]","[2999999,1]",[0],Cube,1,[0],1,
1023007,电子输液架,一种可移动的立杆，顶端带有挂钩，用于悬挂输液袋/瓶。现代电子输液架常配有泵装置，可精确控制输液速度和总量，并具备报警功能，确保输液安全。,itemName_1023007,itemName_1023007,itemDesc_1023007,[102],13,3,2322,0,1,1,0,"[10,5]",0,"[[2000,50],[4000,200],[10000,500],[999999,900]]",1,3,[0],[0],[[0]],0,[0],icon_1023007,iconitem102,23,0,[1002],0,"[0,103]","[2999999,1]",[0],Cube,1,[0],1,
1023008,呼吸湿化器,与氧气疗法或呼吸机连接使用的设备，将干燥的医疗气体加温加湿。使吸入的气体更接近人体生理状态，保护呼吸道黏膜，避免干燥寒冷气体刺激肺部。,itemName_1023008,itemName_1023008,itemDesc_1023008,"[102,107]",12,3,2052,0,1,1,0,"[10,5]",0,"[[2000,50],[4000,200],[10000,500],[999999,900]]",1,5,[0],[0],[[0]],0,[0],icon_1023008,iconitem102,21,0,[1002],0,"[0,103]","[2999999,1]",[0],Cube,1,[0],1,
1023009,静脉注射用人免疫球蛋白,从大量健康人血浆中提取制备的抗体混合物，含有针对多种病原体的广谱抗体。通过静脉注射给予患者，用于免疫缺陷性疾病、自身免疫病等的治疗或预防。,itemName_1023009,itemName_1023009,itemDesc_1023009,[102],11,3,1313,0,1,1,0,"[10,5]",0,"[[2000,50],[4000,200],[10000,500],[999999,900]]",1,10,[0],[0],[[0]],0,[0],icon_1023009,iconitem102,13,0,[1002],0,"[0,103]","[2999999,1]",[0],Cube,1,[0],1,
1023010,家用急救医用箱,内含绷带、纱布、消毒用品等基础急救物资，用于处理家庭常见意外伤害，是应急保障必备。,itemName_1023010,itemName_1023010,itemDesc_1023010,"[102,101]",22,3,3798,0,1,1,0,"[10,5]",0,"[[2000,50],[4000,200],[10000,500],[999999,900]]",1,3,[0],[0],[[0]],0,[0],icon_1023010,iconitem102,38,0,[1002],0,"[0,103]","[2999999,1]",[0],Cube,1,[0],1,
1024001,输液泵,能够精确控制静脉输液滴速或总量的电子泵注装置。可设定单位时间的输注量，确保药物均匀、准确、安全地进入患者血管，常用于需要严格控制剂量的药物。,itemName_1024001,itemName_1024001,itemDesc_1024001,[102],22,4,9880,0,1,1,0,"[10,5]",0,"[[2000,50],[4000,200],[10000,500],[999999,900]]",1,3,[0],[0],[[0]],0,[0],icon_1024001,iconitem102,99,0,[1002],0,"[0,104]","[2999999,1]",[0],Cube,1,[0],1,
1024002,除颤仪,用于对致命性心律失常（如室颤）患者进行电击治疗的设备。通过释放可控的电流穿过心脏，使其瞬间除极，以期终止异常心律，让心脏恢复正常窦性心律。,itemName_1024002,itemName_1024002,itemDesc_1024002,"[102,107]",23,4,12976,0,1,1,0,"[10,5]",0,"[[2000,50],[4000,200],[10000,500],[999999,900]]",1,2,[0],[0],[[0]],0,[0],icon_1024002,iconitem102,130,0,[1002],0,"[0,104]","[2999999,1]",[0],Cube,1,[0],1,
1024003,单克隆抗体药物,利用生物技术制备的、仅针对某一特定抗原表位的高度均一性抗体。像“生物导弹”一样精准作用于病变细胞或分子，用于治疗癌症、自身免疫病等重大疾病。,itemName_1024003,itemName_1024003,itemDesc_1024003,[102],12,4,6012,0,1,1,0,"[10,5]",0,"[[2000,50],[4000,200],[10000,500],[999999,900]]",1,5,[0],[0],[[0]],0,[0],icon_1024003,iconitem102,60,0,[1002],0,"[0,104]","[2999999,1]",[0],Cube,1,[0],1,
1024004,气腹机,腹腔镜微创手术中的关键设备，通过向患者腹腔内注入二氧化碳气体，建立并维持一个稳定的操作空间，为外科医生提供清晰视野和器械操作空间。,itemName_1024004,itemName_1024004,itemDesc_1024004,"[102,107]",22,4,6780,0,1,1,0,"[10,5]",0,"[[2000,50],[4000,200],[10000,500],[999999,900]]",1,3,[0],[0],[[0]],0,[0],icon_1024004,iconitem102,68,0,[1002],0,"[0,104]","[2999999,1]",[0],Cube,1,[0],1,
1024005,针灸人模型,一种标有经络循行线和腧穴定位的人体模型，是学习和教授针灸知识的重要教具。帮助医学生和医师直观地记忆和定位数百个针灸穴位，巩固理论基础。,itemName_1024005,itemName_1024005,itemDesc_1024005,[102],23,4,11424,0,1,1,0,"[10,5]",0,"[[2000,50],[4000,200],[10000,500],[999999,900]]",1,2,[0],[0],[[0]],0,[0],icon_1024005,iconitem102,114,0,[1002],0,"[0,104]","[2999999,1]",[0],Cube,1,[0],1,
1024006,超声波治疗仪,利用超声波深入软组织，产生微振动促进血液循环与组织修复，用于缓解肌肉酸痛与炎症。,itemName_1024006,itemName_1024006,itemDesc_1024006,"[102,107]",23,4,12581,0,1,1,0,"[10,5]",0,"[[2000,50],[4000,200],[10000,500],[999999,900]]",1,2,[0],[0],[[0]],0,[0],icon_1024006,iconitem102,126,0,[1002],0,"[0,104]","[2999999,1]",[0],Cube,1,[0],1,
1024007,家用制氧呼吸机,通过浓缩空气中氧气为患者提供稳定氧源，操作简便，适合慢性肺病或需要家庭氧疗的人士。,itemName_1024007,itemName_1024007,itemDesc_1024007,"[102,101,107]",22,4,14240,0,1,1,0,"[10,5]",0,"[[2000,50],[4000,200],[10000,500],[999999,900]]",1,3,[0],[0],[[0]],0,[0],icon_1024007,iconitem102,142,0,[1002],0,"[0,104]","[2999999,1]",[0],Cube,1,[0],1,
1024008,龙涎香,一种形成于抹香鲸肠道内的灰色或黑色腊状物质，排出体外后在海洋中长期漂浮、氧化而成。是极其珍贵的香料定香剂，也曾入药用于化痰散结。,itemName_1024008,itemName_1024008,itemDesc_1024008,"[102,106,105]",11,4,3640,0,1,1,0,"[10,5]",0,"[[2000,50],[4000,200],[10000,500],[999999,900]]",1,10,[0],[0],[[0]],0,[0],icon_1024008,iconitem102,36,0,[1002],0,"[0,104]","[2999999,1]",[0],Cube,1,[0],1,
1024009,特级鹿茸,指雄性梅花鹿或马鹿未骨化、带茸毛的幼角，经加工干燥而成。是传统名贵中药材，被认为能补肾阳、益精血、强筋骨，通常切片或研粉入药。,itemName_1024009,itemName_1024009,itemDesc_1024009,[102],12,4,5724,0,1,1,0,"[10,5]",0,"[[2000,50],[4000,200],[10000,500],[999999,900]]",1,5,[0],[0],[[0]],0,[0],icon_1024009,iconitem102,57,0,[1002],0,"[0,104]","[2999999,1]",[0],Cube,1,[0],1,
1024010,长白山野山参,特指自然生长于中国长白山原始森林中的野生人参，生长年限长达数十年甚至百年。因其补气固脱、回阳救逆的卓著功效而被誉为“百草之王”，资源极其稀少。,itemName_1024010,itemName_1024010,itemDesc_1024010,"[102,109]",12,4,3780,0,1,1,0,"[10,5]",0,"[[2000,50],[4000,200],[10000,500],[999999,900]]",1,5,[0],[0],[[0]],0,[0],icon_1024010,iconitem102,38,0,[1002],0,"[0,104]","[2999999,1]",[0],Cube,1,[0],1,
1025001,手术用显微镜,为精细外科手术（如神经外科、眼科、耳鼻喉科）设计的高精度光学放大设备。能提供明亮的同轴光源和清晰的立体视野，极大提高了手术的精准度和安全性。,itemName_1025001,itemName_1025001,itemDesc_1025001,[102],22,5,49920,0,1,1,0,"[10,5]",0,"[[2000,50],[4000,200],[10000,500],[999999,900]]",1,3,[0],[0],[[0]],0,[0],icon_1025001,iconitem102,499,0,[1002],0,"[0,105]","[2999999,1]",[0],Cube,1,[0],1,
1025002,心脏支架,一种网状结构的金属或可吸收材料制成的微型管状器械。通过介入手术置入狭窄的冠状动脉，将其撑开以恢复血流，是治疗冠心病心肌缺血的有效手段。,itemName_1025002,itemName_1025002,itemDesc_1025002,[102],22,5,40385,0,1,1,0,"[10,5]",0,"[[2000,50],[4000,200],[10000,500],[999999,900]]",1,3,[0],[0],[[0]],0,[0],icon_1025002,iconitem102,404,0,[1002],0,"[0,105]","[2999999,1]",[0],Cube,1,[0],1,
1025003,全自动生化分析仪,用于检测血液、尿液等体液中各种生化指标（如血糖、血脂、肝功能）的高通量自动化设备。能快速、准确地为临床诊断和治疗提供大量数据支持。,itemName_1025003,itemName_1025003,itemDesc_1025003,"[102,107]",34,5,86130,0,1,1,0,"[10,5]",0,"[[2000,50],[4000,200],[10000,500],[999999,900]]",1,1,[0],[0],[[0]],0,[0],icon_1025003,iconitem102,861,0,[1002],0,"[0,105]","[2999999,1]",[0],Cube,1,[0],1,
1025004,便携式超声诊断仪,一种小型化、便于移动的超声成像设备。通过超声波探查人体内部器官的形态和活动，适用于床旁诊断、急诊、野外救援等多种临床场景。,itemName_1025004,itemName_1025004,itemDesc_1025004,"[102,107]",32,5,62055,0,1,1,0,"[10,5]",0,"[[2000,50],[4000,200],[10000,500],[999999,900]]",1,2,[0],[0],[[0]],0,[0],icon_1025004,iconitem102,621,0,[1002],0,"[0,105]","[2999999,1]",[0],Cube,1,[0],1,
1025005,个性化肿瘤疫苗,一种前沿的癌症免疫疗法。根据患者自身肿瘤的特异性抗原量身定制，注射入体内后激发免疫系统精准识别并攻击癌细胞，代表了精准医疗的方向。,itemName_1025005,itemName_1025005,itemDesc_1025005,[102],11,5,16200,0,1,1,0,"[10,5]",0,"[[2000,50],[4000,200],[10000,500],[999999,900]]",1,10,[0],[0],[[0]],0,[0],icon_1025005,iconitem102,162,0,[1002],0,"[0,105]","[2999999,1]",[0],Cube,1,[0],1,
1025006,医用负压吸引器,产生负压（真空）的装置，通过连接管道和吸头，用于吸引出患者呼吸道内的分泌物、脓液、血液或手术中的冲洗液，保持气道通畅和手术野清晰。,itemName_1025006,itemName_1025006,itemDesc_1025006,[102],23,5,60342,0,1,1,0,"[10,5]",0,"[[2000,50],[4000,200],[10000,500],[999999,900]]",1,2,[0],[0],[[0]],0,[0],icon_1025006,iconitem102,603,0,[1002],0,"[0,105]","[2999999,1]",[0],Cube,1,[0],1,
1025007,病理监护仪,即病人监护仪，一种能实时监测并显示患者多项关键生命体征的设备。通常包括心电图、心率、血压、血氧饱和度、呼吸频率等参数，是重症监护的核心设备。,itemName_1025007,itemName_1025007,itemDesc_1025007,"[102,107]",22,5,76233,0,1,1,0,"[10,5]",0,"[[2000,50],[4000,200],[10000,500],[999999,900]]",1,3,[0],[0],[[0]],0,[0],icon_1025007,iconitem102,762,0,[1002],0,"[0,105]","[2999999,1]",[0],Cube,1,[0],1,
1026001,复苏呼吸机,又称急救呼吸机，专为抢救呼吸衰竭或心跳骤停患者设计。能提供可靠的通气支持，通常集成在急救现场、ICU或救护车中，是生命支持的关键设备。,itemName_1026001,itemName_1026001,itemDesc_1026001,"[102,107]",33,6,1089660,0,1,1,0,"[10,5]",0,"[[2000,50],[4000,200],[10000,500],[999999,900]]",1,1,[0],[0],[[0]],0,[0],icon_1026001,iconitem102,10897,0,[1002],0.138211567732116,"[0,106]","[1999999,1]",[0],Cube,1,[0],1,
1026002,医用外骨骼,一种可穿戴的机电设备，能为穿着者提供助力和保护。在康复医学中，能帮助脊髓损伤、中风等行动障碍患者进行步态训练，重新学习行走。,itemName_1026002,itemName_1026002,itemDesc_1026002,[102],23,6,259165,0,1,1,0,"[10,5]",0,"[[2000,50],[4000,200],[10000,500],[999999,900]]",1,2,[0],[0],[[0]],0,[0],icon_1026002,iconitem102,2592,0,[1002],0.0328722729578894,"[0,106]","[1999999,1]",[0],Cube,1,[0],1,
1026003,古医书《伤寒论》,东汉医学家张仲景所著的经典中医典籍。创立了六经辨证体系，奠定了中医辨证论治的基础，其记载的方剂（经方）至今仍在临床广泛应用，价值无量。,itemName_1026003,itemName_1026003,itemDesc_1026003,"[102,110,106]",12,6,158940,0,1,1,0,"[10,5]",0,"[[2000,50],[4000,200],[10000,500],[999999,900]]",1,5,[0],[0],[[0]],0,[0],icon_1026003,iconitem102,1589,0,[1002],0.0201598173515982,"[0,106]","[1999999,1]",[0],Cube,1,[0],1,
1026004,紫檀木金针针灸套装,盛放针灸针的容器，通常由名贵紫檀木精制而成，内衬丝绸，针具可能为金质。既是对中医器具的美学追求，也体现了针灸文化的深厚底蕴与尊贵。,itemName_1026004,itemName_1026004,itemDesc_1026004,"[102,106]",22,6,112896,0,1,1,0,"[10,5]",0,"[[2000,50],[4000,200],[10000,500],[999999,900]]",1,3,[0],[0],[[0]],0,[0],icon_1026004,iconitem102,1129,0,[1002],0.0143196347031963,"[0,106]","[1999999,1]",[0],Cube,1,[0],1,
1026005,安宫牛黄丸,中医著名的急救成药，由牛黄、麝香等贵重药材组成。具有清热解毒、镇惊开窍的功效，常用于热病、中风昏迷及脑炎等急症，被誉为“温病三宝”之一。,itemName_1026005,itemName_1026005,itemDesc_1026005,[102],11,6,54675,0,1,1,0,"[10,5]",0,"[[2000,50],[4000,200],[10000,500],[999999,900]]",1,10,[0],[0],[[0]],0,[0],icon_1026005,iconitem102,547,0,[1002],0.00693493150684932,"[0,106]","[1999999,1]",[0],Cube,1,[0],1,
1026006,触摸感应仿生手,一款集成了高精度传感器与AI算法的智能假肢，能模拟真实手部的触觉反馈与精细动作，通过识别用户肌肉神经信号实现抓取、握持等操作，极大提升使用者的生活自理能力与真实体验.,itemName_1026006,itemName_1026006,itemDesc_1026006,[102],11,6,130296,0,1,1,0,"[10,5]",0,"[[2000,50],[4000,200],[10000,500],[999999,900]]",1,10,[0],[0],[[0]],0,[0],icon_1026006,iconitem102,1303,0,[1002],0.0165266362252664,"[0,106]","[1999999,1]",[0],Cube,1,[0],1,
1026007,超声波诊断仪,利用高频超声波反射成像原理制成的医用影像设备。无辐射、无创实时成像，可清晰显示人体内部器官与血流动态，是临床诊断的核心工具，广泛应用于妇产科、心血管、腹部、浅表器官等检查场景。,itemName_1026007,itemName_1026007,itemDesc_1026007,[102],33,6,475000,0,1,1,0,"[10,5]",0,"[[2000,50],[4000,200],[10000,500],[999999,900]]",1,10,[0],[0],[[0]],0,[0],icon_1026007,iconitem102,4750,0,[1002],0.0602486047691527,"[0,106]","[1999999,1]",[0],Cube,1,[0],1,
1026008,百年人参,通常指自然生长百年以上的野生山参（五加科人参属植物干燥根及根茎）。资源极为稀缺、价值连城，兼具极高的药用滋补与收藏鉴赏价值，多见于高端养生、传统中药材收藏及顶级礼品场景中。,itemName_1026008,itemName_1026008,itemDesc_1026008,"[102,109]",12,6,1039000,0,1,1,0,"[10,5]",0,"[[2000,50],[4000,200],[10000,500],[999999,900]]",1,10,[0],[0],[[0]],0,[0],icon_1026008,iconitem102,10390,0,[1002],0.131785895484526,"[0,106]","[1999999,1]",[0],Cube,1,[0],1,
1031001,塑料发箍,一种用塑料制成的头饰，呈弧形，用于固定前额和两侧的头发，防止碎发遮挡视线。设计多样，颜色鲜艳，是日常梳理和装饰的实用小物，常见于日常生活和运动场合。,itemName_1031001,itemName_1031001,itemDesc_1031001,"[103,101]",11,1,123,0,1,1,0,"[10,5]",0,"[[2000,50],[4000,200],[10000,500],[999999,900]]",1,10,[0],[0],[[0]],0,[0],icon_1031001,iconitem103,1,0,[1002],0,"[0,101]","[1999999,1]",[0],Cube,1,[0],1,
1031002,一次性纹身贴,采用水转印技术将图案印在特殊纸张上的临时贴纸。蘸水后即可将图案转移到皮肤上，保持数日后会自然脱落。图案丰富，使用方便，无需疼痛即可体验纹身效果，深受年轻人喜爱。,itemName_1031002,itemName_1031002,itemDesc_1031002,[103],11,1,146,0,1,1,0,"[10,5]",0,"[[2000,50],[4000,200],[10000,500],[999999,900]]",1,10,[0],[0],[[0]],0,[0],icon_1031002,iconitem103,1,0,[1002],0,"[0,101]","[1999999,1]",[0],Cube,1,[0],1,
1031003,玩具美甲,为儿童设计的美甲玩具，通常由塑料或橡胶制成，为各种指甲形状的假片，附有贴纸或可水洗的颜料。可以安全地粘贴在指甲上进行装扮游戏，满足孩子的爱美之心。,itemName_1031003,itemName_1031003,itemDesc_1031003,[103],11,1,169,0,1,1,0,"[10,5]",0,"[[2000,50],[4000,200],[10000,500],[999999,900]]",1,10,[0],[0],[[0]],0,[0],icon_1031003,iconitem103,2,0,[1002],0,"[0,101]","[1999999,1]",[0],Cube,1,[0],1,
1031004,钥匙挂坠,串在钥匙圈上的小型装饰物，材质多样如金属、塑料或毛绒。造型可爱（如卡通人物、字母），不仅美化钥匙，更能通过触感快速辨别钥匙，兼具装饰与实用功能。,itemName_1031004,itemName_1031004,itemDesc_1031004,"[103,101]",11,1,146,0,1,1,0,"[10,5]",0,"[[2000,50],[4000,200],[10000,500],[999999,900]]",1,10,[0],[0],[[0]],0,[0],icon_1031004,iconitem103,1,0,[1002],0,"[0,101]","[1999999,1]",[0],Cube,1,[0],1,
1031005,印花T恤,一种常见的棉质短袖上衣，其特点在于通过热转印或丝网印刷技术在胸前或背后印有各种图案、文字或Logo。是表达个性、支持偶像或展示爱好的基本款服饰。,itemName_1031005,itemName_1031005,itemDesc_1031005,"[103,101]",22,1,369,0,1,1,0,"[10,5]",0,"[[2000,50],[4000,200],[10000,500],[999999,900]]",1,3,[0],[0],[[0]],0,[0],icon_1031005,iconitem103,4,0,[1002],0,"[0,101]","[1999999,1]",[0],Cube,1,[0],1,
1031006,防晒冰袖,由冰丝等清凉透气材料制成的袖套，穿戴后覆盖手臂。具有防晒、吸湿排汗的功能，并能带来凉爽体感，是夏季户外活动、驾驶或骑行时常用的物理防晒装备。,itemName_1031006,itemName_1031006,itemDesc_1031006,"[103,101]",21,1,248,0,1,1,0,"[10,5]",0,"[[2000,50],[4000,200],[10000,500],[999999,900]]",1,5,[0],[0],[[0]],0,[0],icon_1031006,iconitem103,2,0,[1002],0,"[0,101]","[1999999,1]",[0],Cube,1,[0],1,
1031007,图案徽章,一种带有别针的小型金属或塑料制品，表面印有图案、标语或标志。可轻松别在背包、帽子、衣领上，用于表达立场、收藏或作为团体成员的识别标志。,itemName_1031007,itemName_1031007,itemDesc_1031007,"[103,106]",11,1,189,0,1,1,0,"[10,5]",0,"[[2000,50],[4000,200],[10000,500],[999999,900]]",1,10,[0],[0],[[0]],0,[0],icon_1031007,iconitem103,2,0,[1002],0,"[0,101]","[1999999,1]",[0],Cube,1,[0],1,
1031008,应援棒,在演唱会、体育赛事等场合，观众用于为表演者或队伍加油助威的发光棒。通过统一控制或手动开关，可变换灯光颜色和节奏，营造热烈的现场氛围。,itemName_1031008,itemName_1031008,itemDesc_1031008,"[103,107]",12,1,248,0,1,1,0,"[10,5]",0,"[[2000,50],[4000,200],[10000,500],[999999,900]]",1,5,[0],[0],[[0]],0,[0],icon_1031008,iconitem103,2,0,[1002],0,"[0,101]","[1999999,1]",[0],Cube,1,[0],1,
1031009,应援灯牌,采用LED点阵设计的便携灯牌，可自定义文字与图案，在演唱会、体育赛事等场合为偶像或球队提供醒目支持，营造热烈氛围。,itemName_1031009,itemName_1031009,itemDesc_1031009,"[103,107]",31,1,299,0,1,1,0,"[10,5]",0,"[[2000,50],[4000,200],[10000,500],[999999,900]]",1,3,[0],[0],[[0]],0,[0],icon_1031009,iconitem103,3,0,[1002],0,"[0,101]","[1999999,1]",[0],Cube,1,[0],1,
1031010,卡贴,印有图案的精致贴纸，用于装饰手机SIM卡或交通卡，个性化卡面外观，是粉丝圈和年轻人中流行的低成本收藏品。,itemName_1031010,itemName_1031010,itemDesc_1031010,"[103,101]",11,1,115,0,1,1,0,"[10,5]",0,"[[2000,50],[4000,200],[10000,500],[999999,900]]",1,10,[0],[0],[[0]],0,[0],icon_1031010,iconitem103,1,0,[1002],0,"[0,101]","[1999999,1]",[0],Cube,1,[0],1,
1032001,时尚杂志,定期出版的刊物，内容聚焦于当季流行趋势、服装搭配、美妆技巧和设计师专访。是大众获取时尚资讯、提升审美的重要媒介，通常印刷精美。,itemName_1032001,itemName_1032001,itemDesc_1032001,"[103,110]",22,2,738,0,1,1,0,"[10,5]",0,"[[2000,50],[4000,200],[10000,500],[999999,900]]",1,3,[0],[0],[[0]],0,[0],icon_1032001,iconitem103,7,0,[1002],0,"[0,102]","[2999999,1]",[0],Cube,1,[0],1,
1032002,潮流手机壳,为手机提供保护的外壳，其设计紧跟当下流行元素，如特定图案、联名IP或特殊材质。在防止手机刮擦和摔碰的同时，更是展现机主个性的时尚配饰。,itemName_1032002,itemName_1032002,itemDesc_1032002,"[103,101]",11,2,295,0,1,1,0,"[10,5]",0,"[[2000,50],[4000,200],[10000,500],[999999,900]]",1,10,[0],[0],[[0]],0,[0],icon_1032002,iconitem103,3,0,[1002],0,"[0,102]","[2999999,1]",[0],Cube,1,[0],1,
1032003,经典棒球帽,一种前端有硬质帽檐的帽子，最初源于棒球运动。帽檐可遮挡阳光，帽顶通常有调节搭扣。其简洁设计经久不衰，是休闲穿搭中不可或缺的单品。,itemName_1032003,itemName_1032003,itemDesc_1032003,"[103,101]",11,2,315,0,1,1,0,"[10,5]",0,"[[2000,50],[4000,200],[10000,500],[999999,900]]",1,10,[0],[0],[[0]],0,[0],icon_1032003,iconitem103,3,0,[1002],0,"[0,102]","[2999999,1]",[0],Cube,1,[0],1,
1032004,百搭丝巾,用丝绸、聚酯纤维等材料制成的方形或长形薄巾。花色繁多，系法多样，可作为头饰、颈饰、包包装饰甚至腰带，轻松为整体造型增添亮点，实用性极强。,itemName_1032004,itemName_1032004,itemDesc_1032004,[103],13,2,718,0,1,1,0,"[10,5]",0,"[[2000,50],[4000,200],[10000,500],[999999,900]]",1,3,[0],[0],[[0]],0,[0],icon_1032004,iconitem103,7,0,[1002],0,"[0,102]","[2999999,1]",[0],Cube,1,[0],1,
1032005,印花雨伞,伞面印有各种花纹或图案的晴雨伞。晴天可遮阳，雨天可挡雨。除了基本功能，其设计也成为雨天街头的一道移动风景，体现使用者的品味。,itemName_1032005,itemName_1032005,itemDesc_1032005,"[103,101]",22,2,708,0,1,1,0,"[10,5]",0,"[[2000,50],[4000,200],[10000,500],[999999,900]]",1,3,[0],[0],[[0]],0,[0],icon_1032005,iconitem103,7,0,[1002],0,"[0,102]","[2999999,1]",[0],Cube,1,[0],1,
1032006,裸靴,指鞋帮高度接近脚踝、款式简洁的靴子，通常没有过多装饰。因其设计低调，能最大限度地露出脚踝线条，视觉上拉长腿部，非常容易与各类裤装、裙装搭配。,itemName_1032006,itemName_1032006,itemDesc_1032006,[103],22,2,532,0,1,1,0,"[10,5]",0,"[[2000,50],[4000,200],[10000,500],[999999,900]]",1,3,[0],[0],[[0]],0,[0],icon_1032006,iconitem103,5,0,[1002],0,"[0,102]","[2999999,1]",[0],Cube,1,[0],1,
1032007,帆布背包,主要面料为耐磨帆布的双肩包。容量适中，分隔合理，轻便耐用。是学生上学、日常通勤或短途出行的理想选择，风格偏向休闲和学院风。,itemName_1032007,itemName_1032007,itemDesc_1032007,"[103,101]",22,2,886,0,1,1,0,"[10,5]",0,"[[2000,50],[4000,200],[10000,500],[999999,900]]",1,3,[0],[0],[[0]],0,[0],icon_1032007,iconitem103,9,0,[1002],0,"[0,102]","[2999999,1]",[0],Cube,1,[0],1,
1032008,连帽卫衣,一种前端有口袋、后部带有兜帽的针织休闲上衣。面料通常为厚棉布，穿着舒适保暖。兼具运动感与街头风格，是春秋季节最常见的日常服饰之一。,itemName_1032008,itemName_1032008,itemDesc_1032008,"[103,101]",23,2,1240,0,1,1,0,"[10,5]",0,"[[2000,50],[4000,200],[10000,500],[999999,900]]",1,2,[0],[0],[[0]],0,[0],icon_1032008,iconitem103,12,0,[1002],0,"[0,102]","[2999999,1]",[0],Cube,1,[0],1,
1032009,墨镜,配有深色镜片的眼镜，主要功能是防止强光（如日光、眩光）刺激眼睛，保护眼睛免受紫外线伤害。同时也是重要的时尚配饰，能瞬间提升造型的酷感。,itemName_1032009,itemName_1032009,itemDesc_1032009,[103],11,2,295,0,1,1,0,"[10,5]",0,"[[2000,50],[4000,200],[10000,500],[999999,900]]",1,10,[0],[0],[[0]],0,[0],icon_1032009,iconitem103,3,0,[1002],0,"[0,102]","[2999999,1]",[0],Cube,1,[0],1,
1032010,亚克力钥匙扣,以透明亚克力材质制成，可定制图案，色彩鲜艳持久，兼具实用性与装饰性，是常见的周边纪念品。,itemName_1032010,itemName_1032010,itemDesc_1032010,"[103,101]",11,2,288,0,1,1,0,"[10,5]",0,"[[2000,50],[4000,200],[10000,500],[999999,900]]",1,10,[0],[0],[[0]],0,[0],icon_1032010,iconitem103,3,0,[1002],0,"[0,102]","[2999999,1]",[0],Cube,1,[0],1,
1033001,兔兔背包,设计成兔子或带有显著兔子元素（如长耳朵、圆尾巴）的双肩包或斜挎包。造型可爱萌趣，常用柔软材质，深受年轻女性和喜好可爱风格的人群青睐。,itemName_1033001,itemName_1033001,itemDesc_1033001,"[103,101]",22,3,2214,0,1,1,0,"[10,5]",0,"[[2000,50],[4000,200],[10000,500],[999999,900]]",1,3,[0],[0],[[0]],0,[0],icon_1033001,iconitem103,22,0,[1002],0,"[0,103]","[2999999,1]",[0],Cube,1,[0],1,
1033002,二次元痛包,特指一种正面为透明隔层的背包，爱好者可将自己喜欢的动漫、游戏角色吧唧（徽章）或周边放入其中展示。“痛”在此意为“彰显”，是表达宅文化喜好的方式。,itemName_1033002,itemName_1033002,itemDesc_1033002,[103],22,3,2214,0,1,1,0,"[10,5]",0,"[[2000,50],[4000,200],[10000,500],[999999,900]]",1,3,[0],[0],[[0]],0,[0],icon_1033002,iconitem103,22,0,[1002],0,"[0,103]","[2999999,1]",[0],Cube,1,[0],1,
1033003,JK制服,指女子高中生制服，源自日本。通常包括衬衫、格纹百褶裙、领结或领带，以及配套的西装外套或背心。既是校服，也作为一种独特的时尚风格流行。,itemName_1033003,itemName_1033003,itemDesc_1033003,"[103,101]",23,3,3875,0,1,1,0,"[10,5]",0,"[[2000,50],[4000,200],[10000,500],[999999,900]]",1,2,[0],[0],[[0]],0,[0],icon_1033003,iconitem103,39,0,[1002],0,"[0,103]","[2999999,1]",[0],Cube,1,[0],1,
1033004,银制耳饰,用925银等银质材料制作的耳环、耳钉等。银材质不易过敏，光泽温润，可设计为简约或繁复的样式，是日常佩戴的基础款饰品，适合大多数场合。,itemName_1033004,itemName_1033004,itemDesc_1033004,[103],11,3,923,0,1,1,0,"[10,5]",0,"[[2000,50],[4000,200],[10000,500],[999999,900]]",1,10,[0],[0],[[0]],0,[0],icon_1033004,iconitem103,9,0,[1002],0,"[0,103]","[2999999,1]",[0],Cube,1,[0],1,
1033005,时尚腕饰,佩戴在手腕上的装饰品，不一定是手表。可包括皮革手绳、串珠、金属手链等，用于叠戴或单独佩戴，为手腕部位增添细节，是整体穿搭的点睛之笔。,itemName_1033005,itemName_1033005,itemDesc_1033005,[103],11,3,923,0,1,1,0,"[10,5]",0,"[[2000,50],[4000,200],[10000,500],[999999,900]]",1,10,[0],[0],[[0]],0,[0],icon_1033005,iconitem103,9,0,[1002],0,"[0,103]","[2999999,1]",[0],Cube,1,[0],1,
1033006,真皮钱夹,用动物皮革（如牛皮、羊皮）制成的钱包。皮质柔软耐用，随着使用会产生独特的色泽和纹理。用于存放现金、卡片，是实用且能体现质感的随身小物。,itemName_1033006,itemName_1033006,itemDesc_1033006,"[103,101]",11,3,1661,0,1,1,0,"[10,5]",0,"[[2000,50],[4000,200],[10000,500],[999999,900]]",1,10,[0],[0],[[0]],0,[0],icon_1033006,iconitem103,17,0,[1002],0,"[0,103]","[2999999,1]",[0],Cube,1,[0],1,
1033007,水雾唇釉,一种液态唇部化妆品，质地轻薄如水，涂抹后会在唇部形成一层有光泽或雾面的彩色薄膜。显色度高，能持久保湿，打造出晶莹剔透或柔焦哑光的唇妆效果。,itemName_1033007,itemName_1033007,itemDesc_1033007,[103],11,3,923,0,1,1,0,"[10,5]",0,"[[2000,50],[4000,200],[10000,500],[999999,900]]",1,10,[0],[0],[[0]],0,[0],icon_1033007,iconitem103,9,0,[1002],0,"[0,103]","[2999999,1]",[0],Cube,1,[0],1,
1033008,运动球鞋,专为运动或日常穿着设计的鞋子，注重缓冲、支撑和透气性。鞋型符合人体工学，款式多样，已从功能性装备演变为潮流文化的重要组成部分。,itemName_1033008,itemName_1033008,itemDesc_1033008,"[103,101]",12,3,1661,0,1,1,0,"[10,5]",0,"[[2000,50],[4000,200],[10000,500],[999999,900]]",1,5,[0],[0],[[0]],0,[0],icon_1033008,iconitem103,17,0,[1002],0,"[0,103]","[2999999,1]",[0],Cube,1,[0],1,
1033009,公仔玩偶,根据动漫、影视角色或原创形象制作的毛绒或塑料玩具。造型可爱，尺寸不一，常用于陪伴、收藏或室内装饰，承载着情感价值和文化认同。,itemName_1033009,itemName_1033009,itemDesc_1033009,"[103,101]",12,3,1661,0,1,1,0,"[10,5]",0,"[[2000,50],[4000,200],[10000,500],[999999,900]]",1,5,[0],[0],[[0]],0,[0],icon_1033009,iconitem103,17,0,[1002],0,"[0,103]","[2999999,1]",[0],Cube,1,[0],1,
1033010,联名键帽挂扣,为特定人物或角色制作的限量款立牌或展示板，常用于收藏或作为活动现场的背景装饰，具有纪念价值。,itemName_1033010,itemName_1033010,itemDesc_1033010,"[103,106]",11,3,711,0,1,1,0,"[10,5]",0,"[[2000,50],[4000,200],[10000,500],[999999,900]]",1,10,[0],[0],[[0]],0,[0],icon_1033010,iconitem103,7,0,[1002],0,"[0,103]","[2999999,1]",[0],Cube,1,[0],1,
1034001,洛丽塔小裙子,源于欧洲宫廷服饰风格的时装，特点为高腰线、蓬松的裙撑、大量蕾丝、蝴蝶结和印花。是一种追求华丽、优雅与童话感的着装风格，有特定着装规则。,itemName_1034001,itemName_1034001,itemDesc_1034001,[103],23,4,9749,0,1,1,0,"[10,5]",0,"[[2000,50],[4000,200],[10000,500],[999999,900]]",1,2,[0],[0],[[0]],0,[0],icon_1034001,iconitem103,97,0,[1002],0,"[0,104]","[2999999,1]",[0],Cube,1,[0],1,
1034002,名牌球鞋,由知名运动或潮流品牌推出的运动鞋。往往结合了品牌的最新科技与设计理念，是潮流符号。,itemName_1034002,itemName_1034002,itemDesc_1034002,"[103,101]",21,4,4428,0,1,1,0,"[10,5]",0,"[[2000,50],[4000,200],[10000,500],[999999,900]]",1,5,[0],[0],[[0]],0,[0],icon_1034002,iconitem103,44,0,[1002],0,"[0,104]","[2999999,1]",[0],Cube,1,[0],1,
1034003,限量手办,针对动漫、游戏角色，使用PVC等材料精密铸造并手工涂装的高精度模型。限量版意味着发行数量固定，具有收藏价值，细节刻画极其讲究。,itemName_1034003,itemName_1034003,itemDesc_1034003,"[103,106]",12,4,4428,0,1,1,0,"[10,5]",0,"[[2000,50],[4000,200],[10000,500],[999999,900]]",1,5,[0],[0],[[0]],0,[0],icon_1034003,iconitem103,44,0,[1002],0,"[0,104]","[2999999,1]",[0],Cube,1,[0],1,
1034004,轻奢腕表,指价格介于大众品牌与顶级奢侈品牌之间的手表。注重设计感与材质，品牌具有一定知名度，适合作为入门级的机械表或精致配饰，满足日常社交场合。,itemName_1034004,itemName_1034004,itemDesc_1034004,"[103,106]",11,4,2460,0,1,1,0,"[10,5]",0,"[[2000,50],[4000,200],[10000,500],[999999,900]]",1,10,[0],[0],[[0]],0,[0],icon_1034004,iconitem103,25,0,[1002],0,"[0,104]","[2999999,1]",[0],Cube,1,[0],1,
1034005,8848烫金手机壳,一款设计风格奢华的手机保护壳，品牌名“8848”寓意珠峰高度。常使用皮革、金属等材质，并辅以烫金Logo等装饰，强调尊贵与成功的象征意义。,itemName_1034005,itemName_1034005,itemDesc_1034005,"[103,101]",11,4,2560,0,1,1,0,"[10,5]",0,"[[2000,50],[4000,200],[10000,500],[999999,900]]",1,10,[0],[0],[[0]],0,[0],icon_1034005,iconitem103,26,0,[1002],0,"[0,104]","[2999999,1]",[0],Cube,1,[0],1,
1034006,汉元素潮服,将中国传统汉服的代表性元素（如交领右衽、系带）与现代时装剪裁、面料相结合的服装。旨在创造既带有文化韵味又适合日常穿着的“新中式”风格。,itemName_1034006,itemName_1034006,itemDesc_1034006,[103],23,4,10332,0,1,1,0,"[10,5]",0,"[[2000,50],[4000,200],[10000,500],[999999,900]]",1,2,[0],[0],[[0]],0,[0],icon_1034006,iconitem103,103,0,[1002],0,"[0,104]","[2999999,1]",[0],Cube,1,[0],1,
1034007,合金机器人模型,主体框架或部分零件由锌合金等金属材料制成的可动机器人模型。手感沉重，关节紧实，耐玩度高，细节刻画优于纯塑料模型，深受模型爱好者喜爱。,itemName_1034007,itemName_1034007,itemDesc_1034007,"[103,106]",12,4,4428,0,1,1,0,"[10,5]",0,"[[2000,50],[4000,200],[10000,500],[999999,900]]",1,5,[0],[0],[[0]],0,[0],icon_1034007,iconitem103,44,0,[1002],0,"[0,104]","[2999999,1]",[0],Cube,1,[0],1,
1034008,激光剑仿真玩具,基于科幻作品（如《星球大战》）中激光剑造型制作的玩具。通常带发光和发声功能，材质为塑料，是粉丝用于角色扮演和收藏的重要道具。,itemName_1034008,itemName_1034008,itemDesc_1034008,"[103,101]",41,4,7380,0,1,1,0,"[10,5]",0,"[[2000,50],[4000,200],[10000,500],[999999,900]]",1,3,[0],[0],[[0]],0,[0],icon_1034008,iconitem103,74,0,[1002],0,"[0,104]","[2999999,1]",[0],Cube,1,[0],1,
1034009,名牌挎包,"由国际知名奢侈品牌（如Chanel, Louis Vuitton）设计生产的单肩或斜挎包。选用高级皮料，做工精湛，带有显著品牌标识，是身份与品味的象征。",itemName_1034009,itemName_1034009,itemDesc_1034009,"[103,106]",22,4,8380,0,1,1,0,"[10,5]",0,"[[2000,50],[4000,200],[10000,500],[999999,900]]",1,3,[0],[0],[[0]],0,[0],icon_1034009,iconitem103,84,0,[1002],0,"[0,104]","[2999999,1]",[0],Cube,1,[0],1,
1034010,限定真人展示牌,为超人气偶像“坤”哥哥量身定制的限量展示立牌，精美还原其经典舞台造型与暖心笑容，是粉丝们用于装饰空间、表达支持的珍贵应援收藏品。,itemName_1034010,itemName_1034010,itemDesc_1034010,[103],23,4,25000,0,1,1,0,"[10,5]",0,"[[2000,50],[4000,200],[10000,500],[999999,900]]",1,2,[0],[0],[[0]],0,[0],icon_1034010,iconitem103,250,0,[1002],0,"[0,104]","[2999999,1]",[0],Cube,1,[0],1,
1035001,限量时尚杂志,针对某一特定主题或与艺术家、品牌联名推出的限量版杂志。可能采用特殊封面、纸张或附赠独家赠品，具有收藏价值，通常不在常规渠道销售。,itemName_1035001,itemName_1035001,itemDesc_1035001,"[103,110,106]",22,5,28450,0,1,1,0,"[10,5]",0,"[[2000,50],[4000,200],[10000,500],[999999,900]]",1,3,[0],[0],[[0]],0,[0],icon_1035001,iconitem103,285,0,[1002],0,"[0,105]","[2999999,1]",[0],Cube,1,[0],1,
1035002,定制晚礼服,根据个人尺寸、气质和场合需求，由设计师或裁缝单独剪裁、制作的正式晚宴裙装。追求合体独一的无二，凸显穿着者的身材优点与独特品位。,itemName_1035002,itemName_1035002,itemDesc_1035002,[103],23,5,38745,0,1,1,0,"[10,5]",0,"[[2000,50],[4000,200],[10000,500],[999999,900]]",1,2,[0],[0],[[0]],0,[0],icon_1035002,iconitem103,387,0,[1002],0,"[0,105]","[2999999,1]",[0],Cube,1,[0],1,
1035003,限定球星收藏卡,印有著名运动员形象的特制卡片，通常由体育联盟授权发行。限定版可能带有球员签名、球衣切片等特殊物料，在收藏卡市场具有很高的交易价值。,itemName_1035003,itemName_1035003,itemDesc_1035003,"[103,106,101]",11,5,12225,0,1,1,0,"[10,5]",0,"[[2000,50],[4000,200],[10000,500],[999999,900]]",1,10,[0],[0],[[0]],0,[0],icon_1035003,iconitem103,122,0,[1002],0,"[0,105]","[2999999,1]",[0],Cube,1,[0],1,
1035004,铂金胸针,用贵金属铂金为主要材料制作的胸针。铂金色泽淡雅，性质稳定不易褪色，常镶嵌钻石或其他宝石，设计典雅，是高级社交场合的点缀之物。,itemName_1035004,itemName_1035004,itemDesc_1035004,"[103,105]",11,5,15325,0,1,1,0,"[10,5]",0,"[[2000,50],[4000,200],[10000,500],[999999,900]]",1,10,[0],[0],[[0]],0,[0],icon_1035004,iconitem103,153,0,[1002],0,"[0,105]","[2999999,1]",[0],Cube,1,[0],1,
1035005,机械腕表,依靠发条为动力，通过复杂的齿轮和擒纵机构来计时的精密仪器。无需电池，体现了传统的制表工艺，其机芯的复杂功能（如月相、陀飞轮）备受推崇。,itemName_1035005,itemName_1035005,itemDesc_1035005,[103],11,5,9245,0,1,1,0,"[10,5]",0,"[[2000,50],[4000,200],[10000,500],[999999,900]]",1,10,[0],[0],[[0]],0,[0],icon_1035005,iconitem103,92,0,[1002],0,"[0,105]","[2999999,1]",[0],Cube,1,[0],1,
1035006,亲签球衣,有职业运动员本人亲笔签名的球衣。通常为球员比赛所穿款式或复刻版，签名使其从普通商品转变为具有纪念意义的收藏品，价值倍增。,itemName_1035006,itemName_1035006,itemDesc_1035006,"[103,106,101]",23,5,38745,0,1,1,0,"[10,5]",0,"[[2000,50],[4000,200],[10000,500],[999999,900]]",1,2,[0],[0],[[0]],0,[0],icon_1035006,iconitem103,387,0,[1002],0,"[0,105]","[2999999,1]",[0],Cube,1,[0],1,
1035007,亲签球鞋,运动员在比赛穿着或特定款式球鞋上留下的亲笔签名。对于球鞋文化和体育迷而言，是连接偶像的珍贵实物，具有极高的情感和收藏价值。,itemName_1035007,itemName_1035007,itemDesc_1035007,"[103,106,101]",21,5,26605,0,1,1,0,"[10,5]",0,"[[2000,50],[4000,200],[10000,500],[999999,900]]",1,5,[0],[0],[[0]],0,[0],icon_1035007,iconitem103,266,0,[1002],0,"[0,105]","[2999999,1]",[0],Cube,1,[0],1,
1035008,顶级化妆礼盒,由高端美妆品牌推出的节日或限量礼盒，内含品牌多个明星产品的中样或正装。包装华丽，产品组合具有代表性，是美妆爱好者心仪的礼品选择。,itemName_1035008,itemName_1035008,itemDesc_1035008,[103],22,5,27675,0,1,1,0,"[10,5]",0,"[[2000,50],[4000,200],[10000,500],[999999,900]]",1,3,[0],[0],[[0]],0,[0],icon_1035008,iconitem103,277,0,[1002],0,"[0,105]","[2999999,1]",[0],Cube,1,[0],1,
1035009,满分斯诺克纪念球杆,为纪念斯诺克赛事满分杆壮举而推出的限量球杆，通常采用高级材质与精致工艺，是台球爱好者的珍贵藏品。,itemName_1035009,itemName_1035009,itemDesc_1035009,[103],61,5,36511,0,1,1,0,"[10,5]",0,"[[2000,50],[4000,200],[10000,500],[999999,900]]",1,2,[0],[0],[[0]],0,[0],icon_1035009,iconitem103,365,0,[1002],0,"[0,105]","[2999999,1]",[0],Cube,1,[0],1,
1035010,伯纳普斯球场VIP赛季票,提供整个赛季顶级观赛权益的贵宾通行证，含最佳座位、休息区准入等特权，是铁杆球迷的身份象征。,itemName_1035010,itemName_1035010,itemDesc_1035010,[103],11,5,24332,0,1,1,0,"[10,5]",0,"[[2000,50],[4000,200],[10000,500],[999999,900]]",1,10,[0],[0],[[0]],0,[0],icon_1035010,iconitem103,243,0,[1002],0,"[0,105]","[2999999,1]",[0],Cube,1,[0],1,
1036001,美容中心终身会员金卡,高端美容或医美机构推出的会员资格，一次性支付费用后可终身享受机构指定的部分或全部服务项目。代表了对该机构服务和品牌的长期认可与投入。,itemName_1036001,itemName_1036001,itemDesc_1036001,[103],11,6,88888,0,1,1,0,"[10,5]",0,"[[2000,50],[4000,200],[10000,500],[999999,900]]",1,10,[0],[0],[[0]],0,[0],icon_1036001,iconitem103,889,0,[1002],0.0112744799594115,"[0,106]","[1999999,1]",[0],Cube,1,[0],1,
1036002,斯卡奥小金人,一个极具声望的奖项，指代那座象征最高荣誉的镀金人形奖杯。是行业巅峰成就的象征，拥有无上的荣耀。,itemName_1036002,itemName_1036002,itemDesc_1036002,[103],12,6,168000,0,1,1,0,"[10,5]",0,"[[2000,50],[4000,200],[10000,500],[999999,900]]",1,10,[0],[0],[[0]],0,[0],icon_1036002,iconitem103,1680,0,[1002],0.0213089802130898,"[0,106]","[1999999,1]",[0],Cube,1,[0],1,
1036003,永恒时尚指南,一本旨在超越季节潮流、阐述经典穿搭法则与风格精髓的权威著作。并非单纯介绍当季流行，而是传授构建持久个人风格的理念与方法。,itemName_1036003,itemName_1036003,itemDesc_1036003,"[103,110]",22,6,266050,0,1,1,0,"[10,5]",0,"[[2000,50],[4000,200],[10000,500],[999999,900]]",1,3,[0],[0],[[0]],0,[0],icon_1036003,iconitem103,2661,0,[1002],0.0337455606291223,"[0,106]","[1999999,1]",[0],Cube,1,[0],1,
1036004,宝斯终身VIP会员卡,一个顶级奢侈品百货或私人俱乐部授予的最高级别会员身份。享有专属购物顾问、全球送货、邀请制活动等极致特权。,itemName_1036004,itemName_1036004,itemDesc_1036004,[103],11,6,465000,0,1,1,0,"[10,5]",0,"[[2000,50],[4000,200],[10000,500],[999999,900]]",1,10,[0],[0],[[0]],0,[0],icon_1036004,iconitem103,4650,0,[1002],0.0589802130898021,"[0,106]","[1999999,1]",[0],Cube,1,[0],1,
1036005,环球小姐冠军皇冠,环球小姐选美大赛的最高荣誉象征，由珠宝大师精心打造，代表着美丽、智慧与优雅，是全球瞩目的荣耀信物。,itemName_1036005,itemName_1036005,itemDesc_1036005,[103],21,6,195154,0,1,1,0,"[10,5]",0,"[[2000,50],[4000,200],[10000,500],[999999,900]]",1,10,[0],[0],[[0]],0,[0],icon_1036005,iconitem103,1952,0,[1002],0.0247531709791984,"[0,106]","[1999999,1]",[0],Cube,1,[0],1,
1036006,世界冠军奖杯,精致工艺复刻奖杯，灵感源自经典竞技赛事的荣耀时刻。高纯度金属表面经精湛打磨与多层抛光，在光线下呈现细腻的质感与流动的光影。此藏品致敬卓越与荣耀的意义。,itemName_1046010,itemName_1046010,itemDesc_1046010,[103],23,6,7202026,1,0,1,0,"[10,5]",0,"[[2000,50],[4000,200],[10000,500],[999999,900]]",1,5,[0],[0],[[0]],0,[0],icon_1036006,iconitem103,72020,0,[1002],0.913498985286657,[0],[0],[0],Cube,1,[0],1,
1036007,“退钱”手举牌,退钱！！！！！,itemName_1046011,itemName_1046011,itemDesc_1046011,"[103,107]",34,6,555555,1,0,1,0,"[10,5]",0,"[[2000,50],[4000,200],[10000,500],[999999,900]]",1,5,[0],[0],[[0]],0,[0],icon_1036007,iconitem103,5555,0,[1002],0.0704661339421613,[0],[0],[0],Cube,1,[0],1,
1036008,传奇球星签名球衣,冠军杯球星退役战袍，附带亲笔手写信与编号证书，代表一个时代的终结与传承,itemName_1046012,itemName_1046012,itemDesc_1046012,"[103,101]",23,6,1225000,1,0,1,0,"[10,5]",0,"[[2000,50],[4000,200],[10000,500],[999999,900]]",1,5,[0],[0],[[0]],0,[0],icon_1036008,iconitem103,12250,0,[1002],0.155377980720446,[0],[0],[0],Cube,1,[0],1,
1041001,石块,最原始且易得的投掷物或工具，由自然界的岩石破碎而成。大小不一，边缘可能锋利或圆润，可用于狩猎、自卫或作为制造其他工具的基础材料，是人类最早使用的武器之一。,itemName_1041001,itemName_1041001,itemDesc_1041001,[104],11,1,123,0,1,1,0,"[10,5]",0,"[[2000,50],[4000,200],[10000,500],[999999,900]]",1,10,[0],[0],[[0]],0,[0],icon_1041001,iconitem104,1,0,[1002],0,"[0,101]","[1999999,1]",[0],Cube,1,[0],1,
1041002,圆润的木杆,一根经过手工打磨或自然侵蚀而表面光滑的木棍，长度适中。可作为行走的手杖、基础的近战武器，或与其他部件组合成更复杂的工具，如弹弓或陷阱。,itemName_1041002,itemName_1041002,itemDesc_1041002,"[104,101]",14,1,438,0,1,1,0,"[10,5]",0,"[[2000,50],[4000,200],[10000,500],[999999,900]]",1,3,[0],[0],[[0]],0,[0],icon_1041002,iconitem104,4,0,[1002],0,"[0,101]","[1999999,1]",[0],Cube,1,[0],1,
1041003,竹木弹弓,由韧性竹枝或树杈制成主体，并绑上橡皮筋等弹性材料构成的简易发射器。可使用小石子作为弹药，常用于儿童游戏、驱赶鸟类或进行小规模狩猎，技巧性要求高。,itemName_1041003,itemName_1041003,itemDesc_1041003,"[104,101]",21,1,304,0,1,1,0,"[10,5]",0,"[[2000,50],[4000,200],[10000,500],[999999,900]]",1,5,[0],[0],[[0]],0,[0],icon_1041003,iconitem104,3,0,[1002],0,"[0,101]","[1999999,1]",[0],Cube,1,[0],1,
1041004,玩具木剑,为儿童玩耍而制作的仿剑型玩具，通常由轻质木材雕刻而成，边缘钝化以确保安全。是角色扮演游戏的常用道具，帮助孩子们模仿英雄故事，培养想象力。,itemName_1041004,itemName_1041004,itemDesc_1041004,"[104,101]",12,1,346,0,1,1,0,"[10,5]",0,"[[2000,50],[4000,200],[10000,500],[999999,900]]",1,5,[0],[0],[[0]],0,[0],icon_1041004,iconitem104,3,0,[1002],0,"[0,101]","[1999999,1]",[0],Cube,1,[0],1,
1041005,绳索,由植物纤维或合成材料拧绞而成的柔韧长条。在生存、建筑和军事中用途极广，可用于捆绑、固定、设置陷阱、攀爬或救援，是功能最多样的基础装备之一。,itemName_1041005,itemName_1041005,itemDesc_1041005,"[104,101]",31,1,276,0,1,1,0,"[10,5]",0,"[[2000,50],[4000,200],[10000,500],[999999,900]]",1,3,[0],[0],[[0]],0,[0],icon_1041005,iconitem104,3,0,[1002],0,"[0,101]","[1999999,1]",[0],Cube,1,[0],1,
1041006,556子弹,5.56×45毫米北约制式步枪弹，是一种小口径高速步枪弹药。以其后坐力小、精度高和携弹量大而闻名，是M16、M4等多种现代突击步枪的标准配弹。,itemName_1041006,itemName_1041006,itemDesc_1041006,[104],11,1,138,0,1,1,0,"[10,5]",0,"[[2000,50],[4000,200],[10000,500],[999999,900]]",1,10,[0],[0],[[0]],0,[0],icon_1041006,iconitem104,1,0,[1002],0,"[0,101]","[1999999,1]",[0],Cube,1,[0],1,
1041007,捕兽夹,一种金属制造的机械陷阱，通过强大的弹簧驱动齿状颚片，用于捕捉中小型动物。通常被猎人放置于兽径上，也可在安防中用于封锁区域或预警。,itemName_1041007,itemName_1041007,itemDesc_1041007,"[104,101]",22,1,483,0,1,1,0,"[10,5]",0,"[[2000,50],[4000,200],[10000,500],[999999,900]]",1,3,[0],[0],[[0]],0,[0],icon_1041007,iconitem104,5,0,[1002],0,"[0,101]","[1999999,1]",[0],Cube,1,[0],1,
1041008,飞镖,一种用于投掷的小型锐器，有尖锐的镖头和保持飞行稳定的尾翼。既有体育竞赛用的标准飞镖，也有作为暗器的小型手持飞镖，强调准确性和突然性。,itemName_1041008,itemName_1041008,itemDesc_1041008,"[104,101]",11,1,184,0,1,1,0,"[10,5]",0,"[[2000,50],[4000,200],[10000,500],[999999,900]]",1,10,[0],[0],[[0]],0,[0],icon_1041008,iconitem104,2,0,[1002],0,"[0,101]","[1999999,1]",[0],Cube,1,[0],1,
1041009,泡泡水弹,遇地面即破裂成彩色水渍的可降解水球，质地柔软安全，是夏季打水仗、户外派对的趣味玩具，清凉解压。,itemName_1041009,itemName_1041009,itemDesc_1041009,"[104,101]",11,1,221,0,1,1,0,"[10,5]",0,"[[2000,50],[4000,200],[10000,500],[999999,900]]",1,5,[0],[0],[[0]],0,[0],icon_1041009,iconitem104,2,0,[1002],0,"[0,101]","[1999999,1]",[0],Cube,1,[0],1,
1041010,藤条,一种古老而高效的“家庭教育工具”，柔韧耐磨且随手可得。当孩子调皮捣蛋时，家长只需轻挥此物，无需多言，它自会带来一番深刻而难忘的“物理教育”，是许多代人共同的童年记忆符号,itemName_1041010,itemName_1041010,itemDesc_1041010,"[104,101]",13,1,388,0,1,1,0,"[10,5]",0,"[[2000,50],[4000,200],[10000,500],[999999,900]]",1,3,[0],[0],[[0]],0,[0],icon_1041010,iconitem104,4,0,[1002],0,"[0,101]","[1999999,1]",[0],Cube,1,[0],1,
1042001,烟雾弹,一种非致命性投掷武器，引爆后能迅速释放大量烟雾，形成视觉屏障。常用于战术掩护、信号传递、干扰敌方视线或为撤退、转移提供遮蔽。,itemName_1042001,itemName_1042001,itemDesc_1042001,[104],12,2,462,0,1,1,0,"[10,5]",0,"[[2000,50],[4000,200],[10000,500],[999999,900]]",1,5,[0],[0],[[0]],0,[0],icon_1042001,iconitem104,5,0,[1002],0,"[0,102]","[2999999,1]",[0],Cube,1,[0],1,
1042002,手雷,也称为手榴弹，是一种用手投掷的小型爆炸武器。拉动保险销并投出后，延时引信会引爆装药，通过破片和冲击波杀伤范围内的有生目标。,itemName_1042002,itemName_1042002,itemDesc_1042002,[104],11,2,312,0,1,1,0,"[10,5]",0,"[[2000,50],[4000,200],[10000,500],[999999,900]]",1,10,[0],[0],[[0]],0,[0],icon_1042002,iconitem104,3,0,[1002],0,"[0,102]","[2999999,1]",[0],Cube,1,[0],1,
1042003,127子弹,12.7×99毫米大口径重机枪弹药，威力巨大，通常由像M2勃朗宁这样的重机枪发射。主要用于反器材、攻击轻装甲目标或进行远距离压制。,itemName_1042003,itemName_1042003,itemDesc_1042003,[104],11,2,367,0,1,1,0,"[10,5]",0,"[[2000,50],[4000,200],[10000,500],[999999,900]]",1,10,[0],[0],[[0]],0,[0],icon_1042003,iconitem104,4,0,[1002],0,"[0,102]","[2999999,1]",[0],Cube,1,[0],1,
1042004,工地用头盔,在建筑工地或工业区域佩戴的安全帽，通常由高强度塑料制成，用于防护头部免受坠落物或碰撞伤害。是基础的个人防护装备，颜色常用于区分工种。,itemName_1042004,itemName_1042004,itemDesc_1042004,"[104,101]",22,2,1267,0,1,1,0,"[10,5]",0,"[[2000,50],[4000,200],[10000,500],[999999,900]]",1,3,[0],[0],[[0]],0,[0],icon_1042004,iconitem104,13,0,[1002],0,"[0,102]","[2999999,1]",[0],Cube,1,[0],1,
1042005,普通匕首,一种短小锋利的双刃格斗武器，刀身笔直，适于突刺和切割。易于隐藏和快速拔出，是军队、户外活动者的标准近身武器和工具刀，用途多样。,itemName_1042005,itemName_1042005,itemDesc_1042005,"[104,101]",21,2,859,0,1,1,0,"[10,5]",0,"[[2000,50],[4000,200],[10000,500],[999999,900]]",1,5,[0],[0],[[0]],0,[0],icon_1042005,iconitem104,9,0,[1002],0,"[0,102]","[2999999,1]",[0],Cube,1,[0],1,
1042006,沙袋背心,一种内部填充有重物（如沙子）的训练用背心。穿戴后进行跑步、体能训练，可以增加负重，有效提升佩戴者的力量、耐力和体能水平。,itemName_1042006,itemName_1042006,itemDesc_1042006,"[104,101]",22,2,878,0,1,1,0,"[10,5]",0,"[[2000,50],[4000,200],[10000,500],[999999,900]]",1,3,[0],[0],[[0]],0,[0],icon_1042006,iconitem104,9,0,[1002],0,"[0,102]","[2999999,1]",[0],Cube,1,[0],1,
1042007,土质硝酸甘油炸弹,指利用不稳定化合物（如硝酸甘油）自制的简易爆炸装置。制作粗糙，危险性高，威力可能很大但极不可靠，常与非正规武装或极端情况关联。,itemName_1042007,itemName_1042007,itemDesc_1042007,[104],22,2,1044,0,1,1,0,"[10,5]",0,"[[2000,50],[4000,200],[10000,500],[999999,900]]",1,3,[0],[0],[[0]],0,[0],icon_1042007,iconitem104,10,0,[1002],0,"[0,102]","[2999999,1]",[0],Cube,1,[0],1,
1042008,长枪,泛指枪杆较长的冷兵器，如红缨枪、长矛等。利用距离优势，可在白刃战中先发制人，进行刺、挑、扫等攻击，在古代战争和传统武术中地位重要。,itemName_1042008,itemName_1042008,itemDesc_1042008,[104],15,2,1452,0,1,1,0,"[10,5]",0,"[[2000,50],[4000,200],[10000,500],[999999,900]]",1,2,[0],[0],[[0]],0,[0],icon_1042008,iconitem104,15,0,[1002],0,"[0,102]","[2999999,1]",[0],Cube,1,[0],1,
1042009,双截棍,一种由中间以铁链或绳索连接两根短棍构成的软兵器。通过挥舞产生巨大动能打击目标，技巧性强，需长期练习方能掌握，以防伤及自身。,itemName_1042009,itemName_1042009,itemDesc_1042009,"[104,101]",22,2,1375,0,1,1,0,"[10,5]",0,"[[2000,50],[4000,200],[10000,500],[999999,900]]",1,3,[0],[0],[[0]],0,[0],icon_1042009,iconitem104,14,0,[1002],0,"[0,102]","[2999999,1]",[0],Cube,1,[0],1,
1042010,充气玩具手枪,采用环保PVC材质制成的戏水玩具，按压可喷射水柱，是儿童夏日泳池派对和户外玩水的经典互动玩具。,itemName_1042010,itemName_1042010,itemDesc_1042010,"[104,101]",11,2,301,0,1,1,0,"[10,5]",0,"[[2000,50],[4000,200],[10000,500],[999999,900]]",1,10,[0],[0],[[0]],0,[0],icon_1042010,iconitem104,3,0,[1002],0,"[0,102]","[2999999,1]",[0],Cube,1,[0],1,
1043001,军用望远镜,为军事用途设计的高精度双筒观测仪器，通常具有测距分划板、密封防水、结构坚固等特点。用于战场侦察、目标识别和地形勘察。,itemName_1043001,itemName_1043001,itemDesc_1043001,"[104,101]",22,3,2565,0,1,1,0,"[10,5]",0,"[[2000,50],[4000,200],[10000,500],[999999,900]]",1,3,[0],[0],[[0]],0,[0],icon_1043001,iconitem104,26,0,[1002],0,"[0,103]","[2999999,1]",[0],Cube,1,[0],1,
1043002,战术背心,一种模块化携行装具，背心本体上设有大量织带，可附加弹药袋、医疗包、通讯设备等。用于合理分配单兵负荷，并能提供一定的防破片能力。,itemName_1043002,itemName_1043002,itemDesc_1043002,[104],23,3,4316,0,1,1,0,"[10,5]",0,"[[2000,50],[4000,200],[10000,500],[999999,900]]",1,2,[0],[0],[[0]],0,[0],icon_1043002,iconitem104,43,0,[1002],0,"[0,103]","[2999999,1]",[0],Cube,1,[0],1,
1043003,卡宾枪,重量轻、长度短、精度高，并可加装多种战术配件,itemName_1043003,itemName_1043003,itemDesc_1043003,[104],41,3,3600,0,1,1,0,"[10,5]",0,"[[2000,50],[4000,200],[10000,500],[999999,900]]",1,3,[0],[0],[[0]],0,[0],icon_1043003,iconitem104,36,0,[1002],0,"[0,103]","[2999999,1]",[0],Cube,1,[0],1,
1043004,MP5冲锋枪,德国制造的著名9毫米冲锋枪，采用滚柱延迟反冲式闭锁机构，以其极高的射击精度和可控性，成为全球特警和特种部队的标志性装备。,itemName_1043004,itemName_1043004,itemDesc_1043004,[104],32,3,3294,0,1,1,0,"[10,5]",0,"[[2000,50],[4000,200],[10000,500],[999999,900]]",1,2,[0],[0],[[0]],0,[0],icon_1043004,iconitem104,33,0,[1002],0,"[0,103]","[2999999,1]",[0],Cube,1,[0],1,
1043005,合金弩枪,采用现代高强度铝合金等材料制造的弩，结合了传统弩的无声优势和现代工艺的精准度。配备滑轮组减小拉力，威力大于弓，常用于特种作战或狩猎。,itemName_1043005,itemName_1043005,itemDesc_1043005,"[104,101]",32,3,3339,0,1,1,0,"[10,5]",0,"[[2000,50],[4000,200],[10000,500],[999999,900]]",1,2,[0],[0],[[0]],0,[0],icon_1043005,iconitem104,33,0,[1002],0,"[0,103]","[2999999,1]",[0],Cube,1,[0],1,
1043006,夜视仪,利用光电转换技术放大微弱的环境光（如星光），使使用者在夜间或低光条件下获得清晰视野的电子观测设备。是现代军队实现夜间作战优势的关键装备。,itemName_1043006,itemName_1043006,itemDesc_1043006,[104],11,3,968,0,1,1,0,"[10,5]",0,"[[2000,50],[4000,200],[10000,500],[999999,900]]",1,10,[0],[0],[[0]],0,[0],icon_1043006,iconitem104,10,0,[1002],0,"[0,103]","[2999999,1]",[0],Cube,1,[0],1,
1043007,沙漠之鹰,由以色列军事工业公司设计生产的大口径半自动手枪，以其威猛的外观和巨大的停止作用而闻名。后坐力极大，更多作为收藏品或狩猎手枪使用。,itemName_1043007,itemName_1043007,itemDesc_1043007,[104],21,3,2052,0,1,1,0,"[10,5]",0,"[[2000,50],[4000,200],[10000,500],[999999,900]]",1,5,[0],[0],[[0]],0,[0],icon_1043007,iconitem104,21,0,[1002],0,"[0,103]","[2999999,1]",[0],Cube,1,[0],1,
1043008,C4吸塑炸药,一种可塑的固体炸药，主要成分为旋风炸药。可随意捏合成型，能紧贴目标放置，通常需雷管引爆。稳定性高，即使被子弹击中或投入火中也不易爆炸。,itemName_1043008,itemName_1043008,itemDesc_1043008,[104],21,3,2363,0,1,1,0,"[10,5]",0,"[[2000,50],[4000,200],[10000,500],[999999,900]]",1,5,[0],[0],[[0]],0,[0],icon_1043008,iconitem104,24,0,[1002],0,"[0,103]","[2999999,1]",[0],Cube,1,[0],1,
1043009,UZI冲锋枪,以色列设计的一款结构紧凑、射速高的轻型冲锋枪，采用包络式枪机简化设计，利于近距离突击和自卫。以高可靠性和低廉造价著称，被多国军队采用。,itemName_1043009,itemName_1043009,itemDesc_1043009,[104],22,3,3851,0,1,1,0,"[10,5]",0,"[[2000,50],[4000,200],[10000,500],[999999,900]]",1,3,[0],[0],[[0]],0,[0],icon_1043009,iconitem104,39,0,[1002],0,"[0,103]","[2999999,1]",[0],Cube,1,[0],1,
1043010,多功能军刀,集成小刀、螺丝刀、开瓶器等十余种工具的便携装备，采用不锈钢锻造，是户外旅行与应急处理的实用工具。,itemName_1043010,itemName_1043010,itemDesc_1043010,"[104,101]",11,3,1373,0,1,1,0,"[10,5]",0,"[[2000,50],[4000,200],[10000,500],[999999,900]]",1,10,[0],[0],[[0]],0,[0],icon_1043010,iconitem104,14,0,[1002],0,"[0,103]","[2999999,1]",[0],Cube,1,[0],1,
1043011,大宝剑,长剑可以说是站在剑类武器的历史巅峰，剑身长约三至四尺，宽度约一寸，直而具有两刃，但不像东方的剑上有血槽的设计。从剑的形态上就可以知道，它的机动性高，适合施展各种剑术。,itemName_1043011,itemName_1043011,itemDesc_1043011,[104],51,3,4840,0,1,1,0,"[10,5]",0,"[[2000,50],[4000,200],[10000,500],[999999,900]]",1,2,[0],[0],[[0]],0,[0],icon_1043011,iconitem104,48,0,[1002],0,"[0,103]","[2999999,1]",[0],Cube,1,[0],1,
1044001,M249轻机枪,比利时FN公司制造的5.56毫米班用自动武器，作为班组支援火力。采用弹链或弹匣供弹，射速高，能有效压制中距离的敌方目标。,itemName_1044001,itemName_1044001,itemDesc_1044001,[104],42,4,12584,0,1,1,0,"[10,5]",0,"[[2000,50],[4000,200],[10000,500],[999999,900]]",1,1,[0],[0],[[0]],0,[0],icon_1044001,iconitem104,126,0,[1002],0,"[0,104]","[2999999,1]",[0],Cube,1,[0],1,
1044002,RPG火箭筒,苏联设计的肩射式、无后坐力反坦克武器。发射超口径火箭增程破甲弹，结构简单，坚固耐用，价格低廉，是世界上最广泛使用的反装甲武器之一。,itemName_1044002,itemName_1044002,itemDesc_1044002,[104],41,4,8976,0,1,1,0,"[10,5]",0,"[[2000,50],[4000,200],[10000,500],[999999,900]]",1,3,[0],[0],[[0]],0,[0],icon_1044002,iconitem104,90,0,[1002],0,"[0,104]","[2999999,1]",[0],Cube,1,[0],1,
1044003,AWM狙击步枪,英国精密国际公司生产的北极作战系列狙击步枪的高精度型号，发射.300温彻斯特-马格南或.338拉普-马格南子弹，以其极远的有效射程和卓越精度闻名。,itemName_1044003,itemName_1044003,itemDesc_1044003,[104],51,4,16310,0,1,1,0,"[10,5]",0,"[[2000,50],[4000,200],[10000,500],[999999,900]]",1,2,[0],[0],[[0]],0,[0],icon_1044003,iconitem104,163,0,[1002],0,"[0,104]","[2999999,1]",[0],Cube,1,[0],1,
1044004,自爆式无人机,也称为“游荡弹药”，是一种能在目标区域上空盘旋，待锁定目标后直接撞向目标并引爆自身战斗部的无人机。实现了侦察与攻击的一体化。,itemName_1044004,itemName_1044004,itemDesc_1044004,"[104,107]",22,4,7140,0,1,1,0,"[10,5]",0,"[[2000,50],[4000,200],[10000,500],[999999,900]]",1,3,[0],[0],[[0]],0,[0],icon_1044004,iconitem104,71,0,[1002],0,"[0,104]","[2999999,1]",[0],Cube,1,[0],1,
1044005,M系列自动步枪,对M1卡宾枪及其各种改进型号的统称。该系列武器平台高度模块化，可通过更换上机匣、枪管和配件，适应不同任务需求，是现代战争的标志性步枪。,itemName_1044005,itemName_1044005,itemDesc_1044005,[104],42,4,11752,0,1,1,0,"[10,5]",0,"[[2000,50],[4000,200],[10000,500],[999999,900]]",1,1,[0],[0],[[0]],0,[0],icon_1044005,iconitem104,118,0,[1002],0,"[0,104]","[2999999,1]",[0],Cube,1,[0],1,
1044006,全天候激光瞄准镜,一种能发射可见或不可见激光束的瞄准附件，激光点在目标上形成光斑，指示弹着点。全天候型号具有防水、防震功能，适用于各种恶劣环境。,itemName_1044006,itemName_1044006,itemDesc_1044006,[104],11,4,2720,0,1,1,0,"[10,5]",0,"[[2000,50],[4000,200],[10000,500],[999999,900]]",1,10,[0],[0],[[0]],0,[0],icon_1044006,iconitem104,27,0,[1002],0,"[0,104]","[2999999,1]",[0],Cube,1,[0],1,
1044007,热感应夜视防护头盔,将热成像仪与头盔集成的一体化系统。热成像通过探测物体发出的红外辐射来生成图像，不受光线影响，能有效穿透烟雾，发现隐藏的热源目标。,itemName_1044007,itemName_1044007,itemDesc_1044007,"[104,107]",22,4,3180,0,1,1,0,"[10,5]",0,"[[2000,50],[4000,200],[10000,500],[999999,900]]",1,3,[0],[0],[[0]],0,[0],icon_1044007,iconitem104,32,0,[1002],0,"[0,104]","[2999999,1]",[0],Cube,1,[0],1,
1044008,竞赛级复合弓,采用滑轮组省力系统的高精度现代弓具。材质轻而坚固，配备瞄准器、稳定杆等配件，主要用于射箭竞技运动，追求极高的准确性和一致性。,itemName_1044008,itemName_1044008,itemDesc_1044008,"[104,101]",14,4,10920,0,1,1,0,"[10,5]",0,"[[2000,50],[4000,200],[10000,500],[999999,900]]",1,3,[0],[0],[[0]],0,[0],icon_1044008,iconitem104,109,0,[1002],0,"[0,104]","[2999999,1]",[0],Cube,1,[0],1,
1044009,可折叠高韧性防护盾,由透明聚碳酸酯等高性能材料制成的盾牌，可折叠以方便携带，展开后能为执法或安保人员提供对正面冲击、刺砍和子弹的防护。,itemName_1044009,itemName_1044009,itemDesc_1044009,[104],34,4,20082,0,1,1,0,"[10,5]",0,"[[2000,50],[4000,200],[10000,500],[999999,900]]",1,1,[0],[0],[[0]],0,[0],icon_1044009,iconitem104,201,0,[1002],0,"[0,104]","[2999999,1]",[0],Cube,1,[0],1,
1044010,机动型水路两用气动靴,搭载微型涡轮推进器的高科技靴具，可在水面滑行与陆地快速移动，满足极限运动与特种行进需求。,itemName_1044010,itemName_1044010,itemDesc_1044010,"[104,101]",22,4,8830,0,1,1,0,"[10,5]",0,"[[2000,50],[4000,200],[10000,500],[999999,900]]",1,3,[0],[0],[[0]],0,[0],icon_1044010,iconitem104,88,0,[1002],0,"[0,104]","[2999999,1]",[0],Cube,1,[0],1,
1044011,加特林重机枪,是美国人理查·加特林发明的一种早期机枪，是世界上第一种具有实战价值的机枪。在问世之初就拥有每分钟600-900发的致命射速，于1862年取得专利。,itemName_1044011,itemName_1044011,itemDesc_1044011,[104],52,4,31688,0,1,1,0,"[10,5]",0,"[[2000,50],[4000,200],[10000,500],[999999,900]]",1,1,[0],[0],[[0]],0,[0],icon_1044011,iconitem104,317,0,[1002],0,"[0,104]","[2999999,1]",[0],Cube,1,[0],1,
1045001,巴雷特反器材狙击步枪,美国巴雷特公司研发的.50 BMG口径半自动狙击步枪。专为打击高价值远距离目标（如雷达站、轻型装甲车）而设计，以其惊人的威力和射程著称。,itemName_1045001,itemName_1045001,itemDesc_1045001,[104],52,5,67600,0,1,1,0,"[10,5]",0,"[[2000,50],[4000,200],[10000,500],[999999,900]]",1,1,[0],[0],[[0]],0,[0],icon_1045001,iconitem104,676,0,[1002],0,"[0,105]","[2999999,1]",[0],Cube,1,[0],1,
1045002,重型全生态作战防弹衣,为特种作战设计的全身防护系统，包含可抵挡步枪弹的头盔、胸腹护板、肩甲和裆部护甲等，兼顾防护性、机动性和环境适应性。,itemName_1045002,itemName_1045002,itemDesc_1045002,[104],34,5,74745,0,1,1,0,"[10,5]",0,"[[2000,50],[4000,200],[10000,500],[999999,900]]",1,1,[0],[0],[[0]],0,[0],icon_1045002,iconitem104,747,0,[1002],0,"[0,105]","[2999999,1]",[0],Cube,1,[0],1,
1045003,单兵战场信息系统终端,一种集成在士兵身上的计算机终端，可显示电子地图、友军位置、目标信息等，实现单兵与指挥系统、其他作战单元的信息共享和协同。,itemName_1045003,itemName_1045003,itemDesc_1045003,"[104,107]",22,5,34490,0,1,1,0,"[10,5]",0,"[[2000,50],[4000,200],[10000,500],[999999,900]]",1,3,[0],[0],[[0]],0,[0],icon_1045003,iconitem104,345,0,[1002],0,"[0,105]","[2999999,1]",[0],Cube,1,[0],1,
1045004,蜘蛛型自走机器人,模仿蜘蛛运动形态的多足机器人，具有极强的地形适应性，可负重爬行。用于危险环境侦察、物资运输或安装爆炸物，减少人员风险。,itemName_1045004,itemName_1045004,itemDesc_1045004,"[104,107]",33,5,82740,0,1,1,0,"[10,5]",0,"[[2000,50],[4000,200],[10000,500],[999999,900]]",1,1,[0],[0],[[0]],0,[0],icon_1045004,iconitem104,827,0,[1002],0,"[0,105]","[2999999,1]",[0],Cube,1,[0],1,
1045005,便携式军用雷达,单兵即可携带和部署的小型战场监视雷达，可探测一定距离内的人员、车辆移动情况，为小分队提供周边态势感知和早期预警。,itemName_1045005,itemName_1045005,itemDesc_1045005,"[104,107]",22,5,29500,0,1,1,0,"[10,5]",0,"[[2000,50],[4000,200],[10000,500],[999999,900]]",1,3,[0],[0],[[0]],0,[0],icon_1045005,iconitem104,295,0,[1002],0,"[0,105]","[2999999,1]",[0],Cube,1,[0],1,
1045006,模块化电磁突击步枪试用型,基于电磁线圈加速原理（高斯原理）的试验性步枪，通过电能驱动弹丸，无膛口焰和巨大噪声，弹速极高，代表未来单兵武器的发展方向。,itemName_1045006,itemName_1045006,itemDesc_1045006,[104],42,5,55770,0,1,1,0,"[10,5]",0,"[[2000,50],[4000,200],[10000,500],[999999,900]]",1,1,[0],[0],[[0]],0,[0],icon_1045006,iconitem104,558,0,[1002],0,"[0,105]","[2999999,1]",[0],Cube,1,[0],1,
1045007,单兵水下推进器,一种帮助潜水员在水下快速移动的电动推进设备，形似小型 torpedo。能显著节省潜水员体力，延长水下作业时间，用于水下突击、侦察和救援。,itemName_1045007,itemName_1045007,itemDesc_1045007,"[104,101]",23,5,37350,0,1,1,0,"[10,5]",0,"[[2000,50],[4000,200],[10000,500],[999999,900]]",1,3,[0],[0],[[0]],0,[0],icon_1045007,iconitem104,374,0,[1002],0,"[0,105]","[2999999,1]",[0],Cube,1,[0],1,
1045008,背挂式无线电干扰发生器,由单兵背负的大功率电子战设备，能对特定频段的无线电信号（如遥控引爆信号、通讯信号）进行压制和干扰，破坏敌方的指挥与控制。,itemName_1045008,itemName_1045008,itemDesc_1045008,[104],22,5,42525,0,1,1,0,"[10,5]",0,"[[2000,50],[4000,200],[10000,500],[999999,900]]",1,3,[0],[0],[[0]],0,[0],icon_1045008,iconitem104,425,0,[1002],0,"[0,105]","[2999999,1]",[0],Cube,1,[0],1,
1045009,高浓缩磁暴瘫痪手雷,非致命性先进手雷，爆炸时产生强大的定向电磁脉冲，能有效瘫痪一定范围内的电子设备，如无人机、通讯器材和车辆点火系统。,itemName_1045009,itemName_1045009,itemDesc_1045009,[104],11,5,12400,0,1,1,0,"[10,5]",0,"[[2000,50],[4000,200],[10000,500],[999999,900]]",1,10,[0],[0],[[0]],0,[0],icon_1045009,iconitem104,124,0,[1002],0,"[0,105]","[2999999,1]",[0],Cube,1,[0],1,
1045010,无人作战车,融合仿生学设计的无人侦察载具，外形如猫般灵巧隐蔽，具备静音移动与实时影像回传功能，用于特种环境探测。,itemName_1045010,itemName_1045010,itemDesc_1045010,"[104,107]",43,5,93753,0,1,1,0,"[10,5]",0,"[[2000,50],[4000,200],[10000,500],[999999,900]]",1,1,[0],[0],[[0]],0,[0],icon_1045010,iconitem104,938,0,[1002],0,"[0,105]","[2999999,1]",[0],Cube,1,[0],1,
1046001,全息雷达无人机,一种集成了小型雷达和全息投影技术的先进无人机。不仅能进行三维雷达扫描探测目标，还能生成虚拟的全息影像，用于战术欺骗或信息展示。,itemName_1046001,itemName_1046001,itemDesc_1046001,"[104,107]",33,6,226800,0,1,1,0,"[10,5]",0,"[[2000,50],[4000,200],[10000,500],[999999,900]]",1,1,[0],[0],[[0]],0,[0],icon_1046001,iconitem104,2268,0,[1002],0.0287671232876712,"[0,106]","[1999999,1]",[0],Cube,1,[0],1,
1046002,007同款防弹西装,源自詹姆斯·邦德电影的概念，指将高性能防弹纤维巧妙织入日常西装面料中制成的便装防弹衣，兼顾防护力与隐蔽性。,itemName_1046002,itemName_1046002,itemDesc_1046002,"[104,103,101]",23,6,199080,0,1,1,0,"[10,5]",0,"[[2000,50],[4000,200],[10000,500],[999999,900]]",1,2,[0],[0],[[0]],0,[0],icon_1046002,iconitem104,1991,0,[1002],0.0252511415525114,"[0,106]","[1999999,1]",[0],Cube,1,[0],1,
1046003,刺猬猫·全息阅读终端,当阅读刺猬猫平台的小说作品时，可激活“次元突破”模式。书中角色将以悬浮全息形象跃出页面，在您周围演绎关键剧情片段，对话气泡实时浮现，实现真正的“打破次元壁”沉浸阅读。,itemName_1046003,itemName_1046003,itemDesc_1046003,"[107,103,101]",11,6,54300,0,1,1,0,"[10,5]",0,"[[2000,50],[4000,200],[10000,500],[999999,900]]",1,10,[0],[0],[[0]],0,[0],icon_1046003,iconitem104,543,0,[1002],0.00688736681887367,"[0,106]","[1999999,1]",[0],Cube,1,[0],1,
1046004,单兵外骨骼助力系统,一种可穿戴的机电设备，通过传感器感知人体动作，提供动力辅助，能显著增强士兵的负重能力、行军速度和耐力，并减少疲劳损伤。,itemName_1046004,itemName_1046004,itemDesc_1046004,[104],34,6,305920,0,1,1,0,"[10,5]",0,"[[2000,50],[4000,200],[10000,500],[999999,900]]",1,1,[0],[0],[[0]],0,[0],icon_1046004,iconitem104,3059,0,[1002],0.0388026382546931,"[0,106]","[1999999,1]",[0],Cube,1,[0],1,
1046005,名刀：菊一文字,菊一文字则宗是日本镰仓时代初期由备前国刀匠一文字则宗锻造的皇室御用太刀，其刃长78.48厘米，刀身细薄且锋刃极长，现存实物被认定为国宝级文物。,itemName_1046005,itemName_1046005,itemDesc_1046005,"[104,106]",42,6,422002,0,1,1,0,"[10,5]",0,"[[2000,50],[4000,200],[10000,500],[999999,900]]",1,2,[0],[0],[[0]],0,[0],icon_1046005,iconitem104,4220,0,[1002],0.0535263825469305,"[0,106]","[1999999,1]",[0],Cube,1,[0],1,
1046006,高斯振动匕首,一款高科技近战武器，匕首内部装有高频率振动发生器。启动后，刀刃会产生微幅高速振动，能在接触时极大地增强其切割和穿透能力。,itemName_1046006,itemName_1046006,itemDesc_1046006,[104],21,6,531000,0,1,1,0,"[10,5]",0,"[[2000,50],[4000,200],[10000,500],[999999,900]]",1,5,[0],[0],[[0]],0,[0],icon_1046006,iconitem104,5310,0,[1002],0.067351598173516,"[0,106]","[1999999,1]",[0],Cube,1,[0],1,
1046007,古剑,古代经传统锻铸工艺制成的剑具历史底蕴深厚，兼具实战兵器、礼器仪仗与文化收藏属性，彰显权贵威仪与侠义精神。,itemName_1046007,itemName_1046007,itemDesc_1046007,"[104,106]",31,6,143100,0,1,1,0,"[10,5]",0,"[[2000,50],[4000,200],[10000,500],[999999,900]]",1,5,[0],[0],[[0]],0,[0],icon_1046007,iconitem104,1431,0,[1002],0.0181506849315068,"[0,106]","[1999999,1]",[0],Cube,1,[0],1,
1046008,相控阵雷达,采用相位控制阵列天线、通过电子方式控制波束指向的先进雷达系统。无需机械转动天线，即可实现超高速扫描、多目标跟踪与多功能集成。,itemName_1046008,itemName_1046008,itemDesc_1046008,[104],34,6,1003000,0,1,1,0,"[10,5]",0,"[[2000,50],[4000,200],[10000,500],[999999,900]]",1,5,[0],[0],[[0]],0,[0],icon_1046008,iconitem104,10030,0,[1002],0.127219685438864,"[0,106]","[1999999,1]",[0],Cube,1,[0],1,
1046009,激光手枪,以高能激光作为发射源、通过光束照射实现致盲或毁伤效果的定向能武器。发射无后坐力、速度极快、无需计算弹道，具备精准打击特性。,itemName_1046009,itemName_1046009,itemDesc_1046009,[104],21,6,104400,0,1,1,0,"[10,5]",0,"[[2000,50],[4000,200],[10000,500],[999999,900]]",1,5,[0],[0],[[0]],0,[0],icon_1046009,iconitem104,1044,0,[1002],0.0132420091324201,"[0,106]","[1999999,1]",[0],Cube,1,[0],1,
1051001,沥青,一种黏稠的黑色烃类混合物，主要成分为碳氢化合物，具有良好的防水性和粘结性。常用于铺筑公路、作防水材料或防腐涂层。是石油工业的副产品，在常温下呈固态或半固态，应用广泛但价值较低。,itemName_1051001,itemName_1051001,itemDesc_1051001,"[105,108]",11,1,123,0,1,1,0,"[10,5]",0,"[[2000,50],[4000,200],[10000,500],[999999,900]]",1,10,[0],[0],[[0]],0,[0],icon_1051001,iconitem105,1,0,[1002],0,"[0,101]","[1999999,1]",[0],Cube,1,[0],1,
1051002,鹅卵石,经流水长期冲刷磨圆而成的天然石子，表面光滑，大小不一。主要成分为二氧化硅，广泛用于园林铺路、庭院装饰、水景布置或作为混凝土的骨料，是常见的建筑装饰材料。,itemName_1051002,itemName_1051002,itemDesc_1051002,"[105,101,104]",11,1,146,0,1,1,0,"[10,5]",0,"[[2000,50],[4000,200],[10000,500],[999999,900]]",1,10,[0],[0],[[0]],0,[0],icon_1051002,iconitem105,1,0,[1002],0,"[0,101]","[1999999,1]",[0],Cube,1,[0],1,
1051003,铁矿渣,冶炼生铁过程中产生的固体废弃物，主要含钙、硅、铝、镁的氧化物。呈多孔玻璃质结构，经过研磨处理后可作为水泥的活性混合材料，用于改善混凝土性能，实现资源再利用。,itemName_1051003,itemName_1051003,itemDesc_1051003,"[105,108]",22,1,507,0,1,1,0,"[10,5]",0,"[[2000,50],[4000,200],[10000,500],[999999,900]]",1,3,[0],[0],[[0]],0,[0],icon_1051003,iconitem105,5,0,[1002],0,"[0,101]","[1999999,1]",[0],Cube,1,[0],1,
1051004,煤块,远古植物埋藏地下经历复杂生物化学和物理化学变化形成的固体可燃有机岩，主要成分为碳。是重要的化石燃料，用于发电、供暖及作为冶金工业的还原剂，有“工业粮食”之称。,itemName_1051004,itemName_1051004,itemDesc_1051004,"[105,108]",11,1,192,0,1,1,0,"[10,5]",0,"[[2000,50],[4000,200],[10000,500],[999999,900]]",1,10,[0],[0],[[0]],0,[0],icon_1051004,iconitem105,2,0,[1002],0,"[0,101]","[1999999,1]",[0],Cube,1,[0],1,
1051005,铝土矿石,提炼金属铝的主要原料，其主要矿物成分为一水硬铝石、一水软铝石和三水铝石。通常呈土状、豆状或鲕状结构，需经过拜耳法处理生成氧化铝，再通过电解得到铝，是重要的工业矿石。,itemName_1051005,itemName_1051005,itemDesc_1051005,"[105,108]",22,1,345,0,1,1,0,"[10,5]",0,"[[2000,50],[4000,200],[10000,500],[999999,900]]",1,3,[0],[0],[[0]],0,[0],icon_1051005,iconitem105,3,0,[1002],0,"[0,101]","[1999999,1]",[0],Cube,1,[0],1,
1051006,石灰岩,以方解石为主要成分的碳酸盐岩，常含有生物化石。呈灰色或白色，遇稀盐酸会剧烈起泡。用途极广，是制造水泥、石灰的主要原料，也可作为建筑石料或冶金熔剂，分布十分广泛。,itemName_1051006,itemName_1051006,itemDesc_1051006,"[105,108]",22,1,414,0,1,1,0,"[10,5]",0,"[[2000,50],[4000,200],[10000,500],[999999,900]]",1,3,[0],[0],[[0]],0,[0],icon_1051006,iconitem105,4,0,[1002],0,"[0,101]","[1999999,1]",[0],Cube,1,[0],1,
1051007,花岗岩（毛料）,一种深层侵入的酸性火成岩，主要由石英、长石和云母组成，质地坚硬，色泽美观。毛料指开采后未经精细加工的原石，通常块度较大，可用于进一步切割成板材，是高档建筑装饰材料。,itemName_1051007,itemName_1051007,itemDesc_1051007,[105],33,1,902,0,1,1,0,"[10,5]",0,"[[2000,50],[4000,200],[10000,500],[999999,900]]",1,1,[0],[0],[[0]],0,[0],icon_1051007,iconitem105,9,0,[1002],0,"[0,101]","[1999999,1]",[0],Cube,1,[0],1,
1051008,沙砾,岩石经自然风化、水流冲击形成的松散颗粒混合物，粒径介于砂与卵石之间。是混凝土制备中不可或缺的粗骨料，也常用于铺设路基、铁道路基或作为过滤材料，是基础建设重要原料。,itemName_1051008,itemName_1051008,itemDesc_1051008,"[105,108]",11,1,184,0,1,1,0,"[10,5]",0,"[[2000,50],[4000,200],[10000,500],[999999,900]]",1,10,[0],[0],[[0]],0,[0],icon_1051008,iconitem105,2,0,[1002],0,"[0,101]","[1999999,1]",[0],Cube,1,[0],1,
1051009,人造玻璃,一种透明或彩色的非晶态固体材料，由石英砂等原料熔融冷却制成，硬度高透光性好，广泛用于门窗、器皿和工艺品制作。,itemName_1051009,itemName_1051009,itemDesc_1051009,"[105,101]",12,1,265,0,1,1,0,"[10,5]",0,"[[2000,50],[4000,200],[10000,500],[999999,900]]",1,5,[0],[0],[[0]],0,[0],icon_1051009,iconitem105,3,0,[1002],0,"[0,101]","[1999999,1]",[0],Cube,1,[0],1,
1051010,乳白弹珠,经典儿童游戏道具，玻璃材质温润如凝脂，花纹独特，是流行全球的怀旧玩具，承载着数代人的童年记忆。,itemName_1051010,itemName_1051010,itemDesc_1051010,"[105,101]",11,1,125,0,1,1,0,"[10,5]",0,"[[2000,50],[4000,200],[10000,500],[999999,900]]",1,10,[0],[0],[[0]],0,[0],icon_1051010,iconitem105,1,0,[1002],0,"[0,101]","[1999999,1]",[0],Cube,1,[0],1,
1053001,大理石,一种变质岩，由石灰岩或白云岩重结晶形成，主要矿物为方解石。色泽纹理变化多端，抛光后光泽柔润。易于雕刻打磨，自古便是珍贵的建筑装饰材料和雕塑原料，如意大利卡拉拉白大理石闻名于世。,itemName_1053001,itemName_1053001,itemDesc_1053001,"[105,101]",33,3,5885,0,1,1,0,"[10,5]",0,"[[2000,50],[4000,200],[10000,500],[999999,900]]",1,1,[0],[0],[[0]],0,[0],icon_1053001,iconitem105,59,0,[1002],0,"[0,103]","[2999999,1]",[0],Cube,1,[0],1,
1053002,石榴石,石榴石族矿物中常见的一种，颜色常呈褐红至深红色，因含铁铝元素而得名。硬度较高，光泽好。常用作研磨材料（砂纸），品质优良透明者也可打磨成刻面宝石，象征忠诚与友爱。,itemName_1053002,itemName_1053002,itemDesc_1053002,[105],11,3,1300,0,1,1,0,"[10,5]",0,"[[2000,50],[4000,200],[10000,500],[999999,900]]",1,10,[0],[0],[[0]],0,[0],icon_1053002,iconitem105,13,0,[1002],0,"[0,103]","[2999999,1]",[0],Cube,1,[0],1,
1053003,月光石,长石族矿物的一种，以其独特的月光效应而闻名，光效弱的品种可见柔和的蓝色或白色晕彩。是六月生辰石，被视为带来好运的宝石，常被制作成弧面型首饰，充满浪漫气息。,itemName_1053003,itemName_1053003,itemDesc_1053003,[105],11,3,1530,0,1,1,0,"[10,5]",0,"[[2000,50],[4000,200],[10000,500],[999999,900]]",1,10,[0],[0],[[0]],0,[0],icon_1053003,iconitem105,15,0,[1002],0,"[0,103]","[2999999,1]",[0],Cube,1,[0],1,
1053004,东陵玉原石,一种具砂金效应的石英岩，内含鳞片状铬云母矿物，在光下闪烁。通常呈绿色，也被称为“印度玉”。产量大，价格亲民，常用于制作串珠、摆件或雕刻品，是常见的玉器替代材料。,itemName_1053004,itemName_1053004,itemDesc_1053004,"[105,106]",22,3,5280,0,1,1,0,"[10,5]",0,"[[2000,50],[4000,200],[10000,500],[999999,900]]",1,3,[0],[0],[[0]],0,[0],icon_1053004,iconitem105,53,0,[1002],0,"[0,103]","[2999999,1]",[0],Cube,1,[0],1,
1053005,岫岩玉原石,产自中国辽宁省岫岩的蛇纹石玉料，历史悠久，是中国四大名玉之一。质地细腻温润，颜色多为黄绿色或淡绿色。原石保留自然形态，是玉雕工艺的重要原料，适合制作各类工艺品。,itemName_1053005,itemName_1053005,itemDesc_1053005,"[105,106]",22,3,5970,0,1,1,0,"[10,5]",0,"[[2000,50],[4000,200],[10000,500],[999999,900]]",1,3,[0],[0],[[0]],0,[0],icon_1053005,iconitem105,60,0,[1002],0,"[0,103]","[2999999,1]",[0],Cube,1,[0],1,
1053006,琉璃,经高温手工烧制而成的珍贵材质。原石呈现半透明质感，色彩斑斓绚丽，内部天然流纹与气泡构成独特肌理，自古用于制作珠宝、摆件等艺术品，兼具收藏与人文价值。,itemName_1053006,itemName_1053006,itemDesc_1053006,"[105,106,101]",11,3,6710,0,1,1,0,"[10,5]",0,"[[2000,50],[4000,200],[10000,500],[999999,900]]",1,10,[0],[0],[[0]],0,[0],icon_1053006,iconitem105,67,0,[1002],0,"[0,103]","[2999999,1]",[0],Cube,1,[0],1,
1053007,云母碎片,云母族矿物的片状碎屑，具有极完全的底面解理，可撕成富有弹性的薄片。具有优异的绝缘性、耐热性，常用于电气工业作为绝缘材料，也用作建材填料或制造珠光颜料。,itemName_1053007,itemName_1053007,itemDesc_1053007,[105],11,3,1450,0,1,1,0,"[10,5]",0,"[[2000,50],[4000,200],[10000,500],[999999,900]]",1,10,[0],[0],[[0]],0,[0],icon_1053007,iconitem105,15,0,[1002],0,"[0,103]","[2999999,1]",[0],Cube,1,[0],1,
1053008,铜矿石,含铜元素并可经济地提取出金属铜的岩石矿物集合体，常见有黄铜矿、孔雀石等。是冶炼金属铜的唯一天然来源，铜因其优良的导电性被广泛用于电线、电子和建筑工业，至关重要。,itemName_1053008,itemName_1053008,itemDesc_1053008,"[105,108]",22,3,5040,0,1,1,0,"[10,5]",0,"[[2000,50],[4000,200],[10000,500],[999999,900]]",1,3,[0],[0],[[0]],0,[0],icon_1053008,iconitem105,50,0,[1002],0,"[0,103]","[2999999,1]",[0],Cube,1,[0],1,
1053009,高岭土,一种以高岭石族粘土矿物为主的软质粘土，因江西景德镇高岭山得名。色白细腻，是制造陶瓷的最主要原料，也广泛用于造纸、涂料、橡胶工业作为填料或增白剂，应用极广。,itemName_1053009,itemName_1053009,itemDesc_1053009,"[105,108]",22,3,5730,0,1,1,0,"[10,5]",0,"[[2000,50],[4000,200],[10000,500],[999999,900]]",1,3,[0],[0],[[0]],0,[0],icon_1053009,iconitem105,57,0,[1002],0,"[0,103]","[2999999,1]",[0],Cube,1,[0],1,
1053010,人造非洲之心,一种采用高温焰熔法合成的深红色刚玉宝石，模仿名钻“非洲之心”的瑰丽色泽与火彩。其硬度高、净度完美，作为平替珠宝镶嵌于饰品中，以亲民价格展现奢华气质，是理性消费者的璀璨选择。,itemName_1053010,itemName_1053010,itemDesc_1053010,"[105,103]",11,3,1780,0,1,1,0,"[10,5]",0,"[[2000,50],[4000,200],[10000,500],[999999,900]]",1,10,[0],[0],[[0]],0,[0],icon_1053010,iconitem105,18,0,[1002],0,"[0,103]","[2999999,1]",[0],Cube,1,[0],1,
1054001,萤石晶体簇,一种成分为氟化钙的矿物，晶体常呈立方体或八面体，色彩丰富多样。在紫外线照射下常发出荧光。晶簇形态美观，是受欢迎的收藏品和装饰石，也用于冶炼作助熔剂。,itemName_1054001,itemName_1054001,itemDesc_1054001,[105],22,4,8680,0,1,1,0,"[10,5]",0,"[[2000,50],[4000,200],[10000,500],[999999,900]]",1,3,[0],[0],[[0]],0,[0],icon_1054001,iconitem105,87,0,[1002],0,"[0,104]","[2999999,1]",[0],Cube,1,[0],1,
1054002,孔雀石原石,一种含铜的碳酸盐矿物，颜色翠绿，表面有独特的同心环带或丝绢光泽。不透明，质地较脆。自古以来被用作颜料和装饰石材，大块原石可雕刻成精美的工艺品，色泽艳丽。,itemName_1054002,itemName_1054002,itemDesc_1054002,[105],22,4,8440,0,1,1,0,"[10,5]",0,"[[2000,50],[4000,200],[10000,500],[999999,900]]",1,3,[0],[0],[[0]],0,[0],icon_1054002,iconitem105,84,0,[1002],0,"[0,104]","[2999999,1]",[0],Cube,1,[0],1,
1054003,虎睛石,一种具有猫眼效应的石英变种，由青石棉被二氧化硅置换而成，呈现黄、褐、金等色调的丝绢光泽。打磨成弧面后显现灵动眼线，常用于制作手链、吊坠等饰品，寓意护身。,itemName_1054003,itemName_1054003,itemDesc_1054003,[105],12,4,6152,0,1,1,0,"[10,5]",0,"[[2000,50],[4000,200],[10000,500],[999999,900]]",1,5,[0],[0],[[0]],0,[0],icon_1054003,iconitem105,62,0,[1002],0,"[0,104]","[2999999,1]",[0],Cube,1,[0],1,
1054004,青金石,一种不透明或微透明的蓝色宝石，主要矿物为青金石，常含黄铁矿斑点。中等品质者蓝色均匀，斑点适中。自古为名贵颜料“群青”原料，也用于制作珠宝和镶嵌画，象征权威。,itemName_1054004,itemName_1054004,itemDesc_1054004,[105],11,4,10960,0,1,1,0,"[10,5]",0,"[[2000,50],[4000,200],[10000,500],[999999,900]]",1,10,[0],[0],[[0]],0,[0],icon_1054004,iconitem105,110,0,[1002],0,"[0,104]","[2999999,1]",[0],Cube,1,[0],1,
1054005,珍珠,贝类软体动物体内形成的有机宝石，主要成分为碳酸钙。由外来异物侵入蚌体，蚌体分泌珍珠层包裹而成。具有独特的温润光泽，无需打磨即可镶嵌，是六月生辰石，象征纯洁与高贵。,itemName_1054005,itemName_1054005,itemDesc_1054005,"[105,103]",11,4,4240,0,1,1,0,"[10,5]",0,"[[2000,50],[4000,200],[10000,500],[999999,900]]",1,10,[0],[0],[[0]],0,[0],icon_1054005,iconitem105,42,0,[1002],0,"[0,104]","[2999999,1]",[0],Cube,1,[0],1,
1054006,琥珀,远古松科植物树脂埋藏地下经千万年石化形成的有机化石。质地轻，温润，摩擦生电。内部有时包裹有古代昆虫或植物，极为珍贵。可用于制作首饰、香料，亦被视为“时光的胶囊”。,itemName_1054006,itemName_1054006,itemDesc_1054006,"[105,106]",11,4,5160,0,1,1,0,"[10,5]",0,"[[2000,50],[4000,200],[10000,500],[999999,900]]",1,10,[0],[0],[[0]],0,[0],icon_1054006,iconitem105,52,0,[1002],0,"[0,104]","[2999999,1]",[0],Cube,1,[0],1,
1054007,和田玉原石,产自中国新疆昆仑山脉的软玉，主要矿物为透闪石。质地细腻坚韧，油脂光泽强，尤以羊脂白玉为极品。原石带皮，是玉雕艺术的顶级材料，承载深厚的中华玉文化，价值连城。,itemName_1054007,itemName_1054007,itemDesc_1054007,[105],22,4,18240,0,1,1,0,"[10,5]",0,"[[2000,50],[4000,200],[10000,500],[999999,900]]",1,3,[0],[0],[[0]],0,[0],icon_1054007,iconitem105,182,0,[1002],0,"[0,104]","[2999999,1]",[0],Cube,1,[0],1,
1054008,翡翠原石,一种以硬玉矿物为主的多晶集合体，俗称“赌石”。外皮包裹，内部品质未知，需切割方见分晓。以其鲜艳的翠色和玻璃光泽备受推崇，是东方世界最珍视的玉石，尤其产于缅甸。,itemName_1054008,itemName_1054008,itemDesc_1054008,[105],22,4,21000,0,1,1,0,"[10,5]",0,"[[2000,50],[4000,200],[10000,500],[999999,900]]",1,3,[0],[0],[[0]],0,[0],icon_1054008,iconitem105,210,0,[1002],0,"[0,104]","[2999999,1]",[0],Cube,1,[0],1,
1054009,黑曜石原石,一种酸性火山熔岩快速冷却形成的天然玻璃，主要成分为二氧化硅。通常呈黑色，断口呈贝壳状，锋利。在古代被制成工具和武器，现代则用于制作装饰品、雕塑，被认为有辟邪功效。,itemName_1054009,itemName_1054009,itemDesc_1054009,[105],22,4,23760,0,1,1,0,"[10,5]",0,"[[2000,50],[4000,200],[10000,500],[999999,900]]",1,3,[0],[0],[[0]],0,[0],icon_1054009,iconitem105,238,0,[1002],0,"[0,104]","[2999999,1]",[0],Cube,1,[0],1,
1054010,铜矿堆,天然形成的稀有不规则金块，因外形似狗头得名，质地纯净色泽夺目，是淘金者梦寐以求的幸运象征，兼具极高收藏与科研价值。,itemName_1054010,itemName_1054010,itemDesc_1054010,[105],22,4,16520,0,1,1,0,"[10,5]",0,"[[2000,50],[4000,200],[10000,500],[999999,900]]",1,3,[0],[0],[[0]],0,[0],icon_1054010,iconitem105,165,0,[1002],0,"[0,104]","[2999999,1]",[0],Cube,1,[0],1,
1054011,1克拉钻石,钻石的重量单位，1克拉等于0.2克。钻石是自然界最硬的物质，以其极高的折射率和色散值展现耀眼的火彩。1克拉是珠宝市场中重要的分水岭，具备良好的收藏与佩戴价值。,itemName_1054011,itemName_1054011,itemDesc_1054011,"[105,103]",11,4,13000,0,1,1,0,"[10,5]",0,"[[2000,50],[4000,200],[10000,500],[999999,900]]",1,10,[0],[0],[[0]],0,[0],icon_1054011,iconitem105,130,0,[1002],0,"[0,104]","[2999999,1]",[0],Cube,1,[0],1,
1055001,狗头金,开采后待冶炼的铜矿石集合体，多呈青绿或棕红色，是金属冶炼的基础原料，象征着工业生产的起点与财富的原始积累。,itemName_1055001,itemName_1055001,itemDesc_1055001,[105],11,5,13332,0,1,1,0,"[10,5]",0,"[[2000,50],[4000,200],[10000,500],[999999,900]]",1,10,[0],[0],[[0]],0,[0],icon_1055001,iconitem105,133,0,[1002],0,"[0,105]","[2999999,1]",[0],Cube,1,[0],1,
1055002,南洋金珠,产于白蝶贝类的一种海水珍珠，因呈现金色而得名。直径通常较大，珠层厚，光泽极强，金色由浅入深。产于东南亚及澳洲北部海域，产量稀少，是珍珠中特别名贵的品种。,itemName_1055002,itemName_1055002,itemDesc_1055002,"[105,106,103]",11,5,14520,0,1,1,0,"[10,5]",0,"[[2000,50],[4000,200],[10000,500],[999999,900]]",1,10,[0],[0],[[0]],0,[0],icon_1055002,iconitem105,145,0,[1002],0,"[0,105]","[2999999,1]",[0],Cube,1,[0],1,
1055003,孔雀石雕件,使用整块孔雀石原料雕刻而成的艺术品或摆件。工匠依其天然的绿色纹理和同心花纹进行设计，成品层次分明，色彩浓郁，兼具矿物之美与工艺之精，是高档室内装饰品。,itemName_1055003,itemName_1055003,itemDesc_1055003,"[105,106]",33,5,96768,0,1,1,0,"[10,5]",0,"[[2000,50],[4000,200],[10000,500],[999999,900]]",1,1,[0],[0],[[0]],0,[0],icon_1055003,iconitem105,968,0,[1002],0,"[0,105]","[2999999,1]",[0],Cube,1,[0],1,
1055004,枝状珊瑚,珊瑚虫群体分泌的碳酸钙骨骼，堆积形成树枝状形态。颜色有红、粉、白等，其中红珊瑚最为珍贵。抛光后光泽柔亮，常用于制作珠宝或整枝作为天然艺术品，需注意生态保护。,itemName_1055004,itemName_1055004,itemDesc_1055004,"[105,106]",13,5,48096,0,1,1,0,"[10,5]",0,"[[2000,50],[4000,200],[10000,500],[999999,900]]",1,3,[0],[0],[[0]],0,[0],icon_1055004,iconitem105,481,0,[1002],0,"[0,105]","[2999999,1]",[0],Cube,1,[0],1,
1055005,玉化砗磲,砗磲贝的化石，成分已转变为蛋白石玉髓，质地如同玉石般温润通透。是有机宝石的一种，颜色洁白，有时可见金色丝晕。被视为佛教七宝之一，常用于雕刻佛珠、佛像，非常稀有。,itemName_1055005,itemName_1055005,itemDesc_1055005,"[105,106]",11,6,68400,0,1,1,0,"[10,5]",0,"[[2000,50],[4000,200],[10000,500],[999999,900]]",1,10,[0],[0],[[0]],0,[0],icon_1055005,iconitem105,684,0,[1002],0.00867579908675799,"[0,105]","[1999999,1]",[0],Cube,1,[0],1,
1055006,托帕石原石,一种硅酸盐矿物，晶体通常很大，晶形完整，颜色多样如无色、蓝色、粉红等。硬度高，透明度好。是十一月生辰石，经切割打磨后制成刻面宝石，在珠宝中应用广泛。,itemName_1055006,itemName_1055006,itemDesc_1055006,[105],22,5,34408,0,1,1,0,"[10,5]",0,"[[2000,50],[4000,200],[10000,500],[999999,900]]",1,3,[0],[0],[[0]],0,[0],icon_1055006,iconitem105,344,0,[1002],0,"[0,105]","[2999999,1]",[0],Cube,1,[0],1,
1055007,海蓝宝晶体,绿柱石家族的一个蓝色变种，因含二价铁离子呈海水般的蓝色。晶体常呈六方柱状，透明至半透明。是三月生辰石，清澈明亮的晶体备受收藏家和珠宝市场青睐，象征沉着与勇敢。,itemName_1055007,itemName_1055007,itemDesc_1055007,[105],13,5,39168,0,1,1,0,"[10,5]",0,"[[2000,50],[4000,200],[10000,500],[999999,900]]",1,3,[0],[0],[[0]],0,[0],icon_1055007,iconitem105,392,0,[1002],0,"[0,105]","[2999999,1]",[0],Cube,1,[0],1,
1055008,西瓜碧玺,碧玺（电气石）中一种独特的品种，晶体横截面中心呈粉红色，外围为绿色，酷似西瓜的剖面。成因复杂，产量稀少。这种鲜明的色彩对比使其成为收藏级珍品和独特的设计素材。,itemName_1055008,itemName_1055008,itemDesc_1055008,[105],11,5,34344,0,1,1,0,"[10,5]",0,"[[2000,50],[4000,200],[10000,500],[999999,900]]",1,10,[0],[0],[[0]],0,[0],icon_1055008,iconitem105,343,0,[1002],0,"[0,105]","[2999999,1]",[0],Cube,1,[0],1,
1055009,变彩欧泊,一种珍贵的蛋白石，其内部二氧化硅球体规则排列，衍射光线产生五彩斑斓、随角度变幻的虹彩效应。主要产自澳大利亚，是十月生辰石，以其变幻莫测的美学价值深受喜爱。,itemName_1055009,itemName_1055009,itemDesc_1055009,[105],11,5,21840,0,1,1,0,"[10,5]",0,"[[2000,50],[4000,200],[10000,500],[999999,900]]",1,10,[0],[0],[[0]],0,[0],icon_1055009,iconitem105,218,0,[1002],0,"[0,105]","[2999999,1]",[0],Cube,1,[0],1,
1056001,帕拉伊巴碧玺,碧玺中最名贵的品种，因含铜元素呈现鲜艳的霓虹蓝绿色，荧光感极强。最初发现于巴西帕拉伊巴州，产量极稀，其耀眼独特的色泽使其在宝石界享有至高地位，价值不菲。,itemName_1056001,itemName_1056001,itemDesc_1056001,[105],11,6,52500,0,1,1,0,"[10,5]",0,"[[2000,50],[4000,200],[10000,500],[999999,900]]",1,10,[0],[0],[[0]],0,[0],icon_1056001,iconitem105,525,0,[1002],0.00665905631659056,"[0,106]","[1999999,1]",[0],Cube,1,[0],1,
1056002,亚历山大变石,金绿宝石的变种，具有在日光下呈绿、蓝绿色，在白炽灯光下变为红、紫红色的强烈变色效应。这种神奇的光致变色特性源于铬元素，极其罕见，是六月生辰石之一。,itemName_1056002,itemName_1056002,itemDesc_1056002,[105],12,6,128000,0,1,1,0,"[10,5]",0,"[[2000,50],[4000,200],[10000,500],[999999,900]]",1,10,[0],[0],[[0]],0,[0],icon_1056002,iconitem105,1280,0,[1002],0.0162354134956875,"[0,106]","[1999999,1]",[0],Cube,1,[0],1,
1056003,鸽血红宝石,对顶级红色蓝宝石（刚玉）的颜色描述，特指饱和度极高、色泽浓郁纯正、不带任何棕色调的鲜艳红色，犹如鸽子鲜血。是红宝石中的极品，主要产自缅甸，象征激情与权力。,itemName_1056003,itemName_1056003,itemDesc_1056003,[105],11,6,75500,0,1,1,0,"[10,5]",0,"[[2000,50],[4000,200],[10000,500],[999999,900]]",1,10,[0],[0],[[0]],0,[0],icon_1056003,iconitem105,755,0,[1002],0.0095763571790969,"[0,106]","[1999999,1]",[0],Cube,1,[0],1,
1056004,祖母绿宝石,绿柱石家族中最珍贵的成员，因含铬或钒元素呈现浓艳的翠绿色。内部常含天然包裹体，被称为“花园”。是五月生辰石，顶级产地为哥伦比亚，以其生机勃勃的绿色闻名于世。,itemName_1056004,itemName_1056004,itemDesc_1056004,[105],11,6,87000,0,1,1,0,"[10,5]",0,"[[2000,50],[4000,200],[10000,500],[999999,900]]",1,10,[0],[0],[[0]],0,[0],icon_1056004,iconitem105,870,0,[1002],0.0110350076103501,"[0,106]","[1999999,1]",[0],Cube,1,[0],1,
1056005,黑欧泊,欧泊中的贵族品种，体色为深蓝、深灰或黑色，在此基础上呈现更加鲜艳夺目的变彩。深色基底使虹彩效应更为突出，主要产自澳大利亚闪电岭，是欧泊收藏家的终极目标。,itemName_1056005,itemName_1056005,itemDesc_1056005,[105],22,6,295500,0,1,1,0,"[10,5]",0,"[[2000,50],[4000,200],[10000,500],[999999,900]]",1,3,[0],[0],[[0]],0,[0],icon_1056005,iconitem105,2955,0,[1002],0.0374809741248097,"[0,106]","[1999999,1]",[0],Cube,1,[0],1,
1056006,冰种飘花翡翠,翡翠的一个高档品种。“冰种”指质地通透如冰，“飘花”则指内部有丝带状蓝色或绿色色根分布，如同水墨画意境。水头足，灵秀清雅，是现代翡翠饰品中的上乘之选。,itemName_1056006,itemName_1056006,itemDesc_1056006,"[105,106]",22,6,180000,0,1,1,0,"[10,5]",0,"[[2000,50],[4000,200],[10000,500],[999999,900]]",1,3,[0],[0],[[0]],0,[0],icon_1056006,iconitem105,1800,0,[1002],0.0228310502283105,"[0,106]","[1999999,1]",[0],Cube,1,[0],1,
1056007,大溪地黑珍珠,产自法属波利尼西亚盐湖的黑唇蚌类，体色以黑色为基调，伴有孔雀绿、茄紫、铂金灰等丰富晕彩。颗粒大，珠光强烈，有“珠中皇后”美誉，是珍珠里最富神秘魅力的品类。,itemName_1056007,itemName_1056007,itemDesc_1056007,"[105,103]",11,6,71500,0,1,1,0,"[10,5]",0,"[[2000,50],[4000,200],[10000,500],[999999,900]]",1,10,[0],[0],[[0]],0,[0],icon_1056007,iconitem105,715,0,[1002],0.00906900050735667,"[0,106]","[1999999,1]",[0],Cube,1,[0],1,
1056008,金绿猫眼石,特指具有猫眼效应的金绿宝石，当被切割成弧面时，在光线下出现一条锐利灵活的亮带。以蜜黄色为佳，眼线需清晰、居中、灵活。是最珍贵的猫眼石，被誉为“宝石中的灵眸”。,itemName_1056008,itemName_1056008,itemDesc_1056008,[105],11,6,94500,0,1,1,0,"[10,5]",0,"[[2000,50],[4000,200],[10000,500],[999999,900]]",1,10,[0],[0],[[0]],0,[0],icon_1056008,iconitem105,945,0,[1002],0.011986301369863,"[0,106]","[1999999,1]",[0],Cube,1,[0],1,
1056009,维纳斯级澳洲白珠,产自澳洲银唇贝的白色南洋珍珠的最高品质等级。要求珠层极厚，光泽如镜面般强烈，形状正圆，表面洁净无瑕。体积通常较大，散发出纯净高雅的银色光泽，堪称珍珠之王。,itemName_1056009,itemName_1056009,itemDesc_1056009,[105],11,6,56000,0,1,1,0,"[10,5]",0,"[[2000,50],[4000,200],[10000,500],[999999,900]]",1,10,[0],[0],[[0]],0,[0],icon_1056009,iconitem105,560,0,[1002],0.00710299340436327,"[0,106]","[1999999,1]",[0],Cube,1,[0],1,
1056010,钻石原石（巨粒）,开采出的未经切割打磨的天然金刚石晶体，巨粒指重量异常巨大（如数百克拉以上）。形态多为八面体或菱形十二面体，表面常有溶蚀痕迹。如此巨大的原石本身已是自然奇迹，价值惊人。,itemName_1056010,itemName_1056010,itemDesc_1056010,[105],33,6,512000,0,1,1,0,"[10,5]",0,"[[2000,50],[4000,200],[10000,500],[999999,900]]",1,1,[0],[0],[[0]],0,[0],icon_1056010,iconitem105,5120,0,[1002],0.0649416539827499,"[0,106]","[1999999,1]",[0],Cube,1,[0],1,
1056011,星光红宝石,一种具星光效应的红宝石，内部有定向排列的金红石针状包裹体，在点光源照射下，弧面顶端显现出清晰的三条或六条星线。星光需完整、居中，是稀有且迷人的宝石品种。,itemName_1056011,itemName_1056011,itemDesc_1056011,[105],11,6,316000,0,1,1,0,"[10,5]",0,"[[2000,50],[4000,200],[10000,500],[999999,900]]",1,10,[0],[0],[[0]],0,[0],icon_1056011,iconitem105,3160,0,[1002],0.0400811770674784,"[0,106]","[1999999,1]",[0],Cube,1,[0],1,
1056012,羊脂白玉籽和田玉,和田玉中最为名贵的种类，特指产自玉龙喀什河的次生矿籽料。质地温润如凝脂，洁白无瑕，油脂光泽极强，仅带少量皮色。是玉雕艺术的顶级材质，深受收藏家珍视。,itemName_1056012,itemName_1056012,itemDesc_1056012,"[105,106]",12,6,2516000,0,1,1,0,"[10,5]",0,"[[2000,50],[4000,200],[10000,500],[999999,900]]",1,5,[0],[0],[[0]],0,[0],icon_1056012,iconitem105,25160,0,[1002],0.319127346524607,"[0,106]","[1999999,1]",[0],Cube,1,[0],1,
1056013,非洲之心,名称可能指代某颗著名的巨大钻石或红色宝石（如红宝石），寓意其产自非洲且无比珍贵。通常象征着体积惊人、品质卓越、具有传奇色彩的单一宝石，具有极高的市场价值和知名度。,itemName_1056013,itemName_1056013,itemDesc_1056013,[105],11,6,13145200,0,1,1,0,"[10,5]",0,"[[2000,50],[4000,200],[10000,500],[999999,900]]",1,10,[0],[0],[[0]],0,[0],icon_1056013,iconitem105,131452,0,[1002],1.66732623033993,"[0,106]","[1999999,1]",[0],Cube,1,[0],1,
1056014,火焰欧泊,一种主体为橙红、红色，变彩效应相对较弱的欧泊。其颜色炽烈如火，透明度较高，常见于墨西哥产地。虽变彩不及黑欧泊强烈，但其热情奔放的体色独具魅力，非常受欢迎。,itemName_1056014,itemName_1056014,itemDesc_1056014,[105],11,6,457200,0,1,1,0,"[10,5]",0,"[[2000,50],[4000,200],[10000,500],[999999,900]]",1,10,[0],[0],[[0]],0,[0],icon_1056014,iconitem105,4572,0,[1002],0.0579908675799087,"[0,106]","[1999999,1]",[0],Cube,1,[0],1,
1056015,黑王子红宝石,名称具有历史典故，实为一颗巨大的红色尖晶石，镶嵌于英国帝国王冠之上。它象征着历史上被误认为红宝石的著名传奇宝石，体积巨大，色彩深邃，承载着欧洲王室的权力与历史。,itemName_1056015,itemName_1056015,itemDesc_1056015,[105],11,6,3000000,0,1,1,0,"[10,5]",0,"[[2000,50],[4000,200],[10000,500],[999999,900]]",1,10,[0],[0],[[0]],0,[0],icon_1056015,iconitem105,30000,0,[1002],0.380517503805175,"[0,106]","[1999999,1]",[0],Cube,1,[0],1,
1061001,粗陶泥偶,非洲部落风格陶偶，二十世纪末仿制，采用红陶手捏成型，釉色古朴，象征祖先庇佑与部落传承，适于陈列展示。,itemName_1061001,itemName_1061001,itemDesc_1061001,"[106,101]",12,1,107,0,1,1,0,"[10,5]",0,"[[2000,50],[4000,200],[10000,500],[999999,900]]",1,5,[0],[0],[[0]],0,[0],icon_1061001,iconitem106,1,0,[1002],0,"[0,101]","[1999999,1]",[0],Cube,1,[0],1,
1061002,草编鲤鱼,中国北方农村风格麦秆编织，现代工艺品，鱼鳞纹理清晰，寓意年年有余，色彩鲜艳，充满乡土生活气息。,itemName_1061002,itemName_1061002,itemDesc_1061002,"[106,101]",21,1,205,0,1,1,0,"[10,5]",0,"[[2000,50],[4000,200],[10000,500],[999999,900]]",1,5,[0],[0],[[0]],0,[0],icon_1061002,iconitem106,2,0,[1002],0,"[0,101]","[1999999,1]",[0],Cube,1,[0],1,
1061003,棕榈叶篮,东南亚渔民日常容器仿制品，二十一世纪初编成，采用棕榈叶交叉编织技法，轻便耐用，带有自然清香。,itemName_1061003,itemName_1061003,itemDesc_1061003,"[106,101]",21,1,315,0,1,1,0,"[10,5]",0,"[[2000,50],[4000,200],[10000,500],[999999,900]]",1,5,[0],[0],[[0]],0,[0],icon_1061003,iconitem106,3,0,[1002],0,"[0,101]","[1999999,1]",[0],Cube,1,[0],1,
1061004,桦树皮盒,西伯利亚原住民风格收纳盒，现代仿制，盒面刻有驯鹿与森林纹样，源自当地古老传说，用于存放小件物品。,itemName_1061004,itemName_1061004,itemDesc_1061004,"[106,101]",22,1,384,0,1,1,0,"[10,5]",0,"[[2000,50],[4000,200],[10000,500],[999999,900]]",1,3,[0],[0],[[0]],0,[0],icon_1061004,iconitem106,4,0,[1002],0,"[0,101]","[1999999,1]",[0],Cube,1,[0],1,
1061005,黏土哨笛,南美安第斯山脉风格乐器，当代仿制，采用高原黏土烧制，音色清亮悠远，常用于传统节日庆典表演。,itemName_1061005,itemName_1061005,itemDesc_1061005,"[106,101]",11,1,135,0,1,1,0,"[10,5]",0,"[[2000,50],[4000,200],[10000,500],[999999,900]]",1,10,[0],[0],[[0]],0,[0],icon_1061005,iconitem106,1,0,[1002],0,"[0,101]","[1999999,1]",[0],Cube,1,[0],1,
1061006,贝币串,所罗门群岛风格货币仿制品，现代工艺制作，砗磲贝穿孔打磨，还原南太平洋原始贸易形态。,itemName_1061006,itemName_1061006,itemDesc_1061006,"[106,105]",22,1,142,0,1,1,0,"[10,5]",0,"[[2000,50],[4000,200],[10000,500],[999999,900]]",1,3,[0],[0],[[0]],0,[0],icon_1061006,iconitem106,1,0,[1002],0,"[0,101]","[1999999,1]",[0],Cube,1,[0],1,
1061007,木雕小鱼,北欧渔民风格松木雕刻，现代工艺品，造型简练流畅，表面涂有防水桐油，象征航海平安与丰收。,itemName_1061007,itemName_1061007,itemDesc_1061007,"[106,101]",11,1,149,0,1,1,0,"[10,5]",0,"[[2000,50],[4000,200],[10000,500],[999999,900]]",1,10,[0],[0],[[0]],0,[0],icon_1061007,iconitem106,1,0,[1002],0,"[0,101]","[1999999,1]",[0],Cube,1,[0],1,
1061008,骨针筒,阿拉斯加因纽特风格缝纫工具，当代仿制，以合成材料模仿驯鹿骨质感，简朴实用，展现北极生活智慧。,itemName_1061008,itemName_1061008,itemDesc_1061008,[106],21,1,156,0,1,1,0,"[10,5]",0,"[[2000,50],[4000,200],[10000,500],[999999,900]]",1,5,[0],[0],[[0]],0,[0],icon_1061008,iconitem106,2,0,[1002],0,"[0,101]","[1999999,1]",[0],Cube,1,[0],1,
1061009,绳编网兜,秘鲁渔夫风格网兜，当代苎麻纤维编织，网眼均匀结实，再现古代安第斯山脉捕鱼工具形制。,itemName_1061009,itemName_1061009,itemDesc_1061009,"[106,101]",22,1,411,0,1,1,0,"[10,5]",0,"[[2000,50],[4000,200],[10000,500],[999999,900]]",1,5,[0],[0],[[0]],0,[0],icon_1061009,iconitem106,4,0,[1002],0,"[0,101]","[1999999,1]",[0],Cube,1,[0],1,
1061010,窗花剪纸,中国桐庐的民间镂空艺术，以手工雕刻福字、生肖等吉祥图案著称。红纸映衬千家万户的窗棂，将富春江畔的灵秀山水与新春祝愿刻进方寸之间，是装点年味的非遗珍宝。,itemName_1061010,itemName_1061010,itemDesc_1061010,"[106,110,101]",22,1,377,0,1,1,0,"[10,5]",0,"[[2000,50],[4000,200],[10000,500],[999999,900]]",1,3,[0],[0],[[0]],0,[0],icon_1061010,iconitem106,4,0,[1002],0,"[0,101]","[1999999,1]",[0],Cube,1,[0],1,
1062001,锡制酒壶,马来西亚皇室风格酒壶，现代匠人锻打，壶身浮雕莲花纹，锡材抗氧化，兼具实用与收藏价值。,itemName_1062001,itemName_1062001,itemDesc_1062001,"[106,109]",11,2,734,0,1,1,0,"[10,5]",0,"[[2000,50],[4000,200],[10000,500],[999999,900]]",1,10,[0],[0],[[0]],0,[0],icon_1062001,iconitem106,7,0,[1002],0,"[0,102]","[2999999,1]",[0],Cube,1,[0],1,
1062002,蜡染方巾,印尼爪哇岛风格蜡染布，当代手工制作，几何图腾对称严谨，以蓝靛染色，展现热带民族艺术特色。,itemName_1062002,itemName_1062002,itemDesc_1062002,"[106,101]",22,2,1274,0,1,1,0,"[10,5]",0,"[[2000,50],[4000,200],[10000,500],[999999,900]]",1,3,[0],[0],[[0]],0,[0],icon_1062002,iconitem106,13,0,[1002],0,"[0,102]","[2999999,1]",[0],Cube,1,[0],1,
1062003,竹节笔,中国清代湘妃竹毛笔仿制，近年制作，笔杆保留天然斑点，狼毫笔尖饱满，适合书法创作。,itemName_1062003,itemName_1062003,itemDesc_1062003,"[106,110]",12,2,794,0,1,1,0,"[10,5]",0,"[[2000,50],[4000,200],[10000,500],[999999,900]]",1,5,[0],[0],[[0]],0,[0],icon_1062003,iconitem106,8,0,[1002],0,"[0,102]","[2999999,1]",[0],Cube,1,[0],1,
1062004,玛瑙棋,伊朗波斯风格双陆棋子，现代玛瑙打磨，红白双色对比鲜明，棋盘游戏盛行于古代丝绸之路。,itemName_1062004,itemName_1062004,itemDesc_1062004,"[106,105]",22,2,458,0,1,1,0,"[10,5]",0,"[[2000,50],[4000,200],[10000,500],[999999,900]]",1,3,[0],[0],[[0]],0,[0],icon_1062004,iconitem106,5,0,[1002],0,"[0,102]","[2999999,1]",[0],Cube,1,[0],1,
1062005,皮箭囊,匈牙利游骑兵风格箭囊，当代仿制，牛皮鞣制坚硬，镶有铜钉与皮穗，再现中世纪欧洲军事用品。,itemName_1062005,itemName_1062005,itemDesc_1062005,"[106,104]",12,2,1426,0,1,1,0,"[10,5]",0,"[[2000,50],[4000,200],[10000,500],[999999,900]]",1,3,[0],[0],[[0]],0,[0],icon_1062005,iconitem106,14,0,[1002],0,"[0,102]","[2999999,1]",[0],Cube,1,[0],1,
1062006,珊瑚珠,意大利西西里风格首饰，现代红珊瑚仿制，珠体圆润光泽，曾为地中海沿岸贵族珍爱之物。,itemName_1062006,itemName_1062006,itemDesc_1062006,"[106,105]",11,2,252,0,1,1,0,"[10,5]",0,"[[2000,50],[4000,200],[10000,500],[999999,900]]",1,10,[0],[0],[[0]],0,[0],icon_1062006,iconitem106,3,0,[1002],0,"[0,102]","[2999999,1]",[0],Cube,1,[0],1,
1062007,陶埙,中国半坡遗址风格乐器仿制，二十世纪末烧制，五音孔设计，音色浑厚，传承六千年古乐遗韵。,itemName_1062007,itemName_1062007,itemDesc_1062007,"[106,101]",11,2,269,0,1,1,0,"[10,5]",0,"[[2000,50],[4000,200],[10000,500],[999999,900]]",1,10,[0],[0],[[0]],0,[0],icon_1062007,iconitem106,3,0,[1002],0,"[0,102]","[2999999,1]",[0],Cube,1,[0],1,
1062008,木梭子,法国里昂纺织工具仿制品，现代樱桃木制作，表面抛光细腻，见证欧洲丝绸工业历史演变。,itemName_1062008,itemName_1062008,itemDesc_1062008,[106],21,2,514,0,1,1,0,"[10,5]",0,"[[2000,50],[4000,200],[10000,500],[999999,900]]",1,5,[0],[0],[[0]],0,[0],icon_1062008,iconitem106,5,0,[1002],0,"[0,102]","[2999999,1]",[0],Cube,1,[0],1,
1062009,贝雕画,葡萄牙航海风格装饰画，当代贝雕工艺，圣母像主题细致，背景为帆船与海浪，富有海洋气息。,itemName_1062009,itemName_1062009,itemDesc_1062009,"[106,110,101]",22,2,907,0,1,1,0,"[10,5]",0,"[[2000,50],[4000,200],[10000,500],[999999,900]]",1,3,[0],[0],[[0]],0,[0],icon_1062009,iconitem106,9,0,[1002],0,"[0,102]","[2999999,1]",[0],Cube,1,[0],1,
1062010,玉扣,中国明代风格青玉带扣仿制，近年雕刻，云纹浮雕流畅，玉质温润，为古代服饰重要配件。,itemName_1062010,itemName_1062010,itemDesc_1062010,[106],11,2,319,0,1,1,0,"[10,5]",0,"[[2000,50],[4000,200],[10000,500],[999999,900]]",1,10,[0],[0],[[0]],0,[0],icon_1062010,iconitem106,3,0,[1002],0,"[0,102]","[2999999,1]",[0],Cube,1,[0],1,
1063001,景泰蓝镯,中国清代宫廷珐琅手镯仿制品，二十世纪末制作，钴蓝釉底缠枝莲纹，金属丝掐线精细华美。,itemName_1063001,itemName_1063001,itemDesc_1063001,"[106,103]",11,3,1050,0,1,1,0,"[10,5]",0,"[[2000,50],[4000,200],[10000,500],[999999,900]]",1,10,[0],[0],[[0]],0,[0],icon_1063001,iconitem106,11,0,[1002],0,"[0,103]","[2999999,1]",[0],Cube,1,[0],1,
1063002,银丝笔筒,土耳其奥斯曼风格镂空笔筒，现代银丝编织，筒身呈六角形，花纹繁复，展现伊斯兰金属工艺。,itemName_1063002,itemName_1063002,itemDesc_1063002,"[106,110]",12,3,1985,0,1,1,0,"[10,5]",0,"[[2000,50],[4000,200],[10000,500],[999999,900]]",1,5,[0],[0],[[0]],0,[0],icon_1063002,iconitem106,20,0,[1002],0,"[0,103]","[2999999,1]",[0],Cube,1,[0],1,
1063003,檀香折扇,印度老山檀香木折扇仿制，现代透雕工艺，扇骨镂空莲花纹，开合间香韵绵长，宜赏宜用。,itemName_1063003,itemName_1063003,itemDesc_1063003,"[106,110,101]",21,3,2079,0,1,1,0,"[10,5]",0,"[[2000,50],[4000,200],[10000,500],[999999,900]]",1,5,[0],[0],[[0]],0,[0],icon_1063003,iconitem106,21,0,[1002],0,"[0,103]","[2999999,1]",[0],Cube,1,[0],1,
1063004,铜镇纸,埃及象形文字镇纸仿制，二十世纪末铸造，圣甲虫造型古拙，纸面刻有祝福经文，沉稳压手。,itemName_1063004,itemName_1063004,itemDesc_1063004,[106],22,3,3623,0,1,1,0,"[10,5]",0,"[[2000,50],[4000,200],[10000,500],[999999,900]]",1,3,[0],[0],[[0]],0,[0],icon_1063004,iconitem106,36,0,[1002],0,"[0,103]","[2999999,1]",[0],Cube,1,[0],1,
1063005,琉璃盏,意大利威尼斯穆拉诺琉璃盏仿制品，现代吹制，盏身虹彩釉流动变幻，如油画般绚丽多彩。,itemName_1063005,itemName_1063005,itemDesc_1063005,"[106,105,101]",11,3,1260,0,1,1,0,"[10,5]",0,"[[2000,50],[4000,200],[10000,500],[999999,900]]",1,10,[0],[0],[[0]],0,[0],icon_1063005,iconitem106,13,0,[1002],0,"[0,103]","[2999999,1]",[0],Cube,1,[0],1,
1063006,螺钿盒,朝鲜李朝风格漆器盒仿制，现代贝片镶嵌，盒盖夜光贝拼嵌秋菊图，在不同光线下色彩流转。,itemName_1063006,itemName_1063006,itemDesc_1063006,"[106,101]",22,3,3938,0,1,1,0,"[10,5]",0,"[[2000,50],[4000,200],[10000,500],[999999,900]]",1,3,[0],[0],[[0]],0,[0],icon_1063006,iconitem106,39,0,[1002],0,"[0,103]","[2999999,1]",[0],Cube,1,[0],1,
1063007,银咖啡具,埃塞俄比亚传统咖啡具仿制，二十世纪末手工打造，壶身吉兆纹饰细腻，体现非洲咖啡文化。,itemName_1063007,itemName_1063007,itemDesc_1063007,"[106,109]",32,3,5733,0,1,1,0,"[10,5]",0,"[[2000,50],[4000,200],[10000,500],[999999,900]]",1,2,[0],[0],[[0]],0,[0],icon_1063007,iconitem106,57,0,[1002],0,"[0,103]","[2999999,1]",[0],Cube,1,[0],1,
1063008,骨笛,秘鲁安第斯风格鹰骨笛仿制品，现代合成材料制作，七音阶准确，音色空灵，用于民族音乐演奏。,itemName_1063008,itemName_1063008,itemDesc_1063008,[106],12,3,2552,0,1,1,0,"[10,5]",0,"[[2000,50],[4000,200],[10000,500],[999999,900]]",1,5,[0],[0],[[0]],0,[0],icon_1063008,iconitem106,26,0,[1002],0,"[0,103]","[2999999,1]",[0],Cube,1,[0],1,
1063009,绣挂毯,波斯伊斯法罕风格挂毯仿制品，现代真丝刺绣，狩猎图场景生动，色彩华丽，充满异域风情。,itemName_1063009,itemName_1063009,itemDesc_1063009,"[106,101]",23,3,6174,0,1,1,0,"[10,5]",0,"[[2000,50],[4000,200],[10000,500],[999999,900]]",1,2,[0],[0],[[0]],0,[0],icon_1063009,iconitem106,62,0,[1002],0,"[0,103]","[2999999,1]",[0],Cube,1,[0],1,
1063010,银烛台,俄罗斯东正教堂风格烛台，当代银器仿制，双头鹰底座象征皇权，造型宏伟，适合隆重场合。,itemName_1063010,itemName_1063010,itemDesc_1063010,"[106,101]",22,3,2318,0,1,1,0,"[10,5]",0,"[[2000,50],[4000,200],[10000,500],[999999,900]]",1,3,[0],[0],[[0]],0,[0],icon_1063010,iconitem106,23,0,[1002],0,"[0,103]","[2999999,1]",[0],Cube,1,[0],1,
1063011,石狮子,石狮一词通常是指放在建筑物大门口两侧的一对狮子造像，而其材质便不单限于石材，亦有以水泥[1]加钢筋或玻璃纤维制成的狮子，甚或金属所制，于此意义上都统称为“石狮子”。,itemName_1063011,itemName_1063011,itemDesc_1063011,"[106,101,105]",44,3,9168,0,1,1,0,"[10,5]",0,"[[2000,50],[4000,200],[10000,500],[999999,900]]",1,3,[0],[0],[[0]],0,[0],icon_1063011,iconitem106,92,0,[1002],0,"[0,103]","[2999999,1]",[0],Cube,1,[0],1,
1064001,青花瓷瓶,中国元代青花瓷瓶仿制品，二十世纪末景德镇烧制，牡丹缠枝莲纹流畅，钴料发色纯正，古雅大气。,itemName_1064001,itemName_1064001,itemDesc_1064001,"[106,101]",22,4,9600,0,1,1,0,"[10,5]",0,"[[2000,50],[4000,200],[10000,500],[999999,900]]",1,3,[0],[0],[[0]],0,[0],icon_1064001,iconitem106,96,0,[1002],0,"[0,104]","[2999999,1]",[0],Cube,1,[0],1,
1064002,琥珀挂坠,波罗的海琥珀挂坠仿制，现代镶嵌工艺，屏面封存虫珀与植物标本，透光色泽温暖，珍贵奇特。,itemName_1064002,itemName_1064002,itemDesc_1064002,"[106,105]",11,4,4828,0,1,1,0,"[10,5]",0,"[[2000,50],[4000,200],[10000,500],[999999,900]]",1,10,[0],[0],[[0]],0,[0],icon_1064002,iconitem106,48,0,[1002],0,"[0,104]","[2999999,1]",[0],Cube,1,[0],1,
1064003,螺钿妆匣,日本京都风格妆匣仿制品，当代贝片镶嵌，盖面春樱秋枫图，贝母流光溢彩，展现季节之美。,itemName_1064003,itemName_1064003,itemDesc_1064003,"[106,101]",22,4,9440,0,1,1,0,"[10,5]",0,"[[2000,50],[4000,200],[10000,500],[999999,900]]",1,3,[0],[0],[[0]],0,[0],icon_1064003,iconitem106,94,0,[1002],0,"[0,104]","[2999999,1]",[0],Cube,1,[0],1,
1064004,罗盘仪,阿拉伯大航海时期星象仪仿制，刻度精密，见证古代航海导航智慧。,itemName_1064004,itemName_1064004,itemDesc_1064004,[106],22,4,6620,0,1,1,0,"[10,5]",0,"[[2000,50],[4000,200],[10000,500],[999999,900]]",1,3,[0],[0],[[0]],0,[0],icon_1064004,iconitem106,66,0,[1002],0,"[0,104]","[2999999,1]",[0],Cube,1,[0],1,
1064005,玉山子,中国清代扬州工玉雕仿品，近年创作，整块岫玉雕溪山行旅图，层次丰富，案头清赏佳品。,itemName_1064005,itemName_1064005,itemDesc_1064005,"[106,105]",22,4,15456,0,1,1,0,"[10,5]",0,"[[2000,50],[4000,200],[10000,500],[999999,900]]",1,3,[0],[0],[[0]],0,[0],icon_1064005,iconitem106,155,0,[1002],0,"[0,104]","[2999999,1]",[0],Cube,1,[0],1,
1064006,铜钟,德国纽伦堡教堂钟仿制品，二十世纪末铸造，钟体圣经铭文清晰，音色洪亮，适用于小型钟楼。,itemName_1064006,itemName_1064006,itemDesc_1064006,[106],33,4,12045,0,1,1,0,"[10,5]",0,"[[2000,50],[4000,200],[10000,500],[999999,900]]",1,1,[0],[0],[[0]],0,[0],icon_1064006,iconitem106,120,0,[1002],0,"[0,104]","[2999999,1]",[0],Cube,1,[0],1,
1064007,牙帆船,葡萄牙大航海时代帆船模型，现代合成材料雕刻，细节逼真，致敬探险家恩里克王子时代。,itemName_1064007,itemName_1064007,itemDesc_1064007,[106],23,4,11768,0,1,1,0,"[10,5]",0,"[[2000,50],[4000,200],[10000,500],[999999,900]]",1,2,[0],[0],[[0]],0,[0],icon_1064007,iconitem106,118,0,[1002],0,"[0,104]","[2999999,1]",[0],Cube,1,[0],1,
1064008,唐卡,西藏密宗风格坛城唐卡仿制，当代矿物颜料绘制，色彩饱和，构图严谨，用于佛教修行与观赏。,itemName_1064008,itemName_1064008,itemDesc_1064008,"[106,110]",11,4,3650,0,1,1,0,"[10,5]",0,"[[2000,50],[4000,200],[10000,500],[999999,900]]",1,10,[0],[0],[[0]],0,[0],icon_1064008,iconitem106,37,0,[1002],0,"[0,104]","[2999999,1]",[0],Cube,1,[0],1,
1064009,铜香炉,大明宣德炉仿制品，二十世纪末铸造，炉体蟹壳青皮色均匀，款识端正，为文房雅器。,itemName_1064009,itemName_1064009,itemDesc_1064009,[106],22,4,9960,0,1,1,0,"[10,5]",0,"[[2000,50],[4000,200],[10000,500],[999999,900]]",1,3,[0],[0],[[0]],0,[0],icon_1064009,iconitem106,100,0,[1002],0,"[0,104]","[2999999,1]",[0],Cube,1,[0],1,
1064010,青金石盒,阿富汗风格青金石盒仿制，现代宝石镶嵌，盒体黄金掐丝卷草纹，浓郁蓝色象征智慧与天空。,itemName_1064010,itemName_1064010,itemDesc_1064010,"[106,105]",22,4,10380,0,1,1,0,"[10,5]",0,"[[2000,50],[4000,200],[10000,500],[999999,900]]",1,3,[0],[0],[[0]],0,[0],icon_1064010,iconitem106,104,0,[1002],0,"[0,104]","[2999999,1]",[0],Cube,1,[0],1,
1065001,翡翠观音,缅甸老坑风格翡翠观音像，现代玻璃种仿制，雕工精细，法相庄严，寓意平安吉祥，收藏赏玩皆宜。,itemName_1065001,itemName_1065001,itemDesc_1065001,"[106,105]",13,5,56700,0,1,1,0,"[10,5]",0,"[[2000,50],[4000,200],[10000,500],[999999,900]]",1,3,[0],[0],[[0]],0,[0],icon_1065001,iconitem106,567,0,[1002],0,"[0,105]","[2999999,1]",[0],Cube,1,[0],1,
1065002,错金铜鼎,中国商周时期青铜鼎仿制品，二十世纪末铸造，鼎身错金云雷纹，庄重古雅，再现礼器风采。,itemName_1065002,itemName_1065002,itemDesc_1065002,[106],33,5,78540,0,1,1,0,"[10,5]",0,"[[2000,50],[4000,200],[10000,500],[999999,900]]",1,1,[0],[0],[[0]],0,[0],icon_1065002,iconitem106,785,0,[1002],0,"[0,105]","[2999999,1]",[0],Cube,1,[0],1,
1065003,金佛塔,尼泊尔鎏金佛龛仿制品，当代工艺制作，塔身嵌仿制绿松石与珊瑚，象征佛教神圣与永恒。,itemName_1065003,itemName_1065003,itemDesc_1065003,"[106,105]",23,5,43650,0,1,1,0,"[10,5]",0,"[[2000,50],[4000,200],[10000,500],[999999,900]]",1,3,[0],[0],[[0]],0,[0],icon_1065003,iconitem106,437,0,[1002],0,"[0,105]","[2999999,1]",[0],Cube,1,[0],1,
1065004,缂丝袍,中国清代龙袍复刻品，现代缂丝工艺，金线通经断纬织正龙纹，华美夺目，展现帝王气派。,itemName_1065004,itemName_1065004,itemDesc_1065004,"[106,103]",33,5,60600,0,1,1,0,"[10,5]",0,"[[2000,50],[4000,200],[10000,500],[999999,900]]",1,1,[0],[0],[[0]],0,[0],icon_1065004,iconitem106,606,0,[1002],0,"[0,105]","[2999999,1]",[0],Cube,1,[0],1,
1065005,水晶杯,法国莱俪博物馆风格水晶杯，现代切割，杯身鸢尾花造型优雅剔透，光影流转，极具艺术价值。,itemName_1065005,itemName_1065005,itemDesc_1065005,"[106,109,105]",11,5,15542,0,1,1,0,"[10,5]",0,"[[2000,50],[4000,200],[10000,500],[999999,900]]",1,10,[0],[0],[[0]],0,[0],icon_1065005,iconitem106,155,0,[1002],0,"[0,105]","[2999999,1]",[0],Cube,1,[0],1,
1065006,乌木椅,非洲加蓬王室风格座椅，现代乌木仿制，整木雕兽首扶手，木质坚硬，造型充满部落力量感。,itemName_1065006,itemName_1065006,itemDesc_1065006,"[106,101]",33,5,48300,0,1,1,0,"[10,5]",0,"[[2000,50],[4000,200],[10000,500],[999999,900]]",1,1,[0],[0],[[0]],0,[0],icon_1065006,iconitem106,483,0,[1002],0,"[0,105]","[2999999,1]",[0],Cube,1,[0],1,
1065007,羊脂玉璧,中国汉代风格玉璧仿制品，现代优质白玉雕，壁面游龙戏凤浮雕，玉质温润，礼仪重器。,itemName_1065007,itemName_1065007,itemDesc_1065007,"[106,105]",22,5,27450,0,1,1,0,"[10,5]",0,"[[2000,50],[4000,200],[10000,500],[999999,900]]",1,3,[0],[0],[[0]],0,[0],icon_1065007,iconitem106,275,0,[1002],0,"[0,105]","[2999999,1]",[0],Cube,1,[0],1,
1065008,银法典,以色列犹太经卷仿制品，现代银版篆刻，密文工整，内容为圣经诗篇，宗教与艺术价值兼备。,itemName_1065008,itemName_1065008,itemDesc_1065008,"[106,110]",22,5,29025,0,1,1,0,"[10,5]",0,"[[2000,50],[4000,200],[10000,500],[999999,900]]",1,3,[0],[0],[[0]],0,[0],icon_1065008,iconitem106,290,0,[1002],0,"[0,105]","[2999999,1]",[0],Cube,1,[0],1,
1065009,唐刀,日本正仓院藏唐样大刀仿制，现代百炼钢锻造，刀身流水纹，包银鞘，体现大唐兵器雄风。,itemName_1065009,itemName_1065009,itemDesc_1065009,"[106,104]",14,5,30600,0,1,1,0,"[10,5]",0,"[[2000,50],[4000,200],[10000,500],[999999,900]]",1,3,[0],[0],[[0]],0,[0],icon_1065009,iconitem106,306,0,[1002],0,"[0,105]","[2999999,1]",[0],Cube,1,[0],1,
1065010,波斯毯,伊朗大不里士真丝地毯仿制品，现代手工编织，中央葵花纹饰，密结均匀，为波斯织毯代表作。,itemName_1065010,itemName_1065010,itemDesc_1065010,"[106,101]",34,5,85800,0,1,1,0,"[10,5]",0,"[[2000,50],[4000,200],[10000,500],[999999,900]]",1,1,[0],[0],[[0]],0,[0],icon_1065010,iconitem106,858,0,[1002],0,"[0,105]","[2999999,1]",[0],Cube,1,[0],1,
1065011,大展宏图,近代艺术家作品。大展宏图，比喻宏伟远大的谋略与计划。大规模地实施宏伟远大的计划或抱负。,itemName_1065011,itemName_1065011,itemDesc_1065011,"[106,101,110]",42,5,73682,0,1,1,0,"[10,5]",0,"[[2000,50],[4000,200],[10000,500],[999999,900]]",1,1,[0],[0],[[0]],0,[0],icon_1065011,iconitem106,737,0,[1002],0,"[0,105]","[2999999,1]",[0],Cube,1,[0],1,
1065012,大圣残缺石像,一尊看起来残破的石像，据传是为了纪念陪伴唐代高僧 “玄奘”出使西域的一只猴子而建立的雕像，建成时日已不可考，虽由于无人维护风吹日晒而导致残破不堪，但隐隐有金光显现。,itemName_1065012,itemName_1065012,itemDesc_1065012,[106],25,5,89461,0,1,1,0,"[10,5]",0,"[[2000,50],[4000,200],[10000,500],[999999,900]]",1,1,[0],[0],[[0]],0,[0],icon_1065012,iconitem106,895,0,[1002],0,"[0,105]","[2999999,1]",[0],Cube,1,[0],1,
1066001,曜变天目盏,南宋福建建窑曜变天目盏仿制品，近年烧制，釉面七彩星斑流转，光下如宇宙星辰，绝美难得。,itemName_1066001,itemName_1066001,itemDesc_1066001,"[106,101,109]",11,6,112500,0,1,1,0,"[10,5]",0,"[[2000,50],[4000,200],[10000,500],[999999,900]]",1,10,[0],[0],[[0]],0,[0],icon_1066001,iconitem106,1125,0,[1002],0.0142694063926941,"[0,106]","[1999999,1]",[0],Cube,1,[0],1,
1066002,黄金权杖,埃及法老图坦卡蒙权杖仿制品，现代金属工艺，杖首雕鹰与蛇，嵌仿制宝石，象征王权与神性。,itemName_1066002,itemName_1066002,itemDesc_1066002,"[106,105]",14,6,141300,0,1,1,0,"[10,5]",0,"[[2000,50],[4000,200],[10000,500],[999999,900]]",1,3,[0],[0],[[0]],0,[0],icon_1066002,iconitem106,1413,0,[1002],0.0179223744292237,"[0,106]","[1999999,1]",[0],Cube,1,[0],1,
1066003,敦煌绢画,唐代莫高窟壁画临摹，当代矿物彩绘于绢，菩萨姿态飘逸，色彩千年不变，艺术价值极高。,itemName_1066003,itemName_1066003,itemDesc_1066003,"[106,110]",13,6,255840,0,1,1,0,"[10,5]",0,"[[2000,50],[4000,200],[10000,500],[999999,900]]",1,3,[0],[0],[[0]],0,[0],icon_1066003,iconitem106,2558,0,[1002],0.0324505327245053,"[0,106]","[1999999,1]",[0],Cube,1,[0],1,
1066004,青铜神树,中国三星堆青铜神树仿制品，现代青铜铸造，树枝立神鸟，贴金箔，展现古蜀国神秘祭祀文化。,itemName_1066004,itemName_1066004,itemDesc_1066004,[106],25,6,287280,0,1,1,0,"[10,5]",0,"[[2000,50],[4000,200],[10000,500],[999999,900]]",1,1,[0],[0],[[0]],0,[0],icon_1066004,iconitem106,2873,0,[1002],0.0364383561643836,"[0,106]","[1999999,1]",[0],Cube,1,[0],1,
1066005,法贝热蛋,俄罗斯沙皇法贝热彩蛋仿制品，当代珐琅微绘，蛋内藏精巧机关，为珠宝工艺巅峰之作。,itemName_1066005,itemName_1066005,itemDesc_1066005,"[106,105]",22,6,160200,0,1,1,0,"[10,5]",0,"[[2000,50],[4000,200],[10000,500],[999999,900]]",1,3,[0],[0],[[0]],0,[0],icon_1066005,iconitem106,1602,0,[1002],0.0203196347031963,"[0,106]","[1999999,1]",[0],Cube,1,[0],1,
1066006,翡翠屏风,缅甸帝王绿翡翠屏风仿制，现代整料浮雕，蓬莱仙境图层次分明，玉色莹润，堪称镇宅之宝。,itemName_1066006,itemName_1066006,itemDesc_1066006,"[106,101]",44,6,844000,0,1,1,0,"[10,5]",0,"[[2000,50],[4000,200],[10000,500],[999999,900]]",1,1,[0],[0],[[0]],0,[0],icon_1066006,iconitem106,8440,0,[1002],0.107052257737189,"[0,106]","[1999999,1]",[0],Cube,1,[0],1,
1066007,金编钟,北京故宫金编钟仿制品，二十世纪末铸，十二律纯金钟，音色纯净，体现清代宫廷礼乐辉煌。,itemName_1066007,itemName_1066007,itemDesc_1066007,[106],33,6,322560,0,1,1,0,"[10,5]",0,"[[2000,50],[4000,200],[10000,500],[999999,900]]",1,1,[0],[0],[[0]],0,[0],icon_1066007,iconitem106,3226,0,[1002],0.0409132420091324,"[0,106]","[1999999,1]",[0],Cube,1,[0],1,
1066008,金丝冠,印加帝国贵族头饰仿制品，现代金属工艺，金丝编织蜂鸟与太阳纹，缀有仿制绿松石，璀璨夺目。,itemName_1066008,itemName_1066008,itemDesc_1066008,[106],22,6,179100,0,1,1,0,"[10,5]",0,"[[2000,50],[4000,200],[10000,500],[999999,900]]",1,3,[0],[0],[[0]],0,[0],icon_1066008,iconitem106,1791,0,[1002],0.022716894977169,"[0,106]","[1999999,1]",[0],Cube,1,[0],1,
1066009,金缕玉衣,中国汉代金缕玉衣仿制，现代和田青白玉雕，表面刻云纹，可窥见古代葬玉制度一斑。,itemName_1066009,itemName_1066009,itemDesc_1066009,[106],42,6,281600,0,1,1,0,"[10,5]",0,"[[2000,50],[4000,200],[10000,500],[999999,900]]",1,1,[0],[0],[[0]],0,[0],icon_1066009,iconitem106,2816,0,[1002],0.0357179096905124,"[0,106]","[1999999,1]",[0],Cube,1,[0],1,
1066010,拜占庭冠,君士坦丁堡皇后金冠仿制品，现代金工，冠身珐琅彩绘，坠珍珠，展现东罗马帝国奢华艺术。,itemName_1066010,itemName_1066010,itemDesc_1066010,[106],22,6,167800,0,1,1,0,"[10,5]",0,"[[2000,50],[4000,200],[10000,500],[999999,900]]",1,3,[0],[0],[[0]],0,[0],icon_1066010,iconitem106,1678,0,[1002],0.0212836123795028,"[0,106]","[1999999,1]",[0],Cube,1,[0],1,
1066011,双羊尊,"双羊尊仿品，双羊尊是商代晚期青铜器代表作，器身采用两只相背而立的羊前躯构成主体造型。器高45-46厘米，筒形口位于双羊背部中央，周身饰饕餮纹、鳞纹等纹样，羊角采用大弧度弯曲造型并装饰云雷纹。该器物兼具写实性与象征性艺术特征，通过羊首造型体现了先秦时期""吉羊即吉祥""的文化观念，原属圆明园收藏，1860年“火烧圆明园”后被掠夺并流失海外，现收藏于现藏英国不列颠博物馆。",itemName_1066011,itemName_1066011,itemDesc_1066011,"[106,109]",22,6,567900,0,1,1,0,"[10,5]",0,"[[2000,50],[4000,200],[10000,500],[999999,900]]",1,3,[0],[0],[[0]],0,[0],icon_1066011,iconitem106,5679,0,[1002],0.0720319634703196,"[0,106]","[1999999,1]",[0],modle_1066011,1,[0],1,
1071001,复古游戏机,东南亚产迷你游戏掌机，内置30款经典像素游戏，使用两节AAA电池供电，2.4英寸液晶屏，支持双人对战模式。,itemName_1071001,itemName_1071001,itemDesc_1071001,[107],12,1,247,0,1,1,0,"[10,5]",0,"[[2000,50],[4000,200],[10000,500],[999999,900]]",1,5,[0],[0],[[0]],0,[0],icon_1071001,iconitem107,2,0,[1002],0,"[0,101]","[1999999,1]",[0],Cube,1,[0],1,
1071002,手机支架,可调节角度硅胶支架，底部防滑设计，适配4-7英寸手机和平板，折叠后仅名片大小，便携实用。,itemName_1071002,itemName_1071002,itemDesc_1071002,"[107,101]",11,1,120,0,1,1,0,"[10,5]",0,"[[2000,50],[4000,200],[10000,500],[999999,900]]",1,10,[0],[0],[[0]],0,[0],icon_1071002,iconitem107,1,0,[1002],0,"[0,101]","[1999999,1]",[0],Cube,1,[0],1,
1071003,卡牌入门包,基础版集换式卡牌游戏补充包，包含5张随机角色卡和1张稀有卡，适合新手玩家收藏和对战使用。,itemName_1071003,itemName_1071003,itemDesc_1071003,[107],11,1,126,0,1,1,0,"[10,5]",0,"[[2000,50],[4000,200],[10000,500],[999999,900]]",1,10,[0],[0],[[0]],0,[0],icon_1071003,iconitem107,1,0,[1002],0,"[0,101]","[1999999,1]",[0],Cube,1,[0],1,
1071004,耳机防尘塞,硅胶材质耳机孔保护塞，卡通动物造型设计，有效防止灰尘进入设备接口，延长手机使用寿命。,itemName_1071004,itemName_1071004,itemDesc_1071004,"[107,101]",11,1,137,0,1,1,0,"[10,5]",0,"[[2000,50],[4000,200],[10000,500],[999999,900]]",1,10,[0],[0],[[0]],0,[0],icon_1071004,iconitem107,1,0,[1002],0,"[0,101]","[1999999,1]",[0],Cube,1,[0],1,
1071005,设备装饰贴,电子设备外壳装饰贴纸套装，防水防刮材质，包含10款不同主题图案，可自由组合装饰。,itemName_1071005,itemName_1071005,itemDesc_1071005,"[107,103,101]",11,1,127,0,1,1,0,"[10,5]",0,"[[2000,50],[4000,200],[10000,500],[999999,900]]",1,10,[0],[0],[[0]],0,[0],icon_1071005,iconitem107,1,0,[1002],0,"[0,101]","[1999999,1]",[0],Cube,1,[0],1,
1071006,游戏纪念币,电竞主题锌合金纪念币，直径3cm，浮雕工艺制作，正面为龙形图案，背面为战队徽章。,itemName_1071006,itemName_1071006,itemDesc_1071006,[107],11,1,178,0,1,1,0,"[10,5]",0,"[[2000,50],[4000,200],[10000,500],[999999,900]]",1,10,[0],[0],[[0]],0,[0],icon_1071006,iconitem107,2,0,[1002],0,"[0,101]","[1999999,1]",[0],Cube,1,[0],1,
1071007,点卡充值,数字娱乐平台通用充值卡，面值10美元，可兑换游戏内货币或购买数字内容。,itemName_1071007,itemName_1071007,itemDesc_1071007,[107],11,1,168,0,1,1,0,"[10,5]",0,"[[2000,50],[4000,200],[10000,500],[999999,900]]",1,10,[0],[0],[[0]],0,[0],icon_1071007,iconitem107,2,0,[1002],0,"[0,101]","[1999999,1]",[0],Cube,1,[0],1,
1071008,3D观影镜,红蓝双色滤光3D眼镜，轻量化塑料框架，适合观看3D电影和游戏内容，通用型设计。,itemName_1071008,itemName_1071008,itemDesc_1071008,[107],21,1,360,0,1,1,0,"[10,5]",0,"[[2000,50],[4000,200],[10000,500],[999999,900]]",1,5,[0],[0],[[0]],0,[0],icon_1071008,iconitem107,4,0,[1002],0,"[0,101]","[1999999,1]",[0],Cube,1,[0],1,
1071009,卡带保护壳,游戏卡带透明保护壳，抗冲击设计，内部卡槽固定结构，支持主流掌机卡带规格。,itemName_1071009,itemName_1071009,itemDesc_1071009,"[107,101]",11,1,161,0,1,1,0,"[10,5]",0,"[[2000,50],[4000,200],[10000,500],[999999,900]]",1,10,[0],[0],[[0]],0,[0],icon_1071009,iconitem107,2,0,[1002],0,"[0,101]","[1999999,1]",[0],Cube,1,[0],1,
1071010,自拍杆,可伸塑料自拍杆，最长延伸1.2米，支持横竖拍模式切换，就是有点不稳。,itemName_1071010,itemName_1071010,itemDesc_1071010,"[107,101]",14,1,338,0,1,1,0,"[10,5]",0,"[[2000,50],[4000,200],[10000,500],[999999,900]]",1,3,[0],[0],[[0]],0,[0],icon_1071010,iconitem107,3,0,[1002],0,"[0,101]","[1999999,1]",[0],Cube,1,[0],1,
1072001,多功能读卡器,USB3.0四合一读卡器，支持SD/TF/CF/MS卡同时读取，传输速度最高100MB/s。,itemName_1072001,itemName_1072001,itemDesc_1072001,[107],11,2,401,0,1,1,0,"[10,5]",0,"[[2000,50],[4000,200],[10000,500],[999999,900]]",1,10,[0],[0],[[0]],0,[0],icon_1072001,iconitem107,4,0,[1002],0,"[0,102]","[2999999,1]",[0],Cube,1,[0],1,
1072002,笔记本散热器,铝合金材质笔记本散热支架，双静音风扇设计，三档风速调节，支持15-17英寸笔记本。,itemName_1072002,itemName_1072002,itemDesc_1072002,"[107,101]",22,2,1346,0,1,1,0,"[10,5]",0,"[[2000,50],[4000,200],[10000,500],[999999,900]]",1,3,[0],[0],[[0]],0,[0],icon_1072002,iconitem107,13,0,[1002],0,"[0,102]","[2999999,1]",[0],Cube,1,[0],1,
1072003,手机VR眼镜,折叠式VR眼镜盒，适配4-7英寸手机，支持瞳距调节，提供沉浸式观影游戏体验。,itemName_1072003,itemName_1072003,itemDesc_1072003,[107],21,2,613,0,1,1,0,"[10,5]",0,"[[2000,50],[4000,200],[10000,500],[999999,900]]",1,5,[0],[0],[[0]],0,[0],icon_1072003,iconitem107,6,0,[1002],0,"[0,102]","[2999999,1]",[0],Cube,1,[0],1,
1072004,有线游戏手柄,多平台兼容游戏手柄，双震动马达反馈，6轴陀螺仪，可编程按键设计，线长2米。,itemName_1072004,itemName_1072004,itemDesc_1072004,[107],21,2,505,0,1,1,0,"[10,5]",0,"[[2000,50],[4000,200],[10000,500],[999999,900]]",1,5,[0],[0],[[0]],0,[0],icon_1072004,iconitem107,5,0,[1002],0,"[0,102]","[2999999,1]",[0],Cube,1,[0],1,
1072005,键盘保护膜,全尺寸键盘硅胶保护膜，防水防尘，半透明设计不影响背光显示，适配主流笔记本型号。,itemName_1072005,itemName_1072005,itemDesc_1072005,"[107,101]",22,2,1411,0,1,1,0,"[10,5]",0,"[[2000,50],[4000,200],[10000,500],[999999,900]]",1,3,[0],[0],[[0]],0,[0],icon_1072005,iconitem107,14,0,[1002],0,"[0,102]","[2999999,1]",[0],Cube,1,[0],1,
1072006,快充数据线,尼龙编织Type-C数据线，支持100W快充和USB3.0数据传输，长度1.5米，耐用抗弯折。,itemName_1072006,itemName_1072006,itemDesc_1072006,"[107,101]",11,2,466,0,1,1,0,"[10,5]",0,"[[2000,50],[4000,200],[10000,500],[999999,900]]",1,10,[0],[0],[[0]],0,[0],icon_1072006,iconitem107,5,0,[1002],0,"[0,102]","[2999999,1]",[0],Cube,1,[0],1,
1072007,USB氛围灯,桌面RGB氛围灯，USB供电，10种光效模式可调，支持声控节奏同步，提升娱乐氛围。,itemName_1072007,itemName_1072007,itemDesc_1072007,"[107,101]",11,2,870,0,1,1,0,"[10,5]",0,"[[2000,50],[4000,200],[10000,500],[999999,900]]",1,10,[0],[0],[[0]],0,[0],icon_1072007,iconitem107,9,0,[1002],0,"[0,102]","[2999999,1]",[0],Cube,1,[0],1,
1072008,贴膜工具包,专业屏幕贴膜辅助工具套装，包含清洁布、除尘贴、刮卡和定位框架，通用型设计。,itemName_1072008,itemName_1072008,itemDesc_1072008,"[107,101]",11,2,420,0,1,1,0,"[10,5]",0,"[[2000,50],[4000,200],[10000,500],[999999,900]]",1,10,[0],[0],[[0]],0,[0],icon_1072008,iconitem107,4,0,[1002],0,"[0,102]","[2999999,1]",[0],Cube,1,[0],1,
1072009,蓝牙触控板,无线蓝牙触控板，支持多点触控手势操作，兼容Windows和Mac系统，内置锂电池。,itemName_1072009,itemName_1072009,itemDesc_1072009,[107],22,2,914,0,1,1,0,"[10,5]",0,"[[2000,50],[4000,200],[10000,500],[999999,900]]",1,3,[0],[0],[[0]],0,[0],icon_1072009,iconitem107,9,0,[1002],0,"[0,102]","[2999999,1]",[0],Cube,1,[0],1,
1072010,补光灯,直播用环形补光灯，三档色温（3000K-6000K）和亮度调节，支持手机支架安装。,itemName_1072010,itemName_1072010,itemDesc_1072010,[107],22,2,1166,0,1,1,0,"[10,5]",0,"[[2000,50],[4000,200],[10000,500],[999999,900]]",1,3,[0],[0],[[0]],0,[0],icon_1072010,iconitem107,12,0,[1002],0,"[0,102]","[2999999,1]",[0],Cube,1,[0],1,
1073001,绘图数位板,专业绘图数位板，8192级压感，10x6英寸工作区域，支持倾斜识别，兼容主流绘图软件。,itemName_1073001,itemName_1073001,itemDesc_1073001,[107],22,3,3893,0,1,1,0,"[10,5]",0,"[[2000,50],[4000,200],[10000,500],[999999,900]]",1,3,[0],[0],[[0]],0,[0],icon_1073001,iconitem107,39,0,[1002],0,"[0,103]","[2999999,1]",[0],Cube,1,[0],1,
1073002,录音笔,32GB智能录音笔，支持降噪录音和声纹识别，可转写文字，续航20小时连续录音。,itemName_1073002,itemName_1073002,itemDesc_1073002,[107],11,3,923,0,1,1,0,"[10,5]",0,"[[2000,50],[4000,200],[10000,500],[999999,900]]",1,10,[0],[0],[[0]],0,[0],icon_1073002,iconitem107,9,0,[1002],0,"[0,103]","[2999999,1]",[0],Cube,1,[0],1,
1073003,电子阅读器,6英寸电子墨水屏阅读器，16GB存储，支持多种电子书格式，护眼无蓝光设计。,itemName_1073003,itemName_1073003,itemDesc_1073003,[107],11,3,1005,0,1,1,0,"[10,5]",0,"[[2000,50],[4000,200],[10000,500],[999999,900]]",1,10,[0],[0],[[0]],0,[0],icon_1073003,iconitem107,10,0,[1002],0,"[0,103]","[2999999,1]",[0],Cube,1,[0],1,
1073004,便携游戏机,7英寸屏便携游戏机，内置50款经典游戏，支持HDMI输出，续航6小时。,itemName_1073004,itemName_1073004,itemDesc_1073004,[107],21,3,2133,0,1,1,0,"[10,5]",0,"[[2000,50],[4000,200],[10000,500],[999999,900]]",1,5,[0],[0],[[0]],0,[0],icon_1073004,iconitem107,21,0,[1002],0,"[0,103]","[2999999,1]",[0],Cube,1,[0],1,
1073005,机械键盘,87键机械键盘，青轴设计，RGB背光，支持全键无冲，游戏办公两用。,itemName_1073005,itemName_1073005,itemDesc_1073005,[107],21,3,2588,0,1,1,0,"[10,5]",0,"[[2000,50],[4000,200],[10000,500],[999999,900]]",1,3,[0],[0],[[0]],0,[0],icon_1073005,iconitem107,26,0,[1002],0,"[0,103]","[2999999,1]",[0],Cube,1,[0],1,
1073006,电竞显示器,24英寸IPS电竞显示器，165Hz刷新率，1ms响应时间，支持FreeSync防撕裂技术。,itemName_1073006,itemName_1073006,itemDesc_1073006,"[107,101]",33,3,7644,0,1,1,0,"[10,5]",0,"[[2000,50],[4000,200],[10000,500],[999999,900]]",1,1,[0],[0],[[0]],0,[0],icon_1073006,iconitem107,76,0,[1002],0,"[0,103]","[2999999,1]",[0],Cube,1,[0],1,
1073007,蓝牙音箱,便携式蓝牙音箱，360度环绕音效，IPX7防水等级，续航12小时，支持TWS配对。,itemName_1073007,itemName_1073007,itemDesc_1073007,[107],11,3,1651,0,1,1,0,"[10,5]",0,"[[2000,50],[4000,200],[10000,500],[999999,900]]",1,3,[0],[0],[[0]],0,[0],icon_1073007,iconitem107,17,0,[1002],0,"[0,103]","[2999999,1]",[0],Cube,1,[0],1,
1073008,游戏耳机,无线游戏耳机，7.1虚拟环绕声，50mm驱动单元，续航20小时，支持多平台。,itemName_1073008,itemName_1073008,itemDesc_1073008,[107],22,3,2541,0,1,1,0,"[10,5]",0,"[[2000,50],[4000,200],[10000,500],[999999,900]]",1,5,[0],[0],[[0]],0,[0],icon_1073008,iconitem107,25,0,[1002],0,"[0,103]","[2999999,1]",[0],Cube,1,[0],1,
1073009,网络摄像头,1080P高清网络摄像头，自动对焦，内置降噪麦克风，广角镜头，适合视频会议。,itemName_1073009,itemName_1073009,itemDesc_1073009,"[107,101]",11,3,1178,0,1,1,0,"[10,5]",0,"[[2000,50],[4000,200],[10000,500],[999999,900]]",1,10,[0],[0],[[0]],0,[0],icon_1073009,iconitem107,12,0,[1002],0,"[0,103]","[2999999,1]",[0],Cube,1,[0],1,
1073010,数位笔,无源压感数位笔，8192级压感，支持倾斜识别，双快捷键设计，兼容主流数位板。,itemName_1073010,itemName_1073010,itemDesc_1073010,[107],11,3,810,0,1,1,0,"[10,5]",0,"[[2000,50],[4000,200],[10000,500],[999999,900]]",1,10,[0],[0],[[0]],0,[0],icon_1073010,iconitem107,8,0,[1002],0,"[0,103]","[2999999,1]",[0],Cube,1,[0],1,
1074001,智能手表,智能健康监测手表，血氧、心率、睡眠监测，消息提醒，50米防水，续航7天。,itemName_1074001,itemName_1074001,itemDesc_1074001,"[107,101,102]",11,4,3960,0,1,1,0,"[10,5]",0,"[[2000,50],[4000,200],[10000,500],[999999,900]]",1,10,[0],[0],[[0]],0,[0],icon_1074001,iconitem107,40,0,[1002],0,"[0,104]","[2999999,1]",[0],Cube,1,[0],1,
1074002,VR头显,6DoF VR头盔，双OLED屏幕，110度视场角，支持PC VR内容，定位精准。,itemName_1074002,itemName_1074002,itemDesc_1074002,[107],22,4,12000,0,1,1,0,"[10,5]",0,"[[2000,50],[4000,200],[10000,500],[999999,900]]",1,3,[0],[0],[[0]],0,[0],icon_1074002,iconitem107,120,0,[1002],0,"[0,104]","[2999999,1]",[0],Cube,1,[0],1,
1074003,运动相机,4K运动摄像机，电子防抖技术，10米防水壳，支持语音控制，续航90分钟。,itemName_1074003,itemName_1074003,itemDesc_1074003,"[107,101]",11,4,2400,0,1,1,0,"[10,5]",0,"[[2000,50],[4000,200],[10000,500],[999999,900]]",1,10,[0],[0],[[0]],0,[0],icon_1074003,iconitem107,24,0,[1002],0,"[0,104]","[2999999,1]",[0],Cube,1,[0],1,
1074004,视频采集卡,4K60Hz视频采集卡，环出功能，支持直播推流，兼容主流游戏主机和相机。,itemName_1074004,itemName_1074004,itemDesc_1074004,[107],11,4,3120,0,1,1,0,"[10,5]",0,"[[2000,50],[4000,200],[10000,500],[999999,900]]",1,10,[0],[0],[[0]],0,[0],icon_1074004,iconitem107,31,0,[1002],0,"[0,104]","[2999999,1]",[0],Cube,1,[0],1,
1074005,赛车方向盘,力反馈赛车方向盘，900度旋转，三踏板设计，兼容PC和主流游戏主机。,itemName_1074005,itemName_1074005,itemDesc_1074005,[107],22,4,9604,0,1,1,0,"[10,5]",0,"[[2000,50],[4000,200],[10000,500],[999999,900]]",1,3,[0],[0],[[0]],0,[0],icon_1074005,iconitem107,96,0,[1002],0,"[0,104]","[2999999,1]",[0],Cube,1,[0],1,
1074006,平板电脑,12.4英寸OLED平板，120Hz刷新率，支持手写笔，办公娱乐两用。,itemName_1074006,itemName_1074006,itemDesc_1074006,[107],22,4,8360,0,1,1,0,"[10,5]",0,"[[2000,50],[4000,200],[10000,500],[999999,900]]",1,3,[0],[0],[[0]],0,[0],icon_1074006,iconitem107,84,0,[1002],0,"[0,104]","[2999999,1]",[0],Cube,1,[0],1,
1074007,彩色打印机,无线彩色喷墨打印机，支持手机直连，自动双面打印，家庭办公适用。,itemName_1074007,itemName_1074007,itemDesc_1074007,"[107,101]",32,4,14364,0,1,1,0,"[10,5]",0,"[[2000,50],[4000,200],[10000,500],[999999,900]]",1,2,[0],[0],[[0]],0,[0],icon_1074007,iconitem107,144,0,[1002],0,"[0,104]","[2999999,1]",[0],Cube,1,[0],1,
1074008,数位屏,13.3英寸数位屏，全贴合屏幕，8192级压感，支持倾斜识别，绘图创作。,itemName_1074008,itemName_1074008,itemDesc_1074008,[107],22,4,10500,0,1,1,0,"[10,5]",0,"[[2000,50],[4000,200],[10000,500],[999999,900]]",1,3,[0],[0],[[0]],0,[0],icon_1074008,iconitem107,105,0,[1002],0,"[0,104]","[2999999,1]",[0],Cube,1,[0],1,
1074009,电脑主板,ATX电竞主板，支持最新处理器，PCIe4.0接口，RGB灯效，高效散热设计。,itemName_1074009,itemName_1074009,itemDesc_1074009,[107],22,4,11880,0,1,1,0,"[10,5]",0,"[[2000,50],[4000,200],[10000,500],[999999,900]]",1,3,[0],[0],[[0]],0,[0],icon_1074009,iconitem107,119,0,[1002],0,"[0,104]","[2999999,1]",[0],Cube,1,[0],1,
1074010,显卡扩展坞,雷电3显卡扩展坞，支持全尺寸显卡，40Gbps传输速率，笔记本性能提升方案。,itemName_1074010,itemName_1074010,itemDesc_1074010,[107],33,4,19096,0,1,1,0,"[10,5]",0,"[[2000,50],[4000,200],[10000,500],[999999,900]]",1,1,[0],[0],[[0]],0,[0],icon_1074010,iconitem107,191,0,[1002],0,"[0,104]","[2999999,1]",[0],Cube,1,[0],1,
1075001,曲面带鱼屏显示器,49英寸超宽曲面显示器，240Hz刷新率，QLED面板，HDR1000认证。,itemName_1075001,itemName_1075001,itemDesc_1075001,[107],32,5,54495,0,1,1,0,"[10,5]",0,"[[2000,50],[4000,200],[10000,500],[999999,900]]",1,2,[0],[0],[[0]],0,[0],icon_1075001,iconitem107,545,0,[1002],0,"[0,105]","[2999999,1]",[0],Cube,1,[0],1,
1075002,旗舰手机,影像旗舰智能手机，1英寸主摄，高刷屏幕，旗舰处理器，32GB内存+1TB存储空间。,itemName_1075002,itemName_1075002,itemDesc_1075002,"[107,101]",11,5,7800,0,1,1,0,"[10,5]",0,"[[2000,50],[4000,200],[10000,500],[999999,900]]",1,10,[0],[0],[[0]],0,[0],icon_1075002,iconitem107,78,0,[1002],0,"[0,105]","[2999999,1]",[0],Cube,1,[0],1,
1075003,全画幅微单,全画幅微单相机，3300万像素，4K60P视频，五轴防抖，高速连拍。,itemName_1075003,itemName_1075003,itemDesc_1075003,[107],22,5,37800,0,1,1,0,"[10,5]",0,"[[2000,50],[4000,200],[10000,500],[999999,900]]",1,3,[0],[0],[[0]],0,[0],icon_1075003,iconitem107,378,0,[1002],0,"[0,105]","[2999999,1]",[0],Cube,1,[0],1,
1075004,高端VR套装,5K分辨率VR头盔套装，基站定位系统，120Hz刷新率，沉浸式体验。,itemName_1075004,itemName_1075004,itemDesc_1075004,[107],32,5,51660,0,1,1,0,"[10,5]",0,"[[2000,50],[4000,200],[10000,500],[999999,900]]",1,2,[0],[0],[[0]],0,[0],icon_1075004,iconitem107,517,0,[1002],0,"[0,105]","[2999999,1]",[0],Cube,1,[0],1,
1075005,移动工作站,17英寸移动工作站，专业显卡，64GB内存，2TB SSD，创作设计利器。,itemName_1075005,itemName_1075005,itemDesc_1075005,[107],33,5,78120,0,1,1,0,"[10,5]",0,"[[2000,50],[4000,200],[10000,500],[999999,900]]",1,1,[0],[0],[[0]],0,[0],icon_1075005,iconitem107,781,0,[1002],0,"[0,105]","[2999999,1]",[0],Cube,1,[0],1,
1075006,长焦镜头,70-200mm长焦镜头，F2.8恒定光圈，光学防抖，专业人像和运动摄影。,itemName_1075006,itemName_1075006,itemDesc_1075006,[107],11,5,12675,0,1,1,0,"[10,5]",0,"[[2000,50],[4000,200],[10000,500],[999999,900]]",1,10,[0],[0],[[0]],0,[0],icon_1075006,iconitem107,127,0,[1002],0,"[0,105]","[2999999,1]",[0],Cube,1,[0],1,
1075007,行业无人机,行业级无人机，RTK厘米级定位，热成像相机，45分钟续航，测绘巡检专用。,itemName_1075007,itemName_1075007,itemDesc_1075007,[107],22,5,41850,0,1,1,0,"[10,5]",0,"[[2000,50],[4000,200],[10000,500],[999999,900]]",1,3,[0],[0],[[0]],0,[0],icon_1075007,iconitem107,419,0,[1002],0,"[0,105]","[2999999,1]",[0],Cube,1,[0],1,
1075008,专业声卡,专业录音声卡，192kHz/24bit采样，双话放，支持乐器直录，录音棚品质。,itemName_1075008,itemName_1075008,itemDesc_1075008,[107],21,5,19845,0,1,1,0,"[10,5]",0,"[[2000,50],[4000,200],[10000,500],[999999,900]]",1,5,[0],[0],[[0]],0,[0],icon_1075008,iconitem107,198,0,[1002],0,"[0,105]","[2999999,1]",[0],Cube,1,[0],1,
1075009,数字调音台,16路数字调音台，支持蓝牙连接，内置效果器，多平台兼容，现场演出适用。,itemName_1075009,itemName_1075009,itemDesc_1075009,[107],33,5,70140,0,1,1,0,"[10,5]",0,"[[2000,50],[4000,200],[10000,500],[999999,900]]",1,1,[0],[0],[[0]],0,[0],icon_1075009,iconitem107,701,0,[1002],0,"[0,105]","[2999999,1]",[0],Cube,1,[0],1,
1075010,电影定焦镜头,电影定焦镜头组，T1.5大光圈，全金属镜身，专业电影拍摄。,itemName_1075010,itemName_1075010,itemDesc_1075010,[107],11,5,14850,0,1,1,0,"[10,5]",0,"[[2000,50],[4000,200],[10000,500],[999999,900]]",1,10,[0],[0],[[0]],0,[0],icon_1075010,iconitem107,149,0,[1002],0,"[0,105]","[2999999,1]",[0],Cube,1,[0],1,
1075011,服务器机柜,服务器机柜，用来组合安装面板、插件、插箱、电子元件、器件和机械零件与部件，使其构成一个整体的安装箱。服务器机柜由框架和盖板（门）组成，一般具有长方体的外形，落地放置。它为电子设备正常工作提供相适应的环境和安全防护。,itemName_1075011,itemName_1075011,itemDesc_1075011,[107],35,5,97382,0,1,1,0,"[10,5]",0,"[[2000,50],[4000,200],[10000,500],[999999,900]]",1,10,[0],[0],[[0]],0,[0],icon_1075011,iconitem107,974,0,[1002],0,"[0,105]","[2999999,1]",[0],Cube,1,[0],1,
1076001,电影级摄影机,6K电影摄影机，13档动态范围，双原生ISO，EF卡口，专业影视制作。,itemName_1076001,itemName_1076001,itemDesc_1076001,[107],32,6,258760,0,1,1,0,"[10,5]",0,"[[2000,50],[4000,200],[10000,500],[999999,900]]",1,2,[0],[0],[[0]],0,[0],icon_1076001,iconitem107,2588,0,[1002],0.0328209030948757,"[0,106]","[1999999,1]",[0],Cube,1,[0],1,
1076002,全画幅相机,旗舰全画幅相机，5010万像素，8K30P视频，高速连拍，专业摄影师首选。,itemName_1076002,itemName_1076002,itemDesc_1076002,[107],22,6,186900,0,1,1,0,"[10,5]",0,"[[2000,50],[4000,200],[10000,500],[999999,900]]",1,3,[0],[0],[[0]],0,[0],icon_1076002,iconitem107,1869,0,[1002],0.0237062404870624,"[0,106]","[1999999,1]",[0],Cube,1,[0],1,
1076003,中画幅相机,中画幅无反相机，1亿像素，16bit色深，五轴防抖，商业摄影利器。,itemName_1076003,itemName_1076003,itemDesc_1076003,[107],22,6,122600,0,1,1,0,"[10,5]",0,"[[2000,50],[4000,200],[10000,500],[999999,900]]",1,3,[0],[0],[[0]],0,[0],icon_1076003,iconitem107,1226,0,[1002],0.0155504819888382,"[0,106]","[1999999,1]",[0],Cube,1,[0],1,
1076004,AI服务器,四路AI服务器，支持多张加速卡，深度学习训练，科学计算平台。,itemName_1076004,itemName_1076004,itemDesc_1076004,[107],23,6,470400,0,1,1,0,"[10,5]",0,"[[2000,50],[4000,200],[10000,500],[999999,900]]",1,2,[0],[0],[[0]],0,[0],icon_1076004,iconitem107,4704,0,[1002],0.0596651445966514,"[0,106]","[1999999,1]",[0],Cube,1,[0],1,
1076005,GPU计算柜,8卡GPU计算集群，液冷散热，支持大规模并行计算，人工智能研究。,itemName_1076005,itemName_1076005,itemDesc_1076005,[107],35,6,375000,0,1,1,0,"[10,5]",0,"[[2000,50],[4000,200],[10000,500],[999999,900]]",1,1,[0],[0],[[0]],0,[0],icon_1076005,iconitem107,3750,0,[1002],0.0475646879756469,"[0,106]","[1999999,1]",[0],Cube,1,[0],1,
1076006,麒麟处理器芯片,麒麟芯片是旗舰级移动处理器，以卓越的AI算力、高效能和流畅体验为核心，是高端智能设备的强大核心。,itemName_1076006,itemName_1076006,itemDesc_1076006,[107],11,6,54600,0,1,1,0,"[10,5]",0,"[[2000,50],[4000,200],[10000,500],[999999,900]]",1,10,[0],[0],[[0]],0,[0],icon_1076006,iconitem107,546,0,[1002],0.00692541856925419,"[0,106]","[1999999,1]",[0],Cube,1,[0],1,
1076007,土豆服务器,竞拍之王官方服务器，师承育碧由土豆组成，经常出现黑客攻击和各类网络问题,itemName_1076007,itemName_1076007,itemDesc_1076007,[107],32,6,990000,0,1,1,0,"[10,5]",0,"[[2000,50],[4000,200],[10000,500],[999999,900]]",1,10,[0],[0],[[0]],0,[0],icon_1076007,iconitem107,9900,0,[1002],0.125570776255708,"[0,106]","[1999999,1]",[0],Cube,1,[0],1,
1081001,雨刮胶条,硅胶材质雨刮胶条，无骨设计，静音刮水，适配多款轿车前挡风玻璃。,itemName_1081001,itemName_1081001,itemDesc_1081001,[108],13,1,112,0,1,1,0,"[10,5]",0,"[[2000,50],[4000,200],[10000,500],[999999,900]]",1,3,[0],[0],[[0]],0,[0],icon_1081001,iconitem108,1,0,[1002],0,"[0,101]","[1999999,1]",[0],Cube,1,[0],1,
1081002,反光贴纸,车身安全反光贴，3M钻石级反光材料，夜间提升车辆辨识度。,itemName_1081002,itemName_1081002,itemDesc_1081002,[108],11,1,168,0,1,1,0,"[10,5]",0,"[[2000,50],[4000,200],[10000,500],[999999,900]]",1,10,[0],[0],[[0]],0,[0],icon_1081002,iconitem108,2,0,[1002],0,"[0,101]","[1999999,1]",[0],Cube,1,[0],1,
1081003,玻璃水,-25℃防冻玻璃清洗液，快速溶解虫胶油污，保护雨刮胶条。,itemName_1081003,itemName_1081003,itemDesc_1081003,[108],11,1,185,0,1,1,0,"[10,5]",0,"[[2000,50],[4000,200],[10000,500],[999999,900]]",1,10,[0],[0],[[0]],0,[0],icon_1081003,iconitem108,2,0,[1002],0,"[0,101]","[1999999,1]",[0],Cube,1,[0],1,
1081004,车用毛巾,超细纤维擦车巾，吸水性强，不留水痕，清洁车身内饰。,itemName_1081004,itemName_1081004,itemDesc_1081004,"[108,101]",22,1,315,0,1,1,0,"[10,5]",0,"[[2000,50],[4000,200],[10000,500],[999999,900]]",1,5,[0],[0],[[0]],0,[0],icon_1081004,iconitem108,3,0,[1002],0,"[0,101]","[1999999,1]",[0],Cube,1,[0],1,
1081005,挪车牌,临时停车号码牌，可隐藏数字设计，保护隐私。,itemName_1081005,itemName_1081005,itemDesc_1081005,"[108,101]",21,1,340,0,1,1,0,"[10,5]",0,"[[2000,50],[4000,200],[10000,500],[999999,900]]",1,5,[0],[0],[[0]],0,[0],icon_1081005,iconitem108,3,0,[1002],0,"[0,101]","[1999999,1]",[0],Cube,1,[0],1,
1081006,遮阳挡,前挡风玻璃遮阳板，铝箔反射层，夏季降温防紫外线。,itemName_1081006,itemName_1081006,itemDesc_1081006,[108],21,1,754,0,1,1,0,"[10,5]",0,"[[2000,50],[4000,200],[10000,500],[999999,900]]",1,5,[0],[0],[[0]],0,[0],icon_1081006,iconitem108,8,0,[1002],0,"[0,101]","[1999999,1]",[0],Cube,1,[0],1,
1081007,空气滤芯,高流量空气滤清器，提升发动机进气效率，可清洗重复使用。,itemName_1081007,itemName_1081007,itemDesc_1081007,[108],11,1,170,0,1,1,0,"[10,5]",0,"[[2000,50],[4000,200],[10000,500],[999999,900]]",1,10,[0],[0],[[0]],0,[0],icon_1081007,iconitem108,2,0,[1002],0,"[0,101]","[1999999,1]",[0],Cube,1,[0],1,
1081008,木板车,结构极其简单的木质手推车，单轴两轮，依靠人力拖拉，用于短距离搬运少量重物。,itemName_1081008,itemName_1081008,itemDesc_1081008,[108],42,1,609,0,1,1,0,"[10,5]",0,"[[2000,50],[4000,200],[10000,500],[999999,900]]",1,1,[0],[0],[[0]],0,[0],icon_1081008,iconitem108,6,0,[1002],0,"[0,101]","[1999999,1]",[0],Cube,1,[0],1,
1081009,临时停车牌,LED发光临时停车牌，USB充电，夜间清晰可见。,itemName_1081009,itemName_1081009,itemDesc_1081009,"[108,101]",11,1,200,0,1,1,0,"[10,5]",0,"[[2000,50],[4000,200],[10000,500],[999999,900]]",1,10,[0],[0],[[0]],0,[0],icon_1081009,iconitem108,2,0,[1002],0,"[0,101]","[1999999,1]",[0],Cube,1,[0],1,
1081010,车用拖车绳,5吨拖车绳，4米长度，带挂钩，紧急救援使用。,itemName_1081010,itemName_1081010,itemDesc_1081010,[108],12,1,277,0,1,1,0,"[10,5]",0,"[[2000,50],[4000,200],[10000,500],[999999,900]]",1,5,[0],[0],[[0]],0,[0],icon_1081010,iconitem108,3,0,[1002],0,"[0,101]","[1999999,1]",[0],Cube,1,[0],1,
1082001,车衣,全车防尘车衣，牛津布材质，防水防晒，适配中型轿车。,itemName_1082001,itemName_1082001,itemDesc_1082001,"[108,101]",31,2,2297,0,1,1,0,"[10,5]",0,"[[2000,50],[4000,200],[10000,500],[999999,900]]",1,3,[0],[0],[[0]],0,[0],icon_1082001,iconitem108,23,0,[1002],0,"[0,102]","[2999999,1]",[0],Cube,1,[0],1,
1082002,车载充气泵,12V电动充气泵，数显胎压监测，预设压力自动停止。,itemName_1082002,itemName_1082002,itemDesc_1082002,[108],21,2,804,0,1,1,0,"[10,5]",0,"[[2000,50],[4000,200],[10000,500],[999999,900]]",1,5,[0],[0],[[0]],0,[0],icon_1082002,iconitem108,8,0,[1002],0,"[0,102]","[2999999,1]",[0],Cube,1,[0],1,
1082003,行车记录仪,1080P高清行车记录仪，170度广角，夜视增强，循环录像。,itemName_1082003,itemName_1082003,itemDesc_1082003,"[108,107]",11,2,979,0,1,1,0,"[10,5]",0,"[[2000,50],[4000,200],[10000,500],[999999,900]]",1,10,[0],[0],[[0]],0,[0],icon_1082003,iconitem108,10,0,[1002],0,"[0,102]","[2999999,1]",[0],Cube,1,[0],1,
1082004,备胎,非全尺寸备胎，钢制轮毂，适配紧凑型轿车，临时应急使用。,itemName_1082004,itemName_1082004,itemDesc_1082004,[108],33,2,1426,0,1,1,0,"[10,5]",0,"[[2000,50],[4000,200],[10000,500],[999999,900]]",1,1,[0],[0],[[0]],0,[0],icon_1082004,iconitem108,14,0,[1002],0,"[0,102]","[2999999,1]",[0],Cube,1,[0],1,
1082005,蓄电池,12V 60AH汽车蓄电池，免维护设计，启动电流550A。,itemName_1082005,itemName_1082005,itemDesc_1082005,"[108,107]",22,2,806,0,1,1,0,"[10,5]",0,"[[2000,50],[4000,200],[10000,500],[999999,900]]",1,3,[0],[0],[[0]],0,[0],icon_1082005,iconitem108,8,0,[1002],0,"[0,102]","[2999999,1]",[0],Cube,1,[0],1,
1082006,安全锤,集成割刀和破窗锤功能，在车辆落水或变形等紧急情况下，可快速割断安全带、破窗逃生。,itemName_1082006,itemName_1082006,itemDesc_1082006,"[108,104]",11,2,466,0,1,1,0,"[10,5]",0,"[[2000,50],[4000,200],[10000,500],[999999,900]]",1,10,[0],[0],[[0]],0,[0],icon_1082006,iconitem108,5,0,[1002],0,"[0,102]","[2999999,1]",[0],Cube,1,[0],1,
1082007,辅助轮儿童自行车,带着辅助轮能够显著的帮助儿童学习骑自行车，不过这大小也仅够儿童使用。,itemName_1082007,itemName_1082007,itemDesc_1082007,"[108,101]",22,2,1440,0,1,1,0,"[10,5]",0,"[[2000,50],[4000,200],[10000,500],[999999,900]]",1,3,[0],[0],[[0]],0,[0],icon_1082007,iconitem108,14,0,[1002],0,"[0,102]","[2999999,1]",[0],Cube,1,[0],1,
1082008,绞盘,9500磅电动绞盘，钢丝绳，遥控操作，越野救援装备。,itemName_1082008,itemName_1082008,itemDesc_1082008,[108],22,2,1835,0,1,1,0,"[10,5]",0,"[[2000,50],[4000,200],[10000,500],[999999,900]]",1,3,[0],[0],[[0]],0,[0],icon_1082008,iconitem108,18,0,[1002],0,"[0,102]","[2999999,1]",[0],Cube,1,[0],1,
1082009,手推货运车,金属框架配合两个万向轮和两个定向轮，载物平台较大，省力且转向灵活，用于物流搬运。,itemName_1082009,itemName_1082009,itemDesc_1082009,"[108,101]",22,2,1210,0,1,1,0,"[10,5]",0,"[[2000,50],[4000,200],[10000,500],[999999,900]]",1,3,[0],[0],[[0]],0,[0],icon_1082009,iconitem108,12,0,[1002],0,"[0,102]","[2999999,1]",[0],Cube,1,[0],1,
1082010,儿童安全座椅,符合安全标准的婴幼儿座椅，五点式安全带，可调节角度，ISOFIX接口固定，保障出行安全。,itemName_1082010,itemName_1082010,itemDesc_1082010,"[108,101,102]",22,2,1130,0,1,1,0,"[10,5]",0,"[[2000,50],[4000,200],[10000,500],[999999,900]]",1,3,[0],[0],[[0]],0,[0],icon_1082010,iconitem108,11,0,[1002],0,"[0,102]","[2999999,1]",[0],Cube,1,[0],1,
1082011,电动三轮车,电动三轮车是一种以电力驱动的三轮机动车，通常用于短途运输和代步。,itemName_1082011,itemName_1082011,itemDesc_1082011,"[108,107,101]",43,2,5129,0,1,1,0,"[10,5]",0,"[[2000,50],[4000,200],[10000,500],[999999,900]]",1,3,[0],[0],[[0]],0,[0],icon_1082011,iconitem108,51,0,[1002],0,"[0,102]","[2999999,1]",[0],Cube,1,[0],1,
1083001,电动踏板,SUV专用电动迎宾踏板，承重500kg，LED灯带照明。,itemName_1083001,itemName_1083001,itemDesc_1083001,"[108,107,101]",21,3,6258,0,1,1,0,"[10,5]",0,"[[2000,50],[4000,200],[10000,500],[999999,900]]",1,5,[0],[0],[[0]],0,[0],icon_1083001,iconitem108,63,0,[1002],0,"[0,103]","[2999999,1]",[0],Cube,1,[0],1,
1083002,倒车雷达,四探头倒车雷达系统，语音报警，0.3-2.5米探测范围。,itemName_1083002,itemName_1083002,itemDesc_1083002,"[108,107]",22,3,3488,0,1,1,0,"[10,5]",0,"[[2000,50],[4000,200],[10000,500],[999999,900]]",1,3,[0],[0],[[0]],0,[0],icon_1083002,iconitem108,35,0,[1002],0,"[0,103]","[2999999,1]",[0],Cube,1,[0],1,
1083003,电动滑板车,可折叠设计，续航30公里，时速20公里/小时，是解决最后一公里通勤的便捷个人交通工具。,itemName_1083003,itemName_1083003,itemDesc_1083003,"[108,107,101]",22,3,4118,0,1,1,0,"[10,5]",0,"[[2000,50],[4000,200],[10000,500],[999999,900]]",1,3,[0],[0],[[0]],0,[0],icon_1083003,iconitem108,41,0,[1002],0,"[0,103]","[2999999,1]",[0],Cube,1,[0],1,
1083004,氙气大灯,汽车氙气大灯套件，35W安定器，色温4300K，亮度提升300%。,itemName_1083004,itemName_1083004,itemDesc_1083004,"[108,107]",11,3,1388,0,1,1,0,"[10,5]",0,"[[2000,50],[4000,200],[10000,500],[999999,900]]",1,10,[0],[0],[[0]],0,[0],icon_1083004,iconitem108,14,0,[1002],0,"[0,103]","[2999999,1]",[0],Cube,1,[0],1,
1083005,越野轮胎,AT全地形胎，花纹深且粗犷，提供泥地、沙地良好抓地力，是SUV轻度改装首选。,itemName_1083005,itemName_1083005,itemDesc_1083005,[108],33,3,4915,0,1,1,0,"[10,5]",0,"[[2000,50],[4000,200],[10000,500],[999999,900]]",1,1,[0],[0],[[0]],0,[0],icon_1083005,iconitem108,49,0,[1002],0,"[0,103]","[2999999,1]",[0],Cube,1,[0],1,
1083006,小型汽油发电机,额定功率2kW，四冲程发动机，可为户外作业、露营或应急情况提供220V交流电源。,itemName_1083006,itemName_1083006,itemDesc_1083006,"[108,101]",33,3,4410,0,1,1,0,"[10,5]",0,"[[2000,50],[4000,200],[10000,500],[999999,900]]",1,1,[0],[0],[[0]],0,[0],icon_1083006,iconitem108,44,0,[1002],0,"[0,103]","[2999999,1]",[0],Cube,1,[0],1,
1083007,桶装汽油,一整桶的高价值汽油，适用于绝大多数车型，记得不能喝。,itemName_1083007,itemName_1083007,itemDesc_1083007,"[108,104]",24,3,3173,0,1,1,0,"[10,5]",0,"[[2000,50],[4000,200],[10000,500],[999999,900]]",1,1,[0],[0],[[0]],0,[0],icon_1083007,iconitem108,32,0,[1002],0,"[0,103]","[2999999,1]",[0],Cube,1,[0],1,
1083008,拖车钩,方口拖车钩，带球头，最大牵引重量2吨。,itemName_1083008,itemName_1083008,itemDesc_1083008,"[108,104]",11,3,1470,0,1,1,0,"[10,5]",0,"[[2000,50],[4000,200],[10000,500],[999999,900]]",1,10,[0],[0],[[0]],0,[0],icon_1083008,iconitem108,15,0,[1002],0,"[0,103]","[2999999,1]",[0],Cube,1,[0],1,
1083009,进气歧管,铝合金进气歧管，优化进气效率，提升发动机响应速度。,itemName_1083009,itemName_1083009,itemDesc_1083009,[108],22,3,4208,0,1,1,0,"[10,5]",0,"[[2000,50],[4000,200],[10000,500],[999999,900]]",1,3,[0],[0],[[0]],0,[0],icon_1083009,iconitem108,42,0,[1002],0,"[0,103]","[2999999,1]",[0],Cube,1,[0],1,
1083010,摩托车骑行服,耐磨面料配合肩、肘、背部的CE认证护具，提供全面保护，通风设计提升骑行舒适度。,itemName_1083010,itemName_1083010,itemDesc_1083010,"[108,101,103]",23,3,3906,0,1,1,0,"[10,5]",0,"[[2000,50],[4000,200],[10000,500],[999999,900]]",1,2,[0],[0],[[0]],0,[0],icon_1083010,iconitem108,39,0,[1002],0,"[0,103]","[2999999,1]",[0],Cube,1,[0],1,
1083011,小型面包车,面包车是指前后没有突出的发动机仓和行李仓，就像一个面包一样的车辆统称。,itemName_1083011,itemName_1083011,itemDesc_1083011,"[108,101]",53,3,14659,0,1,1,0,"[10,5]",0,"[[2000,50],[4000,200],[10000,500],[999999,900]]",1,2,[0],[0],[[0]],0,[0],icon_1083011,iconitem108,147,0,[1002],0,"[0,103]","[2999999,1]",[0],Cube,1,[0],1,
1084001,高级驾驶辅助系统,后装模块，实现自适应巡航、车道保持等功能，提升长途驾驶的舒适性和安全性。,itemName_1084001,itemName_1084001,itemDesc_1084001,"[108,107]",22,4,11940,0,1,1,0,"[10,5]",0,"[[2000,50],[4000,200],[10000,500],[999999,900]]",1,3,[0],[0],[[0]],0,[0],icon_1084001,iconitem108,119,0,[1002],0,"[0,104]","[2999999,1]",[0],Cube,1,[0],1,
1084002,全地形卡丁车,200cc汽油发动机，坚固车架，越野轮胎，适合在特定场地内体验驾驶乐趣，操作简单。,itemName_1084002,itemName_1084002,itemDesc_1084002,[108],33,4,22064,0,1,1,0,"[10,5]",0,"[[2000,50],[4000,200],[10000,500],[999999,900]]",1,1,[0],[0],[[0]],0,[0],icon_1084002,iconitem108,221,0,[1002],0,"[0,104]","[2999999,1]",[0],Cube,1,[0],1,
1084003,混合动力单元,并联式混合动力系统，回收制动能量，辅助加速，有效降低城市路况的燃油消耗。,itemName_1084003,itemName_1084003,itemDesc_1084003,[108],33,4,15680,0,1,1,0,"[10,5]",0,"[[2000,50],[4000,200],[10000,500],[999999,900]]",1,1,[0],[0],[[0]],0,[0],icon_1084003,iconitem108,157,0,[1002],0,"[0,104]","[2999999,1]",[0],Cube,1,[0],1,
1084004,电动摩托车,最高时速40KM/小时，续航60公里，适合在城镇交通使用,itemName_1084004,itemName_1084004,itemDesc_1084004,"[108,101]",32,4,10080,0,1,1,0,"[10,5]",0,"[[2000,50],[4000,200],[10000,500],[999999,900]]",1,2,[0],[0],[[0]],0,[0],icon_1084004,iconitem108,101,0,[1002],0,"[0,104]","[2999999,1]",[0],Cube,1,[0],1,
1084005,赛车座椅,碳纤维赛车座椅，五点式安全带槽，轻量化设计。,itemName_1084005,itemName_1084005,itemDesc_1084005,[108],33,4,18872,0,1,1,0,"[10,5]",0,"[[2000,50],[4000,200],[10000,500],[999999,900]]",1,1,[0],[0],[[0]],0,[0],icon_1084005,iconitem108,189,0,[1002],0,"[0,104]","[2999999,1]",[0],Cube,1,[0],1,
1084006,超级电动车电池组,超级电动车专用电池组，作为替换件能够大幅度增加电动车续航至1000KM,itemName_1084006,itemName_1084006,itemDesc_1084006,[108],32,4,12296,0,1,1,0,"[10,5]",0,"[[2000,50],[4000,200],[10000,500],[999999,900]]",1,2,[0],[0],[[0]],0,[0],icon_1084006,iconitem108,123,0,[1002],0,"[0,104]","[2999999,1]",[0],Cube,1,[0],1,
1084007,专业级充气泵,大功率金属气缸，可快速为汽车、SUV轮胎充气，并能给大型充气床、橡皮艇充放气。,itemName_1084007,itemName_1084007,itemDesc_1084007,[108],22,4,10620,0,1,1,0,"[10,5]",0,"[[2000,50],[4000,200],[10000,500],[999999,900]]",1,3,[0],[0],[[0]],0,[0],icon_1084007,iconitem108,106,0,[1002],0,"[0,104]","[2999999,1]",[0],Cube,1,[0],1,
1084008,隐藏式行车记录仪,专车专用，安装于前挡风玻璃黑点区，与原车融为一体，录制清晰，停车监控耗电低。,itemName_1084008,itemName_1084008,itemDesc_1084008,"[108,107,101]",11,4,2600,0,1,1,0,"[10,5]",0,"[[2000,50],[4000,200],[10000,500],[999999,900]]",1,10,[0],[0],[[0]],0,[0],icon_1084008,iconitem108,26,0,[1002],0,"[0,104]","[2999999,1]",[0],Cube,1,[0],1,
1084009,车辆定位器,基于GPS+LBS定位，手机APP实时查询车辆位置、行驶轨迹，具备电子围栏和震动报警。,itemName_1084009,itemName_1084009,itemDesc_1084009,"[108,107]",11,4,3940,0,1,1,0,"[10,5]",0,"[[2000,50],[4000,200],[10000,500],[999999,900]]",1,10,[0],[0],[[0]],0,[0],icon_1084009,iconitem108,39,0,[1002],0,"[0,104]","[2999999,1]",[0],Cube,1,[0],1,
1084010,无线CarPlay盒子,将有线CarPlay转换为无线连接，上车自动连接，手机导航、音乐无缝体验，极为便捷。,itemName_1084010,itemName_1084010,itemDesc_1084010,"[108,107]",11,4,3040,0,1,1,0,"[10,5]",0,"[[2000,50],[4000,200],[10000,500],[999999,900]]",1,10,[0],[0],[[0]],0,[0],icon_1084010,iconitem108,30,0,[1002],0,"[0,104]","[2999999,1]",[0],Cube,1,[0],1,
1084011,隆中牌制动间隙自动调整臂,隆中牌制动间隙自动调整臂，该物品是汽车气压制动系统中的一个重要总成。制动间隙自动调整臂能自动识别并及时地调整制动蹄片磨损增大的间隙，使制动间隙始终稳定保持在初始设计范围，保证汽车的行驶安全。该制动间隙自动调整臂由中国隆中控股集团制造，从2001年开始研发生产制，如今销售与研发该产品均处于世界外领先地位。,itemName_1084011,itemName_1084011,itemDesc_1084011,[108],12,4,7655,0,1,1,0,"[10,5]",0,"[[2000,50],[4000,200],[10000,500],[999999,900]]",1,5,[0],[0],[[0]],0,[0],icon_1084011,iconitem108,77,0,[1002],0,"[0,104]","[2999999,1]",[0],Cube,1,[0],1,
1085001,碳纤维轮毂,极致轻量化，减少簧下质量，显著提升加速、刹车和操控性能，赛道竞技和顶级改装用。,itemName_1085001,itemName_1085001,itemDesc_1085001,[108],22,5,31950,0,1,1,0,"[10,5]",0,"[[2000,50],[4000,200],[10000,500],[999999,900]]",1,3,[0],[0],[[0]],0,[0],icon_1085001,iconitem108,320,0,[1002],0,"[0,105]","[2999999,1]",[0],Cube,1,[0],1,
1085002,竞技离合器套件,强化压盘和摩擦片，承受更大扭矩，换挡直接，适用于大马力前驱车或赛道驾驶。,itemName_1085002,itemName_1085002,itemDesc_1085002,[108],22,5,34425,0,1,1,0,"[10,5]",0,"[[2000,50],[4000,200],[10000,500],[999999,900]]",1,3,[0],[0],[[0]],0,[0],icon_1085002,iconitem108,344,0,[1002],0,"[0,105]","[2999999,1]",[0],Cube,1,[0],1,
1085003,可调式尾翼,新型碳纤维材质，可在驾驶中调节攻角，为车辆在高速时提供必需的下压力，增强稳定性。,itemName_1085003,itemName_1085003,itemDesc_1085003,[108],32,5,39690,0,1,1,0,"[10,5]",0,"[[2000,50],[4000,200],[10000,500],[999999,900]]",1,2,[0],[0],[[0]],0,[0],icon_1085003,iconitem108,397,0,[1002],0,"[0,105]","[2999999,1]",[0],Cube,1,[0],1,
1085004,赛车方向盘,Alcantara包裹，体积小巧，提供直接路感，快拆设计，方便驾驶员进出竞技车辆。,itemName_1085004,itemName_1085004,itemDesc_1085004,"[108,112]",22,5,25875,0,1,1,0,"[10,5]",0,"[[2000,50],[4000,200],[10000,500],[999999,900]]",1,3,[0],[0],[[0]],0,[0],icon_1085004,iconitem108,259,0,[1002],0,"[0,105]","[2999999,1]",[0],Cube,1,[0],1,
1085005,竞技避震套装,绞牙避震，可精确调节车身高度、阻尼，是提升车辆过弯极限的核心改装件，需专业调校。,itemName_1085005,itemName_1085005,itemDesc_1085005,[108],33,5,51240,0,1,1,0,"[10,5]",0,"[[2000,50],[4000,200],[10000,500],[999999,900]]",1,1,[0],[0],[[0]],0,[0],icon_1085005,iconitem108,512,0,[1002],0,"[0,105]","[2999999,1]",[0],Cube,1,[0],1,
1085006,氢燃料电池堆栈,通过氢氧反应发电，排放物仅为水，是清洁能源汽车的重要技术路径之一，效率高。,itemName_1085006,itemName_1085006,itemDesc_1085006,[108],33,5,101400,0,1,1,0,"[10,5]",0,"[[2000,50],[4000,200],[10000,500],[999999,900]]",1,1,[0],[0],[[0]],0,[0],icon_1085006,iconitem108,1014,0,[1002],0,"[0,105]","[2999999,1]",[0],Cube,1,[0],1,
1085007,轻量化锂电池,替换原车铅酸电池，重量极轻，放电性能优异，有助于车辆减重，提升功率重量比。,itemName_1085007,itemName_1085007,itemDesc_1085007,[108],44,5,199900,0,1,1,0,"[10,5]",0,"[[2000,50],[4000,200],[10000,500],[999999,900]]",1,1,[0],[0],[[0]],0,[0],icon_1085007,iconitem108,1999,0,[1002],0,"[0,105]","[2999999,1]",[0],Cube,1,[0],1,
1085008,豪华旅行摩托车,大排量，舒适坐姿，完备风阻保护，音响、定速巡航等配置齐全，专为长途公路骑行设计。,itemName_1085008,itemName_1085008,itemDesc_1085008,"[108,101,103]",33,5,77700,0,1,1,0,"[10,5]",0,"[[2000,50],[4000,200],[10000,500],[999999,900]]",1,1,[0],[0],[[0]],0,[0],icon_1085008,iconitem108,777,0,[1002],0,"[0,105]","[2999999,1]",[0],Cube,1,[0],1,
1085009,单人郊游快艇,仅限单人使用，最高时速40KM/小时，续航可达100KM，可应付海钓、湖钓等多个场景。,itemName_1085009,itemName_1085009,itemDesc_1085009,"[108,101]",63,5,106500,0,1,1,0,"[10,5]",0,"[[2000,50],[4000,200],[10000,500],[999999,900]]",1,1,[0],[0],[[0]],0,[0],icon_1085009,iconitem108,1065,0,[1002],0,"[0,105]","[2999999,1]",[0],Cube,1,[0],1,
1085010,私人飞机租赁证明,指一定时长内使用轻型螺旋桨飞机的权益，提供高效、私密的点对点旅行。,itemName_1085010,itemName_1085010,itemDesc_1085010,"[108,101]",11,5,11175,0,1,1,0,"[10,5]",0,"[[2000,50],[4000,200],[10000,500],[999999,900]]",1,10,[0],[0],[[0]],0,[0],icon_1085010,iconitem108,112,0,[1002],0,"[0,105]","[2999999,1]",[0],Cube,1,[0],1,
1085011,隆中牌气压盘式制动器,"隆中牌气压盘式制动器，是汽车制动系统的重要组件，在制动响应时间、抗热衰退性及制动效能稳定性方面表现优异，且无制动增势作用，制动过程平和,能大大改善商用车的制动噪声问题提高商用车制动系统的环保性和舒适性。在隆中集团研发创新后采用新的盘式制动器采用双推分体式结构技术后使产品更加耐用和有利于产品后期的保养.。",itemName_1085011,itemName_1085011,itemDesc_1085011,[108],22,5,45231,0,1,1,0,"[10,5]",0,"[[2000,50],[4000,200],[10000,500],[999999,900]]",1,10,[0],[0],[[0]],0,[0],icon_1085011,iconitem108,452,0,[1002],0,"[0,105]","[2999999,1]",[0],Cube,1,[0],1,
1086001,碳纤维单体壳车身,F1赛车同源技术，极致轻量化和高刚性，是顶级超跑和赛车的核心结构，造价惊人。,itemName_1086001,itemName_1086001,itemDesc_1086001,[108],44,6,444000,0,1,1,0,"[10,5]",0,"[[2000,50],[4000,200],[10000,500],[999999,900]]",1,1,[0],[0],[[0]],0,[0],icon_1086001,iconitem108,4440,0,[1002],0.0563165905631659,"[0,106]","[1999999,1]",[0],Cube,1,[0],1,
1086002,超级跑车钥匙,拥有一辆超跑，极致的性能机器，追求最高速度、最强加速和犀利操控，是汽车工业技术的金字塔尖。,itemName_1086002,itemName_1086002,itemDesc_1086002,"[108,103]",11,6,1495000,0,1,1,0,"[10,5]",0,"[[2000,50],[4000,200],[10000,500],[999999,900]]",1,10,[0],[0],[[0]],0,[0],icon_1086002,iconitem108,14950,0,[1002],0.189624556062912,"[0,106]","[1999999,1]",[0],Cube,1,[0],1,
1086003,重型巡航摩托车,超大排量V型双缸发动机，扭矩充沛，造型威猛，配备顶级音响和舒适配置，公路之王。,itemName_1086003,itemName_1086003,itemDesc_1086003,"[108,103]",43,6,357040,0,1,1,0,"[10,5]",0,"[[2000,50],[4000,200],[10000,500],[999999,900]]",1,1,[0],[0],[[0]],0,[0],icon_1086003,iconitem108,3570,0,[1002],0.0452866565195332,"[0,106]","[1999999,1]",[0],Cube,1,[0],1,
1086004,私人直升机黑匣子,拥有一架轻型单发直升机的证明，可垂直起降，灵活性极高，用于商务接送、旅游观光、紧急医疗等。,itemName_1086004,itemName_1086004,itemDesc_1086004,[108],22,6,1688400,0,1,1,0,"[10,5]",0,"[[2000,50],[4000,200],[10000,500],[999999,900]]",1,3,[0],[0],[[0]],0,[0],icon_1086004,iconitem108,16884,0,[1002],0.214155251141553,"[0,106]","[1999999,1]",[0],Cube,1,[0],1,
1086005,可控核聚变电池包,试验中的动力电池技术，拥有超量的电量储备同时也兼具着安全性。,itemName_1086005,itemName_1086005,itemDesc_1086005,[108],22,6,362400,0,1,1,0,"[10,5]",0,"[[2000,50],[4000,200],[10000,500],[999999,900]]",1,3,[0],[0],[[0]],0,[0],icon_1086005,iconitem108,3624,0,[1002],0.0459665144596651,"[0,106]","[1999999,1]",[0],Cube,1,[0],1,
1086006,全集成AI自动驾驶系统,集成了激光雷达、毫米波雷达、摄像头的L4级以上自动驾驶解决方案，重塑未来交通。,itemName_1086006,itemName_1086006,itemDesc_1086006,"[108,107]",11,6,68800,0,1,1,0,"[10,5]",0,"[[2000,50],[4000,200],[10000,500],[999999,900]]",1,1,[0],[0],[[0]],0,[0],icon_1086006,iconitem108,688,0,[1002],0.00872653475393201,"[0,106]","[1999999,1]",[0],Cube,1,[0],1,
1086007,民用垂直起降飞行器,eVTOL飞行器，旨在解决城市拥堵，实现空中出租车式,itemName_1086007,itemName_1086007,itemDesc_1086007,[108],53,6,452800,0,1,1,0,"[10,5]",0,"[[2000,50],[4000,200],[10000,500],[999999,900]]",1,0,[0],[0],[[0]],0,[0],icon_1086007,iconitem108,4528,0,[1002],0.0574327752409944,"[0,106]","[1999999,1]",[0],Cube,1,[0],1,
1086008,时尚轿跑,是融合轿车日常实用性与跑车运动美学、潮流设计语言的车型，以溜背车顶、低趴宽体、运动套件为标志性外观，兼顾驾驶乐趣与通勤功能，是都市年轻群体、追求个性的消费者青睐的座驾。,itemName_1086008,itemName_1086008,itemDesc_1086008,"[108,103]",53,6,293400,0,1,1,0,"[10,5]",0,"[[2000,50],[4000,200],[10000,500],[999999,900]]",1,0,[0],[0],[[0]],0,[0],icon_1086008,iconitem108,2934,0,[1002],0.0372146118721461,"[0,106]","[1999999,1]",[0],Cube,1,[0],1,
1091001,苹果,产自温带果园，清脆多汁，酸甜适中，是日常最常见的水果之一，富含维生素，利于健康。,itemName_1091001,itemName_1091001,itemDesc_1091001,[109],11,1,200,0,1,1,0,"[10,5]",0,"[[2000,50],[4000,200],[10000,500],[999999,900]]",1,10,[0],[0],[[0]],0,[0],icon_1091001,iconitem109,2,0,[1002],0,"[0,101]","[1999999,1]",[0],Cube,1,[0],1,
1091002,初榨菜籽油,采用物理压榨工艺制成的植物油，色泽清亮，烟点较高，适合煎炒，是厨房里的万能油。,itemName_1091002,itemName_1091002,itemDesc_1091002,[109],12,1,344,0,1,1,0,"[10,5]",0,"[[2000,50],[4000,200],[10000,500],[999999,900]]",1,5,[0],[0],[[0]],0,[0],icon_1091002,iconitem109,3,0,[1002],0,"[0,101]","[1999999,1]",[0],Cube,1,[0],1,
1091003,老坛酸菜,传统工艺腌制的大叶芥菜，酸爽开胃，是制作酸菜鱼、炖粉条等家常菜肴的灵魂配料。,itemName_1091003,itemName_1091003,itemDesc_1091003,[109],22,1,486,0,1,1,0,"[10,5]",0,"[[2000,50],[4000,200],[10000,500],[999999,900]]",1,3,[0],[0],[[0]],0,[0],icon_1091003,iconitem109,5,0,[1002],0,"[0,101]","[1999999,1]",[0],Cube,1,[0],1,
1091004,阳光小麦粉,优质小麦研磨而成，粉质细腻，筋度适中，是制作面条、馒头、饺子等面食的基础原料。,itemName_1091004,itemName_1091004,itemDesc_1091004,[109],23,1,437,0,1,1,0,"[10,5]",0,"[[2000,50],[4000,200],[10000,500],[999999,900]]",1,2,[0],[0],[[0]],0,[0],icon_1091004,iconitem109,4,0,[1002],0,"[0,101]","[1999999,1]",[0],Cube,1,[0],1,
1091005,农家土鸡蛋,散养鸡所产，蛋黄颜色深黄，蛋清浓稠，营养价值高，是优质蛋白质的来源。,itemName_1091005,itemName_1091005,itemDesc_1091005,[109],11,1,107,0,1,1,0,"[10,5]",0,"[[2000,50],[4000,200],[10000,500],[999999,900]]",1,10,[0],[0],[[0]],0,[0],icon_1091005,iconitem109,1,0,[1002],0,"[0,101]","[1999999,1]",[0],Cube,1,[0],1,
1091006,风干腊肉,冬季以盐和香料腌制后经长时间风干而成，肉质紧实，咸香诱人，可蒸可炒。,itemName_1091006,itemName_1091006,itemDesc_1091006,[109],21,1,320,0,1,1,0,"[10,5]",0,"[[2000,50],[4000,200],[10000,500],[999999,900]]",1,5,[0],[0],[[0]],0,[0],icon_1091006,iconitem109,3,0,[1002],0,"[0,101]","[1999999,1]",[0],Cube,1,[0],1,
1091007,花椒,味道麻香浓烈，是制作麻辣菜肴不可或缺的调料，能有效去腥增香，刺激食欲。,itemName_1091007,itemName_1091007,itemDesc_1091007,[109],11,1,150,0,1,1,0,"[10,5]",0,"[[2000,50],[4000,200],[10000,500],[999999,900]]",1,10,[0],[0],[[0]],0,[0],icon_1091007,iconitem109,2,0,[1002],0,"[0,101]","[1999999,1]",[0],Cube,1,[0],1,
1091008,黑胡椒粉,由黑胡椒粒研磨而成，辛香开胃，常用于西餐牛排、浓汤及中餐的馅料调味。,itemName_1091008,itemName_1091008,itemDesc_1091008,[109],11,1,139,0,1,1,0,"[10,5]",0,"[[2000,50],[4000,200],[10000,500],[999999,900]]",1,10,[0],[0],[[0]],0,[0],icon_1091008,iconitem109,1,0,[1002],0,"[0,101]","[1999999,1]",[0],Cube,1,[0],1,
1091009,白砂糖,由甘蔗或甜菜提炼的精制糖，甜味纯正，是制作甜品、饮料和日常调味的必需品。,itemName_1091009,itemName_1091009,itemDesc_1091009,[109],11,1,192,0,1,1,0,"[10,5]",0,"[[2000,50],[4000,200],[10000,500],[999999,900]]",1,10,[0],[0],[[0]],0,[0],icon_1091009,iconitem109,2,0,[1002],0,"[0,101]","[1999999,1]",[0],Cube,1,[0],1,
1091010,淀粉肠,以土豆淀粉为主料制成的经典街头小吃，外观焦黄酥脆，内里软糯弹牙。虽无肉香，却是夜市灵魂，刷上酱料便成为无数人舌尖上的童年记忆与平价慰藉，承载着最朴素的烟火气,itemName_1091010,itemName_1091010,itemDesc_1091010,[109],11,1,186,0,1,1,0,"[10,5]",0,"[[2000,50],[4000,200],[10000,500],[999999,900]]",1,10,[0],[0],[[0]],0,[0],icon_1091010,iconitem109,2,0,[1002],0,"[0,101]","[1999999,1]",[0],Cube,1,[0],1,
1092001,古法红糖,传统连环锅熬制，保留甘蔗原香，甜而不腻，带有焦香，常用于滋补糖水。,itemName_1092001,itemName_1092001,itemDesc_1092001,"[109,102]",11,2,458,0,1,1,0,"[10,5]",0,"[[2000,50],[4000,200],[10000,500],[999999,900]]",1,10,[0],[0],[[0]],0,[0],icon_1092001,iconitem109,5,0,[1002],0,"[0,102]","[2999999,1]",[0],Cube,1,[0],1,
1092002,烟熏辣椒粉,特定品种辣椒经果木熏烤后研磨成粉，带有独特的烟熏香气和温和的辣度。,itemName_1092002,itemName_1092002,itemDesc_1092002,[109],11,2,473,0,1,1,0,"[10,5]",0,"[[2000,50],[4000,200],[10000,500],[999999,900]]",1,10,[0],[0],[[0]],0,[0],icon_1092002,iconitem109,5,0,[1002],0,"[0,102]","[2999999,1]",[0],Cube,1,[0],1,
1092003,精酿啤酒,小型酒厂限量酿造，麦芽和啤酒花风味突出，口感层次丰富，优于工业拉格。,itemName_1092003,itemName_1092003,itemDesc_1092003,[109],12,2,346,0,1,1,0,"[10,5]",0,"[[2000,50],[4000,200],[10000,500],[999999,900]]",1,10,[0],[0],[[0]],0,[0],icon_1092003,iconitem109,3,0,[1002],0,"[0,102]","[2999999,1]",[0],Cube,1,[0],1,
1092004,海盐,通过日晒海水而得，颗粒较粗，含有海洋矿物质，味道清透，适合煎烤海鲜。,itemName_1092004,itemName_1092004,itemDesc_1092004,[109],11,2,360,0,1,1,0,"[10,5]",0,"[[2000,50],[4000,200],[10000,500],[999999,900]]",1,10,[0],[0],[[0]],0,[0],icon_1092004,iconitem109,4,0,[1002],0,"[0,102]","[2999999,1]",[0],Cube,1,[0],1,
1092005,桂皮,樟科植物树皮，卷曲成筒状，香气浓郁辛甜，是卤肉、红烧菜肴不可或缺的香料。,itemName_1092005,itemName_1092005,itemDesc_1092005,"[109,102]",11,2,475,0,1,1,0,"[10,5]",0,"[[2000,50],[4000,200],[10000,500],[999999,900]]",1,10,[0],[0],[[0]],0,[0],icon_1092005,iconitem109,5,0,[1002],0,"[0,102]","[2999999,1]",[0],Cube,1,[0],1,
1092006,手打鱼丸,选用新鲜海鱼，手工刮肉反复捶打而成，口感弹牙，味道鲜美，可煮汤或涮锅。,itemName_1092006,itemName_1092006,itemDesc_1092006,[109],11,2,480,0,1,1,0,"[10,5]",0,"[[2000,50],[4000,200],[10000,500],[999999,900]]",1,10,[0],[0],[[0]],0,[0],icon_1092006,iconitem109,5,0,[1002],0,"[0,102]","[2999999,1]",[0],Cube,1,[0],1,
1092007,风干香肠,肥瘦相间的猪肉用肠衣灌制，经长时间风干，肉质紧实，风味浓郁，蒸熟切片即食。,itemName_1092007,itemName_1092007,itemDesc_1092007,[109],21,2,635,0,1,1,0,"[10,5]",0,"[[2000,50],[4000,200],[10000,500],[999999,900]]",1,5,[0],[0],[[0]],0,[0],icon_1092007,iconitem109,6,0,[1002],0,"[0,102]","[2999999,1]",[0],Cube,1,[0],1,
1092008,芝麻香油,炒熟芝麻小磨榨取，香气扑鼻，常用于凉拌菜或菜肴出锅前淋上，画龙点睛。,itemName_1092008,itemName_1092008,itemDesc_1092008,[109],11,2,430,0,1,1,0,"[10,5]",0,"[[2000,50],[4000,200],[10000,500],[999999,900]]",1,10,[0],[0],[[0]],0,[0],icon_1092008,iconitem109,4,0,[1002],0,"[0,102]","[2999999,1]",[0],Cube,1,[0],1,
1092009,糯米酒,糯米发酵而成的低度酒，酒精度低，味道甘甜，常作为烹饪料酒或直接饮用。,itemName_1092009,itemName_1092009,itemDesc_1092009,[109],12,2,446,0,1,1,0,"[10,5]",0,"[[2000,50],[4000,200],[10000,500],[999999,900]]",1,10,[0],[0],[[0]],0,[0],icon_1092009,iconitem109,4,0,[1002],0,"[0,102]","[2999999,1]",[0],Cube,1,[0],1,
1092010,黑巧克力,可可含量70%以上，微苦中带甜，口感丝滑，富含抗氧化物，是健康零食选择。,itemName_1092010,itemName_1092010,itemDesc_1092010,[109],11,2,262,0,1,1,0,"[10,5]",0,"[[2000,50],[4000,200],[10000,500],[999999,900]]",1,10,[0],[0],[[0]],0,[0],icon_1092010,iconitem109,3,0,[1002],0,"[0,102]","[2999999,1]",[0],Cube,1,[0],1,
1093001,十年花雕酒,绍兴特产黄酒，陈放十年，酒色琥珀，香气醇厚，既可饮用，也是烹饪中去腥增香的佳品。,itemName_1093001,itemName_1093001,itemDesc_1093001,[109],23,3,3285,0,1,1,0,"[10,5]",0,"[[2000,50],[4000,200],[10000,500],[999999,900]]",1,2,[0],[0],[[0]],0,[0],icon_1093001,iconitem109,33,0,[1002],0,"[0,103]","[2999999,1]",[0],Cube,1,[0],1,
1093002,雪水云绿茶,浙江省桐庐县特有的针形绿茶，外形呈现单芽针形绿润似剑，冲泡时芽芯沉浮如剑锋出鞘，具有清香持久、鲜爽回甘的品质特征,itemName_1093002,itemName_1093002,itemDesc_1093002,[109],11,3,1350,0,1,1,0,"[10,5]",0,"[[2000,50],[4000,200],[10000,500],[999999,900]]",1,10,[0],[0],[[0]],0,[0],icon_1093002,iconitem109,14,0,[1002],0,"[0,103]","[2999999,1]",[0],Cube,1,[0],1,
1093003,意大利黑醋,传统工艺酿造，经木桶陈年，酸味柔和，带有葡萄的甜香，适合拌沙拉或配奶酪。,itemName_1093003,itemName_1093003,itemDesc_1093003,[109],11,3,938,0,1,1,0,"[10,5]",0,"[[2000,50],[4000,200],[10000,500],[999999,900]]",1,10,[0],[0],[[0]],0,[0],icon_1093003,iconitem109,9,0,[1002],0,"[0,103]","[2999999,1]",[0],Cube,1,[0],1,
1093004,熟成火腿,经过至少36个月风干熟成的猪后腿，肉质嫣红，脂肪分布如大理石纹路，风味深邃。,itemName_1093004,itemName_1093004,itemDesc_1093004,[109],23,3,5261,0,1,1,0,"[10,5]",0,"[[2000,50],[4000,200],[10000,500],[999999,900]]",1,2,[0],[0],[[0]],0,[0],icon_1093004,iconitem109,53,0,[1002],0,"[0,103]","[2999999,1]",[0],Cube,1,[0],1,
1093005,单一麦芽威士忌,源自同一家蒸馏厂，在橡木桶中陈年至少十年，风味独特，带有烟熏、果干等气息。,itemName_1093005,itemName_1093005,itemDesc_1093005,[109],21,3,2484,0,1,1,0,"[10,5]",0,"[[2000,50],[4000,200],[10000,500],[999999,900]]",1,5,[0],[0],[[0]],0,[0],icon_1093005,iconitem109,25,0,[1002],0,"[0,103]","[2999999,1]",[0],Cube,1,[0],1,
1093006,帕玛森奶酪,意大利硬质干酪，陈放24个月以上，咸香浓郁，磨碎后用于意面、烩饭，风味绝佳。,itemName_1093006,itemName_1093006,itemDesc_1093006,[109],11,3,1125,0,1,1,0,"[10,5]",0,"[[2000,50],[4000,200],[10000,500],[999999,900]]",1,10,[0],[0],[[0]],0,[0],icon_1093006,iconitem109,11,0,[1002],0,"[0,103]","[2999999,1]",[0],Cube,1,[0],1,
1093007,手磨咖啡豆,阿拉比卡咖啡豆，中深度烘焙，带有坚果、巧克力风味，现磨现煮，香气迷人。,itemName_1093007,itemName_1093007,itemDesc_1093007,[109],21,3,1863,0,1,1,0,"[10,5]",0,"[[2000,50],[4000,200],[10000,500],[999999,900]]",1,5,[0],[0],[[0]],0,[0],icon_1093007,iconitem109,19,0,[1002],0,"[0,103]","[2999999,1]",[0],Cube,1,[0],1,
1093008,苹果白兰地,用苹果发酵后蒸馏并陈年，酒体晶莹，果香馥郁，口感醇和，饭后饮用尤佳。,itemName_1093008,itemName_1093008,itemDesc_1093008,[109],12,3,848,0,1,1,0,"[10,5]",0,"[[2000,50],[4000,200],[10000,500],[999999,900]]",1,10,[0],[0],[[0]],0,[0],icon_1093008,iconitem109,8,0,[1002],0,"[0,103]","[2999999,1]",[0],Cube,1,[0],1,
1093009,蓝纹奶酪,内部有蓝绿色纹路，风味强烈独特，初尝可能不适，但细品后会有浓郁回味。,itemName_1093009,itemName_1093009,itemDesc_1093009,[109],33,3,4578,0,1,1,0,"[10,5]",0,"[[2000,50],[4000,200],[10000,500],[999999,900]]",1,1,[0],[0],[[0]],0,[0],icon_1093009,iconitem109,46,0,[1002],0,"[0,103]","[2999999,1]",[0],Cube,1,[0],1,
1093010,鱼子酱,取自养殖鲟鱼，颗粒饱满，色泽黑亮，口感爆破感强，咸鲜味十足，奢华开胃菜。,itemName_1093010,itemName_1093010,itemDesc_1093010,[109],11,3,983,0,1,1,0,"[10,5]",0,"[[2000,50],[4000,200],[10000,500],[999999,900]]",1,10,[0],[0],[[0]],0,[0],icon_1093010,iconitem109,10,0,[1002],0,"[0,103]","[2999999,1]",[0],Cube,1,[0],1,
1094001,二十年汾酒,清香型白酒典范，陶坛贮存二十年，酒体清澈，香气清雅，入口绵甜，回味悠长。,itemName_1094001,itemName_1094001,itemDesc_1094001,[109],22,4,11280,0,1,1,0,"[10,5]",0,"[[2000,50],[4000,200],[10000,500],[999999,900]]",1,3,[0],[0],[[0]],0,[0],icon_1094001,iconitem109,113,0,[1002],0,"[0,104]","[2999999,1]",[0],Cube,1,[0],1,
1094002,蓝山咖啡豆,牙买加蓝山地区产，均衡的酸、苦、甜味，口感顺滑，醇香浓郁，咖啡爱好者追求。,itemName_1094002,itemName_1094002,itemDesc_1094002,[109],12,4,5040,0,1,1,0,"[10,5]",0,"[[2000,50],[4000,200],[10000,500],[999999,900]]",1,5,[0],[0],[[0]],0,[0],icon_1094002,iconitem109,50,0,[1002],0,"[0,104]","[2999999,1]",[0],Cube,1,[0],1,
1094003,黑钻松露,冬季采集，香气极其浓郁，需经验丰富的猎犬寻找，珍贵稀有的顶级厨房钻石。,itemName_1094003,itemName_1094003,itemDesc_1094003,[109],11,4,2100,0,1,1,0,"[10,5]",0,"[[2000,50],[4000,200],[10000,500],[999999,900]]",1,10,[0],[0],[[0]],0,[0],icon_1094003,iconitem109,21,0,[1002],0,"[0,104]","[2999999,1]",[0],Cube,1,[0],1,
1094004,冰酒,葡萄在藤上自然冰冻后采摘压榨，糖分高度浓缩，酒体金黄，酸甜平衡，如蜜般甘醇。,itemName_1094004,itemName_1094004,itemDesc_1094004,[109],12,4,4788,0,1,1,0,"[10,5]",0,"[[2000,50],[4000,200],[10000,500],[999999,900]]",1,5,[0],[0],[[0]],0,[0],icon_1094004,iconitem109,48,0,[1002],0,"[0,104]","[2999999,1]",[0],Cube,1,[0],1,
1094005,特级初榨茶油,油茶籽冷榨，烟点高，富含不饱和脂肪酸，营养价值极高，适合中式热炒和凉拌。,itemName_1094005,itemName_1094005,itemDesc_1094005,[109],12,4,5076,0,1,1,0,"[10,5]",0,"[[2000,50],[4000,200],[10000,500],[999999,900]]",1,5,[0],[0],[[0]],0,[0],icon_1094005,iconitem109,51,0,[1002],0,"[0,104]","[2999999,1]",[0],Cube,1,[0],1,
1094006,熟成和牛,A5等级和牛，经过适当干式熟成，肉味更加浓缩，脂肪氧化产生坚果和奶酪的香气。,itemName_1094006,itemName_1094006,itemDesc_1094006,[109],22,4,6540,0,1,1,0,"[10,5]",0,"[[2000,50],[4000,200],[10000,500],[999999,900]]",1,3,[0],[0],[[0]],0,[0],icon_1094006,iconitem109,65,0,[1002],0,"[0,104]","[2999999,1]",[0],Cube,1,[0],1,
1094007,西班牙藏红花,手工采摘雌蕊柱头，色泽鲜艳，香气独特，是制作西班牙海鲜饭等菜肴的关键香料。,itemName_1094007,itemName_1094007,itemDesc_1094007,"[109,102]",11,4,2160,0,1,1,0,"[10,5]",0,"[[2000,50],[4000,200],[10000,500],[999999,900]]",1,10,[0],[0],[[0]],0,[0],icon_1094007,iconitem109,22,0,[1002],0,"[0,104]","[2999999,1]",[0],Cube,1,[0],1,
1094008,伊比利亚火腿,西班牙黑蹄猪后腿，海盐腌制后经长时间风干，油花均匀，咸香浓郁，入口即化。,itemName_1094008,itemName_1094008,itemDesc_1094008,[109],23,4,16212,0,1,1,0,"[10,5]",0,"[[2000,50],[4000,200],[10000,500],[999999,900]]",1,2,[0],[0],[[0]],0,[0],icon_1094008,iconitem109,162,0,[1002],0,"[0,104]","[2999999,1]",[0],Cube,1,[0],1,
1094009,猫屎咖啡,源自印尼椰子猫消化发酵的稀有咖啡豆，经人工挑选后烘焙。口感醇厚丝滑，带有独特巧克力与果香，因产量稀少且工艺复杂，成为全球咖啡鉴赏家追捧的奢侈饮品。,itemName_1094009,itemName_1094009,itemDesc_1094009,[109],11,4,3920,0,1,1,0,"[10,5]",0,"[[2000,50],[4000,200],[10000,500],[999999,900]]",1,10,[0],[0],[[0]],0,[0],icon_1094009,iconitem109,39,0,[1002],0,"[0,104]","[2999999,1]",[0],Cube,1,[0],1,
1094010,蓝龙虾,大西洋特定海域的基因变种龙虾，外壳呈蓝色，肉质格外饱满鲜甜，出水后需快速烹饪。,itemName_1094010,itemName_1094010,itemDesc_1094010,[109],22,4,6960,0,1,1,0,"[10,5]",0,"[[2000,50],[4000,200],[10000,500],[999999,900]]",1,3,[0],[0],[[0]],0,[0],icon_1094010,iconitem109,70,0,[1002],0,"[0,104]","[2999999,1]",[0],Cube,1,[0],1,
1095001,酱香忘情水,倾杯如见前尘，挂杯似舍难分。入口是陈年酱香的醇厚，入喉却是挥别的决绝。微苦回甘间，往事渐渐模糊——这一盏，不是让你忘记疼，是让你终于能与自己和解。,itemName_1095001,itemName_1095001,itemDesc_1095001,[109],12,5,18600,0,1,1,0,"[10,5]",0,"[[2000,50],[4000,200],[10000,500],[999999,900]]",1,5,[0],[0],[[0]],0,[0],icon_1095001,iconitem109,186,0,[1002],0,"[0,105]","[2999999,1]",[0],Cube,1,[0],1,
1095002,西湖龙井明前,清明节前采摘的顶级龙井，形美、色翠、香郁、味醇，堪称国茶典范，产量稀少。,itemName_1095002,itemName_1095002,itemDesc_1095002,[109],11,5,12825,0,1,1,0,"[10,5]",0,"[[2000,50],[4000,200],[10000,500],[999999,900]]",1,10,[0],[0],[[0]],0,[0],icon_1095002,iconitem109,128,0,[1002],0,"[0,105]","[2999999,1]",[0],Cube,1,[0],1,
1095003,伊比利亚橡果火腿,猪只在最后阶段仅以橡果为食，火腿脂肪清爽，带有坚果香气，是火腿中的皇冠。,itemName_1095003,itemName_1095003,itemDesc_1095003,[109],23,5,54180,0,1,1,0,"[10,5]",0,"[[2000,50],[4000,200],[10000,500],[999999,900]]",1,1,[0],[0],[[0]],0,[0],icon_1095003,iconitem109,542,0,[1002],0,"[0,105]","[2999999,1]",[0],Cube,1,[0],1,
1095004,野生皇冠鱼子酱,取自年龄20年以上的大白鲟，卵粒硕大，颜色从灰黑到浅灰，口感如奶油般细腻融化。,itemName_1095004,itemName_1095004,itemDesc_1095004,[109],11,5,12600,0,1,1,0,"[10,5]",0,"[[2000,50],[4000,200],[10000,500],[999999,900]]",1,10,[0],[0],[[0]],0,[0],icon_1095004,iconitem109,126,0,[1002],0,"[0,105]","[2999999,1]",[0],Cube,1,[0],1,
1095005,白松露,阿尔巴白松露，香气比黑松露更强烈且难以保存，价格昂贵，通常现刨于菜品上。,itemName_1095005,itemName_1095005,itemDesc_1095005,[109],11,5,33000,0,1,1,0,"[10,5]",0,"[[2000,50],[4000,200],[10000,500],[999999,900]]",1,10,[0],[0],[[0]],0,[0],icon_1095005,iconitem109,330,0,[1002],0,"[0,105]","[2999999,1]",[0],Cube,1,[0],1,
1095006,金芽普洱茶,精选古树茶金色芽头压制，茶汤金黄透亮，滋味甜润，兰香蜜韵显著，陈化潜力巨大。,itemName_1095006,itemName_1095006,itemDesc_1095006,[109],11,5,49200,0,1,1,0,"[10,5]",0,"[[2000,50],[4000,200],[10000,500],[999999,900]]",1,10,[0],[0],[[0]],0,[0],icon_1095006,iconitem109,492,0,[1002],0,"[0,105]","[2999999,1]",[0],Cube,1,[0],1,
1095007,蓝鳍金枪鱼腹,鱼腹部位（Toro）脂肪含量极高，如雪花般分布，入口即化，是制作顶级寿司的食材。,itemName_1095007,itemName_1095007,itemDesc_1095007,[109],22,5,42975,0,1,1,0,"[10,5]",0,"[[2000,50],[4000,200],[10000,500],[999999,900]]",1,3,[0],[0],[[0]],0,[0],icon_1095007,iconitem109,430,0,[1002],0,"[0,105]","[2999999,1]",[0],Cube,1,[0],1,
1095008,康帝葡萄酒,勃艮第顶级名庄出品，产量极少，口感极致优雅细腻，复杂度高，是葡萄酒爱好者圣杯。,itemName_1095008,itemName_1095008,itemDesc_1095008,[109],12,5,19600,0,1,1,0,"[10,5]",0,"[[2000,50],[4000,200],[10000,500],[999999,900]]",1,5,[0],[0],[[0]],0,[0],icon_1095008,iconitem109,196,0,[1002],0,"[0,105]","[2999999,1]",[0],Cube,1,[0],1,
1095009,野生大红袍,源自武夷山母树的无性繁殖后代，岩韵明显，香气持久，是乌龙茶中的极品。,itemName_1095009,itemName_1095009,itemDesc_1095009,[109],11,5,29025,0,1,1,0,"[10,5]",0,"[[2000,50],[4000,200],[10000,500],[999999,900]]",1,10,[0],[0],[[0]],0,[0],icon_1095009,iconitem109,290,0,[1002],0,"[0,105]","[2999999,1]",[0],Cube,1,[0],1,
1095010,手作羊奶酪,采用特定品种奶羊的乳汁，手工制作，在特定洞穴中熟成，风味独特且富有层次感。,itemName_1095010,itemName_1095010,itemDesc_1095010,[109],22,5,39600,0,1,1,0,"[10,5]",0,"[[2000,50],[4000,200],[10000,500],[999999,900]]",1,3,[0],[0],[[0]],0,[0],icon_1095010,iconitem109,396,0,[1002],0,"[0,105]","[2999999,1]",[0],Cube,1,[0],1,
1096001,罗曼尼康帝,勃艮第葡萄酒之王，独占特级园，年产量仅数千瓶，口感无比深邃复杂，平衡感无与伦比。,itemName_1096001,itemName_1096001,itemDesc_1096001,[109],12,6,92880,0,1,1,0,"[10,5]",0,"[[2000,50],[4000,200],[10000,500],[999999,900]]",1,5,[0],[0],[[0]],0,[0],icon_1096001,iconitem109,929,0,[1002],0.0117808219178082,"[0,106]","[1999999,1]",[0],Cube,1,[0],1,
1096002,武夷山母树大红袍,源自仅存的几棵千年母树，现已禁采，市场上流通的皆为早年藏品，象征意义大于饮用价值。,itemName_1096002,itemName_1096002,itemDesc_1096002,[109],11,6,390000,0,1,1,0,"[10,5]",0,"[[2000,50],[4000,200],[10000,500],[999999,900]]",1,10,[0],[0],[[0]],0,[0],icon_1096002,iconitem109,3900,0,[1002],0.0494672754946728,"[0,106]","[1999999,1]",[0],Cube,1,[0],1,
1096003,藏区冬虫夏草,生长在青藏高原高海拔地区，为虫菌结合体，被视为名贵滋补中药材，采挖困难。,itemName_1096003,itemName_1096003,itemDesc_1096003,"[109,102]",12,6,168000,0,1,1,0,"[10,5]",0,"[[2000,50],[4000,200],[10000,500],[999999,900]]",1,10,[0],[0],[[0]],0,[0],icon_1096003,iconitem109,1680,0,[1002],0.0213089802130898,"[0,106]","[1999999,1]",[0],Cube,1,[0],1,
1096004,佛跳墙,中国闽菜首席名品，以鲍鱼、海参、鱼翅等十八种山珍海味入坛，辅以高汤与绍兴酒文火慢炖。坛启荤香飘四邻，佛闻弃禅跳墙来，寓意「汇聚山海精华，成就至鲜至醇」,itemName_1096004,itemName_1096004,itemDesc_1096004,[109],11,6,68100,0,1,1,0,"[10,5]",0,"[[2000,50],[4000,200],[10000,500],[999999,900]]",1,10,[0],[0],[[0]],0,[0],icon_1096004,iconitem109,681,0,[1002],0.00863774733637747,"[0,106]","[1999999,1]",[0],Cube,1,[0],1,
1096005,野生大黄鱼,东海野生大黄鱼，因过度捕捞已极为稀有，体型硕大者更是可遇不可求，宴席压轴菜。,itemName_1096005,itemName_1096005,itemDesc_1096005,[109],21,6,127260,0,1,1,0,"[10,5]",0,"[[2000,50],[4000,200],[10000,500],[999999,900]]",1,5,[0],[0],[[0]],0,[0],icon_1096005,iconitem109,1273,0,[1002],0.0161415525114155,"[0,106]","[1999999,1]",[0],Cube,1,[0],1,
1096006,陈年干邑,大香槟区生命之水，在利穆赞橡木桶中陈酿半个世纪以上，口感无比醇厚复杂。,itemName_1096006,itemName_1096006,itemDesc_1096006,[109],12,6,249000,0,1,1,0,"[10,5]",0,"[[2000,50],[4000,200],[10000,500],[999999,900]]",1,10,[0],[0],[[0]],0,[0],icon_1096006,iconitem109,2490,0,[1002],0.0315829528158295,"[0,106]","[1999999,1]",[0],Cube,1,[0],1,
1096007,蓝鳍金枪鱼,是大洋性中上层洄游鱼类，体型巨大、流线型纺锤体，兼具顶级食用价值与极高生态地位，被视作刺身界的奢侈品。,itemName_1096007,itemName_1096007,itemDesc_1096007,[109],35,6,1552500,0,1,1,0,"[10,5]",0,"[[2000,50],[4000,200],[10000,500],[999999,900]]",1,10,[0],[0],[[0]],0,[0],icon_1096007,iconitem109,15525,0,[1002],0.196917808219178,"[0,106]","[1999999,1]",[0],Cube,1,[0],1,
1096008,大目金枪鱼,是鲭科金枪鱼属的大洋性高度洄游鱼类，以头高、眼睛异常硕大为最鲜明鉴别特征，兼具重要商业捕捞价值与刺身食用口碑，广泛分布于全球热带 - 亚热带海域。,itemName_1096008,itemName_1096008,itemDesc_1096008,[109],35,6,294000,0,1,1,0,"[10,5]",0,"[[2000,50],[4000,200],[10000,500],[999999,900]]",1,10,[0],[0],[[0]],0,[0],icon_1096008,iconitem109,2940,0,[1002],0.0372907153729072,"[0,106]","[1999999,1]",[0],Cube,1,[0],1,
1096009,黄唇鱼鱼胶,是石首鱼科黄唇鱼的鱼鳔经剥离、去膜、晒干 / 陈化制成的干制品，被称为鱼胶之王，历史上是顶级滋补品与收藏品。,itemName_1096009,itemName_1096009,itemDesc_1096009,[109],22,6,193200,0,1,1,0,"[10,5]",0,"[[2000,50],[4000,200],[10000,500],[999999,900]]",1,10,[0],[0],[[0]],0,[0],icon_1096009,iconitem109,1932,0,[1002],0.0245053272450533,"[0,106]","[1999999,1]",[0],Cube,1,[0],1,
1101001,素描用画板,绘画的基础工具，通常由轻质木材或塑料制成，表面平整，用于固定画纸，为素描、速写提供稳定的支撑。尺寸多样，便于携带，是艺术学生和爱好者写生与创作的必备器材。,itemName_1101001,itemName_1101001,itemDesc_1101001,[110],22,1,360,0,1,1,0,"[10,5]",0,"[[2000,50],[4000,200],[10000,500],[999999,900]]",1,3,[0],[0],[[0]],0,[0],icon_1101001,iconitem110,4,0,[1002],0,"[0,101]","[1999999,1]",[0],Cube,1,[0],1,
1101002,中国新年春联一,中国新年春联一是传统春节装饰品，用红纸黑墨书写吉祥对联，上书“门迎春夏秋冬福”。,itemName_1101002,itemName_1101002,itemDesc_1101002,"[110,101]",14,1,341,0,1,1,0,"[10,5]",0,"[[2000,50],[4000,200],[10000,500],[999999,900]]",1,3,[0],[0],[[0]],0,[0],icon_1101002,iconitem110,3,0,[1002],0,"[0,101]","[1999999,1]",[0],Cube,1,[0],1,
1101003,中国新年春联二,中国新年春联一是传统春节装饰品，用红纸黑墨书写吉祥对联，上书“户纳东西南北祥”。,itemName_1101003,itemName_1101003,itemDesc_1101003,"[110,101]",14,1,317,0,1,1,0,"[10,5]",0,"[[2000,50],[4000,200],[10000,500],[999999,900]]",1,3,[0],[0],[[0]],0,[0],icon_1101003,iconitem110,3,0,[1002],0,"[0,101]","[1999999,1]",[0],Cube,1,[0],1,
1101004,中国新年春联横幅,中国新年春联一是传统春节装饰品，用红纸黑墨书写吉祥对联横幅，上书“万象更新”。,itemName_1101004,itemName_1101004,itemDesc_1101004,"[110,101]",21,1,218,0,1,1,0,"[10,5]",0,"[[2000,50],[4000,200],[10000,500],[999999,900]]",1,5,[0],[0],[[0]],0,[0],icon_1101004,iconitem110,2,0,[1002],0,"[0,101]","[1999999,1]",[0],Cube,1,[0],1,
1101005,印刷广告卡通圆扇,一种常见的广告促销赠品，扇面为圆形塑料材质质，印刷有企业标识或可爱的卡通图案。轻便易用，在夏日既能扇风祛暑，又能有效地传递商业信息，成本低廉且受众广泛。,itemName_1101005,itemName_1101005,itemDesc_1101005,"[110,101]",11,1,221,0,1,1,0,"[10,5]",0,"[[2000,50],[4000,200],[10000,500],[999999,900]]",1,10,[0],[0],[[0]],0,[0],icon_1101005,iconitem110,2,0,[1002],0,"[0,101]","[1999999,1]",[0],Cube,1,[0],1,
1101006,生日贺卡,用彩纸、丝带、贴画等材料制作的祝福卡片。用于生日场合赠送，能体现独心意与温暖祝福。,itemName_1101006,itemName_1101006,itemDesc_1101006,"[110,101]",11,1,114,0,1,1,0,"[10,5]",0,"[[2000,50],[4000,200],[10000,500],[999999,900]]",1,10,[0],[0],[[0]],0,[0],icon_1101006,iconitem110,1,0,[1002],0,"[0,101]","[1999999,1]",[0],Cube,1,[0],1,
1101007,印刷风景明信片,一种单页硬纸卡片，正面印刷着世界各地著名的自然风光或城市景观照片，背面用于书写收件人信息和简短问候。它既是旅游纪念品，也是传递思念与分享见闻的传统通信载体。,itemName_1101007,itemName_1101007,itemDesc_1101007,"[110,101]",11,1,137,0,1,1,0,"[10,5]",0,"[[2000,50],[4000,200],[10000,500],[999999,900]]",1,10,[0],[0],[[0]],0,[0],icon_1101007,iconitem110,1,0,[1002],0,"[0,101]","[1999999,1]",[0],Cube,1,[0],1,
1101008,A4印刷用纸,国际标准A4尺寸（210×297毫米）的普通办公用纸。纸张洁白，厚度适中，表面光滑，兼容绝大多数喷墨和激光打印机，是日常文档打印、复印及书写最常用的消耗性材料。,itemName_1101008,itemName_1101008,itemDesc_1101008,"[110,101]",12,1,257,0,1,1,0,"[10,5]",0,"[[2000,50],[4000,200],[10000,500],[999999,900]]",1,5,[0],[0],[[0]],0,[0],icon_1101008,iconitem110,3,0,[1002],0,"[0,101]","[1999999,1]",[0],Cube,1,[0],1,
1101009,喷灌类墨水,专为喷墨打印机设计的液态墨水，通常封装于墨盒或连续供墨系统中。色彩还原度高，流动性佳，能通过微小的打印头精确喷射，实现高质量的图文输出，是打印机核心耗材。,itemName_1101009,itemName_1101009,itemDesc_1101009,"[110,107]",11,1,308,0,1,1,0,"[10,5]",0,"[[2000,50],[4000,200],[10000,500],[999999,900]]",1,10,[0],[0],[[0]],0,[0],icon_1101009,iconitem110,3,0,[1002],0,"[0,101]","[1999999,1]",[0],Cube,1,[0],1,
1101010,素描铅笔,绘画中最基本的工具，笔芯由石墨与粘土混合制成，通过不同的硬度等级（如H、B）来表现丰富的线条和明暗层次。适用于草图勾勒、阴影铺陈，是学习绘画的入门首选。,itemName_1101010,itemName_1101010,itemDesc_1101010,[110],11,1,117,0,1,1,0,"[10,5]",0,"[[2000,50],[4000,200],[10000,500],[999999,900]]",1,10,[0],[0],[[0]],0,[0],icon_1101010,iconitem110,1,0,[1002],0,"[0,101]","[1999999,1]",[0],Cube,1,[0],1,
1102001,印刷画折扇,兼具实用与观赏性的折扇，扇面通常采用纸张或丝绸，并印刷有中国传统山水、花鸟或人物画。合拢便携，展开赏心悦目，既是纳凉工具，也是颇具雅趣的工艺品。,itemName_1102001,itemName_1102001,itemDesc_1102001,"[110,106]",21,2,441,0,1,1,0,"[10,5]",0,"[[2000,50],[4000,200],[10000,500],[999999,900]]",1,5,[0],[0],[[0]],0,[0],icon_1102001,iconitem110,4,0,[1002],0,"[0,102]","[2999999,1]",[0],Cube,1,[0],1,
1102002,书法用卷轴,用于装裱和展示书法作品的工具。将完成的作品裱糊在纸或绫绢上，安装轴杆，便于卷起收藏或悬挂观赏。卷轴能有效保护作品，并能极大地提升其艺术展示效果。,itemName_1102002,itemName_1102002,itemDesc_1102002,[110],13,2,1089,0,1,1,0,"[10,5]",0,"[[2000,50],[4000,200],[10000,500],[999999,900]]",1,3,[0],[0],[[0]],0,[0],icon_1102002,iconitem110,11,0,[1002],0,"[0,102]","[2999999,1]",[0],Cube,1,[0],1,
1102003,大本盗印网络小说,未经作者或版权方授权，私自印刷成册的网络文学作品合集。通常体积厚重，排版密集，内容多为流行的玄幻、言情类小说。价格极低，但印刷质量和内容准确性无法保证。,itemName_1102003,itemName_1102003,itemDesc_1102003,[110],22,2,1246,0,1,1,0,"[10,5]",0,"[[2000,50],[4000,200],[10000,500],[999999,900]]",1,3,[0],[0],[[0]],0,[0],icon_1102003,iconitem110,12,0,[1002],0,"[0,102]","[2999999,1]",[0],Cube,1,[0],1,
1102004,印刷山水画壁纸,用于室内墙面装饰的卷装材料，表面通过机器大量印刷中国传统山水画图案。粘贴上墙后能营造出古典、宁静的空间意境，是装修中常见的经济型背景墙解决方案。,itemName_1102004,itemName_1102004,itemDesc_1102004,[110],32,2,2016,0,1,1,0,"[10,5]",0,"[[2000,50],[4000,200],[10000,500],[999999,900]]",1,2,[0],[0],[[0]],0,[0],icon_1102004,iconitem110,20,0,[1002],0,"[0,102]","[2999999,1]",[0],Cube,1,[0],1,
1102005,连载漫画一,系列长篇漫画故事的第一部单行本。收录了故事的起始章节，人物初步登场，剧情展开序幕。通常以32开或类似尺寸出版，面向广大漫画爱好者进行发售。,itemName_1102005,itemName_1102005,itemDesc_1102005,[110],12,2,786,0,1,1,0,"[10,5]",0,"[[2000,50],[4000,200],[10000,500],[999999,900]]",1,5,[0],[0],[[0]],0,[0],icon_1102005,iconitem110,8,0,[1002],0,"[0,102]","[2999999,1]",[0],Cube,1,[0],1,
1102006,连载漫画二,承接第一部剧情发展的漫画单行本。故事进一步深入，角色关系更加复杂，悬念迭起。保持统一的画风和开本，满足读者持续阅读和收集系列作品的需求。,itemName_1102006,itemName_1102006,itemDesc_1102006,[110],12,2,760,0,1,1,0,"[10,5]",0,"[[2000,50],[4000,200],[10000,500],[999999,900]]",1,5,[0],[0],[[0]],0,[0],icon_1102006,iconitem110,8,0,[1002],0,"[0,102]","[2999999,1]",[0],Cube,1,[0],1,
1102007,连载漫画三,系列漫画的第三册，故事通常发展到中期高潮部分。主角经历成长与挑战，世界观逐渐完善。是连贯剧情中承上启下的重要一环，吸引读者继续追看。,itemName_1102007,itemName_1102007,itemDesc_1102007,[110],12,2,536,0,1,1,0,"[10,5]",0,"[[2000,50],[4000,200],[10000,500],[999999,900]]",1,5,[0],[0],[[0]],0,[0],icon_1102007,iconitem110,5,0,[1002],0,"[0,102]","[2999999,1]",[0],Cube,1,[0],1,
1102008,连载漫画四,该系列漫画的第四部单行本。可能是剧情的阶段性完结或迈向最终章的前奏，冲突升级，结局引人期待。对于收藏者而言，是凑成套书的关键一册。,itemName_1102008,itemName_1102008,itemDesc_1102008,[110],12,2,721,0,1,1,0,"[10,5]",0,"[[2000,50],[4000,200],[10000,500],[999999,900]]",1,5,[0],[0],[[0]],0,[0],icon_1102008,iconitem110,7,0,[1002],0,"[0,102]","[2999999,1]",[0],Cube,1,[0],1,
1102009,练字用描红本,专为书法初学者设计的练习本。内页的汉字采用浅色（如红色或灰色）印刷，练习者可用毛笔或钢笔直接在字模上进行描摹，以此学习笔画顺序和间架结构。,itemName_1102009,itemName_1102009,itemDesc_1102009,[110],22,2,734,0,1,1,0,"[10,5]",0,"[[2000,50],[4000,200],[10000,500],[999999,900]]",1,3,[0],[0],[[0]],0,[0],icon_1102009,iconitem110,7,0,[1002],0,"[0,102]","[2999999,1]",[0],Cube,1,[0],1,
1102010,水写毛笔练字字帖,一种特殊的练习字帖，纸张具有遇水显色的特性。用清水蘸湿毛笔书写，会暂时显现出如墨汁般的字迹，水干后字迹消失，可重复使用，干净环保。,itemName_1102010,itemName_1102010,itemDesc_1102010,[110],31,2,1119,0,1,1,0,"[10,5]",0,"[[2000,50],[4000,200],[10000,500],[999999,900]]",1,3,[0],[0],[[0]],0,[0],icon_1102010,iconitem110,11,0,[1002],0,"[0,102]","[2999999,1]",[0],Cube,1,[0],1,
1103001,游戏概念设定集,官方出版的资料合集，收录了游戏开发前期的核心美术设计。包含角色原画、场景概念图、道具设定等，深入展现游戏的世界观与艺术风格，是粉丝收藏和从业者参考的珍品。,itemName_1103001,itemName_1103001,itemDesc_1103001,[110],22,3,2700,0,1,1,0,"[10,5]",0,"[[2000,50],[4000,200],[10000,500],[999999,900]]",1,3,[0],[0],[[0]],0,[0],icon_1103001,iconitem110,27,0,[1002],0,"[0,103]","[2999999,1]",[0],Cube,1,[0],1,
1103002,同人画册,由爱好者（而非官方）基于已有的动漫、游戏或影视作品进行二次创作而成的画集。内容多为对原角色的新诠释或原创故事，体现了创作者的热情和社群文化的活力。,itemName_1103002,itemName_1103002,itemDesc_1103002,[110],22,3,3960,0,1,1,0,"[10,5]",0,"[[2000,50],[4000,200],[10000,500],[999999,900]]",1,3,[0],[0],[[0]],0,[0],icon_1103002,iconitem110,40,0,[1002],0,"[0,103]","[2999999,1]",[0],Cube,1,[0],1,
1103003,西游记连环画本,中国古典文学名著《西游记》的连环画版本。采用硬质封面和优质纸张印刷，通常包含绣像插图，装帧精美，适于收藏和馈赠，阅读体验优于平装本。,itemName_1103003,itemName_1103003,itemDesc_1103003,[110],21,3,1796,0,1,1,0,"[10,5]",0,"[[2000,50],[4000,200],[10000,500],[999999,900]]",1,5,[0],[0],[[0]],0,[0],icon_1103003,iconitem110,18,0,[1002],0,"[0,103]","[2999999,1]",[0],Cube,1,[0],1,
1103004,手办原型设计图,手办模型制作前的设计方案图稿，包括角色的三视图、细节特写、色彩指定等。这些设计图是雕塑师进行原型雕刻的绝对依据，决定了最终成品的造型精度。,itemName_1103004,itemName_1103004,itemDesc_1103004,[110],22,3,2565,0,1,1,0,"[10,5]",0,"[[2000,50],[4000,200],[10000,500],[999999,900]]",1,3,[0],[0],[[0]],0,[0],icon_1103004,iconitem110,26,0,[1002],0,"[0,103]","[2999999,1]",[0],Cube,1,[0],1,
1103005,墙面涂鸦墙,直接绘制在建筑物墙体上的视觉艺术设计。风格多样，从抽象的色块组合到具象的人物场景，常带有强烈的个人或社会表达意味，是城市公共空间重要的艺术形式。,itemName_1103005,itemName_1103005,itemDesc_1103005,"[110,101]",54,3,8880,0,1,1,0,"[10,5]",0,"[[2000,50],[4000,200],[10000,500],[999999,900]]",1,1,[0],[0],[[0]],0,[0],icon_1103005,iconitem110,89,0,[1002],0,"[0,103]","[2999999,1]",[0],Cube,1,[0],1,
1103006,绘画墨水集合,为艺术家准备的多种颜色墨水套装。墨水饱和度高，流动性好，可用于钢笔绘画、水墨创作或特殊效果渲染。一套齐全的色彩能为艺术创作提供丰富的可能性。,itemName_1103006,itemName_1103006,itemDesc_1103006,[110],21,3,3240,0,1,1,0,"[10,5]",0,"[[2000,50],[4000,200],[10000,500],[999999,900]]",1,5,[0],[0],[[0]],0,[0],icon_1103006,iconitem110,32,0,[1002],0,"[0,103]","[2999999,1]",[0],Cube,1,[0],1,
1103007,手绘写实人像画,由画家对照人物照片或实物，用画笔（如炭笔、彩铅）手工绘制的肖像作品。追求对人物神态、肌肤质感的高度还原，常用于家庭纪念或个人收藏，富有艺术价值。,itemName_1103007,itemName_1103007,itemDesc_1103007,[110],22,3,4343,0,1,1,0,"[10,5]",0,"[[2000,50],[4000,200],[10000,500],[999999,900]]",1,3,[0],[0],[[0]],0,[0],icon_1103007,iconitem110,43,0,[1002],0,"[0,103]","[2999999,1]",[0],Cube,1,[0],1,
1103008,三国演义连环画本,中国古典文学名著《三国演义》的连环画版本。采用硬质封面和优质纸张印刷，通常包含绣像插图，装帧精美，适于收藏和馈赠，阅读体验优于平装本。,itemName_1103008,itemName_1103008,itemDesc_1103008,[110],21,3,2768,0,1,1,0,"[10,5]",0,"[[2000,50],[4000,200],[10000,500],[999999,900]]",1,5,[0],[0],[[0]],0,[0],icon_1103008,iconitem110,28,0,[1002],0,"[0,103]","[2999999,1]",[0],Cube,1,[0],1,
1103009,水浒传连环画本,中国古典文学名著《水浒传》的连环画版本。采用硬质封面和优质纸张印刷，通常包含绣像插图，装帧精美，适于收藏和馈赠，阅读体验优于平装本。,itemName_1103009,itemName_1103009,itemDesc_1103009,[110],21,3,4388,0,1,1,0,"[10,5]",0,"[[2000,50],[4000,200],[10000,500],[999999,900]]",1,5,[0],[0],[[0]],0,[0],icon_1103009,iconitem110,44,0,[1002],0,"[0,103]","[2999999,1]",[0],Cube,1,[0],1,
1103010,红楼梦连环画本,中国古典文学名著《红楼梦》的连环画版本。采用硬质封面和优质纸张印刷，通常包含绣像插图，装帧精美，适于收藏和馈赠，阅读体验优于平装本。,itemName_1103010,itemName_1103010,itemDesc_1103010,[110],21,3,3690,0,1,1,0,"[10,5]",0,"[[2000,50],[4000,200],[10000,500],[999999,900]]",1,5,[0],[0],[[0]],0,[0],icon_1103010,iconitem110,37,0,[1002],0,"[0,103]","[2999999,1]",[0],Cube,1,[0],1,
1104001,现代画家手稿,当代艺术家在创作大幅作品前所绘制的草图、习作或灵感记录。笔触自由奔放，包含许多未经过度修饰的原始构思，为了解艺术家创作过程提供了珍贵的一手资料。,itemName_1104001,itemName_1104001,itemDesc_1104001,[110],22,4,8940,0,1,1,0,"[10,5]",0,"[[2000,50],[4000,200],[10000,500],[999999,900]]",1,3,[0],[0],[[0]],0,[0],icon_1104001,iconitem110,89,0,[1002],0,"[0,104]","[2999999,1]",[0],Cube,1,[0],1,
1104002,临摹版清明上河图,后世画家对北宋张择端名作《清明上河图》的摹本。尽力再现原画中汴京城的繁华景象与市井百态，虽非真迹，但同样具有极高的艺术欣赏和历史研究价值。,itemName_1104002,itemName_1104002,itemDesc_1104002,"[110,106]",12,4,6824,0,1,1,0,"[10,5]",0,"[[2000,50],[4000,200],[10000,500],[999999,900]]",1,5,[0],[0],[[0]],0,[0],icon_1104002,iconitem110,68,0,[1002],0,"[0,104]","[2999999,1]",[0],Cube,1,[0],1,
1104003,《心经》高僧手抄卷,由修行深厚的佛教僧侣亲手抄写的《般若波罗蜜多心经》长卷。笔墨间蕴含虔诚的宗教信念，书法庄严肃穆。不仅是书法艺术品，更是寄托信仰的精神载体。,itemName_1104003,itemName_1104003,itemDesc_1104003,"[110,106]",41,4,7472,0,1,1,0,"[10,5]",0,"[[2000,50],[4000,200],[10000,500],[999999,900]]",1,3,[0],[0],[[0]],0,[0],icon_1104003,iconitem110,75,0,[1002],0,"[0,104]","[2999999,1]",[0],Cube,1,[0],1,
1104004,限量画集,著名画家或插画师的个人作品合集，采用高级印刷工艺，并限定全球发行数量。每本均有独立编号，内容丰富精良，深受艺术爱好者和收藏家追捧。,itemName_1104004,itemName_1104004,itemDesc_1104004,[110],22,4,11760,0,1,1,0,"[10,5]",0,"[[2000,50],[4000,200],[10000,500],[999999,900]]",1,3,[0],[0],[[0]],0,[0],icon_1104004,iconitem110,118,0,[1002],0,"[0,104]","[2999999,1]",[0],Cube,1,[0],1,
1104005,蝉翼拓片宣纸,一种极薄且坚韧的宣纸，因其透明度高、质地如蝉翼而得名。专门用于拓印古代碑刻、青铜器铭文等文物，能清晰地保留原物的细微纹理和字迹。,itemName_1104005,itemName_1104005,itemDesc_1104005,[110],22,4,11520,0,1,1,0,"[10,5]",0,"[[2000,50],[4000,200],[10000,500],[999999,900]]",1,3,[0],[0],[[0]],0,[0],icon_1104005,iconitem110,115,0,[1002],0,"[0,104]","[2999999,1]",[0],Cube,1,[0],1,
1104006,蕉叶白端砚,产自广东端溪的优质砚台，石材带有如芭蕉叶状的白色斑纹。石质细腻温润，发墨如油，是文人书案上兼具实用性与观赏性的文房雅器。,itemName_1104006,itemName_1104006,itemDesc_1104006,"[110,106]",22,4,8240,0,1,1,0,"[10,5]",0,"[[2000,50],[4000,200],[10000,500],[999999,900]]",1,3,[0],[0],[[0]],0,[0],icon_1104006,iconitem110,82,0,[1002],0,"[0,104]","[2999999,1]",[0],Cube,1,[0],1,
1104007,金栗山藏经纸 ,一种历史悠久的名纸，以其厚实坚韧、防蛀耐久著称。古时专门用于抄写佛经，纸面隐约可见金粟状纹路，是传统手工纸中的珍品。,itemName_1104007,itemName_1104007,itemDesc_1104007,"[110,106]",22,4,10260,0,1,1,0,"[10,5]",0,"[[2000,50],[4000,200],[10000,500],[999999,900]]",1,3,[0],[0],[[0]],0,[0],icon_1104007,iconitem110,103,0,[1002],0,"[0,104]","[2999999,1]",[0],Cube,1,[0],1,
1104008,古韵臂搁,书写毛笔字时垫于腕下的文房用具，多为竹、木雕刻而成。其弧形曲面贴合手腕，既可防止衣袖沾染墨迹，其上雕刻的诗文图案又极具古雅韵味。,itemName_1104008,itemName_1104008,itemDesc_1104008,"[110,106]",12,4,6624,0,1,1,0,"[10,5]",0,"[[2000,50],[4000,200],[10000,500],[999999,900]]",1,5,[0],[0],[[0]],0,[0],icon_1104008,iconitem110,66,0,[1002],0,"[0,104]","[2999999,1]",[0],Cube,1,[0],1,
1104009,沉香木镂空笔架,用名贵沉香木料雕刻而成的笔架，多采用镂空技法塑造出山水、瑞兽等吉祥图案。木质芬芳，既可搁置毛笔，亦是能怡情养性的案头清玩。,itemName_1104009,itemName_1104009,itemDesc_1104009,"[110,106]",21,4,8700,0,1,1,0,"[10,5]",0,"[[2000,50],[4000,200],[10000,500],[999999,900]]",1,5,[0],[0],[[0]],0,[0],icon_1104009,iconitem110,87,0,[1002],0,"[0,104]","[2999999,1]",[0],Cube,1,[0],1,
1104010,《淳化阁帖》宋拓本仿制册页,对宋代《淳化阁帖》原拓本的精心仿制品。《淳化阁帖》是法帖之祖，此仿制册最大限度地保留了原拓的书法神韵，是学习历代名家笔法的重要范本。,itemName_1104010,itemName_1104010,itemDesc_1104010,"[110,106]",22,4,14112,0,1,1,0,"[10,5]",0,"[[2000,50],[4000,200],[10000,500],[999999,900]]",1,3,[0],[0],[[0]],0,[0],icon_1104010,iconitem110,141,0,[1002],0,"[0,104]","[2999999,1]",[0],Cube,1,[0],1,
1105001,《敦煌遗书》唐代写经卷仿制卷,仿制敦煌莫高窟出土的唐代佛教写经卷。纸张、墨色、笔法都力求接近千年古卷的风貌，是感受古代书法艺术与佛教文化的独特媒介。,itemName_1105001,itemName_1105001,itemDesc_1105001,"[110,106]",22,5,35200,0,1,1,0,"[10,5]",0,"[[2000,50],[4000,200],[10000,500],[999999,900]]",1,3,[0],[0],[[0]],0,[0],icon_1105001,iconitem110,352,0,[1002],0,"[0,105]","[2999999,1]",[0],Cube,1,[0],1,
1105002,《营造法式》彩画作制度图样精仿本,根据宋代建筑典籍《营造法式》中的记载，复原绘制的建筑彩画图示。详细标注了等级、配色、纹样，是研究中国古代建筑装饰制度的珍贵图像资料。,itemName_1105002,itemName_1105002,itemDesc_1105002,"[110,106]",21,5,37920,0,1,1,0,"[10,5]",0,"[[2000,50],[4000,200],[10000,500],[999999,900]]",1,3,[0],[0],[[0]],0,[0],icon_1105002,iconitem110,379,0,[1002],0,"[0,105]","[2999999,1]",[0],Cube,1,[0],1,
1105003,《黄庭经》卷仿本,源自魏晋时期的上清派道教经典《黄庭经》书圣王羲之的小楷卷仿本。,itemName_1105003,itemName_1105003,itemDesc_1105003,"[110,106]",12,5,55440,0,1,1,0,"[10,5]",0,"[[2000,50],[4000,200],[10000,500],[999999,900]]",1,5,[0],[0],[[0]],0,[0],icon_1105003,iconitem110,554,0,[1002],0,"[0,105]","[2999999,1]",[0],Cube,1,[0],1,
1105004,宗教壁画残片,16世纪西班牙传教士在美洲殖民地绘制的教堂壁画原作残片，融合了欧洲宗教题材与本土艺术风格，是文化交融的见证。,itemName_1105004,itemName_1105004,itemDesc_1105004,"[110,106]",23,5,53550,0,1,1,0,"[10,5]",0,"[[2000,50],[4000,200],[10000,500],[999999,900]]",1,2,[0],[0],[[0]],0,[0],icon_1105004,iconitem110,536,0,[1002],0,"[0,105]","[2999999,1]",[0],Cube,1,[0],1,
1105005,浪漫主义风景素描原作,19世纪德国浪漫主义画家的户外风景素描原作，用炭笔和粉笔描绘了充满诗意的自然风光，笔触奔放，情感充沛。,itemName_1105005,itemName_1105005,itemDesc_1105005,"[110,106]",22,5,29700,0,1,1,0,"[10,5]",0,"[[2000,50],[4000,200],[10000,500],[999999,900]]",1,3,[0],[0],[[0]],0,[0],icon_1105005,iconitem110,297,0,[1002],0,"[0,105]","[2999999,1]",[0],Cube,1,[0],1,
1105006,洛可可风格沙龙速写,18世纪法国宫廷画家创作的贵族沙龙场景速写原作，画面轻快柔美，线条飘逸，体现了洛可可艺术的优雅与趣味。,itemName_1105006,itemName_1105006,itemDesc_1105006,"[110,106]",33,5,58395,0,1,1,0,"[10,5]",0,"[[2000,50],[4000,200],[10000,500],[999999,900]]",1,1,[0],[0],[[0]],0,[0],icon_1105006,iconitem110,584,0,[1002],0,"[0,105]","[2999999,1]",[0],Cube,1,[0],1,
1105007,植物水彩图,19世纪英国博物学家手绘的植物科学插图原作，工笔细腻，色彩准确，兼具科学性与艺术美感。,itemName_1105007,itemName_1105007,itemDesc_1105007,[110],12,5,25875,0,1,1,0,"[10,5]",0,"[[2000,50],[4000,200],[10000,500],[999999,900]]",1,5,[0],[0],[[0]],0,[0],icon_1105007,iconitem110,259,0,[1002],0,"[0,105]","[2999999,1]",[0],Cube,1,[0],1,
1105008,芒画派肖像油画,17世纪佛兰芒地区著名肖像画家的油画原作，描绘一位当地商人，细节逼真，质感强烈，体现了北方文艺复兴的写实精神。,itemName_1105008,itemName_1105008,itemDesc_1105008,"[110,106]",33,5,57540,0,1,1,0,"[10,5]",0,"[[2000,50],[4000,200],[10000,500],[999999,900]]",1,1,[0],[0],[[0]],0,[0],icon_1105008,iconitem110,575,0,[1002],0,"[0,105]","[2999999,1]",[0],Cube,1,[0],1,
1105009,祈祷书彩绘插页,15世纪末勃艮第公国为贵族制作的祈祷书彩绘插页原作，描绘精细的宗教场景，色彩如宝石般璀璨，是哥特艺术的精品,itemName_1105009,itemName_1105009,itemDesc_1105009,[110],12,5,24435,0,1,1,0,"[10,5]",0,"[[2000,50],[4000,200],[10000,500],[999999,900]]",1,5,[0],[0],[[0]],0,[0],icon_1105009,iconitem110,244,0,[1002],0,"[0,105]","[2999999,1]",[0],Cube,1,[0],1,
1105010,刺绣《千里江山图》,以宋代王希孟的青绿山水名画《千里江山图》为蓝本，运用丝线通过刺绣工艺再现的全景长卷。针法细腻，色彩富丽，是织绣艺术与绘画艺术的巅峰融合。,itemName_1105010,itemName_1105010,itemDesc_1105010,"[110,106]",24,5,88473,0,1,1,0,"[10,5]",0,"[[2000,50],[4000,200],[10000,500],[999999,900]]",1,5,[0],[0],[[0]],0,[0],icon_1105010,iconitem110,885,0,[1002],0,"[0,105]","[2999999,1]",[0],Cube,1,[0],1,
1105011,现代书法家题字,现代书法家老林于2026新春为祝贺新年而写下的巨作“春风得意马蹄疾”。,itemName_1105011,itemName_1105011,itemDesc_1105011,"[110,106]",61,5,79825,0,1,1,0,"[10,5]",0,"[[2000,50],[4000,200],[10000,500],[999999,900]]",1,5,[0],[0],[[0]],0,[0],icon_1105011,iconitem110,798,0,[1002],0,"[0,105]","[2999999,1]",[0],Cube,1,[0],1,
1106001,清明上河图复刻,对国宝级画作《清明上河图》的高精度复制品。运用现代印刷技术，最大限度地还原原作的笔墨神韵和丰富细节，供爱好者欣赏、研究和临摹。,itemName_1106001,itemName_1106001,itemDesc_1106001,"[110,106]",61,6,240660,0,1,1,0,"[10,5]",0,"[[2000,50],[4000,200],[10000,500],[999999,900]]",1,2,[0],[0],[[0]],0,[0],icon_1106001,iconitem110,2407,0,[1002],0.0305251141552511,"[0,106]","[1999999,1]",[0],Cube,1,[0],1,
1106002,《岩间圣母》,文艺复兴大师列奥纳多·达·芬奇名作的权威复刻版。画面中圣母、圣婴、天使置身于幽暗的岩洞，光影处理与人物表情充满了神秘的象征意味。,itemName_1106002,itemName_1106002,itemDesc_1106002,"[110,106]",23,6,120600,0,1,1,0,"[10,5]",0,"[[2000,50],[4000,200],[10000,500],[999999,900]]",1,2,[0],[0],[[0]],0,[0],icon_1106002,iconitem110,1206,0,[1002],0.015296803652968,"[0,106]","[1999999,1]",[0],Cube,1,[0],1,
1106003,《戴珍珠耳环的少女》,荷兰黄金时代画家维米尔代表作的高清复制画。画中少女回眸欲语，耳际的珍珠光泽柔和，整个画面洋溢着宁静、专注又略带感伤的诗意美感。,itemName_1106003,itemName_1106003,itemDesc_1106003,"[110,106]",22,6,160200,0,1,1,0,"[10,5]",0,"[[2000,50],[4000,200],[10000,500],[999999,900]]",1,3,[0],[0],[[0]],0,[0],icon_1106003,iconitem110,1602,0,[1002],0.0203196347031963,"[0,106]","[1999999,1]",[0],Cube,1,[0],1,
1106004,《自由引导人民》,法国浪漫主义大师德拉克洛瓦不朽名作的复制品。描绘了象征自由的女性引导人民前进的场面，激情澎湃，是追求自由与革命的经典图像符号。,itemName_1106004,itemName_1106004,itemDesc_1106004,"[110,106]",32,6,191800,0,1,1,0,"[10,5]",0,"[[2000,50],[4000,200],[10000,500],[999999,900]]",1,3,[0],[0],[[0]],0,[0],icon_1106004,iconitem110,1918,0,[1002],0.0243277524099442,"[0,106]","[1999999,1]",[0],Cube,1,[0],1,
1106005,《星空》,后印象派大师文森特·梵高杰作的复制画。以 swirling 的笔触描绘了夜空中卷曲的星辰与月亮，强烈的情感波动与视觉张力撼人心魄。,itemName_1106005,itemName_1106005,itemDesc_1106005,"[110,106]",32,6,170200,0,1,1,0,"[10,5]",0,"[[2000,50],[4000,200],[10000,500],[999999,900]]",1,5,[0],[0],[[0]],0,[0],icon_1106005,iconitem110,1702,0,[1002],0.0215880263825469,"[0,106]","[1999999,1]",[0],Cube,1,[0],1,
1106006,《亚威农少女》,巴勃罗·毕加索开创立体主义风格的里程碑式作品的复制品。画中五位少女的形体被解构重组，彻底颠覆了传统的绘画空间观念，影响深远。,itemName_1106006,itemName_1106006,itemDesc_1106006,"[110,106]",33,6,282240,0,1,1,0,"[10,5]",0,"[[2000,50],[4000,200],[10000,500],[999999,900]]",1,1,[0],[0],[[0]],0,[0],icon_1106006,iconitem110,2822,0,[1002],0.0357990867579909,"[0,106]","[1999999,1]",[0],Cube,1,[0],1,
1106007,《凯尔经》,对爱尔兰中世纪泥金装饰福音书《凯尔经》的精心仿制页。书中拉丁文经文与极度繁复的装饰图案交织，代表了中世纪爱尔兰手抄本艺术的最高成就。,itemName_1106007,itemName_1106007,itemDesc_1106007,"[110,106]",22,6,175500,0,1,1,0,"[10,5]",0,"[[2000,50],[4000,200],[10000,500],[999999,900]]",1,3,[0],[0],[[0]],0,[0],icon_1106007,iconitem110,1755,0,[1002],0.0222602739726027,"[0,106]","[1999999,1]",[0],Cube,1,[0],1,
1106008,《天工开物》,由明代科学家宋应星所著，初刊于1637年，是中国乃至世界第一部系统总结农业和手工业生产技术的综合性科技著作。全书分上中下三卷，共18章，详实记录了130余项生产技术。,itemName_1106008,itemName_1106008,itemDesc_1106008,"[110,106]",22,6,148840,0,1,1,0,"[10,5]",0,"[[2000,50],[4000,200],[10000,500],[999999,900]]",1,3,[0],[0],[[0]],0,[0],icon_1106008,iconitem110,1488,0,[1002],0.0188787417554541,"[0,106]","[1999999,1]",[0],Cube,1,[0],1,
1106009,永乐大典残本一,明代编纂的旷世巨帙《永乐大典》的原始残存册页之一。抄录了当时古今各类典籍，是研究明初以前历史、文化的无价文献宝库的实物遗存。,itemName_1106009,itemName_1106009,itemDesc_1106009,"[110,106]",22,6,1491800,0,1,1,0,"[10,5]",0,"[[2000,50],[4000,200],[10000,500],[999999,900]]",1,3,[0],[0],[[0]],0,[0],icon_1106009,iconitem110,14918,0,[1002],0.18921867072552,"[0,106]","[1999999,1]",[0],Cube,1,[0],1,
1106010,永乐大典残本二,《永乐大典》的另一散佚残本。内容与第一本不同，但同样珍贵。它的存在见证了这部宏大类书的浩大规模以及后世散佚的遗憾历史。,itemName_1106010,itemName_1106010,itemDesc_1106010,"[110,106]",22,6,1553900,0,1,1,0,"[10,5]",0,"[[2000,50],[4000,200],[10000,500],[999999,900]]",1,3,[0],[0],[[0]],0,[0],icon_1106010,iconitem110,15539,0,[1002],0.197095383054287,"[0,106]","[1999999,1]",[0],Cube,1,[0],1,
1106011,《富春山居图》,《富春山居图》仿品，由 《富春山居图》是元代画家黄公望于1350年隐居富阳时创作的纸本水墨画，被誉为中国十大传世名画之一，素有“画中之兰亭”的美誉。这幅画以长卷形式，描绘了富春江在富阳至桐庐段两岸秀丽的山光水色。画中峰峦起伏随势而动，山涧清泉飞泻，茅屋村舍参差其间，渔舟小桥错落有致，集中体现了黄公望勾勒、皴擦、点染的高超技法，达到了炉火纯青的艺术境界。,itemName_1106011,itemName_1106011,itemDesc_1106011,"[110,106]",31,6,1236666,0,1,1,0,"[10,5]",0,"[[2000,50],[4000,200],[10000,500],[999999,900]]",1,3,[0],[0],[[0]],0,[0],icon_1106011,iconitem110,12367,0,[1002],0.156857686453577,"[0,106]","[1999999,1]",[0],modle_1106011,1,[0],1,
1106012,《般若神掌》,《般若神掌》,itemName_1106012,itemName_1106012,itemDesc_1106012,"[110,106,104]",22,6,284519,0,1,1,0,"[10,5]",0,"[[2000,50],[4000,200],[10000,500],[999999,900]]",1,3,[0],[0],[[0]],0,[0],icon_1106012,iconitem110,2845,0,[1002],0.0360881532217149,"[0,106]","[1999999,1]",[0],Cube,1,[0],1,
1306001,双蟾纳宝,双蟾纳宝黄金树整体大气华贵，以黄铜、鎏金打造。一对三足金蟾盘踞在黄金树根部两侧，金蟾体型饱满，背脊镶嵌七星铜钱，口衔纯金元宝，双目炯炯有神，周身环绕着迷你金锭与铜钱串。黄金树主干挺拔遒劲，层层叠叠的叶片由金箔打造，阳光下熠熠生辉，枝桠间缀满了铜钱、福袋、小金蟾挂饰，树下聚宝盆中堆满珠宝、金砖，整体细节满满，贵气十足。,itemName_1306001,itemName_1306001,itemDesc_1306001,[100],33,6,188888,1,0,0,0,"[10,5]",0,"[[2000,50],[4000,200],[10000,500],[999999,900]]",1,0,[0],[0],[[0]],0,[0],icon_1306001,iconitem130,0,0,[0],0.2,[0],[0],[0],Cube,1,[0],0,
1306002,聚财金盆,专为顶级藏家打造的传家级重器，鎏金层匀净厚重，历经岁月亦不褪色失光。盆身浮雕纹饰层层递进，每一处纹路都经匠人反复打磨，细节分毫毕现。盆内金币充盈、宝石璀璨，寓意财库永固、利滚利、福满门，兼具极高的工艺价值、收藏价值与风水寓意，是拍卖行顶流级的核心藏品。,itemName_1306002,itemName_1306002,itemDesc_1306002,[100],33,6,188888,1,0,0,0,"[10,5]",0,"[[2000,50],[4000,200],[10000,500],[999999,900]]",1,0,[0],[0],[[0]],0,[0],icon_1306002,iconitem130,0,0,[0],0.2,[0],[0],[0],Cube,1,[0],0,
1306003,十二生肖鼠,御制古法鎏金鼠摆件，通体呈细腻磨砂金质感，线条流畅圆润。子鼠衔财而来，象征富贵临门、万事顺遂，为十二生肖典藏系列珍品。,itemName_1306003,itemName_1306003,itemDesc_1306003,[100],22,3,8888,1,0,0,0,"[10,5]",0,"[[2000,50],[4000,200],[10000,500],[999999,900]]",999,0,[0],[0],[[0]],0,[0],icon_1306003,iconitem130,0,0,[0],0,[0],[0],[0],Cube,1,[0],0,
1306004,十二生肖牛,御制古法鎏金牛摆件，通体呈细腻磨砂金质感，造型雄浑大气。丑牛踏地而行，象征基业稳固、富贵绵长，为十二生肖典藏系列珍品。,itemName_1306004,itemName_1306004,itemDesc_1306004,[100],22,3,8888,1,0,0,0,"[10,5]",0,"[[2000,50],[4000,200],[10000,500],[999999,900]]",999,0,[0],[0],[[0]],0,[0],icon_1306004,iconitem130,0,0,[0],0,[0],[0],[0],Cube,1,[0],0,
1306005,十二生肖虎,御制古法鎏金虎摆件，通体呈细腻磨砂金质感，造型威猛霸气。寅虎啸立山林，象征王者风范、福禄绵长，为十二生肖典藏系列珍品。,itemName_1306005,itemName_1306005,itemDesc_1306005,[100],22,3,8888,1,0,0,0,"[10,5]",0,"[[2000,50],[4000,200],[10000,500],[999999,900]]",999,0,[0],[0],[[0]],0,[0],icon_1306005,iconitem130,0,0,[0],0,[0],[0],[0],Cube,1,[0],0,
1306006,十二生肖兔,御制古法鎏金兔摆件，通体呈细腻磨砂金质感，造型精致典雅。卯兔衔芝而立，象征祥瑞降临、百事顺遂，为十二生肖典藏系列珍品。,itemName_1306006,itemName_1306006,itemDesc_1306006,[100],22,3,8888,1,0,0,0,"[10,5]",0,"[[2000,50],[4000,200],[10000,500],[999999,900]]",999,0,[0],[0],[[0]],0,[0],icon_1306006,iconitem130,0,0,[0],0,[0],[0],[0],Cube,1,[0],0,
1306007,十二生肖龙,御制古法鎏金龙摆件，通体呈细腻磨砂金质感，造型雄浑霸气。辰龙戏珠腾云，象征九五之尊、福泽绵长，为十二生肖典藏系列珍品。,itemName_1306007,itemName_1306007,itemDesc_1306007,[100],22,3,8888,1,0,0,0,"[10,5]",0,"[[2000,50],[4000,200],[10000,500],[999999,900]]",999,0,[0],[0],[[0]],0,[0],icon_1306007,iconitem130,0,0,[0],0,[0],[0],[0],Cube,1,[0],0,
1306008,十二生肖蛇,御制古法鎏金蛇摆件，通体呈细腻磨砂金质感，造型灵动优雅。巳蛇衔珠盘绕，象征生生不息、福禄绵延，为十二生肖典藏系列珍品。,itemName_1306008,itemName_1306008,itemDesc_1306008,[100],22,3,8888,1,0,0,0,"[10,5]",0,"[[2000,50],[4000,200],[10000,500],[999999,900]]",999,0,[0],[0],[[0]],0,[0],icon_1306008,iconitem130,0,0,[0],0,[0],[0],[0],Cube,1,[0],0,
1306009,十二生肖马,御制古法鎏金马摆件，通体呈细腻磨砂金质感，造型雄健飘逸。午马踏风奔腾，象征一马当先、功成名就，为十二生肖典藏系列珍品。,itemName_1306009,itemName_1306009,itemDesc_1306009,[100],22,3,8888,1,0,0,0,"[10,5]",0,"[[2000,50],[4000,200],[10000,500],[999999,900]]",999,0,[0],[0],[[0]],0,[0],icon_1306009,iconitem130,0,0,[0],0,[0],[0],[0],Cube,1,[0],0,
1306010,十二生肖羊,御制古法鎏金羊摆件，通体呈细腻磨砂金质感，造型典雅温润。未羊安然伫立，象征五谷丰登、福泽绵长，为十二生肖典藏系列珍品。,itemName_1306010,itemName_1306010,itemDesc_1306010,[100],22,3,8888,1,0,0,0,"[10,5]",0,"[[2000,50],[4000,200],[10000,500],[999999,900]]",999,0,[0],[0],[[0]],0,[0],icon_1306010,iconitem130,0,0,[0],0,[0],[0],[0],Cube,1,[0],0,
1306011,十二生肖猴,御制古法鎏金猴摆件，通体呈细腻磨砂金质感，造型精巧灵动。申猴昂首顾盼，象征加官进爵、福禄绵长，为十二生肖典藏系列珍品。,itemName_1306011,itemName_1306011,itemDesc_1306011,[100],22,3,8888,1,0,0,0,"[10,5]",0,"[[2000,50],[4000,200],[10000,500],[999999,900]]",999,0,[0],[0],[[0]],0,[0],icon_1306011,iconitem130,0,0,[0],0,[0],[0],[0],Cube,1,[0],0,
1306012,十二生肖鸡,御制古法鎏金鸡摆件，通体呈细腻磨砂金质感，造型英武挺拔。酉鸡引吭高歌，象征声名远扬、富贵吉祥，为十二生肖典藏系列珍品。,itemName_1306012,itemName_1306012,itemDesc_1306012,[100],22,3,8888,1,0,0,0,"[10,5]",0,"[[2000,50],[4000,200],[10000,500],[999999,900]]",999,0,[0],[0],[[0]],0,[0],icon_1306012,iconitem130,0,0,[0],0,[0],[0],[0],Cube,1,[0],0,
1306013,十二生肖狗,御制古法鎏金狗摆件，通体呈细腻磨砂金质感，造型生动传神。戌狗昂首凝神，象征忠诚守护、福运绵长，为十二生肖典藏系列珍品。,itemName_1306013,itemName_1306013,itemDesc_1306013,[100],22,3,8888,1,0,0,0,"[10,5]",0,"[[2000,50],[4000,200],[10000,500],[999999,900]]",999,0,[0],[0],[[0]],0,[0],icon_1306013,iconitem130,0,0,[0],0,[0],[0],[0],Cube,1,[0],0,
1306014,十二生肖猪,御制古法鎏金猪摆件，通体呈细腻磨砂金质感，造型敦实喜庆。亥猪憨然伫立，象征富足圆满、福运绵长，为十二生肖典藏系列珍品。,itemName_1306014,itemName_1306014,itemDesc_1306014,[100],22,3,8888,1,0,0,0,"[10,5]",0,"[[2000,50],[4000,200],[10000,500],[999999,900]]",999,0,[0],[0],[[0]],0,[0],icon_1306014,iconitem130,0,0,[0],0,[0],[0],[0],Cube,1,[0],0,
1306015,御制祥云生肖盘,采用宫廷御制古法精铸而成，通体覆以厚重赤金，光泽温润沉敛。盘沿浮雕连绵祥云纹，卷舒有致，层层叠叠环绕盘面。十二格内分别镌刻十二生肖瑞兽，神态各异，栩栩如生，毛发肌理分毫毕现，与内圈十二地支铭文一一对应。中心为星纹轴心，暗合十二辰流转之序，寓意岁岁平安，轮回纳福。整器工艺精湛，气韵雍容，是不可多得的传世重器。,itemName_1306015,itemName_1306015,itemDesc_1306015,[100],55,6,188888,1,0,0,0,"[10,5]",0,"[[2000,50],[4000,200],[10000,500],[999999,900]]",1,0,[0],[0],[[0]],0,[0],icon_1306015,iconitem130,0,0,[0],0.2,[0],[0],[0],Cube,1,[0],0,
1306016,丰饶之角,,,,,[100],55,6,188888,1,0,0,0,"[10,5]",0,"[[2000,50],[4000,200],[10000,500],[999999,900]]",1,0,[0],[0],[[0]],0,[0],icon_1306016,iconitem130,0,0,[0],0.2,[0],[0],[0],Cube,1,[0],0,
1410101,法蒂玛皮肤1,法蒂玛皮肤1,hero_skin_d_101_1,hero_skin_d_101_1,hero_skin_c_101_1,[14],0,0,0,0,0,0,0,"[10,5]",0,[[0]],0,0,[0],[0],[[0]],0,[0],hero_xq_101_2,HeroIcon,0,0,[0],0,[0],[0],[0],Cube,0,[0],0,
1410201,陈美皮肤1,陈美皮肤1,hero_skin_d_102_1,hero_skin_d_102_1,hero_skin_c_102_1,[14],0,0,0,0,0,0,0,"[10,5]",0,[[0]],0,0,[0],[0],[[0]],0,[0],hero_xq_102_2,HeroIcon,0,0,[0],0,[0],[0],[0],Cube,0,[0],0,
1410301,艾莎皮肤1,艾莎皮肤1,hero_skin_d_103_1,hero_skin_d_103_1,hero_skin_c_103_1,[14],0,0,0,0,0,0,0,"[10,5]",0,[[0]],0,0,[0],[0],[[0]],0,[0],hero_xq_103_2,HeroIcon,0,0,[0],0,[0],[0],[0],Cube,0,[0],0,
1410401,加布里埃拉皮肤1,加布里埃拉皮肤1,hero_skin_d_104_1,hero_skin_d_104_1,hero_skin_c_104_1,[14],0,0,0,0,0,0,0,"[10,5]",0,[[0]],0,0,[0],[0],[[0]],0,[0],hero_xq_104_2,HeroIcon,0,0,[0],0,[0],[0],[0],Cube,0,[0],0,
1410501,塔蒂安娜皮肤1,塔蒂安娜皮肤1,hero_skin_d_105_1,hero_skin_d_105_1,hero_skin_c_105_1,[14],0,0,0,0,0,0,0,"[10,5]",0,[[0]],0,0,[0],[0],[[0]],0,[0],hero_xq_105_2,HeroIcon,0,0,[0],0,[0],[0],[0],Cube,0,[0],0,
1410601,娜奥米皮肤1,娜奥米皮肤1,hero_skin_d_106_1,hero_skin_d_106_1,hero_skin_c_106_1,[14],0,0,0,0,0,0,0,"[10,5]",0,[[0]],0,0,[0],[0],[[0]],0,[0],hero_xq_106_2,HeroIcon,0,0,[0],0,[0],[0],[0],Cube,0,[0],0,
1410701,索菲皮肤1,索菲皮肤1,hero_skin_d_107_1,hero_skin_d_107_1,hero_skin_c_107_1,[14],0,0,0,0,0,0,0,"[10,5]",0,[[0]],0,0,[0],[0],[[0]],0,[0],hero_xq_107_2,HeroIcon,0,0,[0],0,[0],[0],[0],Cube,0,[0],0,
1410702,索菲皮肤2,索菲通行证皮肤,hero_skin_d_107_2,hero_skin_d_107_2,hero_skin_c_107_2,[14],0,0,0,0,0,0,0,"[10,5]",0,[[0]],0,0,[0],[0],[[0]],0,[0],hero_xq_107_3,HeroIcon,0,0,[0],0,[0],[0],[0],Cube,0,[0],0,
1410801,玛丽亚皮肤1,玛丽亚皮肤1,hero_skin_d_108_1,hero_skin_d_108_1,hero_skin_c_108_1,[14],0,0,0,0,0,0,0,"[10,5]",0,[[0]],0,0,[0],[0],[[0]],0,[0],hero_xq_108_2,HeroIcon,0,0,[0],0,[0],[0],[0],Cube,0,[0],0,
1410901,海琳娜皮肤1,海琳娜皮肤1,hero_skin_d_109_1,hero_skin_d_109_1,hero_skin_c_109_1,[14],0,0,0,0,0,0,0,"[10,5]",0,[[0]],0,0,[0],[0],[[0]],0,[0],hero_xq_109_2,HeroIcon,0,0,[0],0,[0],[0],[0],Cube,0,[0],0,
1411001,伊莎贝拉皮肤1,伊莎贝拉皮肤1,hero_skin_d_110_1,hero_skin_d_110_1,hero_skin_c_110_1,[14],0,0,0,0,0,0,0,"[10,5]",0,[[0]],0,0,[0],[0],[[0]],0,[0],hero_xq_110_2,HeroIcon,0,0,[0],0,[0],[0],[0],Cube,0,[0],0,
1420101,乔治皮肤1,乔治皮肤1,hero_skin_d_201_1,hero_skin_d_201_1,hero_skin_c_201_1,[14],0,0,0,0,0,0,0,"[10,5]",0,[[0]],0,0,[0],[0],[[0]],0,[0],hero_xq_201_2,HeroIcon,0,0,[0],0,[0],[0],[0],Cube,0,[0],0,
1420201,卡洛斯皮肤1,卡洛斯皮肤1,hero_skin_d_202_1,hero_skin_d_202_1,hero_skin_c_202_1,[14],0,0,0,0,0,0,0,"[10,5]",0,[[0]],0,0,[0],[0],[[0]],0,[0],hero_xq_202_2,HeroIcon,0,0,[0],0,[0],[0],[0],Cube,0,[0],0,
1420301,莱昂纳德皮肤1,莱昂纳德皮肤1,hero_skin_d_203_1,hero_skin_d_203_1,hero_skin_c_203_1,[14],0,0,0,0,0,0,0,"[10,5]",0,[[0]],0,0,[0],[0],[[0]],0,[0],hero_xq_203_2,HeroIcon,0,0,[0],0,[0],[0],[0],Cube,0,[0],0,
1420401,艾哈迈德皮肤1,艾哈迈德皮肤1,hero_skin_d_204_1,hero_skin_d_204_1,hero_skin_c_204_1,[14],0,0,0,0,0,0,0,"[10,5]",0,[[0]],0,0,[0],[0],[[0]],0,[0],hero_xq_204_2,HeroIcon,0,0,[0],0,[0],[0],[0],Cube,0,[0],0,
1420501,伊万皮肤1,伊万皮肤1,hero_skin_d_205_1,hero_skin_d_205_1,hero_skin_c_205_1,[14],0,0,0,0,0,0,0,"[10,5]",0,[[0]],0,0,[0],[0],[[0]],0,[0],hero_xq_205_2,HeroIcon,0,0,[0],0,[0],[0],[0],Cube,0,[0],0,
1420601,武田宏志皮肤1,武田宏志皮肤1,hero_skin_d_206_1,hero_skin_d_206_1,hero_skin_c_206_1,[14],0,0,0,0,0,0,0,"[10,5]",0,[[0]],0,0,[0],[0],[[0]],0,[0],hero_xq_206_2,HeroIcon,0,0,[0],0,[0],[0],[0],Cube,0,[0],0,
1420701,吴起灵皮肤1,吴起灵皮肤1,hero_skin_d_207_1,hero_skin_d_207_1,hero_skin_c_207_1,[14],0,0,0,0,0,0,0,"[10,5]",0,[[0]],0,0,[0],[0],[[0]],0,[0],hero_xq_207_2,HeroIcon,0,0,[0],0,[0],[0],[0],Cube,0,[0],0,
1420801,伊森皮肤1,伊森皮肤1,hero_skin_d_208_1,hero_skin_d_208_1,hero_skin_c_208_1,[14],0,0,0,0,0,0,0,"[10,5]",0,[[0]],0,0,[0],[0],[[0]],0,[0],hero_xq_208_2,HeroIcon,0,0,[0],0,[0],[0],[0],Cube,0,[0],0,
1420802,伊森皮肤2,伊森皮肤2,hero_skin_d_208_2,hero_skin_d_208_2,hero_skin_c_208_2,[14],0,0,0,0,0,0,0,"[10,5]",0,[[0]],0,0,[0],[0],[[0]],0,[0],hero_xq_208_3,HeroIcon,0,0,[0],0,[0],[0],[0],Cube,0,[0],0,
1420901,维克托皮肤1,维克托皮肤1,hero_skin_d_209_1,hero_skin_d_209_1,hero_skin_c_209_1,[14],0,0,0,0,0,0,0,"[10,5]",0,[[0]],0,0,[0],[0],[[0]],0,[0],hero_xq_209_2,HeroIcon,0,0,[0],0,[0],[0],[0],Cube,0,[0],0,
1430101,拉文皮肤1,拉文皮肤1,hero_skin_d_301_1,hero_skin_d_301_1,hero_skin_c_301_1,[14],0,0,0,0,0,0,0,"[10,5]",0,[[0]],0,0,[0],[0],[[0]],0,[0],hero_xq_301_2,HeroIcon,0,0,[0],0,[0],[0],[0],Cube,0,[0],0,
1430102,拉文皮肤2,拉文通行证皮肤,hero_skin_d_301_2,hero_skin_d_301_2,hero_skin_c_301_2,[14],0,0,0,0,0,0,0,"[10,5]",0,[[0]],0,0,[0],[0],[[0]],0,[0],hero_xq_301_3,HeroIcon,0,0,[0],0,[0],[0],[0],Cube,0,[0],0,
1916001,光影随行全息墙,光影随行全息墙,itemName_1916001,itemName_1916001,itemDesc_1916002,"[101,107,110]",54,6,519800,0,1,1,0,"[10,5]",0,"[[2000,50],[4000,200],[10000,500],[999999,900]]",99,10,[0],[0],[[0]],0,[0],icon_1916002,iconitem191,0,0,[1005],0,[0],[0],[0],Cube,1,[0],1,1000
1916002,磁悬浮云床,磁悬浮云床,itemName_1916002,itemName_1916002,itemDesc_1916002,"[101,107]",54,6,1012000,0,1,1,0,"[10,5]",0,"[[2000,50],[4000,200],[10000,500],[999999,900]]",99,10,[0],[0],[[0]],0,[0],icon_1916002,iconitem191,0,0,[1005],0,[0],[0],[0],Cube,1,[0],1,1000
1916003,仿生机械宠物,仿生机械宠物,itemName_1916003,itemName_1916003,itemDesc_1916003,"[101,107]",32,6,458000,0,1,1,0,"[10,5]",0,"[[2000,50],[4000,200],[10000,500],[999999,900]]",99,10,[0],[0],[[0]],0,[0],icon_1916003,iconitem191,0,0,[1005],0,[0],[0],[0],Cube,1,[0],1,1000
1916004,废土风储物箱,废土风储物箱,itemName_1916004,itemName_1916004,itemDesc_1916004,"[101,107]",22,6,216000,0,1,1,0,"[10,5]",0,"[[2000,50],[4000,200],[10000,500],[999999,900]]",99,10,[0],[0],[[0]],0,[0],icon_1916004,iconitem191,0,0,[1005],0,[0],[0],[0],Cube,1,[0],1,1000
1916005,纳米修复剂,纳米修复剂,itemName_1916005,itemName_1916005,itemDesc_1916005,[102],11,6,1041000,0,1,1,0,"[10,5]",0,"[[2000,50],[4000,200],[10000,500],[999999,900]]",99,10,[0],[0],[[0]],0,[0],icon_1916005,iconitem191,0,0,[1005],0,[0],[0],[0],Cube,1,[0],1,1000
1916006,强化义体适配液,强化义体适配液,itemName_1916006,itemName_1916006,itemDesc_1916006,[102],11,6,457000,0,1,1,0,"[10,5]",0,"[[2000,50],[4000,200],[10000,500],[999999,900]]",99,10,[0],[0],[[0]],0,[0],icon_1916006,iconitem191,0,0,[1005],0,[0],[0],[0],Cube,1,[0],1,1000
1916007,基因稳定剂,基因稳定剂,itemName_1916007,itemName_1916007,itemDesc_1916007,[102],11,6,316800,0,1,1,0,"[10,5]",0,"[[2000,50],[4000,200],[10000,500],[999999,900]]",99,10,[0],[0],[[0]],0,[0],icon_1916007,iconitem191,0,0,[1005],0,[0],[0],[0],Cube,1,[0],1,1000
1916009,纳米流体战衣,纳米流体战衣,itemName_1916009,itemName_1916009,itemDesc_1916009,"[103,104]",24,6,516500,0,1,1,0,"[10,5]",0,"[[2000,50],[4000,200],[10000,500],[999999,900]]",99,10,[0],[0],[[0]],0,[0],icon_1916009,iconitem191,0,0,[1005],0,[0],[0],[0],Cube,1,[0],1,1000
1916010,赛博之眼,赛博之眼,itemName_1916010,itemName_1916010,itemDesc_1916010,"[103,107]",11,6,610800,0,1,1,0,"[10,5]",0,"[[2000,50],[4000,200],[10000,500],[999999,900]]",99,10,[0],[0],[[0]],0,[0],icon_1916010,iconitem191,0,0,[1005],0,[0],[0],[0],Cube,1,[0],1,1000
1916012,响尾蛇·热能战斧,响尾蛇·热能战斧,itemName_1916012,itemName_1916012,itemDesc_1916012,"[104,107]",33,6,479000,0,1,1,0,"[10,5]",0,"[[2000,50],[4000,200],[10000,500],[999999,900]]",99,10,[0],[0],[[0]],0,[0],icon_1916012,iconitem191,0,0,[1005],0,[0],[0],[0],Cube,1,[0],1,1000
1916014,暴雨·微型导弹舱,暴雨·微型导弹舱,itemName_1916014,itemName_1916014,itemDesc_1916014,[104],32,6,499500,0,1,1,0,"[10,5]",0,"[[2000,50],[4000,200],[10000,500],[999999,900]]",99,10,[0],[0],[[0]],0,[0],icon_1916014,iconitem191,0,0,[1005],0,[0],[0],[0],Cube,1,[0],1,1000
1916016,钛记忆合金,钛记忆合金,itemName_1916016,itemName_1916016,itemDesc_1916016,[105],22,6,332666,0,1,1,0,"[10,5]",0,"[[2000,50],[4000,200],[10000,500],[999999,900]]",99,10,[0],[0],[[0]],0,[0],icon_1916016,iconitem191,0,0,[1005],0,[0],[0],[0],Cube,1,[0],1,1000
1916017,血铂·智能尘埃,血铂·智能尘埃,itemName_1916017,itemName_1916017,itemDesc_1916017,[105],12,6,96500,0,1,1,0,"[10,5]",0,"[[2000,50],[4000,200],[10000,500],[999999,900]]",99,10,[0],[0],[[0]],0,[0],icon_1916017,iconitem191,0,0,[1005],0,[0],[0],[0],Cube,1,[0],1,1000
1916018,零点能矿石,零点能矿石,itemName_1916018,itemName_1916018,itemDesc_1916018,[105],12,6,461500,0,1,1,0,"[10,5]",0,"[[2000,50],[4000,200],[10000,500],[999999,900]]",99,10,[0],[0],[[0]],0,[0],icon_1916018,iconitem191,0,0,[1005],0,[0],[0],[0],Cube,1,[0],1,1000
1916019,初代·铁卫·机器人残骸,初代·铁卫·机器人残骸,itemName_1916019,itemName_1916019,itemDesc_1916019,[106],26,6,513500,0,1,1,0,"[10,5]",0,"[[2000,50],[4000,200],[10000,500],[999999,900]]",99,10,[0],[0],[[0]],0,[0],icon_1916019,iconitem191,0,0,[1005],0,[0],[0],[0],Cube,1,[0],1,1000
1916023,深渊·全息投影桌游,深渊·全息投影桌游,itemName_1916023,itemName_1916023,itemDesc_1916023,[107],22,6,611800,0,1,1,0,"[10,5]",0,"[[2000,50],[4000,200],[10000,500],[999999,900]]",99,10,[0],[0],[[0]],0,[0],icon_1916023,iconitem191,0,0,[1005],0,[0],[0],[0],Cube,1,[0],1,1000
1916025,超级格斗芯片,超级格斗芯片,itemName_1916025,itemName_1916025,itemDesc_1916025,"[104,107]",158550,6,158550,0,1,1,0,"[10,5]",0,"[[2000,50],[4000,200],[10000,500],[999999,900]]",99,10,[0],[0],[[0]],0,[0],icon_1916025,iconitem191,0,0,[1005],0,[0],[0],[0],Cube,1,[0],1,1000
1916026,AI·幻音·全息演唱会通行证,AI·幻音·全息演唱会通行证,itemName_1916026,itemName_1916026,itemDesc_1916026,[107],12,6,107300,0,1,1,0,"[10,5]",0,"[[2000,50],[4000,200],[10000,500],[999999,900]]",99,10,[0],[0],[[0]],0,[0],icon_1916026,iconitem191,0,0,[1005],0,[0],[0],[0],Cube,1,[0],1,1000
1916027,磁悬浮滑板,磁悬浮滑板,itemName_1916027,itemName_1916027,itemDesc_1916027,[108],31,6,326700,0,1,1,0,"[10,5]",0,"[[2000,50],[4000,200],[10000,500],[999999,900]]",99,10,[0],[0],[[0]],0,[0],icon_1916027,iconitem191,0,0,[1005],0,[0],[0],[0],Cube,1,[0],1,1000
1916028,微型冷核聚变电池,微型冷核聚变电池,itemName_1916028,itemName_1916028,itemDesc_1916028,[108],44,6,1046000,0,1,1,0,"[10,5]",0,"[[2000,50],[4000,200],[10000,500],[999999,900]]",99,10,[0],[0],[[0]],0,[0],icon_1916028,iconitem191,0,0,[1005],0,[0],[0],[0],Cube,1,[0],1,1000
1916029,反重力引擎·原型机,反重力引擎·原型机,itemName_1916029,itemName_1916029,itemDesc_1916029,[108],43,6,995000,0,1,1,0,"[10,5]",0,"[[2000,50],[4000,200],[10000,500],[999999,900]]",99,10,[0],[0],[[0]],0,[0],icon_1916029,iconitem191,0,0,[1005],0,[0],[0],[0],Cube,1,[0],1,1000
1916030,氦-3燃料罐,氦-3燃料罐,itemName_1916030,itemName_1916030,itemDesc_1916030,[108],23,6,313200,0,1,1,0,"[10,5]",0,"[[2000,50],[4000,200],[10000,500],[999999,900]]",99,10,[0],[0],[[0]],0,[0],icon_1916030,iconitem191,0,0,[1005],0,[0],[0],[0],Cube,1,[0],1,1000
1916031,天使之泪·纯净水,天使之泪·纯净水,itemName_1916031,itemName_1916031,itemDesc_1916031,[109],12,6,380765,0,1,1,0,"[10,5]",0,"[[2000,50],[4000,200],[10000,500],[999999,900]]",99,10,[0],[0],[[0]],0,[0],icon_1916031,iconitem191,0,0,[1005],0,[0],[0],[0],Cube,1,[0],1,1000
1916032,极光·合成酒,极光·合成酒,itemName_1916032,itemName_1916032,itemDesc_1916032,[109],22,6,1314400,0,1,1,0,"[10,5]",0,"[[2000,50],[4000,200],[10000,500],[999999,900]]",99,10,[0],[0],[[0]],0,[0],icon_1916032,iconitem191,0,0,[1005],0,[0],[0],[0],Cube,1,[0],1,1000
1916036,赛博佛陀·数字经书,赛博佛陀·数字经书,itemName_1916036,itemName_1916036,itemDesc_1916036,[110],32,6,474500,0,1,1,0,"[10,5]",0,"[[2000,50],[4000,200],[10000,500],[999999,900]]",99,10,[0],[0],[[0]],0,[0],icon_1916036,iconitem191,0,0,[1005],0,[0],[0],[0],Cube,1,[0],1,1000
1916037,《机甲构造演化图谱》 复制版,《机甲构造演化图谱》 复制版,itemName_1916037,itemName_1916037,itemDesc_1916037,[110],61,6,1059000,0,1,1,0,"[10,5]",0,"[[2000,50],[4000,200],[10000,500],[999999,900]]",99,10,[0],[0],[[0]],0,[0],icon_1916037,iconitem191,0,0,[1005],0,[0],[0],[0],Cube,1,[0],1,1000
1916038,残阳·大师涂鸦墙·全息投影,残阳·大师涂鸦墙·全息投影,itemName_1916038,itemName_1916038,itemDesc_1916038,"[101,107,110]",54,6,843200,0,1,1,0,"[10,5]",0,"[[2000,50],[4000,200],[10000,500],[999999,900]]",99,10,[0],[0],[[0]],0,[0],icon_1916038,iconitem191,0,0,[1005],0,[0],[0],[0],Cube,1,[0],1,1000
1116001,红色1x1矿物藏品箱,红色1x1矿物藏品箱,itemName_1116001,itemName_1116001,itemDesc_1116001,"[105,111]",11,6,52500,0,1,1,0,"[10,5]",0,"[[2000,50],[4000,200],[10000,500],[999999,900]]",99,10,[0],[0],[[0]],0,[0],icon_1116001,iconitem111,0,0,[1005],0,[0],[0],[0],Cube,1,[0],1,1000
1116002,红色2x2文玩藏品箱,红色2x2文玩藏品箱,itemName_1116002,itemName_1116002,itemDesc_1116002,"[106,111]",22,6,112896,0,1,1,0,"[10,5]",0,"[[2000,50],[4000,200],[10000,500],[999999,900]]",99,10,[0],[0],[[0]],0,[0],icon_1116002,iconitem111,0,0,[1005],0,[0],[0],[0],Cube,1,[0],1,1000
1116003,红色1x1未知藏品箱,红色1x1未知藏品箱,itemName_1116003,itemName_1116003,itemDesc_1116003,[111],11,6,52500,0,1,1,0,"[10,5]",0,"[[2000,50],[4000,200],[10000,500],[999999,900]]",99,10,[0],[0],[[0]],0,[0],icon_1116003,iconitem111,0,0,[1005],0,[0],[0],[0],Cube,1,[0],1,1000
1116004,红色1x2未知藏品箱,红色1x2未知藏品箱,itemName_1116004,itemName_1116004,itemDesc_1116004,[111],12,6,92880,0,1,1,0,"[10,5]",0,"[[2000,50],[4000,200],[10000,500],[999999,900]]",99,10,[0],[0],[[0]],0,[0],icon_1116004,iconitem111,0,0,[1005],0,[0],[0],[0],Cube,1,[0],1,1000
1116005,红色2x2未知藏品箱,红色2x2未知藏品箱,itemName_1116005,itemName_1116005,itemDesc_1116005,[111],22,6,112896,0,1,1,0,"[10,5]",0,"[[2000,50],[4000,200],[10000,500],[999999,900]]",99,10,[0],[0],[[0]],0,[0],icon_1116005,iconitem111,0,0,[1005],0,[0],[0],[0],Cube,1,[0],1,1000
1116006,红色3x2未知藏品箱,红色3x2未知藏品箱,itemName_1116006,itemName_1116006,itemDesc_1116006,[111],32,6,170200,0,1,1,0,"[10,5]",0,"[[2000,50],[4000,200],[10000,500],[999999,900]]",99,10,[0],[0],[[0]],0,[0],icon_1116006,iconitem111,0,0,[1005],0,[0],[0],[0],Cube,1,[0],1,1000
1116007,红色3x3未知藏品箱,红色3x3未知藏品箱,itemName_1116007,itemName_1116007,itemDesc_1116007,[111],33,6,226800,0,1,1,0,"[10,5]",0,"[[2000,50],[4000,200],[10000,500],[999999,900]]",99,10,[0],[0],[[0]],0,[0],icon_1116007,iconitem111,0,0,[1005],0,[0],[0],[0],Cube,1,[0],1,1000
1116008,红色2x3未知藏品箱,红色2x3未知藏品箱,itemName_1116008,itemName_1116008,itemDesc_1116008,[111],23,6,120600,0,1,1,0,"[10,5]",0,"[[2000,50],[4000,200],[10000,500],[999999,900]]",99,10,[0],[0],[[0]],0,[0],icon_1116008,iconitem111,0,0,[1005],0,[0],[0],[0],Cube,1,[0],1,1000
1116010,红色3x4武器藏品箱,红色3x4武器藏品箱,itemName_1116010,itemName_1116010,itemDesc_1116010,"[104,111]",34,6,305920,0,1,1,0,"[10,5]",0,"[[2000,50],[4000,200],[10000,500],[999999,900]]",99,10,[0],[0],[[0]],0,[0],icon_1116010,iconitem111,0,0,[1005],0,[0],[0],[0],Cube,1,[0],1,1000
1116011,红色3x5食材藏品箱,红色3x5食材藏品箱,itemName_1116011,itemName_1116011,itemDesc_1116011,"[109,111]",35,6,294000,0,1,1,0,"[10,5]",0,"[[2000,50],[4000,200],[10000,500],[999999,900]]",99,10,[0],[0],[[0]],0,[0],icon_1116011,iconitem111,0,0,[1005],0,[0],[0],[0],Cube,1,[0],1,1000
1116012,红色4x4文玩藏品箱,红色4x4文玩藏品箱,itemName_1116012,itemName_1116012,itemDesc_1116012,"[106,111]",44,6,361000,0,1,1,0,"[10,5]",0,"[[2000,50],[4000,200],[10000,500],[999999,900]]",99,10,[0],[0],[[0]],0,[0],icon_1116012,iconitem111,0,0,[1005],0,[0],[0],[0],Cube,1,[0],1,1000
1116013,红色1x2医疗藏品箱,红色1x2医疗藏品箱,itemName_1116013,itemName_1116013,itemDesc_1116013,"[102,111]",12,6,158940,0,1,1,0,"[10,5]",0,"[[2000,50],[4000,200],[10000,500],[999999,900]]",99,10,[0],[0],[[0]],0,[0],icon_1116013,iconitem111,0,0,[1005],0,[0],[0],[0],Cube,1,[0],1,1000
1116014,红色1x2食材藏品箱,红色1x2食材藏品箱,itemName_1116014,itemName_1116014,itemDesc_1116014,"[109,111]",12,6,92880,0,1,1,0,"[10,5]",0,"[[2000,50],[4000,200],[10000,500],[999999,900]]",99,10,[0],[0],[[0]],0,[0],icon_1116014,iconitem111,0,0,[1005],0,[0],[0],[0],Cube,1,[0],1,1000
1116015,红色2x2书画藏品箱,红色2x2书画藏品箱,itemName_1116015,itemName_1116015,itemDesc_1116015,"[110,111]",22,6,148840,0,1,1,0,"[10,5]",0,"[[2000,50],[4000,200],[10000,500],[999999,900]]",99,10,[0],[0],[[0]],0,[0],icon_1116015,iconitem111,0,0,[1005],0,[0],[0],[0],Cube,1,[0],1,1000
1116016,红色3x2电子藏品箱,红色3x2电子藏品箱,itemName_1116016,itemName_1116016,itemDesc_1116016,"[107,111]",32,6,255115,0,1,1,0,"[10,5]",0,"[[2000,50],[4000,200],[10000,500],[999999,900]]",99,10,[0],[0],[[0]],0,[0],icon_1116016,iconitem111,0,0,[1005],0,[0],[0],[0],Cube,1,[0],1,1000
1116017,红色3x3医疗藏品箱,红色3x3医疗藏品箱,itemName_1116017,itemName_1116017,itemDesc_1116017,"[102,111]",33,6,475000,0,1,1,0,"[10,5]",0,"[[2000,50],[4000,200],[10000,500],[999999,900]]",99,10,[0],[0],[[0]],0,[0],icon_1116017,iconitem111,0,0,[1005],0,[0],[0],[0],Cube,1,[0],1,1000
1116018,红色3x3电子藏品箱,红色3x3电子藏品箱,itemName_1116018,itemName_1116018,itemDesc_1116018,"[107,111]",33,6,226800,0,1,1,0,"[10,5]",0,"[[2000,50],[4000,200],[10000,500],[999999,900]]",99,10,[0],[0],[[0]],0,[0],icon_1116018,iconitem111,0,0,[1005],0,[0],[0],[0],Cube,1,[0],1,1000
1116019,红色2x1武器藏品箱,红色2x1武器藏品箱,itemName_1116019,itemName_1116019,itemDesc_1116019,"[104,111]",21,6,104400,0,1,1,0,"[10,5]",0,"[[2000,50],[4000,200],[10000,500],[999999,900]]",99,10,[0],[0],[[0]],0,[0],icon_1116019,iconitem111,0,0,[1005],0,[0],[0],[0],Cube,1,[0],1,1000
1116020,红色1x2矿物藏品箱,红色1x2矿物藏品箱,itemName_1116020,itemName_1116020,itemDesc_1116020,"[105,111]",12,6,128000,0,1,1,0,"[10,5]",0,"[[2000,50],[4000,200],[10000,500],[999999,900]]",99,10,[0],[0],[[0]],0,[0],icon_1116020,iconitem111,0,0,[1005],0,[0],[0],[0],Cube,1,[0],1,1000
1116021,红色1x2文玩藏品箱,红色1x2文玩藏品箱,itemName_1116021,itemName_1116021,itemDesc_1116021,"[106,111]",12,6,158940,0,1,1,0,"[10,5]",0,"[[2000,50],[4000,200],[10000,500],[999999,900]]",99,10,[0],[0],[[0]],0,[0],icon_1116021,iconitem111,0,0,[1005],0,[0],[0],[0],Cube,1,[0],1,1000
1116022,红色1x1潮流藏品箱,红色1x1潮流藏品箱,itemName_1116022,itemName_1116022,itemDesc_1116022,"[103,111]",11,6,54300,0,1,1,0,"[10,5]",0,"[[2000,50],[4000,200],[10000,500],[999999,900]]",99,10,[0],[0],[[0]],0,[0],icon_1116022,iconitem111,0,0,[1005],0,[0],[0],[0],Cube,1,[0],1,1000
1116023,红色1x1能源藏品箱,红色1x1能源藏品箱,itemName_1116023,itemName_1116023,itemDesc_1116023,"[108,111]",11,6,68800,0,1,1,0,"[10,5]",0,"[[2000,50],[4000,200],[10000,500],[999999,900]]",99,10,[0],[0],[[0]],0,[0],icon_1116023,iconitem111,0,0,[1005],0,[0],[0],[0],Cube,1,[0],1,1000
1116024,红色1x1食材藏品箱,红色1x1食材藏品箱,itemName_1116024,itemName_1116024,itemDesc_1116024,"[109,111]",12,6,68100,0,1,1,0,"[10,5]",0,"[[2000,50],[4000,200],[10000,500],[999999,900]]",99,10,[0],[0],[[0]],0,[0],icon_1116024,iconitem111,0,0,[1005],0,[0],[0],[0],Cube,1,[0],1,1000
1116025,红色2x2家居藏品箱,红色2x2家居藏品箱,itemName_1116025,itemName_1116025,itemDesc_1116025,"[101,111]",22,6,170362,0,1,1,0,"[10,5]",0,"[[2000,50],[4000,200],[10000,500],[999999,900]]",99,10,[0],[0],[[0]],0,[0],icon_1116025,iconitem111,0,0,[1005],0,[0],[0],[0],Cube,1,[0],1,1000
1116026,红色2x2能源藏品箱,红色2x2能源藏品箱,itemName_1116026,itemName_1116026,itemDesc_1116026,"[108,111]",22,6,362400,0,1,1,0,"[10,5]",0,"[[2000,50],[4000,200],[10000,500],[999999,900]]",99,10,[0],[0],[[0]],0,[0],icon_1116026,iconitem111,0,0,[1005],0,[0],[0],[0],Cube,1,[0],1,1000
1116027,红色2x2食材藏品箱,红色2x2食材藏品箱,itemName_1116027,itemName_1116027,itemDesc_1116027,"[109,111]",22,6,193200,0,1,1,0,"[10,5]",0,"[[2000,50],[4000,200],[10000,500],[999999,900]]",99,10,[0],[0],[[0]],0,[0],icon_1116027,iconitem111,0,0,[1005],0,[0],[0],[0],Cube,1,[0],1,1000
1116028,红色3x1文玩藏品箱,红色3x1文玩藏品箱,itemName_1116028,itemName_1116028,itemDesc_1116028,"[106,111]",31,6,143100,0,1,1,0,"[10,5]",0,"[[2000,50],[4000,200],[10000,500],[999999,900]]",99,10,[0],[0],[[0]],0,[0],icon_1116028,iconitem111,0,0,[1005],0,[0],[0],[0],Cube,1,[0],1,1000
