map_id,tier,nest_drop_id,quality_group,prob_in_group,avg_price_per_item,avg_price_per_cell
2101,101,2001,q1,0.29365701,202.7718,118.4634
2101,101,2001,q2,0.31323414,606.3839,291.5937
2101,101,2001,q3,0.29365701,2269.1077,917.4746
2101,101,2001,q4,0.07830854,6931.1108,2444.4747
2101,101,2001,q5,0.01957713,32629.7684,9587.4375
2101,101,2001,q6,0.00156617,68072.2211,64551.3821
2101,101,2001,q1+q2,0.60689115,411.0877,216.1856
2101,101,2001,q1+q3,0.58731402,1235.9397,590.6672
2101,101,2001,q1+q4,0.37196554,1619.2642,831.1339
2101,101,2001,q1+q5,0.31323414,2229.4591,1226.7201
2101,101,2001,q1+q6,0.29522318,562.8219,329.483
2101,101,2001,q2+q3,0.60689115,1410.9277,621.5455
2101,101,2001,q2+q4,0.39154268,1871.3293,838.8885
2101,101,2001,q2+q5,0.33281128,2490.1124,1154.2064
2101,101,2001,q2+q6,0.31480031,942.0349,454.1127
2101,101,2001,q3+q4,0.37196554,3250.582,1275.0056
2101,101,2001,q3+q5,0.31323414,4166.649,1646.0209
2101,101,2001,q3+q6,0.29522318,2618.1958,1061.8537
2101,101,2001,q4+q5,0.09788567,12070.8423,4093.1803
2101,101,2001,q4+q6,0.07987471,8129.9561,2903.0371
2101,101,2001,q5+q6,0.0211433,35255.1353,10916.9326
2101,101,2001,q1+q2+q3,0.90054816,1016.9638,487.0607
2101,101,2001,q1+q2+q4,0.68519969,1156.2332,575.7336
2101,101,2001,q1+q2+q5,0.62646829,1417.9215,727.7054
2101,101,2001,q1+q2+q6,0.60845732,585.2477,308.1272
2101,101,2001,q1+q3+q4,0.66562255,1905.9599,874.3516
2101,101,2001,q1+q3+q5,0.60689115,2248.6439,1053.3597
2101,101,2001,q1+q3+q6,0.58888019,1413.6958,676.511
2101,101,2001,q1+q4+q5,0.39154268,3169.7894,1568.4141
2101,101,2001,q1+q4+q6,0.37353171,1897.893,976.0253
2101,101,2001,q1+q5+q6,0.31480031,2557.035,1409.9072
2101,101,2001,q2+q3+q4,0.68519969,2041.8058,874.5672
2101,101,2001,q2+q3+q5,0.62646829,2386.5165,1035.1635
2101,101,2001,q2+q3+q6,0.60845732,1582.514,698.0953
2101,101,2001,q2+q4+q5,0.41111981,3336.0169,1458.9638
2101,101,2001,q2+q4+q6,0.39310885,2135.0779,959.1378
2101,101,2001,q2+q5+q6,0.33437745,2797.2886,1299.6994
2101,101,2001,q3+q4+q5,0.39154268,4719.5413,1820.6976
2101,101,2001,q3+q4+q6,0.37353171,3522.3709,1385.017
2101,101,2001,q3+q5+q6,0.31480031,4484.5871,1776.7784
2101,101,2001,q4+q5+q6,0.09945184,12952.7538,4437.1223
2101,101,2001,q1+q2+q3+q4,0.9788567,1490.0956,693.7912
2101,101,2001,q1+q2+q3+q5,0.92012529,1689.5767,798.4959
2101,101,2001,q1+q2+q3+q6,0.90211433,1133.3792,543.283
2101,101,2001,q1+q2+q4+q5,0.70477682,2030.4981,991.9233
2101,101,2001,q1+q2+q4+q6,0.68676586,1308.8353,652.4266
2101,101,2001,q1+q2+q5+q6,0.62803446,1584.1417,813.9441
2101,101,2001,q1+q3+q4+q5,0.68519969,2783.783,1256.8928
2101,101,2001,q1+q3+q4+q6,0.66718872,2061.2797,946.7512
2101,101,2001,q1+q3+q5+q6,0.60845732,2418.0739,1134.2051
2101,101,2001,q1+q4+q5+q6,0.39310885,3428.3649,1699.5955
2101,101,2001,q2+q3+q4+q5,0.70477682,2891.4714,1222.9537
2101,101,2001,q2+q3+q4+q6,0.68676586,2192.3882,940.2419
2101,101,2001,q2+q3+q5+q6,0.62803446,2550.3212,1107.7135
2101,101,2001,q2+q4+q5+q6,0.41268598,3581.6951,1569.6176
2101,101,2001,q3+q4+q5+q6,0.39310885,4971.9425,1922.6122
2101,101,2001,q1+q2+q3+q4+q5,0.99843383,2100.6774,966.9944
2101,101,2001,q1+q2+q3+q4+q6,0.98042287,1596.4568,743.9181
2101,101,2001,q1+q2+q3+q5+q6,0.92169146,1802.3764,852.5319
2101,101,2001,q1+q2+q4+q5+q6,0.70634299,2176.9321,1064.6026
2101,101,2001,q1+q3+q4+q5+q6,0.68676586,2932.6734,1325.7014
2101,101,2001,q2+q3+q4+q5+q6,0.70634299,3035.9963,1285.66
2101,101,2001,q1+q2+q3+q4+q5+q6,1.0,2204.0001,1015.3747
2101,101,2001,all,1.0,2204.0001,1015.3747
2102,101,2002,q1,0.29358995,205.5845,121.2219
2102,101,2002,q2,0.31316262,574.9494,309.9853
2102,101,2002,q3,0.29358995,2180.0568,885.8253
2102,101,2002,q4,0.07829065,6407.6508,2385.826
2102,101,2002,q5,0.01957266,34103.8254,10313.8838
2102,101,2002,q6,0.00179416,63476.0236,59911.2066
2102,101,2002,q1+q2,0.60675257,396.2244,222.8595
2102,101,2002,q1+q3,0.58717991,1192.8206,573.8879
2102,101,2002,q1+q4,0.37188061,1511.2826,793.6116
2102,101,2002,q1+q5,0.31316262,2324.2245,1293.6784
2102,101,2002,q1+q6,0.29538411,589.8886,348.6196
2102,101,2002,q2+q3,0.60675257,1351.6143,629.2063
2102,101,2002,q2+q4,0.39145327,1741.4897,861.7167
2102,101,2002,q2+q5,0.33273528,2547.2362,1312.8967
2102,101,2002,q2+q6,0.31495678,933.2672,504.4053
2102,101,2002,q3+q4,0.37188061,3070.0766,1223.9452
2102,101,2002,q3+q5,0.31316262,4175.2923,1660.8872
2102,101,2002,q3+q6,0.29538411,2552.368,1040.7069
2102,101,2002,q4+q5,0.09786332,11946.8858,4251.7249
2102,101,2002,q4+q6,0.08008481,7686.1684,2901.2254
2102,101,2002,q5+q6,0.02136682,36570.1932,11729.0849
2102,101,2002,q1+q2+q3,0.90034252,977.9089,488.7901
2102,101,2002,q1+q2+q4,0.68504322,1083.2446,575.6856
2102,101,2002,q1+q2+q5,0.62632523,1449.5869,793.9974
2102,101,2002,q1+q2+q6,0.60854673,582.2008,327.854
2102,101,2002,q1+q3+q4,0.66547056,1806.3301,840.1813
2102,101,2002,q1+q3+q5,0.60675257,2254.4659,1064.3778
2102,101,2002,q1+q3+q6,0.58897407,1382.5507,666.1654
2102,101,2002,q1+q4+q5,0.39145327,3140.9098,1590.7977
2102,101,2002,q1+q4+q6,0.37367477,1808.7999,951.8728
2102,101,2002,q1+q5+q6,0.31495678,2672.5776,1491.0588
2102,101,2002,q2+q3+q4,0.68504322,1929.447,873.2249
2102,101,2002,q2+q3+q5,0.62632523,2375.1209,1087.3463
2102,101,2002,q2+q3+q6,0.60854673,1534.7739,715.5402
2102,101,2002,q2+q4+q5,0.41102593,3282.5533,1576.5023
2102,101,2002,q2+q4+q6,0.39324743,2023.1487,1003.2637
2102,101,2002,q2+q5+q6,0.33452944,2874.0117,1484.9384
2102,101,2002,q3+q4+q5,0.39145327,4621.764,1813.6959
2102,101,2002,q3+q4+q6,0.37367477,3360.1095,1343.2978
2102,101,2002,q3+q5+q6,0.31495678,4513.1008,1801.2
2102,101,2002,q4+q5+q6,0.09965748,12874.5789,4633.8458
2102,101,2002,q1+q2+q3+q4,0.97863318,1412.2882,687.0858
2102,101,2002,q1+q2+q3+q5,0.91991519,1682.7156,829.5541
2102,101,2002,q1+q2+q3+q6,0.90213668,1102.2045,551.433
2102,101,2002,q1+q2+q4+q5,0.70461589,2000.4829,1041.2448
2102,101,2002,q1+q2+q4+q6,0.68683738,1246.2274,663.0588
2102,101,2002,q1+q2+q5+q6,0.62811939,1626.7593,892.1112
2102,101,2002,q1+q3+q4+q5,0.68504322,2729.1156,1250.181
2102,101,2002,q1+q3+q4+q6,0.66726472,1972.1493,918.5618
2102,101,2002,q1+q3+q5+q6,0.60854673,2434.9637,1151.2908
2102,101,2002,q1+q4+q5+q6,0.39324743,3416.184,1733.8835
2102,101,2002,q2+q3+q4+q5,0.70461589,2823.1797,1260.3269
2102,101,2002,q2+q3+q4+q6,0.68683738,2090.2194,947.2749
2102,101,2002,q2+q3+q5+q6,0.62811939,2549.6495,1168.9661
2102,101,2002,q2+q4+q5+q6,0.41282009,3544.1606,1705.7849
2102,101,2002,q3+q4+q5+q6,0.39324743,4890.282,1924.198
2102,101,2002,q1+q2+q3+q4+q5,0.99820584,2053.2988,987.1593
2102,101,2002,q1+q2+q3+q4+q6,0.98042734,1525.8635,742.9996
2102,101,2002,q1+q2+q3+q5+q6,0.92170935,1802.9999,889.6797
2102,101,2002,q1+q2+q4+q5+q6,0.70641005,2156.6203,1123.7941
2102,101,2002,q1+q3+q4+q5+q6,0.68683738,2887.7991,1324.6531
2102,101,2002,q2+q3+q4+q5+q6,0.70641005,2977.2276,1330.8785
2102,101,2002,q1+q2+q3+q4+q5+q6,1.0,2163.501,1041.0573
2102,101,2002,all,1.0,2163.501,1041.0573
2103,101,2003,q1,0.29359203,202.0681,126.0216
2103,101,2003,q2,0.31316484,595.8032,292.9362
2103,101,2003,q3,0.29359203,2132.5781,876.527
2103,101,2003,q4,0.07829121,6153.6252,2363.1575
2103,101,2003,q5,0.0195728,29183.5755,9662.4932
2103,101,2003,q6,0.00178708,70788.7193,64126.501
2103,101,2003,q1+q2,0.60675687,405.2862,222.0
2103,101,2003,q1+q3,0.58718407,1167.3231,578.3944
2103,101,2003,q1+q4,0.37188324,1455.0275,802.0742
2103,101,2003,q1+q5,0.31316484,2013.4123,1189.9647
2103,101,2003,q1+q6,0.29537912,629.1265,393.1014
2103,101,2003,q2+q3,0.60675687,1339.404,601.4369
2103,101,2003,q2+q4,0.39145605,1707.3676,794.8944
2103,101,2003,q2+q5,0.33273764,2277.4369,1088.6805
2103,101,2003,q2+q6,0.31495192,994.0878,490.0306
2103,101,2003,q3+q4,0.37188324,2979.1143,1206.6146
2103,101,2003,q3+q5,0.31316484,3823.2654,1548.0731
2103,101,2003,q3+q6,0.29537912,2547.9566,1050.7275
2103,101,2003,q4+q5,0.09786401,10759.6153,4003.9556
2103,101,2003,q4+q6,0.08007829,7596.0662,2955.0845
2103,101,2003,q5+q6,0.02135988,32664.484,11421.3157
2103,101,2003,q1+q2+q3,0.90034891,968.5336,478.6026
2103,101,2003,q1+q2+q4,0.68504808,1062.2392,554.8187
2103,101,2003,q1+q2+q5,0.62632967,1304.6078,700.2924
2103,101,2003,q1+q2+q6,0.60854395,611.9779,335.6073
2103,101,2003,q1+q3+q4,0.66547528,1753.9468,840.3641
2103,101,2003,q1+q3+q5,0.60675687,2071.0731,1010.0144
2103,101,2003,q1+q3+q6,0.58897115,1378.5713,684.0055
2103,101,2003,q1+q4+q5,0.39145605,2841.4549,1515.9345
2103,101,2003,q1+q4+q6,0.37367033,1786.6165,986.7079
2103,101,2003,q1+q5+q6,0.31495192,2403.6531,1423.4117
2103,101,2003,q2+q3+q4,0.68504808,1889.6007,832.3902
2103,101,2003,q2+q3+q5,0.62632967,2209.5343,981.2316
2103,101,2003,q2+q3+q6,0.60854395,1543.3524,694.0444
2103,101,2003,q2+q4+q5,0.41102885,3015.7585,1377.3987
2103,101,2003,q2+q4+q6,0.39324313,2021.3058,943.137
2103,101,2003,q2+q5+q6,0.33452472,2643.4346,1266.8344
2103,101,2003,q3+q4+q5,0.39145605,4289.3374,1718.105
2103,101,2003,q3+q4+q6,0.37367033,3303.4144,1341.5113
2103,101,2003,q3+q5+q6,0.31495192,4203.2369,1707.2842
2103,101,2003,q4+q5+q6,0.09965109,11836.1406,4451.599
2103,101,2003,q1+q2+q3+q4,0.97864012,1383.3409,668.25
2103,101,2003,q1+q2+q3+q5,0.91992171,1568.8536,767.2127
2103,101,2003,q1+q2+q3+q6,0.90213599,1106.8435,547.4416
2103,101,2003,q1+q2+q4+q5,0.70462088,1843.3875,947.6184
2103,101,2003,q1+q2+q4+q6,0.68683516,1243.6611,650.2937
2103,101,2003,q1+q2+q5+q6,0.62811676,1502.3,807.3464
2103,101,2003,q1+q3+q4+q5,0.68504808,2537.6505,1200.522
2103,101,2003,q1+q3+q4+q6,0.66726236,1938.8378,930.124
2103,101,2003,q1+q3+q5+q6,0.60854395,2272.873,1109.9322
2103,101,2003,q1+q4+q5+q6,0.39324313,3150.2392,1683.8185
2103,101,2003,q2+q3+q4+q5,0.70462088,2647.7666,1155.7612
2103,101,2003,q2+q3+q4+q6,0.68683516,2068.8698,912.5801
2103,101,2003,q2+q3+q5+q6,0.62811676,2404.6519,1069.4324
2103,101,2003,q2+q4+q5+q6,0.41281593,3309.1479,1514.6506
2103,101,2003,q3+q4+q5+q6,0.39324313,4591.5419,1843.828
2103,101,2003,q1+q2+q3+q4+q5,0.99821292,1928.4435,923.2629
2103,101,2003,q1+q2+q3+q4+q6,0.9804272,1509.8501,729.9838
2103,101,2003,q1+q2+q3+q5+q6,0.92170879,1703.0625,833.5883
2103,101,2003,q1+q2+q4+q5+q6,0.70640797,2017.8065,1038.4171
2103,101,2003,q1+q3+q4+q5+q6,0.68683516,2715.2335,1286.1325
2103,101,2003,q2+q3+q4+q5+q6,0.70640797,2820.1507,1232.6233
2103,101,2003,q1+q2+q3+q4+q5+q6,1.0,2051.5025,983.007
2103,101,2003,all,1.0,2051.5025,983.007
2104,101,2004,q1,0.2936773,200.2924,121.9434
2104,101,2004,q2,0.31325579,673.4289,308.0987
2104,101,2004,q3,0.2936773,2288.8797,939.9364
2104,101,2004,q4,0.07831395,7034.0172,2439.9106
2104,101,2004,q5,0.01957849,33556.0624,9427.8582
2104,101,2004,q6,0.00149718,64881.3742,62774.3502
2104,101,2004,q1+q2,0.60693309,444.4919,231.158
2104,101,2004,q1+q3,0.5873546,1244.5861,610.4433
2104,101,2004,q1+q4,0.37199125,1638.9713,860.9673
2104,101,2004,q1+q5,0.31325579,2285.0281,1296.6171
2104,101,2004,q1+q6,0.29517448,528.3666,322.2898
2104,101,2004,q2+q3,0.60693309,1455.0986,630.8884
2104,101,2004,q2+q4,0.39156973,1945.5466,836.7274
2104,101,2004,q2+q5,0.33283427,2607.7015,1150.5155
2104,101,2004,q2+q6,0.31475297,978.8454,448.9547
2104,101,2004,q3+q4,0.37199125,3287.856,1299.8521
2104,101,2004,q3+q5,0.31325579,4243.0786,1693.5736
2104,101,2004,q3+q6,0.29517448,2606.3601,1073.4446
2104,101,2004,q4+q5,0.09789243,12338.4263,4088.0504
2104,101,2004,q4+q6,0.07981113,8119.1769,2850.6265
2104,101,2004,q5+q6,0.02107567,35781.3578,10586.7466
2104,101,2004,q1+q2+q3,0.90061039,1045.9227,500.4581
2104,101,2004,q1+q2+q4,0.68524703,1197.5805,589.1843
2104,101,2004,q1+q2+q5,0.62651157,1479.2285,749.3451
2104,101,2004,q1+q2+q6,0.60843027,603.0532,313.9751
2104,101,2004,q1+q3+q4,0.66566855,1925.6956,900.6463
2104,101,2004,q1+q3+q5,0.60693309,2286.8917,1095.3233
2104,101,2004,q1+q3+q6,0.58885178,1406.385,690.6682
2104,101,2004,q1+q4+q5,0.39156973,3234.8259,1628.4705
2104,101,2004,q1+q4+q6,0.37348843,1892.487,995.9663
2104,101,2004,q1+q5+q6,0.31475297,2582.7787,1468.4613
2104,101,2004,q2+q3+q4,0.68524703,2092.6893,882.1314
2104,101,2004,q2+q3+q5,0.62651157,2458.2538,1048.0374
2104,101,2004,q2+q3+q6,0.60843027,1611.1731,699.5077
2104,101,2004,q2+q4+q5,0.41114822,3450.8092,1447.5172
2104,101,2004,q2+q4+q6,0.39306691,2185.267,941.8175
2104,101,2004,q2+q5+q6,0.33433145,2886.5708,1276.6624
2104,101,2004,q3+q4+q5,0.39156973,4801.2663,1860.3073
2104,101,2004,q3+q4+q6,0.37348843,3534.7619,1400.787
2104,101,2004,q3+q5+q6,0.31475297,4531.5154,1813.768
2104,101,2004,q4+q5+q6,0.09938961,13129.9191,4393.8148
2104,101,2004,q1+q2+q3+q4,0.97892433,1524.9703,708.1791
2104,101,2004,q1+q2+q3+q5,0.92018887,1737.6278,819.1749
2104,101,2004,q1+q2+q3+q6,0.90210757,1151.8669,551.6135
2104,101,2004,q1+q2+q4+q5,0.70482552,2096.4272,1010.3195
2104,101,2004,q1+q2+q4+q6,0.68674421,1336.4182,658.1948
2104,101,2004,q1+q2+q5+q6,0.62800875,1630.3798,826.8542
2104,101,2004,q1+q3+q4+q5,0.68524703,2829.4204,1298.6559
2104,101,2004,q1+q3+q4+q6,0.66716573,2066.9737,967.844
2104,101,2004,q1+q3+q5+q6,0.60843027,2440.9194,1170.5505
2104,101,2004,q1+q4+q5+q6,0.39306691,3469.6355,1749.8751
2104,101,2004,q2+q3+q4+q5,0.70482552,2966.6719,1233.3994
2104,101,2004,q2+q3+q4+q6,0.68674421,2229.5756,940.9907
2104,101,2004,q2+q3+q5+q6,0.62800875,2607.071,1112.9674
2104,101,2004,q2+q4+q5+q6,0.4126454,3673.6943,1544.1849
2104,101,2004,q3+q4+q5+q6,0.39306691,5030.1094,1953.4361
2104,101,2004,q1+q2+q3+q4+q5,0.99850282,2153.0309,987.2057
2104,101,2004,q1+q2+q3+q4+q6,0.98042151,1621.7203,753.7072
2104,101,2004,q1+q2+q3+q5+q6,0.92168605,1840.1979,868.253
2104,101,2004,q1+q2+q4+q5+q6,0.7063227,2229.5113,1075.6002
2104,101,2004,q1+q3+q4+q5+q6,0.68674421,2964.7005,1362.3083
2104,101,2004,q2+q3+q4+q5+q6,0.7063227,3097.9113,1289.5213
2104,101,2004,q1+q2+q3+q4+q5+q6,1.0,2246.9464,1031.0799
2104,101,2004,all,1.0,2246.9464,1031.0799
2105,101,2005,q1,0.29360255,202.8659,124.5622
2105,101,2005,q2,0.31317606,623.3103,299.6195
2105,101,2005,q3,0.29360255,2213.4567,891.6562
2105,101,2005,q4,0.07829401,6398.4263,2374.8453
2105,101,2005,q5,0.0195735,30602.9121,9531.5514
2105,101,2005,q6,0.00175131,69063.9819,64126.131
2105,101,2005,q1+q2,0.60677861,419.8695,225.5215
2105,101,2005,q1+q3,0.58720511,1208.1613,587.764
2105,101,2005,q1+q4,0.37189657,1507.1944,813.3928
2105,101,2005,q1+q5,0.31317606,2102.8688,1217.2826
2105,101,2005,q1+q6,0.29535387,611.1809,376.0278
2105,101,2005,q2+q3,0.60677861,1392.736,612.2212
2105,101,2005,q2+q4,0.39147007,1778.3335,807.188
2105,101,2005,q2+q5,0.33274956,2386.8163,1111.7856
2105,101,2005,q2+q6,0.31492737,1003.9094,483.8677
2105,101,2005,q3+q4,0.37189657,3094.5029,1224.5718
2105,101,2005,q3+q5,0.31317606,3987.7977,1577.4964
2105,101,2005,q3+q6,0.29535387,2609.8498,1054.8782
2105,101,2005,q4+q5,0.09786752,11239.3235,4017.5753
2105,101,2005,q4+q6,0.08004533,7769.4874,2922.1057
2105,101,2005,q5+q6,0.02132482,33761.5507,11122.3656
2105,101,2005,q1+q2+q3,0.90038117,1004.7349,486.7539
2105,101,2005,q1+q2+q4,0.68507263,1103.1331,563.7112
2105,101,2005,q1+q2+q5,0.62635212,1363.0896,715.9365
2105,101,2005,q1+q2+q6,0.60852993,617.4232,332.0349
2105,101,2005,q1+q3+q4,0.66549912,1818.7807,853.6209
2105,101,2005,q1+q3+q5,0.60677861,2156.3791,1030.3874
2105,101,2005,q1+q3+q6,0.58895642,1409.9365,686.8989
2105,101,2005,q1+q4+q5,0.39147007,2961.9803,1542.0085
2105,101,2005,q1+q4+q6,0.37364788,1823.8378,986.2125
2105,101,2005,q1+q5+q6,0.31492737,2475.24,1435.843
2105,101,2005,q2+q3+q4,0.68507263,1964.8149,845.8759
2105,101,2005,q2+q3+q5,0.62635212,2305.554,1000.6163
2105,101,2005,q2+q3+q6,0.60852993,1587.4899,698.8906
2105,101,2005,q2+q4+q5,0.41104358,3150.9325,1399.7292
2105,101,2005,q2+q4+q6,0.39322139,2078.0076,945.3626
2105,101,2005,q2+q5+q6,0.33450088,2735.9114,1277.7288
2105,101,2005,q3+q4+q5,0.39147007,4469.9234,1745.2508
2105,101,2005,q3+q4+q6,0.37364788,3403.7065,1350.5636
2105,101,2005,q3+q5+q6,0.31492737,4349.6868,1726.1624
2105,101,2005,q4+q5+q6,0.09961883,12255.8893,4428.839
2105,101,2005,q1+q2+q3+q4,0.97867518,1436.2302,679.2095
2105,101,2005,q1+q2+q3+q5,0.91995467,1634.4833,782.5931
2105,101,2005,q1+q2+q3+q6,0.90213248,1136.8586,551.2744
2105,101,2005,q1+q2+q4+q5,0.70464613,1922.5714,965.2727
2105,101,2005,q1+q2+q4+q6,0.68682394,1276.4246,653.0135
2105,101,2005,q1+q2+q5+q6,0.62810343,1551.857,816.0712
2105,101,2005,q1+q3+q4+q5,0.68507263,2641.1845,1221.9087
2105,101,2005,q1+q3+q4+q6,0.66725044,1995.2773,937.6743
2105,101,2005,q1+q3+q5+q6,0.60852993,2348.9352,1123.967
2105,101,2005,q1+q4+q5+q6,0.39322139,3256.3827,1698.598
2105,101,2005,q2+q3+q4+q5,0.70464613,2760.3176,1175.864
2105,101,2005,q2+q3+q4+q6,0.68682394,2135.9092,920.7933
2105,101,2005,q2+q3+q5+q6,0.62810343,2491.6936,1083.0096
2105,101,2005,q2+q4+q5+q6,0.41279489,3430.5736,1527.3329
2105,101,2005,q3+q4+q5+q6,0.39322139,4757.6098,1862.3827
2105,101,2005,q1+q2+q3+q4+q5,0.99824869,2008.1259,940.11
2105,101,2005,q1+q2+q3+q4+q6,0.9804265,1557.0321,736.984
2105,101,2005,q1+q2+q3+q5+q6,0.92170599,1762.6047,844.7151
2105,101,2005,q1+q2+q4+q5+q6,0.70639745,2089.0296,1050.0426
2105,101,2005,q1+q3+q4+q5+q6,0.68682394,2810.5541,1301.9309
2105,101,2005,q2+q3+q4+q5+q6,0.70639745,2924.6988,1247.5625
2105,101,2005,q1+q2+q3+q4+q5+q6,1.0,2125.5617,995.9527
2105,101,2005,all,1.0,2125.5617,995.9527
2106,101,2006,q1,0.29368001,196.0785,123.4552
2106,101,2006,q2,0.31325867,620.6443,293.417
2106,101,2006,q3,0.29368001,2142.1967,890.2979
2106,101,2006,q4,0.07831467,6937.8525,2281.4676
2106,101,2006,q5,0.01957867,32350.717,8933.7885
2106,101,2006,q6,0.00148798,67338.9308,65827.173
2106,101,2006,q1+q2,0.60693868,415.2092,223.2017
2106,101,2006,q1+q3,0.58736001,1169.1376,585.3863
2106,101,2006,q1+q4,0.37199467,1615.3994,852.8635
2106,101,2006,q1+q5,0.31325867,2205.7434,1285.9129
2106,101,2006,q1+q6,0.29516798,534.554,337.1715
2106,101,2006,q2+q3,0.60693868,1356.8793,601.4533
2106,101,2006,q2+q4,0.39157334,1884.0859,819.034
2106,101,2006,q2+q5,0.33283734,2487.1191,1128.5522
2106,101,2006,q2+q6,0.31474665,936.0579,443.6155
2106,101,2006,q3+q4,0.37199467,3151.8085,1240.9672
2106,101,2006,q3+q5,0.31325867,4030.2292,1623.7206
2106,101,2006,q3+q6,0.29516798,2470.8616,1029.8756
2106,101,2006,q4+q5,0.09789334,12020.4254,3807.5455
2106,101,2006,q4+q6,0.07980265,8064.0747,2685.0416
2106,101,2006,q5+q6,0.02106665,34822.0034,10129.5998
2106,101,2006,q1+q2+q3,0.90061869,978.3573,479.9967
2106,101,2006,q1+q2+q4,0.68525335,1160.6542,581.7285
2106,101,2006,q1+q2+q5,0.62651735,1413.1939,737.8557
2106,101,2006,q1+q2+q6,0.60842666,578.879,311.5276
2106,101,2006,q1+q3+q4,0.66567468,1847.81,871.6079
2106,101,2006,q1+q3+q5,0.60693868,2174.995,1061.184
2106,101,2006,q1+q3+q6,0.58884799,1336.3442,669.9323
2106,101,2006,q1+q4+q5,0.39157334,3152.1652,1591.6468
2106,101,2006,q1+q4+q6,0.37348265,1877.2461,992.9271
2106,101,2006,q1+q5+q6,0.31474665,2513.6635,1468.2269
2106,101,2006,q2+q3+q4,0.68525335,1994.7048,850.3627
2106,101,2006,q2+q3+q5,0.62651735,2325.4368,1011.6478
2106,101,2006,q2+q3+q6,0.60842666,1518.2462,673.8819
2106,101,2006,q2+q4+q5,0.41115201,3334.8779,1411.1284
2106,101,2006,q2+q4+q6,0.39306132,2131.8727,928.7021
2106,101,2006,q2+q5+q6,0.33432532,2775.7545,1262.5339
2106,101,2006,q3+q4+q5,0.39157334,4611.7539,1777.9445
2106,101,2006,q3+q4+q6,0.37348265,3407.534,1344.8544
2106,101,2006,q3+q5+q6,0.31474665,4329.5239,1749.1633
2106,101,2006,q4+q5+q6,0.09938131,12848.6772,4111.5117
2106,101,2006,q1+q2+q3+q4,0.97893335,1455.1169,686.8702
2106,101,2006,q1+q2+q3+q5,0.92019735,1645.8543,794.3553
2106,101,2006,q1+q2+q3+q6,0.90210666,1087.8157,534.1375
2106,101,2006,q1+q2+q4+q5,0.70483202,2027.0448,993.48
2106,101,2006,q1+q2+q4+q6,0.68674133,1304.0442,654.2875
2106,101,2006,q1+q2+q5+q6,0.62800533,1569.3965,820.3176
2106,101,2006,q1+q3+q4+q5,0.68525335,2719.3216,1257.262
2106,101,2006,q1+q3+q4+q6,0.66716266,1993.8754,941.5933
2106,101,2006,q1+q3+q5+q6,0.60842666,2334.3611,1140.3359
2106,101,2006,q1+q4+q5+q6,0.39306132,3395.1516,1717.4831
2106,101,2006,q2+q3+q4+q5,0.70483202,2837.9274,1191.8356
2106,101,2006,q2+q3+q4+q6,0.68674133,2136.2877,911.835
2106,101,2006,q2+q3+q5+q6,0.62800533,2479.478,1080.0814
2106,101,2006,q2+q4+q5+q6,0.41263999,3565.6763,1511.8809
2106,101,2006,q3+q4+q5+q6,0.39306132,4849.2148,1873.7875
2106,101,2006,q1+q2+q3+q4+q5,0.99851202,2060.913,959.484
2106,101,2006,q1+q2+q3+q4+q6,0.98042133,1555.1083,734.6465
2106,101,2006,q1+q2+q3+q5+q6,0.92168533,1751.91,846.2337
2106,101,2006,q1+q2+q4+q5+q6,0.70631999,2164.635,1062.0302
2106,101,2006,q1+q3+q4+q5+q6,0.68674133,2859.3344,1323.5074
2106,101,2006,q2+q3+q4+q5+q6,0.70631999,2973.8093,1250.404
2106,101,2006,q1+q2+q3+q4+q5+q6,1.0,2158.0453,1005.4887
2106,101,2006,all,1.0,2158.0453,1005.4887
2107,101,2007,q1,0.29369108,203.0773,107.5886
2107,101,2007,q2,0.31327049,572.9796,266.0361
2107,101,2007,q3,0.29369108,2382.9009,982.5046
2107,101,2007,q4,0.07831762,7586.5817,2670.8172
2107,101,2007,q5,0.01957941,33342.8368,9763.434
2107,101,2007,q6,0.00145033,70629.814,69121.7651
2107,101,2007,q1+q2,0.60696157,393.9947,194.5706
2107,101,2007,q1+q3,0.58738216,1292.9891,599.5959
2107,101,2007,q1+q4,0.3720087,1757.4993,841.646
2107,101,2007,q1+q5,0.31327049,2274.3123,1146.9012
2107,101,2007,q1+q6,0.29514141,549.1547,291.5946
2107,101,2007,q2+q3,0.60696157,1448.748,633.9783
2107,101,2007,q2+q4,0.39158811,1975.7001,862.3284
2107,101,2007,q2+q5,0.33284989,2500.6183,1122.3797
2107,101,2007,q2+q6,0.31472081,895.8222,416.9426
2107,101,2007,q3+q4,0.3720087,3478.4126,1384.307
2107,101,2007,q3+q5,0.31327049,4317.8969,1736.053
2107,101,2007,q3+q6,0.29514141,2718.2665,1123.977
2107,101,2007,q4+q5,0.09789703,12737.8327,4309.9439
2107,101,2007,q4+q6,0.07976795,8732.8223,3110.5564
2107,101,2007,q5+q6,0.02102973,35914.3525,11050.5
2107,101,2007,q1+q2+q3,0.90065265,1042.551,483.6688
2107,101,2007,q1+q2+q4,0.68527919,1216.0046,574.0863
2107,101,2007,q1+q2+q5,0.62654097,1423.646,688.2882
2107,101,2007,q1+q2+q6,0.60841189,561.4221,277.5808
2107,101,2007,q1+q3+q4,0.66569978,2033.4118,909.0238
2107,101,2007,q1+q3+q5,0.60696157,2326.8552,1059.0886
2107,101,2007,q1+q3+q6,0.58883249,1463.7695,679.6725
2107,101,2007,q1+q4+q5,0.39158811,3336.7662,1548.7324
2107,101,2007,q1+q4+q6,0.37345903,2024.9646,971.659
2107,101,2007,q1+q5+q6,0.31472081,2589.3146,1308.6753
2107,101,2007,q2+q3+q4,0.68527919,2150.2147,915.5143
2107,101,2007,q2+q3+q5,0.62654097,2445.4383,1053.8505
2107,101,2007,q2+q3+q6,0.60841189,1613.6611,707.0768
2107,101,2007,q2+q4+q5,0.41116751,3469.3732,1479.7014
2107,101,2007,q2+q4+q6,0.39303843,2229.0363,974.8943
2107,101,2007,q2+q5+q6,0.33430022,2796.1896,1257.9988
2107,101,2007,q3+q4+q5,0.39158811,4971.6338,1943.6671
2107,101,2007,q3+q4+q6,0.37345903,3739.1948,1491.5276
2107,101,2007,q3+q5+q6,0.31472081,4623.4817,1863.9773
2107,101,2007,q4+q5+q6,0.09934735,13582.9712,4640.2229
2107,101,2007,q1+q2+q3+q4,0.97897027,1566.0735,708.5313
2107,101,2007,q1+q2+q3+q5,0.92023205,1729.7912,792.6439
2107,101,2007,q1+q2+q3+q6,0.90210297,1154.4277,536.0247
2107,101,2007,q1+q2+q4+q5,0.70485859,2108.4166,978.7551
2107,101,2007,q1+q2+q4+q6,0.68672951,1362.6019,644.0001
2107,101,2007,q1+q2+q5+q6,0.6279913,1583.4755,766.4564
2107,101,2007,q1+q3+q4+q5,0.68527919,2927.9668,1289.524
2107,101,2007,q1+q3+q4+q6,0.66715011,2182.5344,976.8417
2107,101,2007,q1+q3+q5+q6,0.60841189,2489.6751,1134.6443
2107,101,2007,q1+q4+q5+q6,0.39303843,3585.08,1667.2195
2107,101,2007,q2+q3+q4+q5,0.70485859,3016.6764,1268.436
2107,101,2007,q2+q3+q4+q6,0.68672951,2294.839,978.2593
2107,101,2007,q2+q3+q5+q6,0.6279913,2602.9079,1123.1631
2107,101,2007,q2+q4+q5+q6,0.41261784,3705.4381,1583.5243
2107,101,2007,q3+q4+q5+q6,0.39303843,5213.915,2042.9142
2107,101,2007,q1+q2+q3+q4+q5,0.99854967,2189.1473,979.9524
2107,101,2007,q1+q2+q3+q4+q6,0.98042059,1668.2388,755.3543
2107,101,2007,q1+q2+q3+q5+q6,0.92168238,1838.2098,843.0301
2107,101,2007,q1+q2+q4+q5+q6,0.70630892,2249.1176,1045.1985
2107,101,2007,q1+q3+q4+q5+q6,0.68672951,3070.9485,1354.0682
2107,101,2007,q2+q3+q4+q5+q6,0.70630892,3155.5124,1328.3688
2107,101,2007,q1+q2+q3+q4+q5+q6,1.0,2288.4086,1025.1926
2107,101,2007,all,1.0,2288.4086,1025.1926
2201,102,2011,q1,0.19455253,202.7718,118.4634
2201,102,2011,q2,0.29182879,606.3839,291.5937
2201,102,2011,q3,0.32101167,2269.1077,917.4746
2201,102,2011,q4,0.1459144,6931.1108,2444.4747
2201,102,2011,q5,0.03891051,32629.7684,9587.4375
2201,102,2011,q6,0.0077821,107696.3702,49004.172
2201,102,2011,q1+q2,0.48638132,444.9391,230.2516
2201,102,2011,q1+q3,0.5155642,1489.3583,681.3661
2201,102,2011,q1+q4,0.34046693,3086.3457,1407.1799
2201,102,2011,q1+q5,0.23346304,5607.2712,2812.5882
2201,102,2011,q1+q6,0.20233463,4337.141,2506.4731
2201,102,2011,q2+q3,0.61284047,1477.3345,646.3227
2201,102,2011,q2+q4,0.43774319,2714.6262,1164.3225
2201,102,2011,q2+q5,0.3307393,4373.8409,1956.7162
2201,102,2011,q2+q6,0.29961089,3387.942,1626.7693
2201,102,2011,q3+q4,0.46692607,3725.9837,1440.6058
2201,102,2011,q3+q5,0.35992218,5551.3413,2156.8909
2201,102,2011,q3+q6,0.32879377,4764.4275,1931.5069
2201,102,2011,q4+q5,0.1848249,12341.3545,4176.4431
2201,102,2011,q4+q6,0.1536965,12033.1493,4292.7551
2201,102,2011,q5+q6,0.04669261,45140.8687,14095.7755
2201,102,2011,q1+q2+q3,0.807393,1170.2109,544.9372
2201,102,2011,q1+q2+q4,0.63229572,1941.7479,907.0231
2201,102,2011,q1+q2+q5,0.52529183,2829.0005,1385.8372
2201,102,2011,q1+q2+q6,0.49416342,2133.938,1101.9096
2201,102,2011,q1+q3+q4,0.6614786,2689.7449,1154.8277
2201,102,2011,q1+q3+q5,0.55447471,3674.6502,1617.8739
2201,102,2011,q1+q3+q6,0.5233463,3068.6447,1403.7601
2201,102,2011,q1+q4+q5,0.37937743,6116.4403,2639.3573
2201,102,2011,q1+q4+q6,0.34824903,5423.9998,2472.8922
2201,102,2011,q1+q5+q6,0.24124514,8900.468,4449.7519
2201,102,2011,q2+q3+q4,0.75875486,2526.1376,1056.3167
2201,102,2011,q2+q3+q5,0.65175097,3337.1813,1418.5813
2201,102,2011,q2+q3+q6,0.62062257,2809.2346,1229.613
2201,102,2011,q2+q4+q5,0.4766537,5156.6787,2131.7331
2201,102,2011,q2+q4+q6,0.44552529,4548.3685,1952.7852
2201,102,2011,q2+q5+q6,0.3385214,6749.0715,3020.4861
2201,102,2011,q3+q4+q5,0.50583658,5949.3517,2245.6775
2201,102,2011,q3+q4+q6,0.47470817,5430.4162,2104.7893
2201,102,2011,q3+q5+q6,0.36770428,7713.1408,3006.1222
2201,102,2011,q4+q5+q6,0.192607,16194.0824,5537.5858
2201,102,2011,q1+q2+q3+q4,0.95330739,2051.9813,910.887
2201,102,2011,q1+q2+q3+q5,0.8463035,2616.6274,1186.5882
2201,102,2011,q1+q2+q3+q6,0.8151751,2187.1671,1018.2801
2201,102,2011,q1+q2+q4+q5,0.67120623,3720.7636,1680.5723
2201,102,2011,q1+q2+q4+q6,0.64007782,3227.5184,1507.1411
2201,102,2011,q1+q2+q5+q6,0.53307393,4359.911,2133.3964
2201,102,2011,q1+q3+q4+q5,0.70038911,4353.0795,1822.2782
2201,102,2011,q1+q3+q4+q6,0.6692607,3910.7521,1680.1632
2201,102,2011,q1+q3+q5+q6,0.56225681,5114.3972,2252.7755
2201,102,2011,q1+q4+q5+q6,0.38715953,8158.2479,3524.094
2201,102,2011,q2+q3+q4+q5,0.79766537,3994.6074,1636.5836
2201,102,2011,q2+q3+q4+q6,0.76653696,3593.8557,1504.0254
2201,102,2011,q2+q3+q5+q6,0.65953307,4568.5581,1943.5283
2201,102,2011,q2+q4+q5+q6,0.4844358,6803.9026,2816.8232
2201,102,2011,q3+q4+q5+q6,0.51361868,7490.9732,2834.9082
2201,102,2011,q1+q2+q3+q4+q5,0.9922179,3251.1102,1414.8471
2201,102,2011,q1+q2+q3+q4+q6,0.96108949,2907.4015,1290.8685
2201,102,2011,q1+q2+q3+q5+q6,0.8540856,3574.0738,1620.8211
2201,102,2011,q1+q2+q4+q5+q6,0.67898833,4912.4611,2219.0182
2201,102,2011,q1+q3+q4+q5+q6,0.70817121,5488.7201,2299.6998
2201,102,2011,q2+q3+q4+q5+q6,0.80544747,4996.5568,2049.0524
2201,102,2011,q1+q2+q3+q4+q5+q6,1.0,4063.9138,1769.1703
2201,102,2011,all,1.0,4063.9138,1769.1703
2202,102,2012,q1,0.19455253,198.5598,124.8254
2202,102,2012,q2,0.29182879,606.7953,285.5217
2202,102,2012,q3,0.32101167,2153.5439,896.7194
2202,102,2012,q4,0.1459144,6287.3354,2360.7516
2202,102,2012,q5,0.03891051,29135.1929,9313.2335
2202,102,2012,q6,0.0077821,107243.3531,54518.4627
2202,102,2012,q1+q2,0.48638132,443.5011,232.0283
2202,102,2012,q1+q3,0.5155642,1415.8141,675.6166
2202,102,2012,q1+q4,0.34046693,2808.0351,1369.522
2202,102,2012,q1+q5,0.23346304,5021.332,2718.675
2202,102,2012,q1+q6,0.20233463,4315.6673,2688.5925
2202,102,2012,q2+q3,0.61284047,1416.997,624.2336
2202,102,2012,q2+q4,0.43774319,2500.3086,1084.9351
2202,102,2012,q2+q5,0.3307393,3963.0774,1766.6806
2202,102,2012,q2+q6,0.29961089,3376.576,1591.8916
2202,102,2012,q3+q4,0.46692607,3445.3538,1387.3754
2202,102,2012,q3+q5,0.35992218,5070.479,2044.4227
2202,102,2012,q3+q6,0.32879377,4640.8767,1940.7361
2202,102,2012,q4+q5,0.1848249,11097.4107,4019.0677
2202,102,2012,q4+q6,0.1536965,11399.0325,4337.4858
2202,102,2012,q5+q6,0.04669261,42153.2196,14363.1312
2202,102,2012,q1+q2+q3,0.807393,1123.3976,533.352
2202,102,2012,q1+q2+q4,0.63229572,1792.0782,859.5439
2202,102,2012,q1+q2+q5,0.52529183,2568.8116,1283.4082
2202,102,2012,q1+q2+q6,0.49416342,2125.3885,1111.4382
2202,102,2012,q1+q3+q4,0.6614786,2490.4144,1121.3973
2202,102,2012,q1+q3+q5,0.55447471,3361.0337,1550.2468
2202,102,2012,q1+q3+q6,0.5233463,2989.4578,1427.8502
2202,102,2012,q1+q4+q5,0.37937743,5508.2564,2549.0106
2202,102,2012,q1+q4+q6,0.34824903,5141.7852,2510.006
2202,102,2012,q1+q5+q6,0.24124514,8318.8166,4494.5862
2202,102,2012,q2+q3+q4,0.75875486,2353.6005,1003.4054
2202,102,2012,q2+q3+q5,0.65175097,3071.8146,1323.359
2202,102,2012,q2+q3+q6,0.62062257,2743.9732,1210.836
2202,102,2012,q2+q4+q5,0.4766537,4674.5849,1970.8865
2202,102,2012,q2+q4+q6,0.44552529,4329.8815,1883.6422
2202,102,2012,q2+q5+q6,0.3385214,6337.3366,2833.1069
2202,102,2012,q3+q4+q5,0.50583658,5421.4952,2140.3654
2202,102,2012,q3+q4+q6,0.47470817,5146.9603,2079.666
2202,102,2012,q3+q5+q6,0.36770428,7232.8678,2929.1241
2202,102,2012,q4+q5+q6,0.192607,14982.0952,5489.7449
2202,102,2012,q1+q2+q3+q4,0.95330739,1913.7963,873.2619
2202,102,2012,q1+q2+q3+q5,0.8463035,2411.2963,1119.8203
2202,102,2012,q1+q2+q3+q6,0.8151751,2136.476,1014.9683
2202,102,2012,q1+q2+q4+q5,0.67120623,3377.1863,1574.1469
2202,102,2012,q1+q2+q4+q6,0.64007782,3074.1606,1475.4895
2202,102,2012,q1+q2+q5+q6,0.53307393,4096.9071,2047.377
2202,102,2012,q1+q3+q4+q5,0.70038911,3970.6798,1748.2485
2202,102,2012,q1+q3+q4+q6,0.6692607,3708.4718,1672.0921
2202,102,2012,q1+q3+q5+q6,0.56225681,4798.8512,2216.2707
2202,102,2012,q1+q4+q5+q6,0.38715953,7553.183,3501.6381
2202,102,2012,q2+q3+q4+q5,0.79766537,3660.0196,1535.3746
2202,102,2012,q2+q3+q4+q6,0.76653696,3418.4711,1459.7808
2202,102,2012,q2+q3+q5+q6,0.65953307,4300.9773,1856.2322
2202,102,2012,q2+q4+q5+q6,0.4844358,6322.276,2672.9086
2202,102,2012,q3+q4+q5+q6,0.51361868,6964.2507,2758.7718
2202,102,2012,q1+q2+q3+q4+q5,0.9922179,2981.302,1337.9345
2202,102,2012,q1+q2+q3+q4+q6,0.96108949,2766.6672,1263.4732
2202,102,2012,q1+q2+q3+q5+q6,0.8540856,3366.4859,1564.6487
2202,102,2012,q1+q2+q4+q5+q6,0.67898833,4567.6295,2131.0567
2202,102,2012,q1+q3+q4+q5+q6,0.70817121,5105.5444,2251.2301
2202,102,2012,q2+q3+q4+q5+q6,0.80544747,4660.8248,1958.5191
2202,102,2012,q1+q2+q3+q4+q5+q6,1.0,3792.6799,1703.6148
2202,102,2012,all,1.0,3792.6799,1703.6148
2203,102,2013,q1,0.19455253,203.9051,123.8238
2203,102,2013,q2,0.29182879,709.3884,313.7582
2203,102,2013,q3,0.32101167,2422.6606,879.5383
2203,102,2013,q4,0.1459144,7355.16,2272.1053
2203,102,2013,q5,0.03891051,35185.2832,8806.1661
2203,102,2013,q6,0.0077821,99091.6783,49477.597
2203,102,2013,q1+q2,0.48638132,507.1951,251.6775
2203,102,2013,q1+q3,0.5155642,1585.3944,678.5466
2203,102,2013,q1+q4,0.34046693,3268.7287,1403.8851
2203,102,2013,q1+q5,0.23346304,6034.1348,2960.5192
2203,102,2013,q1+q6,0.20233463,4007.281,2413.4004
2203,102,2013,q2+q3,0.61284047,1606.8167,637.7637
2203,102,2013,q2+q4,0.43774319,2924.6456,1130.8026
2203,102,2013,q2+q5,0.3307393,4765.376,1933.2086
2203,102,2013,q2+q6,0.29961089,3264.7725,1448.285
2203,102,2013,q3+q4,0.46692607,3964.0667,1364.422
2203,102,2013,q3+q5,0.35992218,5964.5658,2064.8373
2203,102,2013,q3+q6,0.32879377,4710.6847,1721.3158
2203,102,2013,q4+q5,0.1848249,13214.1333,3890.1557
2203,102,2013,q4+q6,0.1536965,12000.047,3779.9529
2203,102,2013,q5+q6,0.04669261,45836.349,12511.9703
2203,102,2013,q1+q2+q3,0.807393,1268.7657,549.4488
2203,102,2013,q1+q2+q4,0.63229572,2087.4947,908.6989
2203,102,2013,q1+q2+q5,0.52529183,3075.9423,1422.7664
2203,102,2013,q1+q2+q6,0.49416342,2059.7066,1022.1558
2203,102,2013,q1+q3+q4,0.6614786,2858.1368,1127.4078
2203,102,2013,q1+q3+q5,0.55447471,3943.2813,1607.6112
2203,102,2013,q1+q3+q6,0.5233463,3035.302,1301.8698
2203,102,2013,q1+q4+q5,0.37937743,6542.2214,2617.5817
2203,102,2013,q1+q4+q6,0.34824903,5410.0236,2330.8326
2203,102,2013,q1+q5+q6,0.24124514,9035.991,4435.804
2203,102,2013,q2+q3+q4,0.75875486,2712.2673,1020.6185
2203,102,2013,q2+q3+q5,0.65175097,3611.5013,1385.002
2203,102,2013,q2+q3+q6,0.62062257,2829.1974,1125.8356
2203,102,2013,q2+q4+q5,0.4766537,5558.167,2057.5285
2203,102,2013,q2+q4+q6,0.44552529,4604.4191,1787.3247
2203,102,2013,q2+q5+q6,0.3385214,6933.7967,2825.068
2203,102,2013,q3+q4+q5,0.50583658,6365.6987,2129.5863
2203,102,2013,q3+q4+q6,0.47470817,5523.5357,1910.9191
2203,102,2013,q3+q5+q6,0.36770428,7935.5099,2765.0936
2203,102,2013,q4+q5+q6,0.192607,16683.9331,4994.4598
2203,102,2013,q1+q2+q3+q4,0.95330739,2200.3567,897.6647
2203,102,2013,q1+q2+q3+q5,0.8463035,2828.1458,1184.9631
2203,102,2013,q1+q2+q3+q6,0.8151751,2202.636,955.0783
2203,102,2013,q1+q2+q4+q5,0.67120623,4006.2071,1672.2585
2203,102,2013,q1+q2+q4+q6,0.64007782,3266.8769,1424.3109
2203,102,2013,q1+q2+q5+q6,0.53307393,4477.6319,2073.3416
2203,102,2013,q1+q3+q4+q5,0.70038911,4654.0894,1778.9006
2203,102,2013,q1+q3+q4+q6,0.6692607,3977.1315,1572.6416
2203,102,2013,q1+q3+q5+q6,0.56225681,5260.2142,2149.9639
2203,102,2013,q1+q4+q5+q6,0.38715953,8402.512,3375.3751
2203,102,2013,q2+q3+q4+q5,0.79766537,4296.3169,1577.9358
2203,102,2013,q2+q3+q4+q6,0.76653696,3690.7385,1392.2968
2203,102,2013,q2+q3+q5+q6,0.65953307,4738.111,1822.0407
2203,102,2013,q2+q4+q5+q6,0.4844358,7060.7134,2624.6468
2203,102,2013,q3+q4+q5+q6,0.51361868,7770.6378,2612.659
2203,102,2013,q1+q2+q3+q4+q5,0.9922179,3493.8832,1391.0083
2203,102,2013,q1+q2+q3+q4+q6,0.96108949,2984.9018,1219.5368
2203,102,2013,q1+q2+q3+q5+q6,0.8540856,3705.2623,1554.7445
2203,102,2013,q1+q2+q4+q5+q6,0.67898833,5096.0119,2131.1677
2203,102,2013,q1+q3+q4+q5+q6,0.70817121,5691.8651,2181.1832
2203,102,2013,q2+q3+q4+q5+q6,0.80544747,5212.2141,1919.2266
2203,102,2013,q1+q2+q3+q4+q5+q6,1.0,4237.8349,1689.8603
2203,102,2013,all,1.0,4237.8349,1689.8603
2204,102,2014,q1,0.19455253,203.5139,106.1285
2204,102,2014,q2,0.29182879,566.2758,264.8608
2204,102,2014,q3,0.32101167,2403.871,1008.0567
2204,102,2014,q4,0.1459144,7633.175,2745.9013
2204,102,2014,q5,0.03891051,33481.899,9988.3097
2204,102,2014,q6,0.0077821,119288.4534,42807.0
2204,102,2014,q1+q2,0.48638132,421.1711,205.4638
2204,102,2014,q1+q3,0.5155642,1573.5476,712.5229
2204,102,2014,q1+q4,0.34046693,3387.6544,1481.1729
2204,102,2014,q1+q5,0.23346304,5749.9114,2666.0694
2204,102,2014,q1+q6,0.20233463,4783.7039,2451.8705
2204,102,2014,q2+q3,0.61284047,1528.8257,674.3208
2204,102,2014,q2+q4,0.43774319,2921.9089,1242.3312
2204,102,2014,q2+q5,0.3307393,4438.7021,1946.0755
2204,102,2014,q2+q6,0.29961089,3649.9688,1693.8303
2204,102,2014,q3+q4,0.46692607,4038.0285,1609.9605
2204,102,2014,q3+q5,0.35992218,5763.6578,2315.4215
2204,102,2014,q3+q6,0.32879377,5170.37,2159.5638
2204,102,2014,q4+q5,0.1848249,13075.0116,4508.1271
2204,102,2014,q4+q6,0.1536965,13286.6068,4779.0314
2204,102,2014,q5+q6,0.04669261,47782.9914,14666.9567
2204,102,2014,q1+q2+q3,0.807393,1209.4735,554.0496
2204,102,2014,q1+q2+q4,0.63229572,2085.4797,940.1193
2204,102,2014,q1+q2+q5,0.52529183,2870.1139,1337.2266
2204,102,2014,q1+q2+q6,0.49416342,2293.0968,1112.3664
2204,102,2014,q1+q3+q4,0.6614786,2910.2301,1246.6359
2204,102,2014,q1+q3+q5,0.55447471,3812.7301,1665.9109
2204,102,2014,q1+q3+q6,0.5233463,3323.9551,1499.2929
2204,102,2014,q1+q4+q5,0.37937743,6474.2436,2701.6874
2204,102,2014,q1+q4+q6,0.34824903,5977.6164,2600.8799
2204,102,2014,q1+q5+q6,0.24124514,9412.445,4323.5434
2204,102,2014,q2+q3+q4,0.75875486,2702.739,1142.4247
2204,102,2014,q2+q3+q5,0.65175097,3436.4719,1473.6293
2204,102,2014,q2+q3+q6,0.62062257,3005.4355,1321.8132
2204,102,2014,q2+q4+q5,0.4766537,5416.602,2225.7555
2204,102,2014,q2+q4+q6,0.44552529,4954.5123,2099.7705
2204,102,2014,q2+q5+q6,0.3385214,7078.9263,3087.896
2204,102,2014,q3+q4+q5,0.50583658,6302.9416,2449.5771
2204,102,2014,q3+q4+q6,0.47470817,5927.3797,2358.9502
2204,102,2014,q3+q5+q6,0.36770428,8166.299,3272.3547
2204,102,2014,q4+q5+q6,0.192607,17366.4638,5997.2711
2204,102,2014,q1+q2+q3+q4,0.95330739,2192.6931,964.106
2204,102,2014,q1+q2+q3+q5,0.8463035,2693.2631,1204.1111
2204,102,2014,q1+q2+q3+q6,0.8151751,2336.7191,1067.6128
2204,102,2014,q1+q2+q4+q5,0.67120623,3905.5619,1709.9351
2204,102,2014,q1+q2+q4+q6,0.64007782,3510.4398,1577.5671
2204,102,2014,q1+q2+q5+q6,0.53307393,4569.6517,2119.8326
2204,102,2014,q1+q3+q4+q5,0.70038911,4608.6562,1927.4996
2204,102,2014,q1+q3+q4+q6,0.6692607,4263.4653,1822.208
2204,102,2014,q1+q3+q5+q6,0.56225681,5411.0101,2357.1548
2204,102,2014,q1+q4+q5+q6,0.38715953,8741.8659,3636.0578
2204,102,2014,q2+q3+q4+q5,0.79766537,4204.1615,1741.6434
2204,102,2014,q2+q3+q4+q6,0.76653696,3886.3503,1639.7655
2204,102,2014,q2+q3+q5+q6,0.65953307,4803.4569,2055.0925
2204,102,2014,q2+q4+q5+q6,0.4844358,7245.8687,2970.5033
2204,102,2014,q3+q4+q5+q6,0.51361868,8014.8433,3110.9785
2204,102,2014,q1+q2+q3+q4+q5,0.9922179,3419.7208,1476.1849
2204,102,2014,q1+q2+q3+q4+q6,0.96108949,3140.8369,1378.4813
2204,102,2014,q1+q2+q3+q5+q6,0.8540856,3755.6339,1675.3254
2204,102,2014,q1+q2+q4+q5+q6,0.67898833,5228.002,2283.168
2204,102,2014,q1+q3+q4+q5+q6,0.70817121,5868.8737,2450.1108
2204,102,2014,q2+q3+q4+q5+q6,0.80544747,5316.087,2198.996
2204,102,2014,q1+q2+q3+q4+q5+q6,1.0,4321.423,1862.4801
2204,102,2014,all,1.0,4321.423,1862.4801
2205,102,2015,q1,0.19455253,203.5139,106.1285
2205,102,2015,q2,0.29182879,566.2758,264.8608
2205,102,2015,q3,0.32101167,2403.871,1008.0567
2205,102,2015,q4,0.1459144,7633.175,2745.9013
2205,102,2015,q5,0.03891051,33481.899,9988.3097
2205,102,2015,q6,0.0077821,119288.4534,42807.0
2205,102,2015,q1+q2,0.48638132,421.1711,205.4638
2205,102,2015,q1+q3,0.5155642,1573.5476,712.5229
2205,102,2015,q1+q4,0.34046693,3387.6544,1481.1729
2205,102,2015,q1+q5,0.23346304,5749.9114,2666.0694
2205,102,2015,q1+q6,0.20233463,4783.7039,2451.8705
2205,102,2015,q2+q3,0.61284047,1528.8257,674.3208
2205,102,2015,q2+q4,0.43774319,2921.9089,1242.3312
2205,102,2015,q2+q5,0.3307393,4438.7021,1946.0755
2205,102,2015,q2+q6,0.29961089,3649.9688,1693.8303
2205,102,2015,q3+q4,0.46692607,4038.0285,1609.9605
2205,102,2015,q3+q5,0.35992218,5763.6578,2315.4215
2205,102,2015,q3+q6,0.32879377,5170.37,2159.5638
2205,102,2015,q4+q5,0.1848249,13075.0116,4508.1271
2205,102,2015,q4+q6,0.1536965,13286.6068,4779.0314
2205,102,2015,q5+q6,0.04669261,47782.9914,14666.9567
2205,102,2015,q1+q2+q3,0.807393,1209.4735,554.0496
2205,102,2015,q1+q2+q4,0.63229572,2085.4797,940.1193
2205,102,2015,q1+q2+q5,0.52529183,2870.1139,1337.2266
2205,102,2015,q1+q2+q6,0.49416342,2293.0968,1112.3664
2205,102,2015,q1+q3+q4,0.6614786,2910.2301,1246.6359
2205,102,2015,q1+q3+q5,0.55447471,3812.7301,1665.9109
2205,102,2015,q1+q3+q6,0.5233463,3323.9551,1499.2929
2205,102,2015,q1+q4+q5,0.37937743,6474.2436,2701.6874
2205,102,2015,q1+q4+q6,0.34824903,5977.6164,2600.8799
2205,102,2015,q1+q5+q6,0.24124514,9412.445,4323.5434
2205,102,2015,q2+q3+q4,0.75875486,2702.739,1142.4247
2205,102,2015,q2+q3+q5,0.65175097,3436.4719,1473.6293
2205,102,2015,q2+q3+q6,0.62062257,3005.4355,1321.8132
2205,102,2015,q2+q4+q5,0.4766537,5416.602,2225.7555
2205,102,2015,q2+q4+q6,0.44552529,4954.5123,2099.7705
2205,102,2015,q2+q5+q6,0.3385214,7078.9263,3087.896
2205,102,2015,q3+q4+q5,0.50583658,6302.9416,2449.5771
2205,102,2015,q3+q4+q6,0.47470817,5927.3797,2358.9502
2205,102,2015,q3+q5+q6,0.36770428,8166.299,3272.3547
2205,102,2015,q4+q5+q6,0.192607,17366.4638,5997.2711
2205,102,2015,q1+q2+q3+q4,0.95330739,2192.6931,964.106
2205,102,2015,q1+q2+q3+q5,0.8463035,2693.2631,1204.1111
2205,102,2015,q1+q2+q3+q6,0.8151751,2336.7191,1067.6128
2205,102,2015,q1+q2+q4+q5,0.67120623,3905.5619,1709.9351
2205,102,2015,q1+q2+q4+q6,0.64007782,3510.4398,1577.5671
2205,102,2015,q1+q2+q5+q6,0.53307393,4569.6517,2119.8326
2205,102,2015,q1+q3+q4+q5,0.70038911,4608.6562,1927.4996
2205,102,2015,q1+q3+q4+q6,0.6692607,4263.4653,1822.208
2205,102,2015,q1+q3+q5+q6,0.56225681,5411.0101,2357.1548
2205,102,2015,q1+q4+q5+q6,0.38715953,8741.8659,3636.0578
2205,102,2015,q2+q3+q4+q5,0.79766537,4204.1615,1741.6434
2205,102,2015,q2+q3+q4+q6,0.76653696,3886.3503,1639.7655
2205,102,2015,q2+q3+q5+q6,0.65953307,4803.4569,2055.0925
2205,102,2015,q2+q4+q5+q6,0.4844358,7245.8687,2970.5033
2205,102,2015,q3+q4+q5+q6,0.51361868,8014.8433,3110.9785
2205,102,2015,q1+q2+q3+q4+q5,0.9922179,3419.7208,1476.1849
2205,102,2015,q1+q2+q3+q4+q6,0.96108949,3140.8369,1378.4813
2205,102,2015,q1+q2+q3+q5+q6,0.8540856,3755.6339,1675.3254
2205,102,2015,q1+q2+q4+q5+q6,0.67898833,5228.002,2283.168
2205,102,2015,q1+q3+q4+q5+q6,0.70817121,5868.8737,2450.1108
2205,102,2015,q2+q3+q4+q5+q6,0.80544747,5316.087,2198.996
2205,102,2015,q1+q2+q3+q4+q5+q6,1.0,4321.423,1862.4801
2205,102,2015,all,1.0,4321.423,1862.4801
2301,103,2021,q1,0.10699588,202.7718,118.4634
2301,103,2021,q2,0.20576132,606.3839,291.5937
2301,103,2021,q3,0.24691358,2269.1077,917.4746
2301,103,2021,q4,0.32921811,6931.1108,2444.4747
2301,103,2021,q5,0.08230453,32629.7684,9587.4375
2301,103,2021,q6,0.02880658,158161.8005,43120.78
2301,103,2021,q1+q2,0.3127572,468.3061,239.702
2301,103,2021,q1+q3,0.35390947,1644.4015,733.1321
2301,103,2021,q1+q4,0.43621399,5280.7635,2062.9707
2301,103,2021,q1+q5,0.18930041,14301.466,5843.9953
2301,103,2021,q1+q6,0.13580247,33709.2324,15850.9813
2301,103,2021,q2+q3,0.4526749,1513.3242,659.6091
2301,103,2021,q2+q4,0.53497942,4498.5236,1767.8006
2301,103,2021,q2+q5,0.28806584,9755.9224,3969.3878
2301,103,2021,q2+q6,0.2345679,19955.2947,8773.0663
2301,103,2021,q3+q4,0.57613169,4933.1095,1840.5841
2301,103,2021,q3+q5,0.32921811,9859.2729,3643.8162
2301,103,2021,q3+q6,0.27572016,18556.4039,7142.5
2301,103,2021,q4+q5,0.41152263,12070.8423,4093.1803
2301,103,2021,q4+q6,0.35802469,19099.0973,6580.4523
2301,103,2021,q5+q6,0.11111111,65175.1101,18771.8514
2301,103,2021,q1+q2+q3,0.55967078,1262.7774,578.487
2301,103,2021,q1+q2+q4,0.64197531,3782.5649,1572.2269
2301,103,2021,q1+q2+q5,0.39506173,7168.6108,3177.9708
2301,103,2021,q1+q2+q6,0.34156379,13767.7574,6561.4781
2301,103,2021,q1+q3+q4,0.68312757,4192.2132,1657.9885
2301,103,2021,q1+q3+q5,0.43621399,7490.6971,3042.6169
2301,103,2021,q1+q3+q6,0.38271605,13425.281,5712.3227
2301,103,2021,q1+q4+q5,0.51851852,9621.8754,3572.0041
2301,103,2021,q1+q4+q6,0.46502058,14751.2702,5612.2006
2301,103,2021,q1+q5+q6,0.218107,33301.8875,12767.0345
2301,103,2021,q2+q3+q4,0.781893,3794.4975,1504.4844
2301,103,2021,q2+q3+q5,0.53497942,6300.4694,2556.0676
2301,103,2021,q2+q3+q6,0.48148148,10885.4552,4580.5419
2301,103,2021,q2+q4+q5,0.61728395,8249.3562,3102.2036
2301,103,2021,q2+q4+q6,0.56378601,12349.9319,4746.1596
2301,103,2021,q2+q5+q6,0.31687243,23247.3658,9053.4239
2301,103,2021,q3+q4+q5,0.65843621,8395.1918,3030.113
2301,103,2021,q3+q4+q6,0.60493827,12229.7138,4484.3153
2301,103,2021,q3+q5+q6,0.35802469,21791.6602,7829.8069
2301,103,2021,q4+q5+q6,0.44032922,21628.1947,7218.9232
2301,103,2021,q1+q2+q3+q4,0.88888889,3362.1601,1386.7027
2301,103,2021,q1+q2+q3+q5,0.64197531,5284.1865,2258.8077
2301,103,2021,q1+q2+q3+q6,0.58847737,8943.1491,3964.8859
2301,103,2021,q1+q2+q4+q5,0.72427984,7060.6562,2802.7158
2301,103,2021,q1+q2+q4+q6,0.67078189,10412.348,4232.556
2301,103,2021,q1+q2+q5+q6,0.42386831,17430.2838,7411.8071
2301,103,2021,q1+q3+q4+q5,0.7654321,7250.0148,2764.4714
2301,103,2021,q1+q3+q4+q6,0.71193416,10422.1965,4048.0903
2301,103,2021,q1+q3+q5+q6,0.46502058,16824.3053,6632.5398
2301,103,2021,q1+q4+q5+q6,0.5473251,17439.7662,6353.3677
2301,103,2021,q2+q3+q4+q5,0.86419753,6540.7138,2509.8145
2301,103,2021,q2+q3+q4+q6,0.81069959,9279.6301,3620.843
2301,103,2021,q2+q3+q5+q6,0.56378601,14059.8075,5565.2147
2301,103,2021,q2+q4+q5+q6,0.64609053,14933.3505,5522.3504
2301,103,2021,q3+q4+q5+q6,0.6872428,14672.8341,5224.9997
2301,103,2021,q1+q2+q3+q4+q5,0.97119342,5842.4659,2329.9757
2301,103,2021,q1+q2+q3+q4+q6,0.91769547,8221.3417,3337.1262
2301,103,2021,q1+q2+q3+q5+q6,0.67078189,11849.4828,4944.6554
2301,103,2021,q1+q2+q4+q5+q6,0.75308642,12840.4814,5009.6347
2301,103,2021,q1+q3+q4+q5+q6,0.79423868,12723.4993,4782.4055
2301,103,2021,q2+q3+q4+q5+q6,0.89300412,11431.7166,4329.6921
2301,103,2021,q1+q2+q3+q4+q5+q6,1.0,10230.2657,4026.1608
2301,103,2021,all,1.0,10230.2657,4026.1608
2302,103,2022,q1,0.10699588,200.266,124.7558
2302,103,2022,q2,0.20576132,620.8273,289.1314
2302,103,2022,q3,0.24691358,2192.3983,886.5569
2302,103,2022,q4,0.32921811,6313.3031,2361.3603
2302,103,2022,q5,0.08230453,29534.1412,9341.3018
2302,103,2022,q6,0.02880658,150664.8123,46179.9162
2302,103,2022,q1+q2,0.3127572,476.9511,243.1177
2302,103,2022,q1+q3,0.35390947,1590.1257,719.3133
2302,103,2022,q1+q4,0.43621399,4813.8789,1996.1798
2302,103,2022,q1+q5,0.18930041,12954.1248,5676.745
2302,103,2022,q1+q6,0.13580247,32116.9879,16412.916
2302,103,2022,q2+q3,0.4526749,1478.0478,635.752
2302,103,2022,q2+q4,0.53497942,4123.8893,1668.8229
2302,103,2022,q2+q5,0.28806584,8881.7741,3644.4619
2302,103,2022,q2+q6,0.2345679,19047.2816,8338.7546
2302,103,2022,q3+q4,0.57613169,4547.201,1757.3087
2302,103,2022,q3+q5,0.32921811,9027.834,3413.0149
2302,103,2022,q3+q6,0.27572016,17704.4415,6928.1547
2302,103,2022,q4+q5,0.41152263,10957.4707,3954.0463
2302,103,2022,q4+q6,0.35802469,17927.7923,6588.7358
2302,103,2022,q5+q6,0.11111111,60938.3892,19115.9516
2302,103,2022,q1+q2+q3,0.55967078,1233.766,564.057
2302,103,2022,q1+q2+q4,0.64197531,3469.9521,1491.2823
2302,103,2022,q1+q2+q5,0.39506173,6530.5323,2952.6109
2302,103,2022,q1+q2+q6,0.34156379,13143.3972,6344.8302
2302,103,2022,q1+q3+q4,0.68312757,3866.3558,1588.6512
2302,103,2022,q1+q3+q5,0.43621399,6862.5815,2871.2997
2302,103,2022,q1+q3+q6,0.38271605,12810.801,5594.7371
2302,103,2022,q1+q4+q5,0.51851852,8737.73,3452.8109
2302,103,2022,q1+q4+q6,0.46502058,13848.8924,5619.891
2302,103,2022,q1+q5+q6,0.218107,31142.3288,12914.2167
2302,103,2022,q2+q3+q4,0.781893,3513.9448,1421.6685
2302,103,2022,q2+q3+q5,0.53497942,5794.3699,2361.5613
2302,103,2022,q2+q3+q6,0.48148148,10403.7517,4369.5221
2302,103,2022,q2+q4+q5,0.61728395,7511.9229,2930.6722
2302,103,2022,q2+q4+q6,0.56378601,11611.3817,4623.1486
2302,103,2022,q2+q5+q6,0.31687243,21771.1412,8666.4898
2302,103,2022,q3+q4+q5,0.65843621,7670.5685,2884.3732
2302,103,2022,q3+q4+q6,0.60493827,11505.1825,4391.735
2302,103,2022,q3+q5+q6,0.35802469,20423.9127,7579.0109
2302,103,2022,q4+q5+q6,0.44032922,20097.2033,7168.9972
2302,103,2022,q1+q2+q3+q4,0.88888889,3115.076,1315.8155
2302,103,2022,q1+q2+q3+q5,0.64197531,4862.0192,2102.7441
2302,103,2022,q1+q2+q3+q6,0.58847737,8548.5725,3816.4258
2302,103,2022,q1+q2+q4+q5,0.72427984,6431.7918,2655.9064
2302,103,2022,q1+q2+q4+q6,0.67078189,9791.2038,4136.5291
2302,103,2022,q1+q2+q5+q6,0.42386831,16326.0659,7150.5369
2302,103,2022,q1+q3+q4+q5,0.7654321,6626.3327,2637.8631
2302,103,2022,q1+q3+q4+q6,0.71193416,9806.1777,3974.5033
2302,103,2022,q1+q3+q5+q6,0.46502058,15770.6843,6452.5273
2302,103,2022,q1+q4+q5+q6,0.5473251,16207.5765,6308.5681
2302,103,2022,q2+q3+q4+q5,0.86419753,5992.0587,2361.4806
2302,103,2022,q2+q3+q4+q6,0.81069959,8742.6558,3497.3333
2302,103,2022,q2+q3+q5+q6,0.56378601,13196.5093,5289.2856
2302,103,2022,q2+q4+q5+q6,0.64609053,13894.5358,5355.609
2302,103,2022,q3+q4+q5+q6,0.6872428,13664.3392,5089.8259
2302,103,2022,q1+q2+q3+q4+q5,0.97119342,5353.9799,2199.0114
2302,103,2022,q1+q2+q3+q4+q6,0.91769547,7746.6821,3233.8344
2302,103,2022,q1+q2+q3+q5+q6,0.67078189,11123.4889,4727.2886
2302,103,2022,q1+q2+q4+q5+q6,0.75308642,11948.9018,4869.4349
2302,103,2022,q1+q3+q4+q5+q6,0.79423868,11850.5262,4666.9764
2302,103,2022,q2+q3+q4+q5+q6,0.89300412,10658.9217,4162.3279
2302,103,2022,q1+q2+q3+q4+q5+q6,1.0,9539.8886,3880.2614
2302,103,2022,all,1.0,9539.8886,3880.2614
2303,103,2023,q1,0.10699588,204.8972,122.9694
2303,103,2023,q2,0.20576132,704.3946,308.7833
2303,103,2023,q3,0.24691358,2424.3848,874.3824
2303,103,2023,q4,0.32921811,7124.5113,2311.5981
2303,103,2023,q5,0.08230453,34142.6359,8969.1736
2303,103,2023,q6,0.02880658,175751.7972,39880.6303
2303,103,2023,q1+q2,0.3127572,533.5139,257.6345
2303,103,2023,q1+q3,0.35390947,1753.3769,719.134
2303,103,2023,q1+q4,0.43621399,5427.2475,1984.518
2303,103,2023,q1+q5,0.18930041,14960.4358,5760.9654
2303,103,2023,q1+q6,0.13580247,37442.1184,16658.6631
2303,103,2023,q2+q3,0.4526749,1642.5711,644.3278
2303,103,2023,q2+q4,0.53497942,4655.2357,1678.1419
2303,103,2023,q2+q5,0.28806584,10258.1778,3775.4941
2303,103,2023,q2+q6,0.2345679,22201.444,8732.9868
2303,103,2023,q3+q4,0.57613169,5110.1714,1732.569
2303,103,2023,q3+q5,0.32921811,10353.9476,3415.8163
2303,103,2023,q3+q6,0.27572016,20533.219,6975.9575
2303,103,2023,q4+q5,0.41152263,12528.1363,3882.2974
2303,103,2023,q4+q6,0.35802469,20692.224,6489.2943
2303,103,2023,q5+q6,0.11111111,70856.1222,17882.6044
2303,103,2023,q1+q2+q3,0.55967078,1367.7217,574.5611
2303,103,2023,q1+q2+q4,0.64197531,3913.5126,1511.3535
2303,103,2023,q1+q2+q5,0.39506173,7535.4143,3097.868
2303,103,2023,q1+q2+q6,0.34156379,15310.9595,6751.3412
2303,103,2023,q1+q3+q4,0.68312757,4341.8754,1579.7321
2303,103,2023,q1+q3+q5,0.43621399,7864.5579,2916.7061
2303,103,2023,q1+q3+q6,0.38271605,14850.0322,5741.6608
2303,103,2023,q1+q4+q5,0.51851852,9985.2456,3437.3424
2303,103,2023,q1+q4+q6,0.46502058,15978.3258,5629.3854
2303,103,2023,q1+q5+q6,0.218107,36197.0307,12763.7238
2303,103,2023,q2+q3+q4,0.781893,3950.7565,1424.4082
2303,103,2023,q2+q3+q5,0.53497942,6642.5811,2421.8932
2303,103,2023,q2+q3+q6,0.48148148,12059.3624,4532.8774
2303,103,2023,q2+q4+q5,0.61728395,8586.889,2949.073
2303,103,2023,q2+q4+q6,0.56378601,13397.3957,4688.5438
2303,103,2023,q2+q5+q6,0.31687243,25303.0523,8814.3365
2303,103,2023,q3+q4+q5,0.65843621,8739.2295,2859.1108
2303,103,2023,q3+q4+q6,0.60493827,13235.9631,4384.3956
2303,103,2023,q3+q5+q6,0.35802469,23661.8206,7531.1214
2303,103,2023,q4+q5+q6,0.44032922,23206.3197,7023.3139
2303,103,2023,q1+q2+q3+q4,0.88888889,3499.866,1325.5469
2303,103,2023,q1+q2+q3+q5,0.64197531,5569.6337,2172.829
2303,103,2023,q1+q2+q3+q6,0.58847737,9904.0051,3994.095
2303,103,2023,q1+q2+q4+q5,0.72427984,7348.6402,2694.0462
2303,103,2023,q1+q2+q4+q6,0.67078189,11293.0708,4233.6376
2303,103,2023,q1+q2+q5+q6,0.42386831,18967.5957,7390.0473
2303,103,2023,q1+q3+q4+q5,0.7654321,7546.2583,2636.4585
2303,103,2023,q1+q3+q4+q6,0.71193416,11277.537,4005.385
2303,103,2023,q1+q3+q5+q6,0.46502058,18264.6523,6517.6259
2303,103,2023,q1+q4+q5+q6,0.5473251,18709.801,6270.0713
2303,103,2023,q2+q3+q4+q5,0.86419753,6826.1735,2376.8026
2303,103,2023,q2+q3+q4+q6,0.81069959,10055.362,3551.0613
2303,103,2023,q2+q3+q5+q6,0.56378601,15283.1979,5404.7091
2303,103,2023,q2+q4+q5+q6,0.64609053,16040.1015,5385.4927
2303,103,2023,q3+q4+q5+q6,0.6872428,15739.7563,5055.7717
2303,103,2023,q1+q2+q3+q4+q5,0.97119342,6096.7109,2225.7583
2303,103,2023,q1+q2+q3+q4+q6,0.91769547,8906.8773,3304.016
2303,103,2023,q1+q2+q3+q5+q6,0.67078189,12878.0702,4873.4708
2303,103,2023,q1+q2+q4+q5+q6,0.75308642,13790.291,4939.2766
2303,103,2023,q1+q3+q4+q5+q6,0.79423868,13646.9773,4676.3523
2303,103,2023,q2+q3+q4+q5+q6,0.89300412,12275.3872,4201.7227
2303,103,2023,q1+q2+q3+q4+q5+q6,1.0,10983.8945,3940.8284
2303,103,2023,all,1.0,10983.8945,3940.8284
2304,103,2024,q1,0.10699588,204.6088,123.6179
2304,103,2024,q2,0.20576132,559.2981,302.9399
2304,103,2024,q3,0.24691358,2090.9797,873.7635
2304,103,2024,q4,0.32921811,6223.2765,2385.0114
2304,103,2024,q5,0.08230453,31798.8452,10319.8332
2304,103,2024,q6,0.02880658,150379.6202,46961.3701
2304,103,2024,q1+q2,0.3127572,437.957,245.923
2304,103,2024,q1+q3,0.35390947,1520.6815,700.7793
2304,103,2024,q1+q4,0.43621399,4746.9995,1998.4931
2304,103,2024,q1+q5,0.18930041,13941.2333,6127.3635
2304,103,2024,q1+q6,0.13580247,32059.9142,16164.701
2304,103,2024,q2+q3,0.4526749,1394.7608,650.3867
2304,103,2024,q2+q4,0.53497942,4044.8233,1746.5973
2304,103,2024,q2+q5,0.28806584,9484.883,4313.0357
2304,103,2024,q2+q6,0.2345679,18958.285,9419.0652
2304,103,2024,q3+q4,0.57613169,4452.2922,1769.1364
2304,103,2024,q3+q5,0.32921811,9517.9461,3710.5005
2304,103,2024,q3+q6,0.27572016,17583.8228,7097.095
2304,103,2024,q4+q5,0.41152263,11338.3902,4193.6122
2304,103,2024,q4+q6,0.35802469,17822.0627,6707.5129
2304,103,2024,q5+q6,0.11111111,62542.0091,20092.7295
2304,103,2024,q1+q2+q3,0.55967078,1167.2318,569.1148
2304,103,2024,q1+q2+q4,0.64197531,3404.7875,1543.6169
2304,103,2024,q1+q2+q5,0.39506173,6971.4754,3397.7354
2304,103,2024,q1+q2+q6,0.34156379,13083.6395,6883.4382
2304,103,2024,q1+q3+q4,0.68312757,3786.9923,1590.026
2304,103,2024,q1+q3+q5,0.43621399,7233.5426,3088.6985
2304,103,2024,q1+q3+q6,0.38271605,12725.1178,5661.4459
2304,103,2024,q1+q4+q5,0.51851852,9040.9433,3634.7548
2304,103,2024,q1+q4+q6,0.46502058,13768.4893,5674.1853
2304,103,2024,q1+q5+q6,0.218107,31961.3976,13330.1904
2304,103,2024,q2+q3+q4,0.781893,3427.82,1464.7409
2304,103,2024,q2+q3+q5,0.53497942,6072.3123,2653.2442
2304,103,2024,q2+q3+q6,0.48148148,10308.3849,4669.0953
2304,103,2024,q2+q4+q5,0.61728395,7745.3595,3203.3449
2304,103,2024,q2+q4+q6,0.56378601,11521.7837,4879.7974
2304,103,2024,q2+q5+q6,0.31687243,22293.4955,9733.8377
2304,103,2024,q3+q4+q5,0.65843621,7870.6113,3042.0962
2304,103,2024,q3+q4+q6,0.60493827,11401.2125,4472.3047
2304,103,2024,q3+q5+q6,0.35802469,20851.644,7969.6061
2304,103,2024,q4+q5+q6,0.44032922,20434.5455,7467.8413
2304,103,2024,q1+q2+q3+q4,0.88888889,3039.8409,1346.3951
2304,103,2024,q1+q2+q3+q5,0.64197531,5094.3617,2333.5884
2304,103,2024,q1+q2+q3+q6,0.58847737,8471.3347,4019.9671
2304,103,2024,q1+q2+q4+q5,0.72427984,6631.385,2876.6795
2304,103,2024,q1+q2+q4+q6,0.67078189,9716.5901,4321.3383
2304,103,2024,q1+q2+q5+q6,0.42386831,16717.66,7848.7295
2304,103,2024,q1+q3+q4+q5,0.7654321,6799.0195,2767.266
2304,103,2024,q1+q3+q4+q6,0.71193416,9718.486,4024.358
2304,103,2024,q1+q3+q5+q6,0.46502058,16100.9987,6722.1121
2304,103,2024,q1+q4+q5+q6,0.5473251,16479.821,6526.7059
2304,103,2024,q2+q3+q4+q5,0.86419753,6129.8224,2542.6457
2304,103,2024,q2+q3+q4+q6,0.81069959,8649.4576,3648.2496
2304,103,2024,q2+q3+q5+q6,0.56378601,13445.6784,5757.5435
2304,103,2024,q2+q4+q5+q6,0.64609053,14104.8489,5750.3537
2304,103,2024,q3+q4+q5+q6,0.6872428,13844.0428,5298.1211
2304,103,2024,q1+q2+q3+q4+q5,0.97119342,5477.0447,2353.1302
2304,103,2024,q1+q2+q3+q4+q6,0.91769547,7664.8564,3350.8904
2304,103,2024,q1+q2+q3+q5+q6,0.67078189,11333.6059,5089.5788
2304,103,2024,q1+q2+q4+q5+q6,0.75308642,12129.9514,5184.7755
2304,103,2024,q1+q3+q4+q5+q6,0.79423868,12006.6061,4833.6266
2304,103,2024,q2+q3+q4+q5+q6,0.89300412,10783.0417,4425.9299
2304,103,2024,q1+q2+q3+q4+q5+q6,1.0,9651.1929,4102.086
2304,103,2024,all,1.0,9651.1929,4102.086
2305,103,2025,q1,0.10699588,203.8344,108.6983
2305,103,2025,q2,0.20576132,582.5381,270.1831
2305,103,2025,q3,0.24691358,2390.849,981.3909
2305,103,2025,q4,0.32921811,7422.8433,2689.7139
2305,103,2025,q5,0.08230453,32943.9985,9900.3812
2305,103,2025,q6,0.02880658,158495.009,42942.8484
2305,103,2025,q1+q2,0.3127572,452.9816,219.8935
2305,103,2025,q1+q3,0.35390947,1729.6585,763.1093
2305,103,2025,q1+q4,0.43621399,5652.143,2222.8327
2305,103,2025,q1+q5,0.18930041,14438.6884,5760.1002
2305,103,2025,q1+q6,0.13580247,33780.7502,14944.8608
2305,103,2025,q2+q3,0.4526749,1568.8895,679.5062
2305,103,2025,q2+q4,0.53497942,4791.9567,1895.8899
2305,103,2025,q2+q5,0.28806584,9828.6696,3946.0052
2305,103,2025,q2+q6,0.2345679,19975.2977,8519.8332
2305,103,2025,q3+q4,0.57613169,5266.2743,2009.2164
2305,103,2025,q3+q5,0.32921811,10029.1363,3771.7342
2305,103,2025,q3+q6,0.27572016,18700.2388,7284.1033
2305,103,2025,q4+q5,0.41152263,12527.0743,4359.8492
2305,103,2025,q4+q6,0.35802469,19578.075,6906.7416
2305,103,2025,q5+q6,0.11111111,65494.2605,19140.6632
2305,103,2025,q1+q2+q3,0.55967078,1307.9231,587.5755
2305,103,2025,q1+q2+q4,0.64197531,4027.2696,1664.9659
2305,103,2025,q1+q2+q5,0.39506173,7221.9434,3107.4474
2305,103,2025,q1+q2+q6,0.34156379,13781.8273,6271.4677
2305,103,2025,q1+q3+q4,0.68312757,4473.362,1786.3136
2305,103,2025,q1+q3+q5,0.43621399,7619.1566,3088.7133
2305,103,2025,q1+q3+q6,0.38271605,13529.201,5699.3985
2305,103,2025,q1+q4+q5,0.51851852,9984.1835,3743.1314
2305,103,2025,q1+q4+q6,0.46502058,15120.2851,5784.6018
2305,103,2025,q1+q5+q6,0.218107,33464.9949,12566.3124
2305,103,2025,q2+q3+q4,0.781893,4033.7121,1614.3258
2305,103,2025,q2+q3+q5,0.53497942,6395.8293,2594.039
2305,103,2025,q2+q3+q6,0.48148148,10957.6317,4581.8138
2305,103,2025,q2+q4+q5,0.61728395,8545.5622,3244.0622
2305,103,2025,q2+q4+q6,0.56378601,12645.3973,4888.0773
2305,103,2025,q2+q5+q6,0.31687243,23343.7914,8978.7786
2305,103,2025,q3+q4+q5,0.65843621,8725.9898,3220.6712
2305,103,2025,q3+q4+q6,0.60493827,12562.8807,4701.6759
2305,103,2025,q3+q5+q6,0.35802469,21974.6663,8013.9716
2305,103,2025,q4+q5+q6,0.44032922,22076.3784,7542.9246
2305,103,2025,q1+q2+q3+q4,0.88888889,3572.7083,1474.102
2305,103,2025,q1+q2+q3+q5,0.64197531,5363.8302,2265.9018
2305,103,2025,q1+q2+q3+q6,0.58847737,9002.3958,3918.0495
2305,103,2025,q1+q2+q4+q5,0.72427984,7313.2615,2899.6789
2305,103,2025,q1+q2+q4+q6,0.67078189,10660.8535,4310.1041
2305,103,2025,q1+q2+q5+q6,0.42386831,17502.6372,7241.5841
2305,103,2025,q1+q3+q4+q5,0.7654321,7534.7208,2906.0507
2305,103,2025,q1+q3+q4+q6,0.71193416,10705.4518,4194.5075
2305,103,2025,q1+q3+q5+q6,0.46502058,16965.4484,6672.4789
2305,103,2025,q1+q4+q5+q6,0.5473251,17800.5428,6541.424
2305,103,2025,q2+q3+q4+q5,0.86419753,6787.0727,2633.0612
2305,103,2025,q2+q3+q4+q6,0.81069959,9522.1846,3747.3309
2305,103,2025,q2+q3+q5+q6,0.56378601,14167.3203,5603.7378
2305,103,2025,q2+q4+q5+q6,0.64609053,15231.2064,5680.4735
2305,103,2025,q3+q4+q5+q6,0.6872428,15003.7331,5454.8927
2305,103,2025,q1+q2+q3+q4+q5,0.97119342,6061.8007,2424.4757
2305,103,2025,q1+q2+q3+q4+q6,0.91769547,8435.7402,3424.3911
2305,103,2025,q1+q2+q3+q5+q6,0.67078189,11940.0158,4925.672
2305,103,2025,q1+q2+q4+q5+q6,0.75308642,13096.1699,5102.1397
2305,103,2025,q1+q3+q4+q5+q6,0.79423868,13009.9644,4941.8764
2305,103,2025,q2+q3+q4+q5+q6,0.89300412,11680.8771,4469.3606
2305,103,2025,q1+q2+q3+q4+q5+q6,1.0,10452.8808,4124.1584
2305,103,2025,all,1.0,10452.8808,4124.1584
2306,103,2026,q1,0.10699588,202.5428,117.1593
2306,103,2026,q2,0.20576132,691.4023,296.2882
2306,103,2026,q3,0.24691358,2539.7276,940.5706
2306,103,2026,q4,0.32921811,7331.1834,2514.0722
2306,103,2026,q5,0.08230453,34273.5417,9568.8729
2306,103,2026,q6,0.02880658,174168.7262,40225.5673
2306,103,2026,q1+q2,0.3127572,524.1609,246.4722
2306,103,2026,q1+q3,0.35390947,1833.1369,761.7394
2306,103,2026,q1+q4,0.43621399,5582.6489,2126.853
2306,103,2026,q1+q5,0.18930041,15016.0206,5924.8109
2306,103,2026,q1+q6,0.13580247,37104.4605,16270.2265
2306,103,2026,q2+q3,0.4526749,1699.5798,670.8323
2306,103,2026,q2+q4,0.53497942,4777.4215,1774.6631
2306,103,2026,q2+q5,0.28806584,10286.2993,3823.6428
2306,103,2026,q2+q6,0.2345679,21995.6351,8529.7351
2306,103,2026,q3+q4,0.57613169,5277.7024,1869.1742
2306,103,2026,q3+q5,0.32921811,10473.1811,3585.9781
2306,103,2026,q3+q6,0.27572016,20471.1155,7131.6603
2306,103,2026,q4+q5,0.41152263,12719.6551,4171.4699
2306,103,2026,q4+q6,0.35802469,20754.8938,6850.2327
2306,103,2026,q5+q6,0.11111111,70542.6636,18683.2982
2306,103,2026,q1+q2+q3,0.55967078,1413.3815,593.9356
2306,103,2026,q1+q2+q4,0.64197531,4014.9417,1586.0077
2306,103,2026,q1+q2+q5,0.39506173,7555.2819,3109.421
2306,103,2026,q1+q2+q6,0.34156379,15168.8833,6559.6278
2306,103,2026,q1+q3+q4,0.68312757,4482.7979,1690.2963
2306,103,2026,q1+q3+q5,0.43621399,7953.968,3026.3229
2306,103,2026,q1+q3+q6,0.38271605,14804.6328,5802.8302
2306,103,2026,q1+q4+q5,0.51851852,10136.7589,3650.6045
2306,103,2026,q1+q4+q6,0.46502058,16026.0342,5869.3593
2306,103,2026,q1+q5+q6,0.218107,36036.1892,13002.1563
2306,103,2026,q2+q3+q4,0.781893,4070.7813,1510.7182
2306,103,2026,q2+q3+q5,0.53497942,6710.9585,2490.3311
2306,103,2026,q2+q3+q6,0.48148148,12018.2466,4550.6295
2306,103,2026,q2+q4+q5,0.61728395,8710.2375,3099.0114
2306,103,2026,q2+q4+q6,0.56378601,13432.4516,4839.3051
2306,103,2026,q2+q5+q6,0.31687243,25184.7017,8870.2284
2306,103,2026,q3+q4+q5,0.65843621,8902.1823,3050.4414
2306,103,2026,q3+q4+q6,0.60493827,13320.1321,4600.6465
2306,103,2026,q3+q5+q6,0.35802469,23644.0871,7793.0996
2306,103,2026,q4+q5+q6,0.44032922,23281.7439,7431.1824
2306,103,2026,q1+q2+q3+q4,0.88888889,3605.16,1398.2463
2306,103,2026,q1+q2+q3+q5,0.64197531,5626.2226,2220.4668
2306,103,2026,q1+q2+q3+q6,0.58847737,9869.9368,3987.6145
2306,103,2026,q1+q2+q4+q5,0.72427984,7453.419,2811.7315
2306,103,2026,q1+q2+q4+q6,0.67078189,11322.1594,4340.1447
2306,103,2026,q1+q2+q5+q6,0.42386831,18878.5257,7377.509
2306,103,2026,q1+q3+q4+q5,0.7654321,7686.1036,2792.8694
2306,103,2026,q1+q3+q4+q6,0.71193416,11348.7025,4172.374
2306,103,2026,q1+q3+q5+q6,0.46502058,18250.4574,6676.1824
2306,103,2026,q1+q4+q5+q6,0.5473251,18770.0203,6566.4461
2306,103,2026,q2+q3+q4+q5,0.86419753,6947.2347,2499.8211
2306,103,2026,q2+q3+q4+q6,0.81069959,10114.8707,3674.5223
2306,103,2026,q2+q3+q5+q6,0.56378601,15267.1948,5495.0667
2306,103,2026,q2+q4+q5+q6,0.64609053,16087.3676,5589.0291
2306,103,2026,q3+q4+q5+q6,0.6872428,15829.5225,5316.399
2306,103,2026,q1+q2+q3+q4+q5,0.97119342,6204.1754,2329.4364
2306,103,2026,q1+q2+q3+q4+q6,0.91769547,8959.1733,3402.2317
2306,103,2026,q1+q2+q3+q5+q6,0.67078189,12864.2442,4927.0726
2306,103,2026,q1+q2+q4+q5+q6,0.75308642,13830.5072,5094.0123
2306,103,2026,q1+q3+q4+q5+q6,0.79423868,13724.3335,4885.374
2306,103,2026,q2+q3+q4+q5+q6,0.89300412,12341.4763,4362.3089
2306,103,2026,q1+q2+q3+q4+q5+q6,1.0,11042.6604,4072.7019
2306,103,2026,all,1.0,11042.6604,4072.7019
2307,103,2027,q1,0.10699588,210.6227,110.9676
2307,103,2027,q2,0.20576132,510.6153,245.5999
2307,103,2027,q3,0.24691358,2255.4037,996.6412
2307,103,2027,q4,0.32921811,7676.3926,2841.808
2307,103,2027,q5,0.08230453,30055.1311,10248.3609
2307,103,2027,q6,0.02880658,140960.7695,47760.3436
2307,103,2027,q1+q2,0.3127572,407.9863,202.2605
2307,103,2027,q1+q3,0.35390947,1637.2141,760.5499
2307,103,2027,q1+q4,0.43621399,5845.166,2334.1178
2307,103,2027,q1+q5,0.18930041,13186.4959,5616.3143
2307,103,2027,q1+q6,0.13580247,30066.7145,14172.4059
2307,103,2027,q2+q3,0.4526749,1462.3181,670.9757
2307,103,2027,q2+q4,0.53497942,4920.3244,1998.5602
2307,103,2027,q2+q5,0.28806584,8951.9055,3853.6871
2307,103,2027,q2+q6,0.2345679,17758.8799,8123.2255
2307,103,2027,q3+q4,0.57613169,5353.1117,2129.8099
2307,103,2027,q3+q5,0.32921811,9205.3356,3787.545
2307,103,2027,q3+q6,0.27572016,16747.0091,7172.386
2307,103,2027,q4+q5,0.41152263,12152.1403,4422.9428
2307,103,2027,q4+q6,0.35802469,18400.4229,6761.4679
2307,103,2027,q5+q6,0.11111111,58808.4448,20019.6517
2307,103,2027,q1+q2+q3,0.55967078,1223.0234,575.3763
2307,103,2027,q1+q2+q4,0.64197531,4135.3741,1746.3906
2307,103,2027,q1+q2+q5,0.39506173,6584.4748,2982.2727
2307,103,2027,q1+q2+q6,0.34156379,12261.8355,5850.3123
2307,103,2027,q1+q3+q4,0.68312757,4547.6616,1881.5006
2307,103,2027,q1+q3+q5,0.43621399,6999.0853,3043.2892
2307,103,2027,q1+q3+q6,0.38271605,12123.9333,5479.0201
2307,103,2027,q1+q4+q5,0.51851852,9688.0176,3766.3786
2307,103,2027,q1+q4+q6,0.46502058,14215.1592,5614.3543
2307,103,2027,q1+q5+q6,0.218107,30062.3434,12383.5525
2307,103,2027,q2+q3+q4,0.781893,4078.7705,1700.1149
2307,103,2027,q2+q3+q5,0.53497942,5861.2124,2553.5929
2307,103,2027,q2+q3+q6,0.48148148,9808.3793,4407.1113
2307,103,2027,q2+q4+q5,0.61728395,8271.632,3276.2828
2307,103,2027,q2+q4+q6,0.56378601,11871.2961,4773.4459
2307,103,2027,q2+q5+q6,0.31687243,20952.7113,8803.366
2307,103,2027,q3+q4+q5,0.65843621,8440.8641,3289.7218
2307,103,2027,q3+q4+q6,0.60493827,11810.6192,4660.3464
2307,103,2027,q3+q5+q6,0.35802469,19806.3475,8011.1682
2307,103,2027,q4+q5+q6,0.44032922,20578.8731,7453.7837
2307,103,2027,q1+q2+q3+q4,0.88888889,3613.1601,1544.8764
2307,103,2027,q1+q2+q3+q5,0.64197531,4919.4475,2206.9441
2307,103,2027,q1+q2+q3+q6,0.58847737,8063.3326,3722.6314
2307,103,2027,q1+q2+q4+q5,0.72427984,7080.8011,2911.3606
2307,103,2027,q1+q2+q4+q6,0.67078189,10011.3114,4183.5616
2307,103,2027,q1+q2+q5+q6,0.42386831,15716.8443,6959.2711
2307,103,2027,q1+q3+q4+q5,0.7654321,7290.4002,2948.6131
2307,103,2027,q1+q3+q4+q6,0.71193416,10067.2671,4128.193
2307,103,2027,q1+q3+q5+q6,0.46502058,15297.5967,6536.8605
2307,103,2027,q1+q4+q5+q6,0.5473251,16597.1098,6402.7273
2307,103,2027,q2+q3+q4+q5,0.86419753,6552.7096,2674.6517
2307,103,2027,q2+q3+q4+q6,0.81069959,8942.5979,3697.2139
2307,103,2027,q2+q3+q5+q6,0.56378601,12764.1095,5480.9675
2307,103,2027,q2+q4+q5+q6,0.64609053,14187.7082,5577.5303
2307,103,2027,q3+q4+q5+q6,0.6872428,13995.5907,5420.4634
2307,103,2027,q1+q2+q3+q4+q5,0.97119342,5854.0051,2450.266
2307,103,2027,q1+q2+q3+q4+q6,0.91769547,7924.5201,3360.6497
2307,103,2027,q1+q2+q3+q5+q6,0.67078189,10761.7128,4761.6146
2307,103,2027,q1+q2+q4+q5+q6,0.75308642,12201.8928,4976.3195
2307,103,2027,q1+q3+q4+q5+q6,0.79423868,12138.5484,4875.2025
2307,103,2027,q2+q3+q4+q5+q6,0.89300412,10888.4535,4415.2394
2307,103,2027,q1+q2+q3+q4+q5+q6,1.0,9745.9695,4051.8255
2307,103,2027,all,1.0,9745.9695,4051.8255
2308,103,2028,q1,0.10699588,202.54,119.1354
2308,103,2028,q2,0.20576132,565.313,302.1118
2308,103,2028,q3,0.24691358,2157.5958,887.9107
2308,103,2028,q4,0.32921811,6563.6492,2364.087
2308,103,2028,q5,0.08230453,34456.0501,10074.1635
2308,103,2028,q6,0.02880658,150571.2696,45896.985
2308,103,2028,q1+q2,0.3127572,441.2064,243.4024
2308,103,2028,q1+q3,0.35390947,1566.5324,709.061
2308,103,2028,q1+q4,0.43621399,5003.3771,1991.4757
2308,103,2028,q1+q5,0.18930041,15095.3705,6166.4694
2308,103,2028,q1+q6,0.13580247,32098.9372,15770.717
2308,103,2028,q2+q3,0.4526749,1433.8309,658.9341
2308,103,2028,q2+q4,0.53497942,4256.5968,1752.9502
2308,103,2028,q2+q5,0.28806584,10248.3807,4429.2695
2308,103,2028,q2+q6,0.2345679,18987.0971,9287.8578
2308,103,2028,q3+q4,0.57613169,4675.3406,1779.0968
2308,103,2028,q3+q5,0.32921811,10232.2094,3821.5009
2308,103,2028,q3+q6,0.27572016,17663.502,7012.5407
2308,103,2028,q4+q5,0.41152263,12142.1294,4179.4941
2308,103,2028,q4+q6,0.35802469,18150.4693,6443.2598
2308,103,2028,q5+q6,0.11111111,64559.9959,19077.7554
2308,103,2028,q1+q2+q3,0.55967078,1198.437,574.7889
2308,103,2028,q1+q2+q4,0.64197531,3580.9207,1552.2744
2308,103,2028,q1+q2+q5,0.39506173,7527.6322,3505.1791
2308,103,2028,q1+q2+q6,0.34156379,13102.778,6766.3306
2308,103,2028,q1+q3+q4,0.68312757,3974.7815,1601.0535
2308,103,2028,q1+q3+q5,0.43621399,7772.1018,3188.1836
2308,103,2028,q1+q3+q6,0.38271605,12781.9427,5581.7726
2308,103,2028,q1+q4+q5,0.51851852,9678.4046,3643.2935
2308,103,2028,q1+q4+q6,0.46502058,14020.8572,5476.9256
2308,103,2028,q1+q5+q6,0.218107,32988.4138,12896.426
2308,103,2028,q2+q3+q4,0.781893,3593.7544,1479.6474
2308,103,2028,q2+q3+q5,0.53497942,6514.1723,2751.6042
2308,103,2028,q2+q3+q6,0.48148148,10356.5836,4619.195
2308,103,2028,q2+q4+q5,0.61728395,8283.1906,3234.9731
2308,103,2028,q2+q4+q6,0.56378601,11732.529,4746.5527
2308,103,2028,q2+q5+q6,0.31687243,23005.007,9578.7097
2308,103,2028,q3+q4+q5,0.65843621,8397.9293,3079.5848
2308,103,2028,q3+q4+q6,0.60493827,11622.7658,4371.0868
2308,103,2028,q3+q5+q6,0.35802469,21523.8579,7895.5864
2308,103,2028,q4+q5+q6,0.44032922,21198.2414,7235.56
2308,103,2028,q1+q2+q3+q4,0.88888889,3185.5527,1360.7215
2308,103,2028,q1+q2+q3+q5,0.64197531,5462.2336,2421.0014
2308,103,2028,q1+q2+q3+q6,0.58847737,8510.3939,3970.2685
2308,103,2028,q1+q2+q4+q5,0.72427984,7089.4581,2913.3916
2308,103,2028,q1+q2+q4+q6,0.67078189,9893.3897,4212.2764
2308,103,2028,q1+q2+q5+q6,0.42386831,17249.0445,7753.8488
2308,103,2028,q1+q3+q4+q5,0.7654321,7252.3372,2807.257
2308,103,2028,q1+q3+q4+q6,0.71193416,9906.4313,3939.1049
2308,103,2028,q1+q3+q5+q6,0.46502058,16618.0679,6673.9345
2308,103,2028,q1+q4+q5+q6,0.5473251,17093.8185,6356.1198
2308,103,2028,q2+q3+q4+q5,0.86419753,6533.0207,2589.1655
2308,103,2028,q2+q3+q4+q6,0.81069959,8816.3057,3585.2345
2308,103,2028,q2+q3+q5+q6,0.56378601,13874.7539,5747.4527
2308,103,2028,q2+q4+q5+q6,0.64609053,14627.2451,5641.877
2308,103,2028,q3+q4+q5+q6,0.6872428,14357.2909,5220.4996
2308,103,2028,q1+q2+q3+q4+q5,0.97119342,5835.5948,2398.9811
2308,103,2028,q1+q2+q3+q4+q6,0.91769547,7812.0101,3295.4157
2308,103,2028,q1+q2+q3+q5+q6,0.67078189,11693.91,5083.9055
2308,103,2028,q1+q2+q4+q5+q6,0.75308642,12577.8334,5100.89
2308,103,2028,q1+q3+q4+q5+q6,0.79423868,12450.4332,4772.6358
2308,103,2028,q2+q3+q4+q5+q6,0.89300412,11179.4158,4388.1326
2308,103,2028,q1+q2+q3+q4+q5+q6,1.0,10004.9352,4072.0764
2308,103,2028,all,1.0,10004.9352,4072.0764
2309,103,2029,q1,0.10699588,202.4745,124.0289
2309,103,2029,q2,0.20576132,601.6741,298.959
2309,103,2029,q3,0.24691358,2313.3396,864.4189
2309,103,2029,q4,0.32921811,7231.3677,2182.7959
2309,103,2029,q5,0.08230453,33744.7829,8768.1353
2309,103,2029,q6,0.02880658,170345.551,40230.8147
2309,103,2029,q1+q2,0.3127572,465.1058,247.0636
2309,103,2029,q1+q3,0.35390947,1675.1711,709.6254
2309,103,2029,q1+q4,0.43621399,5507.2995,1898.6006
2309,103,2029,q1+q5,0.18930041,14786.0869,5695.7272
2309,103,2029,q1+q6,0.13580247,36293.4301,16615.1344
2309,103,2029,q2+q3,0.4526749,1535.3098,646.5726
2309,103,2029,q2+q4,0.53497942,4681.4855,1664.3707
2309,103,2029,q2+q5,0.28806584,10071.1338,3969.4872
2309,103,2029,q2+q6,0.2345679,21447.4134,9384.5447
2309,103,2029,q3+q4,0.57613169,5123.6413,1685.3999
2309,103,2029,q3+q5,0.32921811,10171.2004,3425.4809
2309,103,2029,q3+q6,0.27572016,19868.9437,6998.6752
2309,103,2029,q4+q5,0.41152263,12534.0507,3664.8973
2309,103,2029,q4+q6,0.35802469,20355.4974,6009.8527
2309,103,2029,q5+q6,0.11111111,69159.7969,17515.2403
2309,103,2029,q1+q2+q3,0.55967078,1280.5031,573.5295
2309,103,2029,q1+q2+q4,0.64197531,3934.9837,1504.1691
2309,103,2029,q1+q2+q5,0.39506173,7398.3719,3227.7344
2309,103,2029,q1+q2+q6,0.34156379,14792.3723,7108.7495
2309,103,2029,q1+q3+q4,0.68312757,4352.8562,1543.8083
2309,103,2029,q1+q3+q5,0.43621399,7726.0412,2924.9988
2309,103,2029,q1+q3+q6,0.38271605,14370.791,5744.4966
2309,103,2029,q1+q4+q5,0.51851852,9989.4397,3273.972
2309,103,2029,q1+q4+q6,0.46502058,15718.5186,5268.7993
2309,103,2029,q1+q5+q6,0.218107,35331.6765,12562.9831
2309,103,2029,q2+q3+q4,0.781893,3933.65,1420.2783
2309,103,2029,q2+q3+q5,0.53497942,6490.6134,2495.1323
2309,103,2029,q2+q3+q6,0.48148148,11635.0678,4680.6165
2309,103,2029,q2+q4+q5,0.61728395,8556.5918,2899.6812
2309,103,2029,q2+q4+q6,0.56378601,13146.0728,4556.0748
2309,103,2029,q2+q5+q6,0.31687243,24641.5353,9155.6018
2309,103,2029,q3+q4+q5,0.65843621,8701.284,2770.1528
2309,103,2029,q3+q4+q6,0.60493827,12991.3513,4194.9787
2309,103,2029,q3+q5+q6,0.35802469,23058.7918,7508.4328
2309,103,2029,q4+q5+q6,0.44032922,22858.1676,6581.1249
2309,103,2029,q1+q2+q3+q4,0.88888889,3484.527,1323.5295
2309,103,2029,q1+q2+q3+q5,0.64197531,5442.5902,2230.7176
2309,103,2029,q1+q2+q3+q6,0.58847737,9556.4145,4100.3233
2309,103,2029,q1+q2+q4+q5,0.72427984,7322.4609,2656.8098
2309,103,2029,q1+q2+q4+q6,0.67078189,11081.4498,4126.3353
2309,103,2029,q1+q2+q5+q6,0.42386831,18472.452,7620.2982
2309,103,2029,q1+q3+q4+q5,0.7654321,7513.2784,2564.0803
2309,103,2029,q1+q3+q4+q6,0.71193416,11069.3236,3847.7936
2309,103,2029,q1+q3+q5+q6,0.46502058,17799.8162,6496.1573
2309,103,2029,q1+q4+q5+q6,0.5473251,18429.2351,5919.2641
2309,103,2029,q2+q3+q4+q5,0.86419753,6772.8055,2357.8997
2309,103,2029,q2+q3+q4+q6,0.81069959,9846.7632,3489.6885
2309,103,2029,q2+q3+q5+q6,0.56378601,14862.7635,5536.0099
2309,103,2029,q2+q4+q5+q6,0.64609053,15770.1123,5242.5633
2309,103,2029,q3+q4+q5+q6,0.6872428,15476.7922,4856.3724
2309,103,2029,q1+q2+q3+q4+q5,0.97119342,6048.9555,2211.0462
2309,103,2029,q1+q2+q3+q4+q6,0.91769547,8722.317,3250.9285
2309,103,2029,q1+q2+q3+q5+q6,0.67078189,12524.3125,4976.0926
2309,103,2029,q1+q2+q4+q5+q6,0.75308642,13558.3168,4820.4786
2309,103,2029,q1+q3+q4+q5+q6,0.79423868,13419.1121,4506.8395
2309,103,2029,q2+q3+q4+q5+q6,0.89300412,12049.3457,4131.6971
2309,103,2029,q1+q2+q3+q4+q5+q6,1.0,10781.7792,3879.7989
2309,103,2029,all,1.0,10781.7792,3879.7989
2310,103,2030,q1,0.10699588,196.731,126.1591
2310,103,2030,q2,0.20576132,630.2105,314.7526
2310,103,2030,q3,0.24691358,2067.373,930.9861
2310,103,2030,q4,0.32921811,6609.9887,2329.2447
2310,103,2030,q5,0.08230453,32177.242,9291.3855
2310,103,2030,q6,0.02880658,152191.8929,41996.025
2310,103,2030,q1+q2,0.3127572,481.9149,260.3906
2310,103,2030,q1+q3,0.35390947,1501.8301,743.2162
2310,103,2030,q1+q4,0.43621399,5036.9255,1995.4177
2310,103,2030,q1+q5,0.18930041,14101.301,5907.2924
2310,103,2030,q1+q6,0.13580247,32438.1289,16240.7643
2310,103,2030,q2+q3,0.4526749,1414.1173,666.6087
2310,103,2030,q2+q4,0.53497942,4310.074,1712.7621
2310,103,2030,q2+q5,0.28806584,9643.6481,3985.5772
2310,103,2030,q2+q6,0.2345679,19243.0487,8741.2814
2310,103,2030,q3+q4,0.57613169,4663.1534,1812.1216
2310,103,2030,q3+q5,0.32921811,9594.8403,3790.5513
2310,103,2030,q3+q6,0.27572016,17752.0244,7499.0262
2310,103,2030,q4+q5,0.41152263,11723.4394,3956.7646
2310,103,2030,q4+q6,0.35802469,18323.4752,6316.0938
2310,103,2030,q5+q6,0.11111111,63292.1515,18058.5829
2310,103,2030,q1+q2+q3,0.55967078,1181.3817,586.6067
2310,103,2030,q1+q2+q4,0.64197531,3624.5168,1537.8083
2310,103,2030,q1+q2+q5,0.39506173,7085.108,3240.1616
2310,103,2030,q1+q2+q6,0.34156379,13276.7323,6637.4127
2310,103,2030,q1+q3+q4,0.68312757,3963.5933,1641.5764
2310,103,2030,q1+q3+q5,0.43621399,7289.6437,3179.2656
2310,103,2030,q1+q3+q6,0.38271605,12844.0929,5998.0114
2310,103,2030,q1+q4+q5,0.51851852,9344.9122,3495.6797
2310,103,2030,q1+q4+q6,0.46502058,14152.7199,5459.375
2310,103,2030,q1+q5+q6,0.218107,32339.6811,12679.944
2310,103,2030,q2+q3+q4,0.781893,3601.8526,1486.5078
2310,103,2030,q2+q3+q5,0.53497942,6146.9058,2640.6661
2310,103,2030,q2+q3+q6,0.48148148,10435.0099,4719.0343
2310,103,2030,q2+q4+q5,0.61728395,8025.6964,3036.9647
2310,103,2030,q2+q4+q6,0.56378601,11866.0793,4611.7061
2310,103,2030,q2+q5+q6,0.31687243,22602.5794,8936.9328
2310,103,2030,q3+q4+q5,0.65843621,8102.4145,3018.1779
2310,103,2030,q3+q4+q6,0.60493827,11688.3315,4455.5112
2310,103,2030,q3+q5+q6,0.35802469,21068.1663,8043.8302
2310,103,2030,q4+q5+q6,0.44032922,20912.9644,6956.766
2310,103,2030,q1+q2+q3+q4,0.88888889,3191.9769,1376.4021
2310,103,2030,q1+q2+q3+q5,0.64197531,5155.21,2343.5758
2310,103,2030,q1+q2+q3+q6,0.58847737,8573.5046,4096.7892
2310,103,2030,q1+q2+q4+q5,0.72427984,6869.1447,2766.871
2310,103,2030,q1+q2+q4+q6,0.67078189,10004.7109,4149.0104
2310,103,2030,q1+q2+q5+q6,0.42386831,16946.7342,7418.6771
2310,103,2030,q1+q3+q4+q5,0.7654321,6997.3189,2768.7379
2310,103,2030,q1+q3+q4+q6,0.71193416,9961.2701,4043.6393
2310,103,2030,q1+q3+q5+q6,0.46502058,16265.8892,6847.8521
2310,103,2030,q1+q4+q5+q6,0.5473251,16863.1744,6192.1593
2310,103,2030,q2+q3+q4+q5,0.86419753,6323.3183,2507.1773
2310,103,2030,q2+q3+q4+q6,0.81069959,8881.7018,3602.0981
2310,103,2030,q2+q3+q5+q6,0.56378601,13609.0584,5684.6197
2310,103,2030,q2+q4+q5+q6,0.64609053,14453.4886,5380.2002
2310,103,2030,q3+q4+q5+q6,0.6872428,14142.0932,5191.8255
2310,103,2030,q1+q2+q3+q4+q5,0.97119342,5648.3553,2337.8697
2310,103,2030,q1+q2+q3+q4+q6,0.91769547,7869.1043,3334.3189
2310,103,2030,q1+q2+q3+q5+q6,0.67078189,11469.6687,5073.0916
2310,103,2030,q1+q2+q4+q5+q6,0.75308642,12427.9383,4919.4287
2310,103,2030,q1+q3+q4+q5+q6,0.79423868,12263.4434,4777.2774
2310,103,2030,q2+q3+q4+q5+q6,0.89300412,11028.7562,4312.0985
2310,103,2030,q1+q2+q3+q4+q5+q6,1.0,9869.7741,4027.1264
2310,103,2030,all,1.0,9869.7741,4027.1264
2401,104,2031,q1,0.0808154,202.7718,118.4634
2401,104,2031,q2,0.18183465,606.3839,291.5937
2401,104,2031,q3,0.34346546,2269.1077,917.4746
2401,104,2031,q4,0.24244621,6931.1108,2444.4747
2401,104,2031,q5,0.10101925,32629.7684,9587.4375
2401,104,2031,q6,0.05041903,200262.49,52043.0802
2401,104,2031,q1+q2,0.26265006,482.1956,245.2223
2401,104,2031,q1+q3,0.42428086,1875.5199,805.5812
2401,104,2031,q1+q4,0.32326161,5249.0261,2054.8272
2401,104,2031,q1+q5,0.18183465,18217.7699,6870.6916
2401,104,2031,q1+q6,0.13123443,77063.8269,30430.6478
2401,104,2031,q2+q3,0.52530011,1693.5495,724.6856
2401,104,2031,q2+q4,0.42428086,4220.5136,1680.4914
2401,104,2031,q2+q5,0.28285391,12043.307,4718.5172
2401,104,2031,q2+q6,0.23225368,43948.935,17840.3309
2401,104,2031,q3+q4,0.58591166,4198.2124,1600.4836
2401,104,2031,q3+q5,0.44448471,9169.2579,3415.4843
2401,104,2031,q3+q6,0.39388449,27613.1731,10423.2454
2401,104,2031,q4+q5,0.34346546,14489.5395,4825.8749
2401,104,2031,q4+q6,0.29286523,40214.6125,13361.4666
2401,104,2031,q5+q6,0.15143828,88440.4859,24902.8576
2401,104,2031,q1+q2+q3,0.60611551,1494.7791,663.2922
2401,104,2031,q1+q2+q4,0.50509626,3577.6749,1501.0117
2401,104,2031,q1+q2+q5,0.36366931,9412.0769,3978.8363
2401,104,2031,q1+q2+q6,0.31306909,32656.3356,14389.8756
2401,104,2031,q1+q3+q4,0.66672706,3713.9166,1478.1073
2401,104,2031,q1+q3+q5,0.52530011,7789.7985,3072.9805
2401,104,2031,q1+q3+q6,0.47469989,22946.6825,9217.0707
2401,104,2031,q1+q4+q5,0.42428086,11768.2504,4269.1102
2401,104,2031,q1+q4+q6,0.37368064,31561.3063,11565.0898
2401,104,2031,q1+q5+q6,0.23225368,57737.1351,19832.3433
2401,104,2031,q2+q3+q4,0.76774632,3347.5162,1342.0357
2401,104,2031,q2+q3+q5,0.62631936,6683.2622,2663.7678
2401,104,2031,q2+q3+q6,0.57571914,19083.3713,7728.3243
2401,104,2031,q2+q4+q5,0.52530011,9683.8318,3609.3333
2401,104,2031,q2+q4+q6,0.47469989,25042.6087,9437.8154
2401,104,2031,q2+q5+q6,0.33327294,40517.9521,14742.5724
2401,104,2031,q3+q4+q5,0.68693091,8379.3236,3060.5604
2401,104,2031,q3+q4+q6,0.63633069,19733.1705,7254.4539
2401,104,2031,q3+q5+q6,0.49490374,28637.1555,10216.1088
2401,104,2031,q4+q5+q6,0.39388449,38269.3334,12302.4727
2401,104,2031,q1+q2+q3+q4,0.84856172,3048.0167,1259.6065
2401,104,2031,q1+q2+q3+q5,0.70713477,5942.6347,2457.8336
2401,104,2031,q1+q2+q3+q6,0.65653454,16759.2846,7053.5069
2401,104,2031,q1+q2+q4+q5,0.60611551,8419.6905,3297.3281
2401,104,2031,q1+q2+q4+q6,0.55551529,21428.9522,8515.6208
2401,104,2031,q1+q2+q5+q6,0.41408834,32649.8544,12823.7771
2401,104,2031,q1+q3+q4+q5,0.76774632,7518.6339,2858.9884
2401,104,2031,q1+q3+q4+q6,0.71714609,17532.2842,6726.3661
2401,104,2031,q1+q3+q5+q6,0.57571914,24645.7368,9300.5355
2401,104,2031,q1+q4+q5+q6,0.47469989,31788.682,11066.4552
2401,104,2031,q2+q3+q4+q5,0.86876557,6752.4293,2597.0299
2401,104,2031,q2+q3+q4+q6,0.81816535,15482.3028,6006.0712
2401,104,2031,q2+q3+q5+q6,0.67673839,21105.4923,8090.3788
2401,104,2031,q2+q4+q5+q6,0.57571914,26373.8988,9469.8982
2401,104,2031,q3+q4+q5+q6,0.73734994,21500.0448,7641.0592
2401,104,2031,q1+q2+q3+q4+q5,0.94958097,6195.0116,2454.0026
2401,104,2031,q1+q2+q3+q4+q6,0.89898075,14108.7234,5643.6776
2401,104,2031,q1+q2+q3+q5+q6,0.75755379,18875.6021,7511.1225
2401,104,2031,q1+q2+q4+q5+q6,0.65653454,23152.3925,8727.1923
2401,104,2031,q1+q3+q4+q5+q6,0.81816535,19396.3775,7170.8469
2401,104,2031,q2+q3+q4+q5+q6,0.9191846,17366.8254,6508.0583
2401,104,2031,q1+q2+q3+q4+q5+q6,1.0,15979.7055,6166.9498
2401,104,2031,all,1.0,15979.7055,6166.9498
2402,104,2032,q1,0.08081174,200.8578,124.0768
2402,104,2032,q2,0.18182642,622.1894,290.0854
2402,104,2032,q3,0.3434499,2207.8401,887.6688
2402,104,2032,q4,0.24243522,6380.2774,2370.2356
2402,104,2032,q5,0.10101468,29923.4936,9373.0421
2402,104,2032,q6,0.05046204,207430.5323,55462.2776
2402,104,2032,q1+q2,0.26263816,492.5489,248.3865
2402,104,2032,q1+q3,0.42426164,1825.5577,786.261
2402,104,2032,q1+q4,0.32324696,4835.4225,1995.1577
2402,104,2032,q1+q5,0.18182642,16713.4332,6703.9046
2402,104,2032,q1+q6,0.13127378,79860.5758,32807.4829
2402,104,2032,q2+q3,0.52527632,1658.961,700.3629
2402,104,2032,q2+q4,0.42426164,3912.5254,1592.1331
2402,104,2032,q2+q5,0.28284109,11086.9409,4401.305
2402,104,2032,q2+q6,0.23228846,45548.9641,18282.5963
2402,104,2032,q3+q4,0.58588512,3934.3659,1529.7533
2402,104,2032,q3+q5,0.44446458,8506.8522,3213.136
2402,104,2032,q3+q6,0.39391194,28497.8684,10763.1594
2402,104,2032,q4+q5,0.3434499,13304.7527,4686.2745
2402,104,2032,q4+q6,0.29289727,41018.383,14280.0686
2402,104,2032,q5+q6,0.15147672,89057.1198,26388.0408
2402,104,2032,q1+q2+q3,0.60608806,1464.5472,645.5362
2402,104,2032,q1+q2+q4,0.50507338,3318.6586,1428.4637
2402,104,2032,q1+q2+q5,0.36365283,8667.8113,3737.7864
2402,104,2032,q1+q2+q6,0.3131002,33844.534,14934.6642
2402,104,2032,q1+q3+q4,0.66669686,3481.8194,1417.4647
2402,104,2032,q1+q3+q5,0.52527632,7229.0069,2904.0775
2402,104,2032,q1+q3+q6,0.47472368,23680.8964,9577.4272
2402,104,2032,q1+q4+q5,0.42426164,10808.7727,4146.6035
2402,104,2032,q1+q4+q6,0.37370901,32191.9024,12375.1243
2402,104,2032,q1+q5+q6,0.23228846,58144.5671,21036.5907
2402,104,2032,q2+q3+q4,0.76771154,3149.903,1274.8757
2402,104,2032,q2+q3+q5,0.62629099,6217.7566,2485.5263
2402,104,2032,q2+q3+q6,0.57573836,19694.3299,7912.8383
2402,104,2032,q2+q4+q5,0.52527632,8914.6346,3430.3212
2402,104,2032,q2+q4+q6,0.47472368,25546.0242,9849.068
2402,104,2032,q2+q5+q6,0.33330314,40813.3295,15094.3906
2402,104,2032,q3+q4+q5,0.6868998,7756.2964,2912.439
2402,104,2032,q3+q4+q6,0.63634717,20071.5197,7532.861
2402,104,2032,q3+q5+q6,0.49492662,28788.839,10434.8459
2402,104,2032,q4+q5+q6,0.39391194,38173.2124,12920.3443
2402,104,2032,q1+q2+q3+q4,0.84852328,2869.0416,1200.6285
2402,104,2032,q1+q2+q3+q5,0.70710273,5530.111,2303.5431
2402,104,2032,q1+q2+q3+q6,0.6565501,17294.9678,7261.2617
2402,104,2032,q1+q2+q4+q5,0.60608806,7752.7977,3141.1823
2402,104,2032,q1+q2+q4+q6,0.55553542,21859.1539,8915.0787
2402,104,2032,q1+q2+q5+q6,0.41411488,32888.078,13196.7606
2402,104,2032,q1+q3+q4+q5,0.76771154,6960.9871,2726.3444
2402,104,2032,q1+q3+q4+q6,0.71715891,17832.4305,7002.1876
2402,104,2032,q1+q3+q5+q6,0.57573836,24776.1751,9533.3765
2402,104,2032,q1+q4+q5+q6,0.47472368,31709.2162,11627.3134
2402,104,2032,q2+q3+q4+q5,0.86872622,6263.1112,2451.6247
2402,104,2032,q2+q3+q4+q6,0.81817358,15749.207,6178.4919
2402,104,2032,q2+q3+q5+q6,0.67675304,21221.1729,8181.0892
2402,104,2032,q2+q4+q5+q6,0.57573836,26314.0617,9750.2695
2402,104,2032,q3+q4+q5+q6,0.73736184,21421.1881,7826.9263
2402,104,2032,q1+q2+q3+q4+q5,0.94953796,5747.1747,2322.0625
2402,104,2032,q1+q2+q3+q4+q6,0.89898532,14351.5322,5821.1354
2402,104,2032,q1+q2+q3+q5+q6,0.75756478,18978.8719,7622.3066
2402,104,2032,q1+q2+q4+q5+q6,0.6565501,23099.9072,9002.7473
2402,104,2032,q1+q3+q4+q5+q6,0.81817358,19325.2369,7357.991
2402,104,2032,q2+q3+q4+q5+q6,0.91918826,17306.8977,6606.3121
2402,104,2032,q1+q2+q3+q4+q5+q6,1.0,15924.5288,6272.3033
2402,104,2032,all,1.0,15924.5288,6272.3033
2403,104,2033,q1,0.08081141,203.1135,124.1659
2403,104,2033,q2,0.18182567,668.2123,307.1066
2403,104,2033,q3,0.34344849,2323.7787,882.3293
2403,104,2033,q4,0.24243423,6999.1625,2301.6808
2403,104,2033,q5,0.10101426,33355.9248,9045.6329
2403,104,2033,q6,0.05046595,213624.8257,49883.3595
2403,104,2033,q1+q2,0.26263708,525.105,261.2884
2403,104,2033,q1+q3,0.42425989,1919.8425,785.6559
2403,104,2033,q1+q4,0.32324563,5300.1502,1970.5909
2403,104,2033,q1+q5,0.18182567,18621.342,6708.8138
2403,104,2033,q1+q6,0.13127736,82247.1907,30998.5382
2403,104,2033,q2+q3,0.52527415,1750.698,707.296
2403,104,2033,q2+q4,0.42425989,4285.8981,1605.1139
2403,104,2033,q2+q5,0.28283993,12342.3953,4544.7975
2403,104,2033,q2+q6,0.23229162,46933.5842,17821.6967
2403,104,2033,q3+q4,0.58588271,4258.4203,1519.6783
2403,104,2033,q3+q5,0.44446275,9376.5392,3263.4555
2403,104,2033,q3+q6,0.39391444,29394.3999,10332.2378
2403,104,2033,q4+q5,0.34344849,14751.1514,4565.3995
2403,104,2033,q4+q6,0.29290018,42600.2362,13088.3722
2403,104,2033,q5+q6,0.15148021,93412.8891,24039.9696
2403,104,2033,q1+q2+q3,0.60608556,1544.3534,653.4783
2403,104,2033,q1+q2+q4,0.5050713,3632.6526,1450.3579
2403,104,2033,q1+q2+q5,0.36365134,9644.7771,3895.7106
2403,104,2033,q1+q2+q6,0.31310303,34872.5219,14676.9414
2403,104,2033,q1+q3+q4,0.66669412,3766.8679,1415.6856
2403,104,2033,q1+q3+q5,0.52527415,7965.2429,2968.9716
2403,104,2033,q1+q3+q6,0.47472585,24425.2393,9255.142
2403,104,2033,q1+q4+q5,0.42425989,11980.0965,4092.6557
2403,104,2033,q1+q4+q6,0.37371159,33432.2807,11509.6212
2403,104,2033,q1+q5+q6,0.23229162,60986.3503,19653.8896
2403,104,2033,q2+q3+q4,0.76770838,3408.1078,1284.2183
2403,104,2033,q2+q3+q5,0.62628841,6848.3152,2564.2074
2403,104,2033,q2+q3+q6,0.57574011,20322.3234,7716.5138
2403,104,2033,q2+q4+q5,0.52527415,9876.2878,3446.2597
2403,104,2033,q2+q4+q6,0.47472585,26539.7702,9339.8857
2403,104,2033,q2+q5+q6,0.33330588,42818.6337,14500.319
2403,104,2033,q3+q4+q5,0.68689697,8537.465,2911.4445
2403,104,2033,q3+q4+q6,0.63634866,20862.3288,7145.6576
2403,104,2033,q3+q5+q6,0.4949287,30202.9416,10011.2716
2403,104,2033,q4+q5+q6,0.39391444,40229.6522,11952.5631
2403,104,2033,q1+q2+q3+q4,0.84851979,3102.8703,1213.5355
2403,104,2033,q1+q2+q3+q5,0.70709982,6088.8636,2385.4899
2403,104,2033,q1+q2+q3+q6,0.65655151,17845.9576,7107.6725
2403,104,2033,q1+q2+q4+q5,0.60608556,8586.5313,3178.0753
2403,104,2033,q1+q2+q4+q6,0.55553725,22708.6999,8517.3797
2403,104,2033,q1+q2+q5+q6,0.41411729,34502.5834,12798.0757
2403,104,2033,q1+q3+q4+q5,0.76770838,7660.1649,2739.7836
2403,104,2033,q1+q3+q4+q6,0.71716007,18534.3962,6679.2438
2403,104,2033,q1+q3+q5+q6,0.57574011,25992.1383,9207.1272
2403,104,2033,q1+q4+q5+q6,0.47472585,33416.0333,10880.1272
2403,104,2033,q2+q3+q4+q5,0.86872264,6890.4121,2483.8964
2403,104,2033,q2+q3+q4+q6,0.81817433,16374.5215,5945.0854
2403,104,2033,q2+q3+q5+q6,0.67675437,22267.7554,7978.6347
2403,104,2033,q2+q4+q5+q6,0.57574011,27735.6724,9276.2145
2403,104,2033,q3+q4+q5+q6,0.73736292,22573.8759,7462.9714
2403,104,2033,q1+q2+q3+q4+q5,0.94953405,6321.2803,2361.1847
2403,104,2033,q1+q2+q3+q4+q6,0.89898574,14920.8452,5622.5426
2403,104,2033,q1+q2+q3+q5+q6,0.75756577,19914.0657,7464.8658
2403,104,2033,q1+q2+q4+q5+q6,0.65655151,24346.8372,8623.5328
2403,104,2033,q1+q3+q4+q5+q6,0.81817433,20364.3066,7052.3398
2403,104,2033,q2+q3+q4+q5+q6,0.91918859,18240.6933,6384.893
2403,104,2033,q1+q2+q3+q4+q5+q6,1.0,16783.0511,6084.8306
2403,104,2033,all,1.0,16783.0511,6084.8306
2404,104,2034,q1,0.08081157,204.428,123.1261
2404,104,2034,q2,0.18182603,569.8674,301.546
2404,104,2034,q3,0.34344916,2120.6498,877.1426
2404,104,2034,q4,0.2424347,6301.362,2389.2096
2404,104,2034,q5,0.10101446,31865.4204,10190.2416
2404,104,2034,q6,0.05046409,192472.0647,55391.6216
2404,104,2034,q1+q2,0.26263759,457.4245,251.4424
2404,104,2034,q1+q3,0.42426073,1755.6551,772.2531
2404,104,2034,q1+q4,0.32324627,4777.1285,1996.1697
2404,104,2034,q1+q5,0.18182603,17793.8682,7188.9523
2404,104,2034,q1+q6,0.13127566,74114.6378,31433.7172
2404,104,2034,q2+q3,0.52527518,1583.8405,708.6665
2404,104,2034,q2+q4,0.42426073,3845.0072,1659.4602
2404,104,2034,q2+q5,0.28284048,11746.8506,5037.9163
2404,104,2034,q2+q6,0.23229012,42259.8453,18915.4928
2404,104,2034,q3+q4,0.58588386,3850.5997,1534.9541
2404,104,2034,q3+q5,0.44446362,8880.8249,3443.6474
2404,104,2034,q3+q6,0.39391325,26506.5037,10382.0835
2404,104,2034,q4+q5,0.34344916,13820.2027,4968.7341
2404,104,2034,q4+q6,0.29289879,38377.0668,13796.3146
2404,104,2034,q5+q6,0.15147855,85370.4761,26325.4647
2404,104,2034,q1+q2+q3,0.60608675,1399.9188,648.6092
2404,104,2034,q1+q2+q4,0.50507229,3262.5145,1474.9499
2404,104,2034,q1+q2+q5,0.36365205,9181.8678,4207.0531
2404,104,2034,q1+q2+q6,0.31310168,31405.3391,15055.0408
2404,104,2034,q1+q3+q4,0.66669543,3408.6395,1416.8511
2404,104,2034,q1+q3+q5,0.52527518,7545.9946,3095.6915
2404,104,2034,q1+q3+q6,0.47472482,22029.1478,9174.5185
2404,104,2034,q1+q4+q5,0.42426073,11226.7218,4371.9692
2404,104,2034,q1+q4+q6,0.37371036,30122.5705,11863.0066
2404,104,2034,q1+q5+q6,0.23229012,55742.0015,20704.0492
2404,104,2034,q2+q3+q4,0.76770988,3073.5841,1301.2339
2404,104,2034,q2+q3+q5,0.62628964,6467.9663,2718.9525
2404,104,2034,q2+q3+q6,0.57573927,18315.3733,7814.9671
2404,104,2034,q2+q4+q5,0.52527518,9233.5482,3734.0491
2404,104,2034,q2+q4+q6,0.47472482,23896.3981,9793.2392
2404,104,2034,q2+q5+q6,0.33330457,39109.6119,15614.1526
2404,104,2034,q3+q4+q5,0.68689832,7970.4262,3066.0716
2404,104,2034,q3+q4+q6,0.63634795,18808.7851,7275.4882
2404,104,2034,q3+q5+q6,0.49492771,27600.2555,10336.2303
2404,104,2034,q4+q5+q6,0.39391325,36707.231,12788.8442
2404,104,2034,q1+q2+q3+q4,0.84852145,2800.3312,1220.0703
2404,104,2034,q1+q2+q3+q5,0.70710121,5752.1333,2504.4915
2404,104,2034,q1+q2+q3+q6,0.65655084,16086.1874,7119.2879
2404,104,2034,q1+q2+q4+q5,0.60608675,8029.6655,3395.9734
2404,104,2034,q1+q2+q4+q6,0.55553638,20450.0257,8789.4334
2404,104,2034,q1+q2+q5+q6,0.41411614,31517.5657,13469.2293
2404,104,2034,q1+q3+q4+q5,0.76770988,7152.9527,2860.393
2404,104,2034,q1+q3+q4+q6,0.71715952,16712.3934,6736.1393
2404,104,2034,q1+q3+q5+q6,0.57573927,23754.939,9394.9163
2404,104,2034,q1+q4+q5+q6,0.47472482,30493.4233,11445.2431
2404,104,2034,q2+q3+q4+q5,0.86872434,6421.4721,2619.9323
2404,104,2034,q2+q3+q4+q6,0.81817397,14755.4786,6070.506
2404,104,2034,q2+q3+q5+q6,0.67675373,20337.8973,8265.5422
2404,104,2034,q2+q4+q5+q6,0.57573927,25294.5769,9878.3022
2404,104,2034,q3+q4+q5+q6,0.73736241,20597.4699,7745.0007
2404,104,2034,q1+q2+q3+q4+q5,0.94953591,5892.3619,2471.9251
2404,104,2034,q1+q2+q3+q4+q6,0.89898554,13447.4562,5694.6159
2404,104,2034,q1+q2+q3+q5+q6,0.7575653,18190.2049,7658.391
2404,104,2034,q1+q2+q4+q5+q6,0.65655084,22206.3557,9064.5377
2404,104,2034,q1+q3+q4+q5+q6,0.81817397,18583.2361,7256.8998
2404,104,2034,q2+q3+q4+q5+q6,0.91918843,16635.7802,6635.1733
2404,104,2034,q1+q2+q3+q4+q5+q6,1.0,15307.9369,6276.9037
2404,104,2034,all,1.0,15307.9369,6276.9037
2405,104,2035,q1,0.08082081,203.7889,111.4601
2405,104,2035,q2,0.18184683,593.7557,276.0841
2405,104,2035,q3,0.34348846,2364.0148,959.0223
2405,104,2035,q4,0.24246244,7245.876,2621.3954
2405,104,2035,q5,0.10102602,32655.4801,9806.2749
2405,104,2035,q6,0.05035544,199842.6324,51799.2042
2405,104,2035,q1+q2,0.26266764,473.766,230.9395
2405,104,2035,q1+q3,0.42430927,1952.5432,833.083
2405,104,2035,q1+q4,0.32328325,5485.3542,2167.9643
2405,104,2035,q1+q5,0.18184683,18232.5062,6847.5379
2405,104,2035,q1+q6,0.13117625,76840.3858,29468.9992
2405,104,2035,q2+q3,0.52533529,1751.2328,743.2452
2405,104,2035,q2+q4,0.42430927,4394.9673,1757.1416
2405,104,2035,q2+q5,0.28287285,12044.3716,4683.1413
2405,104,2035,q2+q6,0.23220227,43802.9141,17375.9088
2405,104,2035,q3+q4,0.5859509,4384.0953,1693.4902
2405,104,2035,q3+q5,0.44451448,9248.4387,3474.7347
2405,104,2035,q3+q6,0.3938439,27612.9079,10447.0502
2405,104,2035,q4+q5,0.34348846,14719.2889,5022.6548
2405,104,2035,q4+q6,0.29281788,40366.443,13673.1348
2405,104,2035,q5+q6,0.15138146,88268.5166,25178.702
2405,104,2035,q1+q2+q3,0.6061561,1544.907,675.8658
2405,104,2035,q1+q2+q4,0.50513009,3724.3788,1556.0078
2405,104,2035,q1+q2+q5,0.36369366,9413.131,3911.3242
2405,104,2035,q1+q2+q6,0.31302308,32545.8632,13896.0833
2405,104,2035,q1+q3+q4,0.66677171,3877.3915,1553.057
2405,104,2035,q1+q3+q5,0.52533529,7856.9541,3101.3114
2405,104,2035,q1+q3+q6,0.47466471,22945.9773,9162.2686
2405,104,2035,q1+q4+q5,0.42430927,11954.4318,4393.9899
2405,104,2035,q1+q4+q6,0.37363869,31678.9638,11693.3657
2405,104,2035,q1+q5+q6,0.23220227,57616.521,19719.0639
2405,104,2035,q2+q3+q4,0.76779773,3486.3833,1402.9608
2405,104,2035,q2+q3+q5,0.62636131,6735.7888,2680.0871
2405,104,2035,q2+q3+q6,0.57569073,19078.2087,7669.4402
2405,104,2035,q2+q4+q5,0.52533529,9829.6813,3694.5379
2405,104,2035,q2+q4+q6,0.47466471,25129.2936,9500.1643
2405,104,2035,q2+q5+q6,0.33322829,40423.3065,14613.218
2405,104,2035,q3+q4+q5,0.68697692,8541.6519,3166.1515
2405,104,2035,q3+q4+q6,0.63630634,19852.1173,7382.0654
2405,104,2035,q3+q5+q6,0.49486991,28642.332,10290.5446
2405,104,2035,q4+q5+q6,0.3938439,38388.482,12589.858
2405,104,2035,q1+q2+q3+q4,0.84861854,3173.7553,1310.1269
2405,104,2035,q1+q2+q3+q5,0.70718212,5989.2745,2459.6646
2405,104,2035,q1+q2+q3+q6,0.65651154,16754.6457,6962.5071
2405,104,2035,q1+q2+q4+q5,0.6061561,8546.229,3351.9448
2405,104,2035,q1+q2+q4+q6,0.55548552,21502.7372,8511.5389
2405,104,2035,q1+q2+q5+q6,0.4140491,32572.6092,12609.6512
2405,104,2035,q1+q3+q4+q5,0.76779773,7663.9821,2940.5803
2405,104,2035,q1+q3+q4+q6,0.71712715,17637.7347,6804.1184
2405,104,2035,q1+q3+q5+q6,0.57569073,24649.865,9304.3236
2405,104,2035,q1+q4+q5+q6,0.47466471,31886.8022,11222.6325
2405,104,2035,q2+q3+q4+q5,0.86882375,6878.1387,2662.5614
2405,104,2035,q2+q3+q4+q6,0.81815317,15571.6572,6060.1336
2405,104,2035,q2+q3+q5+q6,0.67671675,21105.139,8075.9339
2405,104,2035,q2+q4+q5+q6,0.57569073,26450.0385,9564.8527
2405,104,2035,q3+q4+q5+q6,0.73733236,21606.3774,7780.3652
2405,104,2035,q1+q2+q3+q4+q5,0.94964456,6310.109,2504.9753
2405,104,2035,q1+q2+q3+q4+q6,0.89897398,14190.0336,5669.4586
2405,104,2035,q1+q2+q3+q5+q6,0.75753756,18875.1979,7461.7654
2405,104,2035,q1+q2+q4+q5+q6,0.65651154,23218.9556,8761.9076
2405,104,2035,q1+q3+q4+q5+q6,0.81815317,19492.1344,7264.1746
2405,104,2035,q2+q3+q4+q5+q6,0.91917919,17449.3222,6576.9228
2405,104,2035,q1+q2+q3+q4+q5+q6,1.0,16055.5241,6207.538
2405,104,2035,all,1.0,16055.5241,6207.538
2406,104,2036,q1,0.08081215,203.4783,119.3704
2406,104,2036,q2,0.18182733,672.6957,295.7583
2406,104,2036,q3,0.34345163,2438.17,922.776
2406,104,2036,q4,0.24243644,7051.6071,2494.5389
2406,104,2036,q5,0.10101518,33021.8661,9610.822
2406,104,2036,q6,0.05045726,212963.7907,50617.2559
2406,104,2036,q1+q2,0.26263948,528.3211,251.6858
2406,104,2036,q1+q3,0.42426378,2012.5145,816.8937
2406,104,2036,q1+q4,0.32324859,5339.5749,2097.0246
2406,104,2036,q1+q5,0.18182733,18435.916,6914.072
2406,104,2036,q1+q6,0.13126941,81984.1687,30744.8605
2406,104,2036,q2+q3,0.52527896,1827.0443,726.4822
2406,104,2036,q2+q4,0.42426378,4317.7879,1667.0347
2406,104,2036,q2+q5,0.28284252,12225.9708,4546.199
2406,104,2036,q2+q6,0.2322846,46786.9358,17364.9179
2406,104,2036,q3+q4,0.58588807,4347.1785,1599.0499
2406,104,2036,q3+q5,0.44446681,9389.0101,3326.373
2406,104,2036,q3+q6,0.39390889,29405.1841,10344.1227
2406,104,2036,q4+q5,0.34345163,14689.9186,4886.9292
2406,104,2036,q4+q6,0.29289371,42524.4254,13875.8219
2406,104,2036,q5+q6,0.15147245,92962.6484,25173.5002
2406,104,2036,q1+q2+q3,0.60609111,1610.5688,669.1531
2406,104,2036,q1+q2+q4,0.50507592,3659.4984,1494.6367
2406,104,2036,q1+q2+q5,0.36365467,9554.3058,3867.4261
2406,104,2036,q1+q2+q6,0.31309674,34763.466,14253.873
2406,104,2036,q1+q3+q4,0.66670022,3844.9118,1481.2671
2406,104,2036,q1+q3+q5,0.52527896,7975.8513,3009.0777
2406,104,2036,q1+q3+q6,0.47472104,24434.154,9224.0719
2406,104,2036,q1+q4+q5,0.42426378,11930.5966,4325.6861
2406,104,2036,q1+q4+q6,0.37370585,33372.718,12045.572
2406,104,2036,q1+q5+q6,0.2322846,60691.5986,20222.7723
2406,104,2036,q2+q3+q4,0.7677154,3476.9062,1330.4078
2406,104,2036,q2+q3+q5,0.62629415,6858.4672,2575.0162
2406,104,2036,q2+q3+q6,0.57573622,20330.9735,7633.9182
2406,104,2036,q2+q4+q5,0.52527896,9837.803,3573.8021
2406,104,2036,q2+q4+q6,0.47472104,26494.404,9592.492
2406,104,2036,q2+q5+q6,0.33329978,42615.0727,14598.7619
2406,104,2036,q3+q4+q5,0.68690326,8564.0443,3032.5005
2406,104,2036,q3+q4+q6,0.63634533,20888.8622,7363.9299
2406,104,2036,q3+q5+q6,0.49492408,30143.3575,10170.6118
2406,104,2036,q4+q5+q6,0.39390889,40087.5604,12686.5407
2406,104,2036,q1+q2+q3+q4,0.84852755,3165.1512,1252.6026
2406,104,2036,q1+q2+q3+q5,0.70710629,6097.897,2387.6987
2406,104,2036,q1+q2+q3+q6,0.65654837,17853.5535,7014.4709
2406,104,2036,q1+q2+q4+q5,0.60609111,8553.2263,3273.3348
2406,104,2036,q1+q2+q4+q6,0.55553319,22669.9229,8691.8667
2406,104,2036,q1+q2+q5+q6,0.41411193,34338.6339,12802.9616
2406,104,2036,q1+q3+q4+q5,0.7677154,7683.9847,2839.3524
2406,104,2036,q1+q3+q4+q6,0.71715748,18557.9512,6850.2727
2406,104,2036,q1+q3+q5+q6,0.57573622,25940.9019,9307.7272
2406,104,2036,q1+q4+q5+q6,0.47472104,33298.0607,11434.3003
2406,104,2036,q2+q3+q4+q5,0.86873059,6912.3667,2551.5811
2406,104,2036,q2+q3+q4+q6,0.81817267,16396.1044,6046.4031
2406,104,2036,q2+q3+q5+q6,0.67675141,22225.2775,7998.8084
2406,104,2036,q2+q4+q5+q6,0.57573622,27639.6729,9596.3286
2406,104,2036,q3+q4+q5+q6,0.73736052,22551.031,7726.285
2406,104,2036,q1+q2+q3+q4+q5,0.94954274,6341.3975,2417.0903
2406,104,2036,q1+q2+q3+q4+q6,0.89898482,14940.506,5699.9167
2406,104,2036,q1+q2+q3+q5+q6,0.75756356,19876.1295,7460.9864
2406,104,2036,q1+q2+q4+q5+q6,0.65654837,24262.6517,8869.4549
2406,104,2036,q1+q3+q4+q5+q6,0.81817267,20343.7295,7268.6841
2406,104,2036,q2+q3+q4+q5+q6,0.91918785,18223.2112,6528.5796
2406,104,2036,q1+q2+q3+q4+q5+q6,1.0,16766.9979,6202.0072
2406,104,2036,all,1.0,16766.9979,6202.0072
2407,104,2037,q1,0.08081215,208.4659,115.2327
2407,104,2037,q2,0.18182733,561.0988,264.9963
2407,104,2037,q3,0.34345163,2262.6614,953.768
2407,104,2037,q4,0.24243644,7264.6992,2696.411
2407,104,2037,q5,0.10101518,30417.909,10021.6254
2407,104,2037,q6,0.05045726,190926.6555,56207.4065
2407,104,2037,q1+q2,0.26263948,452.5963,223.7781
2407,104,2037,q1+q3,0.42426378,1871.3861,826.1996
2407,104,2037,q1+q4,0.32324859,5500.6409,2224.3419
2407,104,2037,q1+q5,0.18182733,16991.4898,6823.136
2407,104,2037,q1+q6,0.13126941,73516.6174,30386.5516
2407,104,2037,q2+q3,0.52527896,1673.659,732.748
2407,104,2037,q2+q4,0.42426378,4391.7276,1794.7403
2407,104,2037,q2+q5,0.28284252,11224.2453,4590.3468
2407,104,2037,q2+q6,0.2322846,41912.6354,17497.8247
2407,104,2037,q3+q4,0.58588807,4332.4702,1729.1649
2407,104,2037,q3+q5,0.44446681,8661.5813,3433.0543
2407,104,2037,q3+q6,0.39390889,26429.338,10556.6625
2407,104,2037,q4+q5,0.34345163,14074.4668,5036.471
2407,104,2037,q4+q6,0.29289371,38904.4355,13819.1715
2407,104,2037,q5+q6,0.15147245,83885.27,26582.3183
2407,104,2037,q1+q2+q3,0.60609111,1478.2999,665.6753
2407,104,2037,q1+q2+q4,0.50507592,3722.4057,1587.4253
2407,104,2037,q1+q2+q5,0.36365467,8776.2943,3809.4375
2407,104,2037,q1+q2+q6,0.31309674,31148.5391,13880.8178
2407,104,2037,q1+q3+q4,0.66670022,3832.5909,1582.9889
2407,104,2037,q1+q3+q5,0.52527896,7361.102,3050.395
2407,104,2037,q1+q3+q6,0.47472104,21965.7377,9208.6128
2407,104,2037,q1+q4+q5,0.42426378,11433.3238,4385.9445
2407,104,2037,q1+q4+q6,0.37370585,30536.6126,11755.374
2407,104,2037,q1+q5+q6,0.2322846,54773.9884,20383.312
2407,104,2037,q2+q3+q4,0.7677154,3439.2506,1424.9472
2407,104,2037,q2+q3+q5,0.62629415,6309.8283,2623.3704
2407,104,2037,q2+q3+q6,0.57573622,18259.7063,7666.9743
2407,104,2037,q2+q4+q5,0.52527896,9396.7625,3670.4387
2407,104,2037,q2+q4+q6,0.47472104,24218.1965,9504.9579
2407,104,2037,q2+q5+q6,0.33329978,38428.859,14841.6927
2407,104,2037,q3+q4+q5,0.68690326,8168.5641,3161.9132
2407,104,2037,q3+q4+q6,0.63634533,19127.9458,7424.8671
2407,104,2037,q3+q5+q6,0.49492408,27243.4149,10429.7698
2407,104,2037,q4+q5+q6,0.39390889,36728.125,12789.8483
2407,104,2037,q1+q2+q3+q4,0.84852755,3131.5568,1329.169
2407,104,2037,q1+q2+q3+q5,0.70710629,5612.5298,2401.4873
2407,104,2037,q1+q2+q3+q6,0.65654837,16037.8448,6939.3773
2407,104,2037,q1+q2+q4+q5,0.60609111,8171.6563,3321.8359
2407,104,2037,q1+q2+q4+q6,0.55553319,20725.5557,8492.4349
2407,104,2037,q1+q2+q5+q6,0.41411193,30970.315,12708.352
2407,104,2037,q1+q3+q4+q5,0.7677154,7330.659,2930.0189
2407,104,2037,q1+q3+q4+q6,0.71715748,16996.0238,6826.3731
2407,104,2037,q1+q3+q5+q6,0.57573622,23448.7044,9381.8419
2407,104,2037,q1+q4+q5+q6,0.47472104,30511.3538,11339.2263
2407,104,2037,q2+q3+q4+q5,0.86873059,6576.3039,2645.4621
2407,104,2037,q2+q3+q4+q6,0.81817267,15001.726,6063.178
2407,104,2037,q2+q3+q5+q6,0.67675141,20074.4983,8097.2722
2407,104,2037,q2+q4+q5+q6,0.57573622,25305.9604,9609.4397
2407,104,2037,q3+q4+q5+q6,0.73736052,20674.6217,7834.011
2407,104,2037,q1+q2+q3+q4+q5,0.94954274,6034.3603,2485.0333
2407,104,2037,q1+q2+q3+q4+q6,0.89898482,13671.9203,5662.5571
2407,104,2037,q1+q2+q3+q5+q6,0.75756356,17955.3141,7457.4923
2407,104,2037,q1+q2+q4+q5+q6,0.65654837,22216.8013,8774.476
2407,104,2037,q1+q3+q4+q5+q6,0.81817267,18653.1486,7294.6357
2407,104,2037,q2+q3+q4+q5+q6,0.91918785,16695.9048,6583.8555
2407,104,2037,q1+q2+q3+q4+q5+q6,1.0,15363.5194,6202.0913
2407,104,2037,all,1.0,15363.5194,6202.0913
2408,104,2038,q1,0.08081215,203.4765,120.623
2408,104,2038,q2,0.18182733,594.8628,299.064
2408,104,2038,q3,0.34345163,2202.2862,889.6674
2408,104,2038,q4,0.24243644,6577.8206,2400.1318
2408,104,2038,q5,0.10101518,33134.5257,9931.8414
2408,104,2038,q6,0.05045726,195111.3327,54398.1243
2408,104,2038,q1+q2,0.26263948,474.4362,250.2174
2408,104,2038,q1+q3,0.42426378,1821.5605,783.3965
2408,104,2038,q1+q4,0.32324859,4984.2346,2012.0632
2408,104,2038,q1+q5,0.18182733,18498.5038,7106.1612
2408,104,2038,q1+q6,0.13126941,75122.0498,31078.8629
2408,104,2038,q2+q3,0.52527896,1645.8704,713.4055
2408,104,2038,q2+q4,0.42426378,4013.6958,1659.5633
2408,104,2038,q2+q5,0.28284252,12216.1709,4945.4333
2408,104,2038,q2+q6,0.2322846,42848.068,18341.5114
2408,104,2038,q3+q4,0.58588807,4012.8521,1552.2744
2408,104,2038,q3+q5,0.44446681,9232.3406,3456.4623
2408,104,2038,q3+q6,0.39390889,26912.7274,10280.8318
2408,104,2038,q4+q5,0.34345163,14388.6162,4934.7405
2408,104,2038,q4+q6,0.29289371,39056.7875,13531.4525
2408,104,2038,q5+q6,0.15147245,87090.915,25467.7968
2408,104,2038,q1+q2+q3,0.60609111,1453.5512,653.4663
2408,104,2038,q1+q2+q4,0.50507592,3404.0607,1479.0862
2408,104,2038,q1+q2+q5,0.36365467,9546.6833,4157.7407
2408,104,2038,q1+q2+q6,0.31309674,31841.2431,14683.1877
2408,104,2038,q1+q3+q4,0.66670022,3551.1096,1434.0599
2408,104,2038,q1+q3+q5,0.52527896,7843.2846,3112.8732
2408,104,2038,q1+q3+q6,0.47472104,22365.99,9094.4771
2408,104,2038,q1+q4+q5,0.42426378,11686.6848,4357.9332
2408,104,2038,q1+q4+q6,0.37370585,30654.9403,11669.2423
2408,104,2038,q1+q5+q6,0.2322846,56862.6491,20186.8539
2408,104,2038,q2+q3+q4,0.7677154,3203.3283,1310.7064
2408,104,2038,q2+q3+q5,0.62629415,6724.6858,2719.1868
2408,104,2038,q2+q3+q6,0.57573622,18601.0963,7688.9101
2408,104,2038,q2+q4+q5,0.52527896,9613.8554,3704.7619
2408,104,2038,q2+q4+q6,0.47472104,24325.127,9566.6841
2408,104,2038,q2+q5+q6,0.33329978,39904.1258,15119.6582
2408,104,2038,q3+q4+q5,0.68690326,8295.4512,3077.4137
2408,104,2038,q3+q4+q6,0.63634533,19165.4835,7192.7343
2408,104,2038,q3+q5+q6,0.49492408,28182.6113,10194.8685
2408,104,2038,q4+q5+q6,0.39390889,37538.0648,12505.5014
2408,104,2038,q1+q2+q3+q4,0.84852755,2917.6282,1230.0977
2408,104,2038,q1+q2+q3+q5,0.70710629,5979.4047,2508.9791
2408,104,2038,q1+q2+q3+q6,0.65654837,16336.6003,7014.2128
2408,104,2038,q1+q2+q4+q5,0.60609111,8359.1382,3378.9082
2408,104,2038,q1+q2+q4+q6,0.55553319,20816.2054,8608.1456
2408,104,2038,q1+q2+q5+q6,0.41411193,32156.7162,13107.1288
2408,104,2038,q1+q3+q4+q5,0.7677154,7443.6644,2874.6547
2408,104,2038,q1+q3+q4+q6,0.71715748,17028.7694,6666.4654
2408,104,2038,q1+q3+q5+q6,0.57573622,24255.3719,9282.0476
2408,104,2038,q1+q4+q5+q6,0.47472104,31182.5676,11225.2422
2408,104,2038,q2+q3+q4+q5,0.86873059,6683.7001,2623.407
2408,104,2038,q2+q3+q4+q6,0.81817267,15038.4251,5980.8113
2408,104,2038,q2+q3+q5+q6,0.67675141,20770.4262,8125.8778
2408,104,2038,q2+q4+q5+q6,0.57573622,25870.7707,9646.3824
2408,104,2038,q3+q4+q5+q6,0.73736052,21079.1816,7646.8824
2408,104,2038,q1+q2+q3+q4+q5,0.94954274,6132.1917,2478.1991
2408,104,2038,q1+q2+q3+q4+q6,0.89898482,13704.8719,5616.6275
2408,104,2038,q1+q2+q3+q5+q6,0.75756356,18576.4724,7541.1032
2408,104,2038,q1+q2+q4+q5+q6,0.65654837,22711.4769,8873.6149
2408,104,2038,q1+q3+q4+q5+q6,0.81817267,19017.2567,7173.8412
2408,104,2038,q2+q3+q4+q5+q6,0.91918785,17027.1164,6536.9425
2408,104,2038,q1+q2+q3+q4+q5+q6,1.0,15667.562,6191.3
2408,104,2038,all,1.0,15667.562,6191.3
2409,104,2039,q1,0.08081215,203.4423,123.9105
2409,104,2039,q2,0.18182733,616.6433,297.5308
2409,104,2039,q3,0.34345163,2299.7393,873.3954
2409,104,2039,q4,0.24243644,7011.8689,2266.5319
2409,104,2039,q5,0.10101518,32757.369,9050.8763
2409,104,2039,q6,0.05045726,215578.5542,51614.3793
2409,104,2039,q1+q2,0.26263948,489.5045,252.3197
2409,104,2039,q1+q3,0.42426378,1900.4446,777.5031
2409,104,2039,q1+q4,0.32324859,5309.7622,1944.4665
2409,104,2039,q1+q5,0.18182733,18288.9571,6673.8178
2409,104,2039,q1+q6,0.13126941,82989.2078,31721.2883
2409,104,2039,q2+q3,0.52527896,1717.1291,704.0126
2409,104,2039,q2+q4,0.42426378,4271.0579,1608.059
2409,104,2039,q2+q5,0.28284252,12095.4739,4607.9164
2409,104,2039,q2+q6,0.2322846,47311.0427,18702.9025
2409,104,2039,q3+q4,0.58588807,4249.586,1504.9836
2409,104,2039,q3+q5,0.44446681,9221.9279,3227.5805
2409,104,2039,q3+q6,0.39390889,29619.4203,10463.1601
2409,104,2039,q4+q5,0.34345163,14584.0748,4489.8367
2409,104,2039,q4+q6,0.29289371,42941.9823,13091.1261
2409,104,2039,q5+q6,0.15147245,93657.2671,24614.6044
2409,104,2039,q1+q2+q3,0.60609111,1515.3042,649.5742
2409,104,2039,q1+q2+q4,0.50507592,3620.2394,1451.7172
2409,104,2039,q1+q2+q5,0.36365467,9452.8002,3928.0771
2409,104,2039,q1+q2+q6,0.31309674,35152.2884,15280.4598
2409,104,2039,q1+q3+q4,0.66670022,3759.1444,1402.4438
2409,104,2039,q1+q3+q5,0.52527896,7834.4685,2933.9885
2409,104,2039,q1+q3+q6,0.47472104,24611.9145,9363.7387
2409,104,2039,q1+q4+q5,0.42426378,11844.9067,4025.7824
2409,104,2039,q1+q4+q6,0.37370585,33699.9724,11517.6476
2409,104,2039,q1+q5+q6,0.2322846,61144.5458,20031.6164
2409,104,2039,q2+q3+q4,0.7677154,3389.1522,1280.9679
2409,104,2039,q2+q3+q5,0.62629415,6723.6194,2557.08
2409,104,2039,q2+q3+q6,0.57573622,20459.848,7895.4477
2409,104,2039,q2+q4+q5,0.52527896,9749.1947,3431.2846
2409,104,2039,q2+q4+q6,0.47472104,26730.5595,9486.7816
2409,104,2039,q2+q5+q6,0.33329978,42900.1726,15000.8311
2409,104,2039,q3+q4+q5,0.68690326,8441.9071,2870.7409
2409,104,2039,q3+q4+q6,0.63634533,21006.3386,7167.0469
2409,104,2039,q3+q5+q6,0.49492408,30259.8831,10114.4508
2409,104,2039,q4+q5+q6,0.39390889,40330.2094,11977.4677
2409,104,2039,q1+q2+q3+q4,0.84852755,3085.7513,1210.0214
2409,104,2039,q1+q2+q3+q5,0.70710629,5978.4563,2375.6571
2409,104,2039,q1+q2+q3+q6,0.65654837,17966.5608,7260.7505
2409,104,2039,q1+q2+q4+q5,0.60609111,8476.4277,3161.2604
2409,104,2039,q1+q2+q4+q6,0.55553319,22871.7201,8641.8586
2409,104,2039,q1+q2+q5+q6,0.41411193,34568.0907,13183.0353
2409,104,2039,q1+q3+q4+q5,0.7677154,7574.7002,2701.4356
2409,104,2039,q1+q3+q4+q6,0.71715748,18662.1858,6699.2826
2409,104,2039,q1+q3+q5+q6,0.57573622,26041.0665,9292.8422
2409,104,2039,q1+q4+q5+q6,0.47472104,33499.3972,10899.5365
2409,104,2039,q2+q3+q4+q5,0.86873059,6804.0611,2466.1607
2409,104,2039,q2+q3+q4+q6,0.81817267,16475.0165,6012.3658
2409,104,2039,q2+q3+q5+q6,0.67675141,22295.4354,8122.8589
2409,104,2039,q2+q4+q5+q6,0.57573622,27787.9869,9393.2129
2409,104,2039,q3+q4+q5+q6,0.73736052,22616.1787,7475.7954
2409,104,2039,q1+q2+q3+q4+q5,0.94954274,6242.3063,2343.3004
2409,104,2039,q1+q2+q3+q4+q6,0.89898482,15012.3212,5683.3511
2409,104,2039,q1+q2+q3+q5+q6,0.75756356,19938.7996,7589.5939
2409,104,2039,q1+q2+q4+q5+q6,0.65654837,24392.7058,8723.3106
2409,104,2039,q1+q3+q4+q5+q6,0.81817267,20402.4389,7063.0577
2409,104,2039,q2+q3+q4+q5+q6,0.91918785,18264.384,6438.3895
2409,104,2039,q1+q2+q3+q4+q5+q6,1.0,16804.8405,6132.6436
2409,104,2039,all,1.0,16804.8405,6132.6436
2410,104,2040,q1,0.08081215,199.8907,124.9292
2410,104,2040,q2,0.18182733,634.923,306.7308
2410,104,2040,q3,0.34345163,2146.5931,914.931
2410,104,2040,q4,0.24243644,6606.4252,2377.6733
2410,104,2040,q5,0.10101518,31727.854,9435.3298
2410,104,2040,q6,0.05045726,192827.9562,50951.9084
2410,104,2040,q1+q2,0.26263948,501.0669,260.2441
2410,104,2040,q1+q3,0.42426378,1775.7927,805.6927
2410,104,2040,q1+q4,0.32324859,5004.7916,2014.891
2410,104,2040,q1+q5,0.18182733,17715.4259,6868.3804
2410,104,2040,q1+q6,0.13126941,74242.1593,30430.8537
2410,104,2040,q2+q3,0.52527896,1623.3227,721.2945
2410,104,2040,q2+q4,0.42426378,4047.2099,1635.3303
2410,104,2040,q2+q5,0.28284252,11739.5412,4637.1188
2410,104,2040,q2+q6,0.2322846,42383.4272,17353.1628
2410,104,2040,q3+q4,0.58588807,3992.0409,1580.9551
2410,104,2040,q3+q5,0.44446681,8869.607,3441.5676
2410,104,2040,q3+q6,0.39390889,26571.682,10500.8924
2410,104,2040,q4+q5,0.34345163,13995.0807,4743.5629
2410,104,2040,q4+q6,0.29289371,38687.1035,13106.1528
2410,104,2040,q5+q6,0.15147245,85392.2025,24375.5816
2410,104,2040,q1+q2+q3,0.60609111,1433.5318,662.4973
2410,104,2040,q1+q2+q4,0.50507592,3431.6389,1469.7246
2410,104,2040,q1+q2+q5,0.36365467,9175.1744,3946.9561
2410,104,2040,q1+q2+q6,0.31309674,31495.6034,14155.4388
2410,104,2040,q1+q3+q4,0.66670022,3532.3863,1463.9258
2410,104,2040,q1+q3+q5,0.52527896,7535.8045,3105.1586
2410,104,2040,q1+q3+q6,0.47472104,22082.3906,9309.4495
2410,104,2040,q1+q4+q5,0.42426378,11367.4255,4220.8955
2410,104,2040,q1+q4+q6,0.37370585,30364.4233,11417.3079
2410,104,2040,q1+q5+q6,0.2322846,55753.6737,19624.1387
2410,104,2040,q2+q3+q4,0.7677154,3196.934,1322.5272
2410,104,2040,q2+q3+q5,0.62629415,6478.8922,2666.2779
2410,104,2040,q2+q3+q6,0.57573622,18380.4105,7706.6636
2410,104,2040,q2+q4+q5,0.52527896,9370.4107,3541.8983
2410,104,2040,q2+q4+q6,0.47472104,24112.3829,9224.1182
2410,104,2040,q2+q5+q6,0.33329978,39153.9781,14387.9005
2410,104,2040,q3+q4+q5,0.68690326,8070.8369,3047.6048
2410,104,2040,q3+q4+q6,0.63634533,18965.2683,7225.0168
2410,104,2040,q3+q5+q6,0.49492408,27624.069,10230.0597
2410,104,2040,q4+q5+q6,0.39390889,36902.4526,12070.7333
2410,104,2040,q1+q2+q3+q4,0.84852755,2911.5013,1244.5199
2410,104,2040,q1+q2+q3+q5,0.70710629,5761.2921,2467.2651
2410,104,2040,q1+q2+q3+q6,0.65654837,16142.6366,7054.1667
2410,104,2040,q1+q2+q4+q5,0.60609111,8147.6747,3251.0304
2410,104,2040,q1+q2+q4+q6,0.55553319,20633.8871,8365.4842
2410,104,2040,q1+q2+q5+q6,0.41411193,31552.2568,12608.2956
2410,104,2040,q1+q3+q4+q5,0.7677154,7242.3163,2853.6465
2410,104,2040,q1+q3+q4+q6,0.71715748,16850.7112,6714.8932
2410,104,2040,q1+q3+q5+q6,0.57573622,23774.7251,9338.6219
2410,104,2040,q1+q4+q5+q6,0.47472104,30654.5457,10912.4624
2410,104,2040,q2+q3+q4+q5,0.86873059,6514.4828,2577.7281
2410,104,2040,q2+q3+q4+q6,0.81817267,14891.6077,5952.8122
2410,104,2040,q2+q3+q5+q6,0.67675141,20372.7144,8049.4879
2410,104,2040,q2+q4+q5+q6,0.57573622,25448.5473,9269.508
2410,104,2040,q3+q4+q5+q6,0.73736052,20713.6871,7598.5394
2410,104,2040,q1+q2+q3+q4+q5,0.94954274,5977.0707,2441.3054
2410,104,2040,q1+q2+q3+q4+q6,0.89898482,13570.93,5606.5163
2410,104,2040,q1+q2+q3+q5+q6,0.75756356,18220.8036,7493.2459
2410,104,2040,q1+q2+q4+q5+q6,0.65654837,22340.7821,8578.0106
2410,104,2040,q1+q3+q4+q5+q6,0.81817267,18687.5085,7146.8361
2410,104,2040,q2+q3+q4+q5+q6,0.91918785,16741.8459,6448.508
2410,104,2040,q1+q2+q3+q4+q5+q6,1.0,15405.055,6123.4924
2410,104,2040,all,1.0,15405.055,6123.4924
2501,105,2041,q1,0.08422166,202.7718,118.4634
2501,105,2041,q2,0.21055414,606.3839,291.5937
2501,105,2041,q3,0.25266497,2269.1077,917.4746
2501,105,2041,q4,0.25266497,6931.1108,2444.4747
2501,105,2041,q5,0.12633249,32629.7684,9587.4375
2501,105,2041,q6,0.07356177,200262.49,52043.0802
2501,105,2041,q1+q2,0.2947758,491.0662,248.7109
2501,105,2041,q1+q3,0.33688663,1752.5237,767.6984
2501,105,2041,q1+q4,0.33688663,5249.0261,2054.8272
2501,105,2041,q1+q5,0.21055414,19658.9698,7209.7872
2501,105,2041,q1+q6,0.15778343,93474.5884,34521.9842
2501,105,2041,q2+q3,0.46321912,1513.3242,659.6091
2501,105,2041,q2+q4,0.46321912,4056.235,1627.8053
2501,105,2041,q2+q5,0.33688663,12615.1531,4897.206
2501,105,2041,q2+q6,0.28411591,52300.2728,20611.4975
2501,105,2041,q3+q4,0.50532994,4600.1092,1733.0684
2501,105,2041,q3+q5,0.37899746,12389.3279,4451.3576
2501,105,2041,q3+q6,0.32622674,46915.1825,16856.4494
2501,105,2041,q4+q5,0.37899746,15497.33,5123.5209
2501,105,2041,q4+q6,0.32622674,50525.9377,16491.5229
2501,105,2041,q5+q6,0.19989426,94319.183,26442.0727
2501,105,2041,q1+q2+q3,0.54744077,1311.7007,594.9714
2501,105,2041,q1+q2+q4,0.54744077,3463.3945,1460.2276
2501,105,2041,q1+q2+q5,0.42110829,10132.6769,4216.4523
2501,105,2041,q1+q2+q6,0.36833757,40387.9993,17196.4689
2501,105,2041,q1+q3+q4,0.5895516,3971.9182,1576.375
2501,105,2041,q1+q3+q5,0.46321912,10173.5905,3930.4012
2501,105,2041,q1+q3+q6,0.4104484,37330.0637,14563.0239
2501,105,2041,q1+q4+q5,0.46321912,12716.5013,4564.4229
2501,105,2041,q1+q4+q6,0.4104484,40199.9127,14427.6251
2501,105,2041,q1+q5+q6,0.28411591,66419.8652,22014.9907
2501,105,2041,q2+q3+q4,0.71588409,3425.4842,1378.3165
2501,105,2041,q2+q3+q5,0.5895516,8181.1337,3231.1701
2501,105,2041,q2+q3+q6,0.53678088,28750.3974,11467.1219
2501,105,2041,q2+q4+q5,0.5895516,10179.135,3788.0447
2501,105,2041,q2+q4+q6,0.53678088,30944.8215,11556.5109
2501,105,2041,q2+q5+q6,0.4104484,46245.8608,16493.0192
2501,105,2041,q3+q4+q5,0.63166243,10206.0411,3639.6469
2501,105,2041,q3+q4+q6,0.57889171,29463.6037,10500.2066
2501,105,2041,q3+q5+q6,0.45255923,42927.3909,14520.4532
2501,105,2041,q4+q5+q6,0.45255923,45530.1992,14414.8513
2501,105,2041,q1+q2+q3+q4,0.80010574,3086.2513,1283.8855
2501,105,2041,q1+q2+q3+q5,0.67377326,7183.8384,2957.031
2501,105,2041,q1+q2+q3+q6,0.62100254,24878.709,10369.0987
2501,105,2041,q1+q2+q4+q5,0.67377326,8932.0896,3481.9736
2501,105,2041,q1+q2+q4+q6,0.62100254,26775.5207,10513.8796
2501,105,2041,q1+q2+q5+q6,0.49467006,38406.6451,14670.248
2501,105,2041,q1+q3+q4+q5,0.71588409,9029.1859,3374.6316
2501,105,2041,q1+q3+q4+q6,0.66311337,25747.2018,9653.9453
2501,105,2041,q1+q3+q5+q6,0.53678088,36223.8396,13119.5822
2501,105,2041,q1+q4+q5+q6,0.53678088,38418.2636,13105.1268
2501,105,2041,q2+q3+q4+q5,0.84221657,7806.1268,2976.0472
2501,105,2041,q2+q3+q4+q6,0.78944586,21767.0566,8332.6866
2501,105,2041,q2+q3+q5+q6,0.66311337,29489.4725,11012.0049
2501,105,2041,q2+q4+q5+q6,0.66311337,31265.8277,11103.1171
2501,105,2041,q3+q4+q5+q6,0.7052242,30030.7843,10309.1697
2501,105,2041,q1+q2+q3+q4+q5,0.92643823,7114.9127,2800.9932
2501,105,2041,q1+q2+q3+q4+q6,0.87366751,19688.2569,7795.9869
2501,105,2041,q1+q2+q3+q5+q6,0.74733503,26188.9789,10194.0504
2501,105,2041,q1+q2+q4+q5+q6,0.74733503,27765.146,10315.848
2501,105,2041,q1+q3+q4+q5+q6,0.78944586,26848.5969,9640.9384
2501,105,2041,q2+q3+q4+q5+q6,0.91577834,23265.578,8549.1593
2501,105,2041,q1+q2+q3+q4+q5+q6,1.0,21323.1902,8088.1521
2501,105,2041,all,1.0,21323.1902,8088.1521
2502,105,2042,q1,0.08421609,200.8578,124.0768
2502,105,2042,q2,0.21054023,622.1894,290.0854
2502,105,2042,q3,0.25264827,2207.8401,887.6688
2502,105,2042,q4,0.25264827,6380.2774,2370.2356
2502,105,2042,q5,0.12632414,29923.4936,9373.0421
2502,105,2042,q6,0.07362299,207430.5323,55462.2776
2502,105,2042,q1+q2,0.29475632,501.8089,251.5895
2502,105,2042,q1+q3,0.33686437,1706.0945,751.5403
2502,105,2042,q1+q4,0.33686437,4835.4225,1995.1577
2502,105,2042,q1+q5,0.21054023,18034.4392,7036.3718
2502,105,2042,q1+q6,0.15783909,96861.7642,37136.7853
2502,105,2042,q2+q3,0.4631885,1487.0898,637.7967
2502,105,2042,q2+q4,0.4631885,3762.9647,1540.1764
2502,105,2042,q2+q5,0.33686437,11610.1785,4575.0425
2502,105,2042,q2+q6,0.28416322,54203.5404,21188.6581
2502,105,2042,q3+q4,0.50529655,4294.0587,1658.2365
2502,105,2042,q3+q5,0.37897241,11446.3912,4204.6383
2502,105,2042,q3+q6,0.32627127,48516.2665,17515.3598
2502,105,2042,q4+q5,0.37897241,14228.0161,4977.0518
2502,105,2042,q4+q6,0.32627127,51747.1948,17671.0631
2502,105,2042,q5+q6,0.19994713,95283.7694,28073.2644
2502,105,2042,q1+q2+q3,0.54740459,1289.2079,580.2159
2502,105,2042,q1+q2+q4,0.54740459,3214.9482,1387.9221
2502,105,2042,q1+q2+q5,0.42108046,9328.3143,3962.8514
2502,105,2042,q1+q2+q6,0.36837931,41857.8557,17862.0273
2502,105,2042,q1+q3+q4,0.58951264,3709.3157,1513.4753
2502,105,2042,q1+q3+q5,0.4631885,9401.7488,3728.3563
2502,105,2042,q1+q3+q6,0.41048736,38603.8178,15235.7585
2502,105,2042,q1+q4+q5,0.4631885,11677.6237,4434.6196
2502,105,2042,q1+q4+q6,0.41048736,41171.8849,15479.95
2502,105,2042,q1+q5+q6,0.28416322,67104.5029,23397.8613
2502,105,2042,q2+q3+q4,0.71583678,3214.0972,1307.2111
2502,105,2042,q2+q3+q5,0.58951264,7580.6049,3012.8591
2502,105,2042,q2+q3+q6,0.5368115,29731.9633,11776.1164
2502,105,2042,q2+q4+q5,0.58951264,9368.7923,3598.1664
2502,105,2042,q2+q4+q6,0.5368115,31695.7049,12092.6975
2502,105,2042,q2+q5+q6,0.41048736,46731.554,16972.5517
2502,105,2042,q3+q4+q5,0.63162069,9419.9457,3475.8306
2502,105,2042,q3+q4+q6,0.57891954,30127.5542,11012.1547
2502,105,2042,q3+q5+q6,0.45259541,43326.8281,15003.023
2502,105,2042,q4+q5+q6,0.45259541,45655.9703,15208.0905
2502,105,2042,q1+q2+q3+q4,0.80005287,2896.9141,1222.1561
2502,105,2042,q1+q2+q3+q5,0.67372873,6658.1365,2769.6936
2502,105,2042,q1+q2+q3+q6,0.62102759,25727.3195,10711.1724
2502,105,2042,q1+q2+q4+q5,0.67372873,8222.8005,3314.7769
2502,105,2042,q1+q2+q4+q6,0.62102759,27424.7627,11035.4568
2502,105,2042,q1+q2+q5+q6,0.49470345,38810.3775,15158.9939
2502,105,2042,q1+q3+q4+q5,0.71583678,8335.3471,3228.579
2502,105,2042,q1+q3+q4+q6,0.66313563,26326.96,10149.2272
2502,105,2042,q1+q3+q5+q6,0.5368115,36561.1372,13597.6612
2502,105,2042,q1+q4+q5+q6,0.5368115,38524.8788,13832.6193
2502,105,2042,q2+q3+q4+q5,0.84216091,7220.5066,2810.8391
2502,105,2042,q2+q3+q4+q6,0.78945977,22258.7982,8633.3532
2502,105,2042,q2+q3+q5+q6,0.66313563,29768.4489,11225.0366
2502,105,2042,q2+q4+q5+q6,0.66313563,31358.1072,11486.827
2502,105,2042,q3+q4+q5+q6,0.70524368,30091.0026,10679.4939
2502,105,2042,q1+q2+q3+q4+q5,0.92637701,6582.3567,2651.5614
2502,105,2042,q1+q2+q3+q4+q6,0.87367586,20132.5709,8099.1855
2502,105,2042,q1+q2+q3+q5+q6,0.74735173,26436.5947,10426.3857
2502,105,2042,q1+q2+q4+q5+q6,0.74735173,27847.1207,10691.0494
2502,105,2042,q1+q3+q4+q5+q6,0.78945977,26902.4536,10001.8127
2502,105,2042,q2+q3+q4+q5+q6,0.91578391,23316.0739,8755.6763
2502,105,2042,q1+q2+q3+q4+q5+q6,1.0,21369.4007,8298.6915
2502,105,2042,all,1.0,21369.4007,8298.6915
2503,105,2043,q1,0.08421559,203.1135,124.1659
2503,105,2043,q2,0.21053896,668.2123,307.1066
2503,105,2043,q3,0.25264676,2323.7787,882.3293
2503,105,2043,q4,0.25264676,6999.1625,2301.6808
2503,105,2043,q5,0.12632338,33355.9248,9045.6329
2503,105,2043,q6,0.07362856,213624.8257,49883.3595
2503,105,2043,q1+q2,0.29475455,535.3269,264.8109
2503,105,2043,q1+q3,0.33686234,1793.6124,752.2845
2503,105,2043,q1+q4,0.33686234,5300.1502,1970.5909
2503,105,2043,q1+q5,0.21053896,20094.8003,7009.3908
2503,105,2043,q1+q6,0.15784414,99756.589,34753.5981
2503,105,2043,q2+q3,0.46318572,1571.2485,647.785
2503,105,2043,q2+q4,0.46318572,4121.4578,1556.6282
2503,105,2043,q2+q5,0.33686234,12926.1045,4712.8884
2503,105,2043,q2+q6,0.28416752,55845.836,20518.9453
2503,105,2043,q3+q4,0.50529351,4661.4706,1642.9311
2503,105,2043,q3+q5,0.37897013,12667.8274,4243.8803
2503,105,2043,q3+q6,0.32627532,50006.7965,16636.9822
2503,105,2043,q4+q5,0.37897013,15784.7499,4847.2507
2503,105,2043,q4+q6,0.32627532,53627.1149,16147.517
2503,105,2043,q5+q6,0.19995194,99736.5742,25530.2529
2503,105,2043,q1+q2+q3,0.54740131,1360.7662,590.592
2503,105,2043,q1+q2+q4,0.54740131,3518.6356,1411.9656
2503,105,2043,q1+q2+q5,0.42107793,10381.5063,4117.4626
2503,105,2043,q1+q2+q6,0.36838311,43125.4252,17435.4209
2503,105,2043,q1+q3+q4,0.5895091,4024.5624,1509.7858
2503,105,2043,q1+q3+q5,0.46318572,10401.5158,3796.6374
2503,105,2043,q1+q3+q6,0.4104909,39789.1612,14603.0954
2503,105,2043,q1+q4+q5,0.46318572,12951.7251,4372.9572
2503,105,2043,q1+q4+q6,0.4104909,42666.7415,14340.1621
2503,105,2043,q1+q5+q6,0.28416752,70238.9435,21721.3401
2503,105,2043,q2+q3+q4,0.71583248,3486.9828,1319.4559
2503,105,2043,q2+q3+q5,0.5895091,8382.2506,3109.1573
2503,105,2043,q2+q3+q6,0.53681428,30656.1667,11437.7484
2503,105,2043,q2+q4+q5,0.5895091,10385.9865,3618.1747
2503,105,2043,q2+q4+q6,0.53681428,32856.5935,11440.6772
2503,105,2043,q2+q5+q6,0.4104909,48924.8505,16206.1928
2503,105,2043,q3+q4+q5,0.63161689,10400.3614,3458.3318
2503,105,2043,q3+q4+q6,0.57892207,31237.8814,10339.9286
2503,105,2043,q3+q5+q6,0.45259869,45359.4248,14192.3659
2503,105,2043,q4+q5+q6,0.45259869,47969.2877,14012.376
2503,105,2043,q1+q2+q3+q4,0.80004806,3141.3124,1238.3209
2503,105,2043,q1+q2+q3+q5,0.67372468,7359.8584,2871.056
2503,105,2043,q1+q2+q3+q6,0.62102987,26526.5397,10449.1559
2503,105,2043,q1+q2+q4+q5,0.67372468,9113.1273,3355.1396
2503,105,2043,q1+q2+q4+q6,0.62102987,28428.5747,10512.4035
2503,105,2043,q1+q2+q5+q6,0.49470649,40630.7818,14597.2584
2503,105,2043,q1+q3+q4+q5,0.71583248,9200.6852,3232.87
2503,105,2043,q1+q3+q4+q6,0.66313766,27296.6014,9594.0159
2503,105,2043,q1+q3+q5+q6,0.53681428,38275.2891,12969.064
2503,105,2043,q1+q4+q5+q6,0.53681428,40475.7159,12878.3646
2503,105,2043,q2+q3+q4+q5,0.84215586,7967.3241,2846.0227
2503,105,2043,q2+q3+q4+q6,0.78946104,23085.3492,8257.5296
2503,105,2043,q2+q3+q5+q6,0.66313766,31170.4529,10852.7011
2503,105,2043,q2+q4+q5+q6,0.66313766,32951.7129,10884.9325
2503,105,2043,q3+q4+q5+q6,0.70524545,31617.2647,10067.7103
2503,105,2043,q1+q2+q3+q4+q5,0.92637144,7261.4868,2695.7555
2503,105,2043,q1+q2+q3+q4+q6,0.87367662,20879.6809,7779.685
2503,105,2043,q1+q2+q3+q5+q6,0.74735324,27680.8947,10129.0455
2503,105,2043,q1+q2+q4+q5+q6,0.74735324,29261.4332,10193.911
2503,105,2043,q1+q3+q4+q5+q6,0.78946104,28266.1669,9485.433
2503,105,2043,q2+q3+q4+q5+q6,0.91578441,24502.0733,8394.8766
2503,105,2043,q1+q2+q3+q4+q5+q6,1.0,22455.7222,7989.4949
2503,105,2043,all,1.0,22455.7222,7989.4949
2504,105,2044,q1,0.08421583,204.428,123.1261
2504,105,2044,q2,0.21053957,569.8674,301.546
2504,105,2044,q3,0.25264748,2120.6498,877.1426
2504,105,2044,q4,0.25264748,6301.362,2389.2096
2504,105,2044,q5,0.12632374,31865.4204,10190.2416
2504,105,2044,q6,0.07362591,192472.0647,55391.6216
2504,105,2044,q1+q2,0.29475539,465.4562,255.1498
2504,105,2044,q1+q3,0.33686331,1641.5943,736.69
2504,105,2044,q1+q4,0.33686331,4777.1285,1996.1697
2504,105,2044,q1+q5,0.21053957,19201.0234,7558.396
2504,105,2044,q1+q6,0.15784174,89888.4365,35859.7737
2504,105,2044,q2+q3,0.46318705,1415.7487,650.099
2504,105,2044,q2+q4,0.46318705,3696.1372,1608.6917
2504,105,2044,q2+q5,0.33686331,12305.6998,5228.0546
2504,105,2044,q2+q6,0.28416548,50290.8046,21861.1245
2504,105,2044,q3+q4,0.50529496,4211.0059,1666.0409
2504,105,2044,q3+q5,0.37897122,12035.5733,4534.6462
2504,105,2044,q3+q6,0.32627339,45074.7995,16969.5587
2504,105,2044,q4+q5,0.37897122,14822.7148,5292.6275
2504,105,2044,q4+q6,0.32627339,48312.1043,17093.3176
2504,105,2044,q5+q6,0.19994965,91004.36,27957.619
2504,105,2044,q1+q2+q3,0.54740287,1229.3917,585.944
2504,105,2044,q1+q2+q4,0.54740287,3158.9512,1436.1743
2504,105,2044,q1+q2+q5,0.42107913,9885.4454,4462.7775
2504,105,2044,q1+q2+q6,0.3683813,38840.534,18030.7998
2504,105,2044,q1+q3+q4,0.58951079,3638.6376,1513.7897
2504,105,2044,q1+q3+q5,0.46318705,9884.456,3996.2351
2504,105,2044,q1+q3+q6,0.41048921,35869.2095,14629.1704
2504,105,2044,q1+q4+q5,0.46318705,12164.8445,4690.8683
2504,105,2044,q1+q4+q6,0.41048921,38442.35,14858.9841
2504,105,2044,q1+q5+q6,0.28416548,64094.7176,23035.3215
2504,105,2044,q2+q3+q4,0.71583452,3140.0828,1341.9249
2504,105,2044,q2+q3+q5,0.58951079,7940.6783,3334.7849
2504,105,2044,q2+q3+q6,0.53681295,27619.8387,11725.0198
2504,105,2044,q2+q4+q5,0.58951079,9732.4122,3931.7423
2504,105,2044,q2+q4+q6,0.53681295,29587.4634,12032.0488
2504,105,2044,q2+q5+q6,0.41048921,44620.5864,17465.1178
2504,105,2044,q3+q4+q5,0.6316187,9741.8888,3679.7218
2504,105,2044,q3+q4+q6,0.57892087,28153.6419,10631.9793
2504,105,2044,q3+q5+q6,0.45259713,41387.9485,14847.0026
2504,105,2044,q4+q5+q6,0.45259713,43721.6938,15023.1101
2504,105,2044,q1+q2+q3+q4,0.80005035,2831.0665,1248.0237
2504,105,2044,q1+q2+q3+q5,0.67372661,6973.6471,3043.8518
2504,105,2044,q1+q2+q3+q6,0.62102878,23902.1181,10569.8798
2504,105,2044,q1+q2+q4+q5,0.67372661,8541.4142,3598.7114
2504,105,2044,q1+q2+q4+q6,0.62102878,25602.9192,10891.4313
2504,105,2044,q1+q2+q5+q6,0.49470504,37059.4274,15424.9681
2504,105,2044,q1+q3+q4+q5,0.71583452,8619.8346,3405.2746
2504,105,2044,q1+q3+q4+q6,0.66313669,24604.1985,9753.582
2504,105,2044,q1+q3+q5+q6,0.53681295,34927.031,13378.0306
2504,105,2044,q1+q4+q5+q6,0.53681295,36894.6557,13593.2115
2504,105,2044,q2+q3+q4+q5,0.84215826,7448.8835,3030.4107
2504,105,2044,q2+q3+q4+q6,0.78946043,20797.3823,8503.2577
2504,105,2044,q2+q3+q5+q6,0.66313669,28428.5977,11359.6993
2504,105,2044,q2+q4+q5+q6,0.66313669,30021.4011,11607.8381
2504,105,2044,q3+q4+q5+q6,0.70524461,28818.4974,10541.4738
2504,105,2044,q1+q2+q3+q4+q5,0.92637409,6790.2966,2846.46
2504,105,2044,q1+q2+q3+q4+q6,0.87367626,18812.3762,7937.386
2504,105,2044,q1+q2+q3+q5+q6,0.74735252,25248.1417,10486.5372
2504,105,2044,q1+q2+q4+q5+q6,0.74735252,26661.4592,10742.1052
2504,105,2044,q1+q3+q4+q5+q6,0.78946043,25766.0867,9836.9975
2504,105,2044,q2+q3+q4+q5+q6,0.91578417,22324.1132,8789.7686
2504,105,2044,q1+q2+q3+q4+q5+q6,1.0,20461.2856,8298.3052
2504,105,2044,all,1.0,20461.2856,8298.3052
2505,105,2045,q1,0.08422989,203.7889,111.4601
2505,105,2045,q2,0.21057472,593.7557,276.0841
2505,105,2045,q3,0.25268966,2364.0148,959.0223
2505,105,2045,q4,0.25268966,7245.876,2621.3954
2505,105,2045,q5,0.12634483,32655.4801,9806.2749
2505,105,2045,q6,0.07347125,199842.6324,51799.2042
2505,105,2045,q1+q2,0.2948046,482.3367,234.3084
2505,105,2045,q1+q3,0.33691955,1823.9583,791.0104
2505,105,2045,q1+q4,0.33691955,5485.3542,2167.9643
2505,105,2045,q1+q5,0.21057472,19674.8036,7208.5274
2505,105,2045,q1+q6,0.15770113,93213.3609,33603.0179
2505,105,2045,q2+q3,0.46326438,1559.3516,671.5206
2505,105,2045,q2+q4,0.46326438,4222.185,1698.8853
2505,105,2045,q2+q5,0.33691955,12616.9024,4865.9077
2505,105,2045,q2+q6,0.28404596,52131.4134,20110.3547
2505,105,2045,q3+q4,0.50537932,4804.9454,1837.7521
2505,105,2045,q3+q5,0.37903449,12461.1699,4525.7876
2505,105,2045,q3+q6,0.32616091,46848.1948,16859.0617
2505,105,2045,q4+q5,0.37903449,15715.744,5322.3682
2505,105,2045,q4+q6,0.32616091,50630.3644,16817.6956
2505,105,2045,q5+q6,0.19981608,94129.2559,26709.4757
2505,105,2045,q1+q2+q3,0.54749426,1350.8035,601.3843
2505,105,2045,q1+q2+q4,0.54749426,3603.9702,1511.6026
2505,105,2045,q1+q2+q5,0.42114943,10134.2797,4153.3823
2505,105,2045,q1+q2+q6,0.36827585,40254.8326,16651.0827
2505,105,2045,q1+q3+q4,0.58960921,4147.6373,1657.5561
2505,105,2045,q1+q3+q5,0.46326438,10232.5552,3958.1499
2505,105,2045,q1+q3+q6,0.41039079,37274.7515,14426.6683
2505,105,2045,q1+q4+q5,0.46326438,12895.3885,4692.0751
2505,105,2045,q1+q4+q6,0.41039079,40280.6568,14552.7534
2505,105,2045,q1+q5+q6,0.28404596,66276.9629,21936.4672
2505,105,2045,q2+q3+q4,0.71595404,3566.3602,1439.1374
2505,105,2045,q2+q3+q5,0.58960921,8222.8077,3239.7399
2505,105,2045,q2+q3+q6,0.53673562,28701.4296,11333.8516
2505,105,2045,q2+q4+q5,0.58960921,10315.0339,3868.6775
2505,105,2045,q2+q4+q6,0.53673562,30999.76,11596.5933
2505,105,2045,q2+q5+q6,0.41039079,46135.4615,16363.5311
2505,105,2045,q3+q4+q5,0.63172415,10375.0523,3762.2476
2505,105,2045,q3+q4+q6,0.57885057,29560.3195,10662.3437
2505,105,2045,q3+q5+q6,0.45250574,42885.4249,14623.0485
2505,105,2045,q4+q5+q6,0.45250574,45611.569,14714.5752
2505,105,2045,q1+q2+q3+q4,0.80018392,3212.4053,1333.0992
2505,105,2045,q1+q2+q3+q5,0.67383909,7220.4303,2947.8499
2505,105,2045,q1+q2+q3+q6,0.62096551,24835.9121,10191.7279
2505,105,2045,q1+q2+q4+q5,0.67383909,9051.1283,3533.4541
2505,105,2045,q1+q2+q4+q6,0.62096551,26822.4892,10483.3338
2505,105,2045,q1+q2+q5+q6,0.49462068,38313.6705,14454.499
2505,105,2045,q1+q3+q4+q5,0.71595404,9178.4331,3465.7271
2505,105,2045,q1+q3+q4+q6,0.66308045,25831.2136,9738.5022
2505,105,2045,q1+q3+q5+q6,0.53673562,36187.3986,13114.1351
2505,105,2045,q1+q4+q5+q6,0.53673562,38485.729,13269.8691
2505,105,2045,q2+q3+q4+q5,0.84229887,7929.7282,3042.9739
2505,105,2045,q2+q3+q4+q6,0.78942528,21833.6529,8376.4565
2505,105,2045,q2+q3+q5+q6,0.66308045,29454.8432,10972.7696
2505,105,2045,q2+q4+q5+q6,0.66308045,31315.2446,11190.6431
2505,105,2045,q3+q4+q5+q6,0.7051954,30114.8573,10484.5253
2505,105,2045,q1+q2+q3+q4+q5,0.92652875,7227.3701,2850.7782
2505,105,2045,q1+q2+q3+q4+q6,0.87365517,19748.2981,7800.9528
2505,105,2045,q1+q2+q3+q5+q6,0.74731034,26157.9358,10107.8715
2505,105,2045,q1+q2+q4+q5+q6,0.74731034,27808.6501,10341.5777
2505,105,2045,q1+q3+q4+q5+q6,0.78942528,26923.4142,9751.5849
2505,105,2045,q2+q3+q4+q5+q6,0.91577011,23326.6935,8619.1828
2505,105,2045,q1+q2+q3+q4+q5+q6,1.0,21379.0538,8121.4612
2505,105,2045,all,1.0,21379.0538,8121.4612
2506,105,2046,q1,0.08421671,203.4783,119.3704
2506,105,2046,q2,0.21054177,672.6957,295.7583
2506,105,2046,q3,0.25265013,2438.17,922.776
2506,105,2046,q4,0.25265013,7051.6071,2494.5389
2506,105,2046,q5,0.12632506,33021.8661,9610.822
2506,105,2046,q6,0.07361619,212963.7907,50617.2559
2506,105,2046,q1+q2,0.29475848,538.6336,255.0766
2506,105,2046,q1+q3,0.33686684,1879.4971,780.5842
2506,105,2046,q1+q4,0.33686684,5339.5749,2097.0246
2506,105,2046,q1+q5,0.21054177,19894.511,7251.8223
2506,105,2046,q1+q6,0.1578329,99438.8327,34624.5128
2506,105,2046,q2+q3,0.4631919,1635.6817,660.8654
2506,105,2046,q2+q4,0.4631919,4152.1019,1611.9946
2506,105,2046,q2+q5,0.33686684,12803.6346,4724.5659
2506,105,2046,q2+q6,0.28415797,55670.4919,20059.8534
2506,105,2046,q3+q4,0.50530026,4744.8886,1735.1846
2506,105,2046,q3+q5,0.37897519,12632.7354,4345.9606
2506,105,2046,q3+q6,0.32626632,49939.5314,16672.3271
2506,105,2046,q4+q5,0.37897519,15708.3601,5184.5395
2506,105,2046,q4+q6,0.32626632,53512.0285,17051.2397
2506,105,2046,q5+q6,0.19994126,99274.5217,26687.151
2506,105,2046,q1+q2+q3,0.54740861,1415.3427,600.6053
2506,105,2046,q1+q2+q4,0.54740861,3544.6214,1451.6845
2506,105,2046,q1+q2+q5,0.42108355,10283.6033,4098.8013
2506,105,2046,q1+q2+q6,0.36837468,42989.7902,16988.9463
2506,105,2046,q1+q3+q4,0.58951697,4096.1157,1583.111
2506,105,2046,q1+q3+q5,0.4631919,10372.8705,3858.6705
2506,105,2046,q1+q3+q6,0.41048303,39735.439,14552.2479
2506,105,2046,q1+q4+q5,0.4631919,12889.2907,4621.6528
2506,105,2046,q1+q4+q6,0.41048303,42574.9851,14969.2655
2506,105,2046,q1+q5+q6,0.28415797,69912.553,22388.8924
2506,105,2046,q2+q3+q4,0.71584203,3547.1848,1364.7165
2506,105,2046,q2+q3+q5,0.58951697,8361.2926,3118.7734
2506,105,2046,q2+q3+q6,0.5368081,30616.5608,11286.7153
2506,105,2046,q2+q4+q5,0.58951697,10338.48,3745.7281
2506,105,2046,q2+q4+q6,0.5368081,32787.887,11712.033
2506,105,2046,q2+q5+q6,0.41048303,48700.4373,16350.4206
2506,105,2046,q3+q4+q5,0.63162532,10400.2841,3617.7506
2506,105,2046,q3+q4+q6,0.57891645,31222.427,10686.0175
2506,105,2046,q3+q5+q6,0.45259139,45217.5565,14500.6208
2506,105,2046,q4+q5+q6,0.45259139,47792.9159,14836.2032
2506,105,2046,q1+q2+q3+q4,0.80005874,3195.2157,1275.5148
2506,105,2046,q1+q2+q3+q5,0.67373368,7341.5658,2869.0201
2506,105,2046,q1+q2+q3+q6,0.62102481,26492.2654,10284.5764
2506,105,2046,q1+q2+q4+q5,0.67373368,9071.6048,3451.7236
2506,105,2046,q1+q2+q4+q6,0.62102481,28369.1397,10701.1983
2506,105,2046,q1+q2+q5+q6,0.49469974,40444.4105,14644.9158
2506,105,2046,q1+q3+q4+q5,0.71584203,9200.6599,3361.4349
2506,105,2046,q1+q3+q4+q6,0.66313316,27283.0767,9859.3848
2506,105,2046,q1+q3+q5+q6,0.5368081,38155.5588,13172.8609
2506,105,2046,q1+q4+q5+q6,0.5368081,40326.8849,13517.0307
2506,105,2046,q2+q3+q4+q5,0.8421671,7968.387,2924.4854
2506,105,2046,q2+q3+q4+q6,0.78945823,23075.0743,8393.481
2506,105,2046,q2+q3+q5+q6,0.66313316,31074.765,10901.8844
2506,105,2046,q2+q4+q5+q6,0.66313316,32832.4594,11241.1564
2506,105,2046,q3+q4+q5+q6,0.70524152,31544.7482,10466.4577
2506,105,2046,q1+q2+q3+q4+q5,0.92638381,7262.4862,2759.3282
2506,105,2046,q1+q2+q3+q4+q6,0.87367494,20870.3978,7880.1529
2506,105,2046,q1+q2+q3+q5+q6,0.74734987,27595.9684,10140.7846
2506,105,2046,q1+q2+q4+q5+q6,0.74734987,29155.5933,10473.7087
2506,105,2046,q1+q3+q4+q5+q6,0.78945823,28201.3685,9811.8384
2506,105,2046,q2+q3+q4+q5+q6,0.91578329,24447.1556,8596.3597
2506,105,2046,q1+q2+q3+q4+q5+q6,1.0,22405.4328,8153.5137
2506,105,2046,all,1.0,22405.4328,8153.5137
2507,105,2047,q1,0.08421671,208.4659,115.2327
2507,105,2047,q2,0.21054177,561.0988,264.9963
2507,105,2047,q3,0.25265013,2262.6614,953.768
2507,105,2047,q4,0.25265013,7264.6992,2696.411
2507,105,2047,q5,0.12632506,30417.909,10021.6254
2507,105,2047,q6,0.07361619,190926.6555,56207.4065
2507,105,2047,q1+q2,0.29475848,460.3465,226.8501
2507,105,2047,q1+q3,0.33686684,1749.1126,783.819
2507,105,2047,q1+q4,0.33686684,5500.6409,2224.3419
2507,105,2047,q1+q5,0.21054177,18334.1318,7204.6297
2507,105,2047,q1+q6,0.1578329,89162.9656,34970.8525
2507,105,2047,q2+q3,0.4631919,1489.2239,659.9852
2507,105,2047,q2+q4,0.4631919,4217.6081,1734.2022
2507,105,2047,q2+q5,0.33686684,11757.4026,4776.3746
2507,105,2047,q2+q6,0.28415797,49878.6931,20368.2516
2507,105,2047,q3+q4,0.50530026,4763.6803,1880.4434
2507,105,2047,q3+q5,0.37897519,11647.744,4491.4722
2507,105,2047,q3+q6,0.32626632,44831.3357,17219.6668
2507,105,2047,q4+q5,0.37897519,14982.4358,5335.848
2507,105,2047,q4+q6,0.32626632,48704.7526,17072.956
2507,105,2047,q5+q6,0.19994126,89515.4802,28252.9111
2507,105,2047,q1+q2+q3,0.54740861,1292.1842,590.679
2507,105,2047,q1+q2+q4,0.54740861,3600.817,1541.3262
2507,105,2047,q1+q2+q5,0.42108355,9447.6153,4052.8971
2507,105,2047,q1+q2+q6,0.36837468,38523.2352,16730.4262
2507,105,2047,q1+q3+q4,0.58951697,4112.9354,1692.6917
2507,105,2047,q1+q3+q5,0.4631919,9567.8752,3904.1121
2507,105,2047,q1+q3+q6,0.41048303,35676.2891,14618.3676
2507,105,2047,q1+q4+q5,0.4631919,12296.2595,4682.0001
2507,105,2047,q1+q4+q6,0.41048303,38755.0168,14687.6017
2507,105,2047,q1+q5+q6,0.28415797,63047.3047,22797.7104
2507,105,2047,q2+q3+q4,0.71584203,3527.6269,1463.1665
2507,105,2047,q2+q3+q5,0.58951697,7688.2278,3172.5868
2507,105,2047,q2+q3+q6,0.5368081,27468.0837,11384.1415
2507,105,2047,q2+q4+q5,0.58951697,9831.9583,3838.6957
2507,105,2047,q2+q4+q6,0.5368081,29822.3058,11629.6811
2507,105,2047,q2+q5+q6,0.41048303,43889.6883,16692.5208
2507,105,2047,q3+q4+q5,0.63162532,9894.5261,3756.9411
2507,105,2047,q3+q4+q6,0.57891645,28436.5423,10758.8424
2507,105,2047,q3+q5+q6,0.45259139,40808.3314,14981.039
2507,105,2047,q4+q5+q6,0.45259139,43600.6194,15015.6579
2507,105,2047,q1+q2+q3+q4,0.80005874,3178.2416,1353.8262
2507,105,2047,q1+q2+q3+q5,0.67373368,6753.2576,2877.9512
2507,105,2047,q1+q2+q3+q6,0.62102481,23771.4273,10198.1131
2507,105,2047,q1+q2+q4+q5,0.67373368,8629.0217,3497.4219
2507,105,2047,q1+q2+q4+q6,0.62102481,25806.3951,10482.2682
2507,105,2047,q1+q2+q5+q6,0.49469974,36453.483,14641.8898
2507,105,2047,q1+q3+q4+q5,0.71584203,8754.9896,3451.3899
2507,105,2047,q1+q3+q4+q6,0.66313316,24851.6278,9795.0215
2507,105,2047,q1+q3+q5+q6,0.5368081,34438.8539,13345.9956
2507,105,2047,q1+q4+q5+q6,0.5368081,36793.076,13467.6827
2507,105,2047,q2+q3+q4+q5,0.8421671,7561.1692,3018.919
2507,105,2047,q2+q3+q4+q6,0.78945823,21002.3993,8391.2752
2507,105,2047,q2+q3+q5+q6,0.66313316,28030.0174,11072.9264
2507,105,2047,q2+q4+q5+q6,0.66313316,29935.7666,11279.3531
2507,105,2047,q3+q4+q5+q6,0.70524152,28791.4509,10611.1235
2507,105,2047,q1+q2+q3+q4+q5,0.92638381,6892.7417,2823.3125
2507,105,2047,q1+q2+q3+q4+q6,0.87367494,18997.9963,7798.825
2507,105,2047,q1+q2+q3+q5+q6,0.74734987,24894.8867,10161.1554
2507,105,2047,q1+q2+q4+q5+q6,0.74734987,26585.8825,10389.9087
2507,105,2047,q1+q3+q4+q5+q6,0.78945823,25742.3156,9837.0784
2507,105,2047,q2+q3+q4+q5+q6,0.91578329,22301.1944,8656.2286
2507,105,2047,q1+q2+q3+q4+q5+q6,1.0,20440.6175,8138.1476
2507,105,2047,all,1.0,20440.6175,8138.1476
2508,105,2048,q1,0.08421671,203.4765,120.623
2508,105,2048,q2,0.21054177,594.8628,299.064
2508,105,2048,q3,0.25265013,2202.2862,889.6674
2508,105,2048,q4,0.25265013,6577.8206,2400.1318
2508,105,2048,q5,0.12632506,33134.5257,9931.8414
2508,105,2048,q6,0.07361619,195111.3327,54398.1243
2508,105,2048,q1+q2,0.29475848,483.0381,253.8647
2508,105,2048,q1+q3,0.33686684,1702.5838,747.3133
2508,105,2048,q1+q4,0.33686684,4984.2346,2012.0632
2508,105,2048,q1+q5,0.21054177,19962.106,7458.3796
2508,105,2048,q1+q6,0.1578329,91112.1144,35410.784
2508,105,2048,q2+q3,0.4631919,1471.6392,652.8003
2508,105,2048,q2+q4,0.4631919,3858.2943,1608.2893
2508,105,2048,q2+q5,0.33686684,12797.2363,5130.6997
2508,105,2048,q2+q6,0.28415797,50987.8252,21218.5756
2508,105,2048,q3+q4,0.50530026,4390.0534,1683.2988
2508,105,2048,q3+q5,0.37897519,12513.0327,4529.8781
2508,105,2048,q3+q6,0.32626632,45728.781,16774.096
2508,105,2048,q4+q5,0.37897519,15430.0556,5249.8612
2508,105,2048,q4+q6,0.32626632,49117.0539,16754.8065
2508,105,2048,q5+q6,0.19994126,92772.6208,27059.744
2508,105,2048,q1+q2+q3,0.54740861,1276.5372,589.068
2508,105,2048,q1+q2+q4,0.54740861,3296.0146,1439.6551
2508,105,2048,q1+q2+q5,0.42108355,10278.4844,4406.1206
2508,105,2048,q1+q2+q6,0.36837468,39377.6602,17585.0608
2508,105,2048,q1+q3+q4,0.58951697,3791.971,1531.2331
2508,105,2048,q1+q3+q5,0.4631919,10274.9316,4003.0181
2508,105,2048,q1+q3+q6,0.41048303,36388.5865,14480.5298
2508,105,2048,q1+q4+q5,0.4631919,12661.5867,4669.6686
2508,105,2048,q1+q4+q6,0.41048303,39081.7047,14603.6301
2508,105,2048,q1+q5+q6,0.28415797,65337.6385,22435.1683
2508,105,2048,q2+q3+q4,0.71584203,3273.8208,1349.4898
2508,105,2048,q2+q3+q5,0.58951697,8256.5434,3320.9866
2508,105,2048,q2+q3+q6,0.5368081,28026.7841,11500.2114
2508,105,2048,q2+q4+q5,0.58951697,10131.7724,3897.0892
2508,105,2048,q2+q4+q6,0.5368081,30086.1408,11743.7476
2508,105,2048,q2+q5+q6,0.41048303,45493.5196,16910.9965
2508,105,2048,q3+q4+q5,0.63162532,10138.9478,3682.0123
2508,105,2048,q3+q4+q6,0.57891645,28642.5586,10482.3248
2508,105,2048,q3+q5+q6,0.45259139,42213.5348,14574.3571
2508,105,2048,q4+q5+q6,0.45259139,44656.0898,14667.9352
2508,105,2048,q1+q2+q3+q4,0.80005874,2950.6267,1256.5641
2508,105,2048,q1+q2+q3+q5,0.67373368,7249.9101,3038.189
2508,105,2048,q1+q2+q3+q6,0.62102481,24253.6861,10385.5296
2508,105,2048,q1+q2+q4+q5,0.67373368,8890.7355,3576.7361
2508,105,2048,q1+q2+q4+q6,0.62102481,26033.775,10655.4879
2508,105,2048,q1+q2+q5+q6,0.49469974,37783.4318,14997.1448
2508,105,2048,q1+q3+q4+q5,0.71584203,8970.0689,3413.0844
2508,105,2048,q1+q3+q4+q6,0.66313316,25030.8467,9628.4511
2508,105,2048,q1+q3+q5+q6,0.5368081,35622.8204,13161.1407
2508,105,2048,q1+q4+q5+q6,0.5368081,37682.177,13308.2707
2508,105,2048,q2+q3+q4+q5,0.8421671,7752.9266,3025.5291
2508,105,2048,q2+q3+q4+q6,0.78945823,21162.4774,8350.7228
2508,105,2048,q2+q3+q5+q6,0.66313316,28999.795,11118.0712
2508,105,2048,q2+q4+q5+q6,0.66313316,30666.8498,11318.7328
2508,105,2048,q3+q4+q5+q6,0.70524152,29447.1738,10366.5174
2508,105,2048,q1+q2+q3+q4+q5,0.92638381,7066.6129,2846.1118
2508,105,2048,q1+q2+q3+q4+q6,0.87367494,19142.1629,7805.0617
2508,105,2048,q1+q2+q3+q5+q6,0.74734987,25754.8206,10283.3766
2508,105,2048,q1+q2+q4+q5+q6,0.74734987,27234.0198,10498.1819
2508,105,2048,q1+q3+q4+q5+q6,0.78945823,26327.5559,9688.0501
2508,105,2048,q2+q3+q4+q5+q6,0.91578329,22813.9268,8625.8372
2508,105,2048,q1+q2+q3+q4+q5+q6,1.0,20909.749,8154.6186
2508,105,2048,all,1.0,20909.749,8154.6186
2509,105,2049,q1,0.08421671,203.4423,123.9105
2509,105,2049,q2,0.21054177,616.6433,297.5308
2509,105,2049,q3,0.25265013,2299.7393,873.3954
2509,105,2049,q4,0.25265013,7011.8689,2266.5319
2509,105,2049,q5,0.12632506,32757.369,9050.8763
2509,105,2049,q6,0.07361619,215578.5542,51614.3793
2509,105,2049,q1+q2,0.29475848,498.5859,255.7529
2509,105,2049,q1+q3,0.33686684,1775.665,744.4235
2509,105,2049,q1+q4,0.33686684,5309.7622,1944.4665
2509,105,2049,q1+q5,0.21054177,19735.7983,6978.0005
2509,105,2049,q1+q6,0.1578329,100658.3877,35641.9195
2509,105,2049,q2+q3,0.4631919,1534.6957,645.2912
2509,105,2049,q2+q4,0.4631919,4104.9482,1561.1074
2509,105,2049,q2+q5,0.33686684,12669.4154,4776.3094
2509,105,2049,q2+q6,0.28415797,56306.362,21510.1782
2509,105,2049,q3+q4,0.50530026,4655.8041,1625.9826
2509,105,2049,q3+q5,0.37897519,12452.2825,4204.2706
2509,105,2049,q3+q6,0.32626632,50422.31,16912.3442
2509,105,2049,q4+q5,0.37897519,15593.7023,4770.3894
2509,105,2049,q4+q6,0.32626632,54071.2313,16198.5521
2509,105,2049,q5+q6,0.19994126,100070.137,26165.5374
2509,105,2049,q1+q2+q3,0.54740861,1329.8874,587.1469
2509,105,2049,q1+q2+q4,0.54740861,3504.7165,1414.5825
2509,105,2049,q1+q2+q5,0.42108355,10176.2208,4152.8605
2509,105,2049,q1+q2+q6,0.36837468,43480.2813,18157.8359
2509,105,2049,q1+q3+q4,0.58951697,4019.7524,1494.9572
2509,105,2049,q1+q3+q5,0.4631919,10225.2207,3756.7542
2509,105,2049,q1+q3+q6,0.41048303,40119.161,14822.913
2509,105,2049,q1+q4+q5,0.4631919,12795.4732,4303.8433
2509,105,2049,q1+q4+q6,0.41048303,43019.4518,14387.6223
2509,105,2049,q1+q5+q6,0.28415797,70472.3588,22177.7007
2509,105,2049,q2+q3+q4,0.71584203,3467.8156,1318.1711
2509,105,2049,q2+q3+q5,0.58951697,8225.2685,3110.6631
2509,105,2049,q2+q3+q6,0.5368081,30888.0043,11767.1788
2509,105,2049,q2+q4+q5,0.58951697,10244.7526,3605.2798
2509,105,2049,q2+q4+q6,0.5368081,33105.7803,11650.0353
2509,105,2049,q2+q5+q6,0.41048303,49059.2218,16767.2411
2509,105,2049,q3+q4+q5,0.63162532,10276.1171,3408.8364
2509,105,2049,q3+q4+q6,0.57891645,31477.1693,10387.1837
2509,105,2049,q3+q5+q6,0.45259139,45491.7592,14398.7393
2509,105,2049,q4+q5+q6,0.45259139,48122.2117,14085.149
2509,105,2049,q1+q2+q3+q4,0.80005874,3124.1974,1236.4831
2509,105,2049,q1+q2+q3+q5,0.67373368,7222.5402,2867.3151
2509,105,2049,q1+q2+q3+q6,0.62102481,26726.8937,10726.7398
2509,105,2049,q1+q2+q4+q5,0.67373368,8989.5888,3339.8326
2509,105,2049,q1+q2+q4+q6,0.62102481,28643.9188,10692.0997
2509,105,2049,q1+q2+q5+q6,0.49469974,40742.1101,15048.9646
2509,105,2049,q1+q3+q4+q5,0.71584203,9091.0965,3186.4393
2509,105,2049,q1+q3+q4+q6,0.66313316,27505.4627,9637.3656
2509,105,2049,q1+q3+q5+q6,0.5368081,38386.7377,13140.1016
2509,105,2049,q1+q4+q5+q6,0.5368081,40604.5138,12939.1901
2509,105,2049,q2+q3+q4+q5,0.8421671,7861.2486,2828.7553
2509,105,2049,q2+q3+q4+q6,0.78945823,23246.9303,8377.4678
2509,105,2049,q2+q3+q5+q6,0.66313316,31244.1132,11101.74
2509,105,2049,q2+q4+q5+q6,0.66313316,33039.4089,11050.6638
2509,105,2049,q3+q4+q5+q6,0.70524152,31706.4827,10110.923
2509,105,2049,q1+q2+q3+q4+q5,0.92638381,7165.0844,2677.8687
2509,105,2049,q1+q2+q3+q4+q6,0.87367494,21025.6845,7887.4529
2509,105,2049,q1+q2+q3+q5+q6,0.74734987,27746.2291,10344.5066
2509,105,2049,q1+q2+q4+q5+q6,0.74734987,29339.2182,10338.3041
2509,105,2049,q1+q3+q4+q5+q6,0.78945823,28345.8458,9523.2527
2509,105,2049,q2+q3+q4+q5+q6,0.91578329,24558.8201,8493.7426
2509,105,2049,q1+q2+q3+q4+q5+q6,1.0,22507.6903,8078.3672
2509,105,2049,all,1.0,22507.6903,8078.3672
2510,105,2050,q1,0.08421671,199.8907,124.9292
2510,105,2050,q2,0.21054177,634.923,306.7308
2510,105,2050,q3,0.25265013,2146.5931,914.931
2510,105,2050,q4,0.25265013,6606.4252,2377.6733
2510,105,2050,q5,0.12632506,31727.854,9435.3298
2510,105,2050,q6,0.07361619,192827.9562,50951.9084
2510,105,2050,q1+q2,0.29475848,510.628,263.7949
2510,105,2050,q1+q3,0.33686684,1659.9175,768.6072
2510,105,2050,q1+q4,0.33686684,5004.7916,2014.891
2510,105,2050,q1+q5,0.21054177,19116.6687,7193.1754
2510,105,2050,q1+q6,0.1578329,90045.1919,34382.6628
2510,105,2050,q2+q3,0.4631919,1459.4703,657.2327
2510,105,2050,q2+q4,0.4631919,3892.106,1584.441
2510,105,2050,q2+q5,0.33686684,12294.7721,4812.5535
2510,105,2050,q2+q6,0.28415797,50425.9576,20056.8575
2510,105,2050,q3+q4,0.50530026,4376.5092,1708.0041
2510,105,2050,q3+q5,0.37897519,12007.0134,4471.8714
2510,105,2050,q3+q6,0.32626632,45170.4508,16913.2509
2510,105,2050,q4+q5,0.37897519,14980.2348,5038.3563
2510,105,2050,q4+q6,0.32626632,48624.0011,16178.2996
2510,105,2050,q5+q6,0.19994126,91043.1559,25879.3591
2510,105,2050,q1+q2+q3,0.54740861,1265.6888,595.5754
2510,105,2050,q1+q2+q4,0.54740861,3324.0729,1429.8954
2510,105,2050,q1+q2+q5,0.42108355,9875.7958,4177.9498
2510,105,2050,q1+q2+q6,0.36837468,38943.4254,16893.9678
2510,105,2050,q1+q3+q4,0.58951697,3779.8494,1558.7789
2510,105,2050,q1+q3+q5,0.4631919,9860.2638,3963.5424
2510,105,2050,q1+q3+q6,0.41048303,35944.0703,14664.7796
2510,105,2050,q1+q4+q5,0.4631919,12292.8995,4513.5333
2510,105,2050,q1+q4+q6,0.41048303,38689.0733,14238.826
2510,105,2050,q1+q5+q6,0.28415797,64119.6774,21738.7652
2510,105,2050,q2+q3+q4,0.71584203,3276.0426,1355.1176
2510,105,2050,q2+q3+q5,0.58951697,7945.5525,3222.8886
2510,105,2050,q2+q3+q6,0.5368081,27703.1489,11376.6197
2510,105,2050,q2+q4+q5,0.58951697,9856.9091,3718.6876
2510,105,2050,q2+q4+q6,0.5368081,29802.1805,11294.7838
2510,105,2050,q2+q5+q6,0.41048303,44671.6658,16096.2817
2510,105,2050,q3+q4+q5,0.63162532,9846.7781,3616.9273
2510,105,2050,q3+q4+q6,0.57891645,28340.3779,10427.8263
2510,105,2050,q3+q5+q6,0.45259139,41418.4198,14462.5077
2510,105,2050,q4+q5+q6,0.45259139,43908.0322,14140.1826
2510,105,2050,q1+q2+q3+q4,0.80005874,2952.2372,1266.2497
2510,105,2050,q1+q2+q3+q5,0.67373368,6977.3448,2960.031
2510,105,2050,q1+q2+q3+q6,0.62102481,23973.4526,10325.1393
2510,105,2050,q1+q2+q4+q5,0.67373368,8649.7818,3433.3855
2510,105,2050,q1+q2+q4+q6,0.62102481,25787.8361,10324.4573
2510,105,2050,q1+q2+q5+q6,0.49469974,37100.8784,14406.9502
2510,105,2050,q1+q3+q4+q5,0.71584203,8711.8502,3363.168
2510,105,2050,q1+q3+q4+q6,0.66313316,24766.587,9615.0501
2510,105,2050,q1+q3+q5+q6,0.5368081,34951.8837,13112.3241
2510,105,2050,q1+q4+q5+q6,0.5368081,37050.9153,12913.9598
2510,105,2050,q2+q3+q4+q5,0.8421671,7543.8143,2947.6045
2510,105,2050,q2+q3+q4+q6,0.78945823,20951.5694,8232.4346
2510,105,2050,q2+q3+q5+q6,0.66313316,28469.8443,10900.4916
2510,105,2050,q2+q4+q5+q6,0.66313316,30169.016,10865.7834
2510,105,2050,q3+q4+q5+q6,0.70524152,28947.1532,10216.8302
2510,105,2050,q1+q2+q3+q4+q5,0.92638381,6876.1849,2781.5191
2510,105,2050,q1+q2+q3+q4+q6,0.87367494,18951.2395,7722.8632
2510,105,2050,q1+q2+q3+q5+q6,0.74734987,25284.1844,10122.6549
2510,105,2050,q1+q2+q4+q5+q6,0.74734987,26791.8814,10133.3129
2510,105,2050,q1+q3+q4+q5+q6,0.78945823,25880.4933,9579.2569
2510,105,2050,q2+q3+q4+q5+q6,0.91578329,22438.0726,8442.3707
2510,105,2050,q1+q2+q3+q4+q5+q6,1.0,20565.2461,8006.0545
2510,105,2050,all,1.0,20565.2461,8006.0545
2601,106,2051,q1,0.01030928,205.1989,123.8888
2601,106,2051,q2,0.10309278,593.9213,304.8193
2601,106,2051,q3,0.20618557,2003.0905,910.084
2601,106,2051,q4,0.24742268,7155.2116,2402.9238
2601,106,2051,q5,0.22680412,30952.1534,9810.1017
2601,106,2051,q6,0.20618557,198944.338,62230.596
2601,106,2051,q1+q2,0.11340206,558.5829,290.6439
2601,106,2051,q1+q3,0.21649485,1917.4767,881.5749
2601,106,2051,q1+q4,0.25773196,6877.2111,2351.3
2601,106,2051,q1+q5,0.2371134,29615.3293,9584.358
2601,106,2051,q1+q6,0.21649485,189480.5695,60662.3407
2601,106,2051,q2+q3,0.30927835,1533.3675,724.3768
2601,106,2051,q2+q4,0.35051546,5225.4203,1953.4405
2601,106,2051,q2+q5,0.32989691,21465.2058,7726.7475
2601,106,2051,q2+q6,0.30927835,132827.5325,47766.9948
2601,106,2051,q3+q4,0.45360825,4813.3384,1833.8915
2601,106,2051,q3+q5,0.43298969,17166.8854,6356.2683
2601,106,2051,q3+q6,0.41237113,100473.7143,37227.0693
2601,106,2051,q4+q5,0.4742268,18536.3576,6052.5623
2601,106,2051,q4+q6,0.45360825,94332.0872,30653.8009
2601,106,2051,q5+q6,0.43298969,110948.4318,34944.2136
2601,106,2051,q1+q2+q3,0.31958763,1490.5233,709.113
2601,106,2051,q1+q2+q4,0.36082474,5081.9854,1920.7177
2601,106,2051,q1+q2+q5,0.34020619,20820.9632,7587.6836
2601,106,2051,q1+q2+q6,0.31958763,128549.3927,46839.4744
2601,106,2051,q1+q3+q4,0.46391753,4710.9353,1809.713
2601,106,2051,q1+q3+q5,0.44329897,16772.4275,6266.5744
2601,106,2051,q1+q3+q6,0.42268041,98028.1407,36666.4241
2601,106,2051,q1+q4+q5,0.48453608,18146.333,5983.6683
2601,106,2051,q1+q4+q6,0.46391753,92240.3786,30284.8568
2601,106,2051,q1+q5+q6,0.44329897,108373.0078,34517.0249
2601,106,2051,q2+q3+q4,0.55670103,4031.9648,1613.1524
2601,106,2051,q2+q3+q5,0.53608247,13979.7769,5469.1842
2601,106,2051,q2+q3+q6,0.51546392,80497.7557,31582.0976
2601,106,2051,q2+q4+q5,0.57731959,15332.3511,5354.1989
2601,106,2051,q2+q4+q6,0.55670103,76973.1676,26835.9852
2601,106,2051,q2+q5+q6,0.53608247,89726.4105,30528.1656
2601,106,2051,q3+q4+q5,0.68041237,13526.2767,4828.257
2601,106,2051,q3+q4+q6,0.65979381,65479.2758,23356.4231
2601,106,2051,q3+q5+q6,0.63917526,75804.7733,26497.6086
2601,106,2051,q4+q5+q6,0.68041237,73205.4426,23589.787
2601,106,2051,q1+q2+q3+q4,0.56701031,3962.3873,1595.098
2601,106,2051,q1+q2+q3+q5,0.54639175,13719.8792,5403.3949
2601,106,2051,q1+q2+q3+q6,0.5257732,78923.3918,31178.4928
2601,106,2051,q1+q2+q4+q5,0.58762887,15066.9625,5300.7295
2601,106,2051,q1+q2+q4+q6,0.56701031,75577.3864,26553.3567
2601,106,2051,q1+q2+q5+q6,0.54639175,88037.3311,30202.1987
2601,106,2051,q1+q3+q4+q5,0.69072165,13327.4546,4786.4894
2601,106,2051,q1+q3+q4+q6,0.67010309,64475.0592,23143.917
2601,106,2051,q1+q3+q5+q6,0.64948454,74604.7801,26253.605
2601,106,2051,q1+q4+q5+q6,0.69072165,72115.8867,23401.5439
2601,106,2051,q2+q3+q4+q5,0.78350515,11824.651,4397.024
2601,106,2051,q2+q3+q4+q6,0.7628866,56710.9846,21098.354
2601,106,2051,q2+q3+q5+q6,0.74226804,65358.8216,23905.0902
2601,106,2051,q2+q4+q5+q6,0.78350515,63651.2951,21567.0817
2601,106,2051,q3+q4+q5+q6,0.88659794,56646.7561,19577.6671
2601,106,2051,q1+q2+q3+q4+q5,0.79381443,11673.749,4362.6729
2601,106,2051,q1+q2+q3+q4+q6,0.77319588,55957.5741,20925.1403
2601,106,2051,q1+q2+q3+q5+q6,0.75257732,64466.3063,23706.6673
2601,106,2051,q1+q2+q4+q5+q6,0.79381443,62827.3198,21409.8979
2601,106,2051,q1+q3+q4+q5+q6,0.89690722,55998.0026,19449.0338
2601,106,2051,q2+q3+q4+q5+q6,0.98969072,50807.9191,18178.1466
2601,106,2051,q1+q2+q3+q4+q5+q6,1.0,50286.2416,18067.383
2601,106,2051,all,1.0,50286.2416,18067.383
4401,104,2031,q1,0.0808154,202.7718,118.4634
4401,104,2031,q2,0.18183465,606.3839,291.5937
4401,104,2031,q3,0.34346546,2269.1077,917.4746
4401,104,2031,q4,0.24244621,6931.1108,2444.4747
4401,104,2031,q5,0.10101925,32629.7684,9587.4375
4401,104,2031,q6,0.05041903,200262.49,52043.0802
4401,104,2031,q1+q2,0.26265006,482.1956,245.2223
4401,104,2031,q1+q3,0.42428086,1875.5199,805.5812
4401,104,2031,q1+q4,0.32326161,5249.0261,2054.8272
4401,104,2031,q1+q5,0.18183465,18217.7699,6870.6916
4401,104,2031,q1+q6,0.13123443,77063.8269,30430.6478
4401,104,2031,q2+q3,0.52530011,1693.5495,724.6856
4401,104,2031,q2+q4,0.42428086,4220.5136,1680.4914
4401,104,2031,q2+q5,0.28285391,12043.307,4718.5172
4401,104,2031,q2+q6,0.23225368,43948.935,17840.3309
4401,104,2031,q3+q4,0.58591166,4198.2124,1600.4836
4401,104,2031,q3+q5,0.44448471,9169.2579,3415.4843
4401,104,2031,q3+q6,0.39388449,27613.1731,10423.2454
4401,104,2031,q4+q5,0.34346546,14489.5395,4825.8749
4401,104,2031,q4+q6,0.29286523,40214.6125,13361.4666
4401,104,2031,q5+q6,0.15143828,88440.4859,24902.8576
4401,104,2031,q1+q2+q3,0.60611551,1494.7791,663.2922
4401,104,2031,q1+q2+q4,0.50509626,3577.6749,1501.0117
4401,104,2031,q1+q2+q5,0.36366931,9412.0769,3978.8363
4401,104,2031,q1+q2+q6,0.31306909,32656.3356,14389.8756
4401,104,2031,q1+q3+q4,0.66672706,3713.9166,1478.1073
4401,104,2031,q1+q3+q5,0.52530011,7789.7985,3072.9805
4401,104,2031,q1+q3+q6,0.47469989,22946.6825,9217.0707
4401,104,2031,q1+q4+q5,0.42428086,11768.2504,4269.1102
4401,104,2031,q1+q4+q6,0.37368064,31561.3063,11565.0898
4401,104,2031,q1+q5+q6,0.23225368,57737.1351,19832.3433
4401,104,2031,q2+q3+q4,0.76774632,3347.5162,1342.0357
4401,104,2031,q2+q3+q5,0.62631936,6683.2622,2663.7678
4401,104,2031,q2+q3+q6,0.57571914,19083.3713,7728.3243
4401,104,2031,q2+q4+q5,0.52530011,9683.8318,3609.3333
4401,104,2031,q2+q4+q6,0.47469989,25042.6087,9437.8154
4401,104,2031,q2+q5+q6,0.33327294,40517.9521,14742.5724
4401,104,2031,q3+q4+q5,0.68693091,8379.3236,3060.5604
4401,104,2031,q3+q4+q6,0.63633069,19733.1705,7254.4539
4401,104,2031,q3+q5+q6,0.49490374,28637.1555,10216.1088
4401,104,2031,q4+q5+q6,0.39388449,38269.3334,12302.4727
4401,104,2031,q1+q2+q3+q4,0.84856172,3048.0167,1259.6065
4401,104,2031,q1+q2+q3+q5,0.70713477,5942.6347,2457.8336
4401,104,2031,q1+q2+q3+q6,0.65653454,16759.2846,7053.5069
4401,104,2031,q1+q2+q4+q5,0.60611551,8419.6905,3297.3281
4401,104,2031,q1+q2+q4+q6,0.55551529,21428.9522,8515.6208
4401,104,2031,q1+q2+q5+q6,0.41408834,32649.8544,12823.7771
4401,104,2031,q1+q3+q4+q5,0.76774632,7518.6339,2858.9884
4401,104,2031,q1+q3+q4+q6,0.71714609,17532.2842,6726.3661
4401,104,2031,q1+q3+q5+q6,0.57571914,24645.7368,9300.5355
4401,104,2031,q1+q4+q5+q6,0.47469989,31788.682,11066.4552
4401,104,2031,q2+q3+q4+q5,0.86876557,6752.4293,2597.0299
4401,104,2031,q2+q3+q4+q6,0.81816535,15482.3028,6006.0712
4401,104,2031,q2+q3+q5+q6,0.67673839,21105.4923,8090.3788
4401,104,2031,q2+q4+q5+q6,0.57571914,26373.8988,9469.8982
4401,104,2031,q3+q4+q5+q6,0.73734994,21500.0448,7641.0592
4401,104,2031,q1+q2+q3+q4+q5,0.94958097,6195.0116,2454.0026
4401,104,2031,q1+q2+q3+q4+q6,0.89898075,14108.7234,5643.6776
4401,104,2031,q1+q2+q3+q5+q6,0.75755379,18875.6021,7511.1225
4401,104,2031,q1+q2+q4+q5+q6,0.65653454,23152.3925,8727.1923
4401,104,2031,q1+q3+q4+q5+q6,0.81816535,19396.3775,7170.8469
4401,104,2031,q2+q3+q4+q5+q6,0.9191846,17366.8254,6508.0583
4401,104,2031,q1+q2+q3+q4+q5+q6,1.0,15979.7055,6166.9498
4401,104,2031,all,1.0,15979.7055,6166.9498
4402,104,2032,q1,0.08081174,200.8578,124.0768
4402,104,2032,q2,0.18182642,622.1894,290.0854
4402,104,2032,q3,0.3434499,2207.8401,887.6688
4402,104,2032,q4,0.24243522,6380.2774,2370.2356
4402,104,2032,q5,0.10101468,29923.4936,9373.0421
4402,104,2032,q6,0.05046204,207430.5323,55462.2776
4402,104,2032,q1+q2,0.26263816,492.5489,248.3865
4402,104,2032,q1+q3,0.42426164,1825.5577,786.261
4402,104,2032,q1+q4,0.32324696,4835.4225,1995.1577
4402,104,2032,q1+q5,0.18182642,16713.4332,6703.9046
4402,104,2032,q1+q6,0.13127378,79860.5758,32807.4829
4402,104,2032,q2+q3,0.52527632,1658.961,700.3629
4402,104,2032,q2+q4,0.42426164,3912.5254,1592.1331
4402,104,2032,q2+q5,0.28284109,11086.9409,4401.305
4402,104,2032,q2+q6,0.23228846,45548.9641,18282.5963
4402,104,2032,q3+q4,0.58588512,3934.3659,1529.7533
4402,104,2032,q3+q5,0.44446458,8506.8522,3213.136
4402,104,2032,q3+q6,0.39391194,28497.8684,10763.1594
4402,104,2032,q4+q5,0.3434499,13304.7527,4686.2745
4402,104,2032,q4+q6,0.29289727,41018.383,14280.0686
4402,104,2032,q5+q6,0.15147672,89057.1198,26388.0408
4402,104,2032,q1+q2+q3,0.60608806,1464.5472,645.5362
4402,104,2032,q1+q2+q4,0.50507338,3318.6586,1428.4637
4402,104,2032,q1+q2+q5,0.36365283,8667.8113,3737.7864
4402,104,2032,q1+q2+q6,0.3131002,33844.534,14934.6642
4402,104,2032,q1+q3+q4,0.66669686,3481.8194,1417.4647
4402,104,2032,q1+q3+q5,0.52527632,7229.0069,2904.0775
4402,104,2032,q1+q3+q6,0.47472368,23680.8964,9577.4272
4402,104,2032,q1+q4+q5,0.42426164,10808.7727,4146.6035
4402,104,2032,q1+q4+q6,0.37370901,32191.9024,12375.1243
4402,104,2032,q1+q5+q6,0.23228846,58144.5671,21036.5907
4402,104,2032,q2+q3+q4,0.76771154,3149.903,1274.8757
4402,104,2032,q2+q3+q5,0.62629099,6217.7566,2485.5263
4402,104,2032,q2+q3+q6,0.57573836,19694.3299,7912.8383
4402,104,2032,q2+q4+q5,0.52527632,8914.6346,3430.3212
4402,104,2032,q2+q4+q6,0.47472368,25546.0242,9849.068
4402,104,2032,q2+q5+q6,0.33330314,40813.3295,15094.3906
4402,104,2032,q3+q4+q5,0.6868998,7756.2964,2912.439
4402,104,2032,q3+q4+q6,0.63634717,20071.5197,7532.861
4402,104,2032,q3+q5+q6,0.49492662,28788.839,10434.8459
4402,104,2032,q4+q5+q6,0.39391194,38173.2124,12920.3443
4402,104,2032,q1+q2+q3+q4,0.84852328,2869.0416,1200.6285
4402,104,2032,q1+q2+q3+q5,0.70710273,5530.111,2303.5431
4402,104,2032,q1+q2+q3+q6,0.6565501,17294.9678,7261.2617
4402,104,2032,q1+q2+q4+q5,0.60608806,7752.7977,3141.1823
4402,104,2032,q1+q2+q4+q6,0.55553542,21859.1539,8915.0787
4402,104,2032,q1+q2+q5+q6,0.41411488,32888.078,13196.7606
4402,104,2032,q1+q3+q4+q5,0.76771154,6960.9871,2726.3444
4402,104,2032,q1+q3+q4+q6,0.71715891,17832.4305,7002.1876
4402,104,2032,q1+q3+q5+q6,0.57573836,24776.1751,9533.3765
4402,104,2032,q1+q4+q5+q6,0.47472368,31709.2162,11627.3134
4402,104,2032,q2+q3+q4+q5,0.86872622,6263.1112,2451.6247
4402,104,2032,q2+q3+q4+q6,0.81817358,15749.207,6178.4919
4402,104,2032,q2+q3+q5+q6,0.67675304,21221.1729,8181.0892
4402,104,2032,q2+q4+q5+q6,0.57573836,26314.0617,9750.2695
4402,104,2032,q3+q4+q5+q6,0.73736184,21421.1881,7826.9263
4402,104,2032,q1+q2+q3+q4+q5,0.94953796,5747.1747,2322.0625
4402,104,2032,q1+q2+q3+q4+q6,0.89898532,14351.5322,5821.1354
4402,104,2032,q1+q2+q3+q5+q6,0.75756478,18978.8719,7622.3066
4402,104,2032,q1+q2+q4+q5+q6,0.6565501,23099.9072,9002.7473
4402,104,2032,q1+q3+q4+q5+q6,0.81817358,19325.2369,7357.991
4402,104,2032,q2+q3+q4+q5+q6,0.91918826,17306.8977,6606.3121
4402,104,2032,q1+q2+q3+q4+q5+q6,1.0,15924.5288,6272.3033
4402,104,2032,all,1.0,15924.5288,6272.3033
4403,104,2033,q1,0.08081141,203.1135,124.1659
4403,104,2033,q2,0.18182567,668.2123,307.1066
4403,104,2033,q3,0.34344849,2323.7787,882.3293
4403,104,2033,q4,0.24243423,6999.1625,2301.6808
4403,104,2033,q5,0.10101426,33355.9248,9045.6329
4403,104,2033,q6,0.05046595,213624.8257,49883.3595
4403,104,2033,q1+q2,0.26263708,525.105,261.2884
4403,104,2033,q1+q3,0.42425989,1919.8425,785.6559
4403,104,2033,q1+q4,0.32324563,5300.1502,1970.5909
4403,104,2033,q1+q5,0.18182567,18621.342,6708.8138
4403,104,2033,q1+q6,0.13127736,82247.1907,30998.5382
4403,104,2033,q2+q3,0.52527415,1750.698,707.296
4403,104,2033,q2+q4,0.42425989,4285.8981,1605.1139
4403,104,2033,q2+q5,0.28283993,12342.3953,4544.7975
4403,104,2033,q2+q6,0.23229162,46933.5842,17821.6967
4403,104,2033,q3+q4,0.58588271,4258.4203,1519.6783
4403,104,2033,q3+q5,0.44446275,9376.5392,3263.4555
4403,104,2033,q3+q6,0.39391444,29394.3999,10332.2378
4403,104,2033,q4+q5,0.34344849,14751.1514,4565.3995
4403,104,2033,q4+q6,0.29290018,42600.2362,13088.3722
4403,104,2033,q5+q6,0.15148021,93412.8891,24039.9696
4403,104,2033,q1+q2+q3,0.60608556,1544.3534,653.4783
4403,104,2033,q1+q2+q4,0.5050713,3632.6526,1450.3579
4403,104,2033,q1+q2+q5,0.36365134,9644.7771,3895.7106
4403,104,2033,q1+q2+q6,0.31310303,34872.5219,14676.9414
4403,104,2033,q1+q3+q4,0.66669412,3766.8679,1415.6856
4403,104,2033,q1+q3+q5,0.52527415,7965.2429,2968.9716
4403,104,2033,q1+q3+q6,0.47472585,24425.2393,9255.142
4403,104,2033,q1+q4+q5,0.42425989,11980.0965,4092.6557
4403,104,2033,q1+q4+q6,0.37371159,33432.2807,11509.6212
4403,104,2033,q1+q5+q6,0.23229162,60986.3503,19653.8896
4403,104,2033,q2+q3+q4,0.76770838,3408.1078,1284.2183
4403,104,2033,q2+q3+q5,0.62628841,6848.3152,2564.2074
4403,104,2033,q2+q3+q6,0.57574011,20322.3234,7716.5138
4403,104,2033,q2+q4+q5,0.52527415,9876.2878,3446.2597
4403,104,2033,q2+q4+q6,0.47472585,26539.7702,9339.8857
4403,104,2033,q2+q5+q6,0.33330588,42818.6337,14500.319
4403,104,2033,q3+q4+q5,0.68689697,8537.465,2911.4445
4403,104,2033,q3+q4+q6,0.63634866,20862.3288,7145.6576
4403,104,2033,q3+q5+q6,0.4949287,30202.9416,10011.2716
4403,104,2033,q4+q5+q6,0.39391444,40229.6522,11952.5631
4403,104,2033,q1+q2+q3+q4,0.84851979,3102.8703,1213.5355
4403,104,2033,q1+q2+q3+q5,0.70709982,6088.8636,2385.4899
4403,104,2033,q1+q2+q3+q6,0.65655151,17845.9576,7107.6725
4403,104,2033,q1+q2+q4+q5,0.60608556,8586.5313,3178.0753
4403,104,2033,q1+q2+q4+q6,0.55553725,22708.6999,8517.3797
4403,104,2033,q1+q2+q5+q6,0.41411729,34502.5834,12798.0757
4403,104,2033,q1+q3+q4+q5,0.76770838,7660.1649,2739.7836
4403,104,2033,q1+q3+q4+q6,0.71716007,18534.3962,6679.2438
4403,104,2033,q1+q3+q5+q6,0.57574011,25992.1383,9207.1272
4403,104,2033,q1+q4+q5+q6,0.47472585,33416.0333,10880.1272
4403,104,2033,q2+q3+q4+q5,0.86872264,6890.4121,2483.8964
4403,104,2033,q2+q3+q4+q6,0.81817433,16374.5215,5945.0854
4403,104,2033,q2+q3+q5+q6,0.67675437,22267.7554,7978.6347
4403,104,2033,q2+q4+q5+q6,0.57574011,27735.6724,9276.2145
4403,104,2033,q3+q4+q5+q6,0.73736292,22573.8759,7462.9714
4403,104,2033,q1+q2+q3+q4+q5,0.94953405,6321.2803,2361.1847
4403,104,2033,q1+q2+q3+q4+q6,0.89898574,14920.8452,5622.5426
4403,104,2033,q1+q2+q3+q5+q6,0.75756577,19914.0657,7464.8658
4403,104,2033,q1+q2+q4+q5+q6,0.65655151,24346.8372,8623.5328
4403,104,2033,q1+q3+q4+q5+q6,0.81817433,20364.3066,7052.3398
4403,104,2033,q2+q3+q4+q5+q6,0.91918859,18240.6933,6384.893
4403,104,2033,q1+q2+q3+q4+q5+q6,1.0,16783.0511,6084.8306
4403,104,2033,all,1.0,16783.0511,6084.8306
4404,104,2034,q1,0.08081157,204.428,123.1261
4404,104,2034,q2,0.18182603,569.8674,301.546
4404,104,2034,q3,0.34344916,2120.6498,877.1426
4404,104,2034,q4,0.2424347,6301.362,2389.2096
4404,104,2034,q5,0.10101446,31865.4204,10190.2416
4404,104,2034,q6,0.05046409,192472.0647,55391.6216
4404,104,2034,q1+q2,0.26263759,457.4245,251.4424
4404,104,2034,q1+q3,0.42426073,1755.6551,772.2531
4404,104,2034,q1+q4,0.32324627,4777.1285,1996.1697
4404,104,2034,q1+q5,0.18182603,17793.8682,7188.9523
4404,104,2034,q1+q6,0.13127566,74114.6378,31433.7172
4404,104,2034,q2+q3,0.52527518,1583.8405,708.6665
4404,104,2034,q2+q4,0.42426073,3845.0072,1659.4602
4404,104,2034,q2+q5,0.28284048,11746.8506,5037.9163
4404,104,2034,q2+q6,0.23229012,42259.8453,18915.4928
4404,104,2034,q3+q4,0.58588386,3850.5997,1534.9541
4404,104,2034,q3+q5,0.44446362,8880.8249,3443.6474
4404,104,2034,q3+q6,0.39391325,26506.5037,10382.0835
4404,104,2034,q4+q5,0.34344916,13820.2027,4968.7341
4404,104,2034,q4+q6,0.29289879,38377.0668,13796.3146
4404,104,2034,q5+q6,0.15147855,85370.4761,26325.4647
4404,104,2034,q1+q2+q3,0.60608675,1399.9188,648.6092
4404,104,2034,q1+q2+q4,0.50507229,3262.5145,1474.9499
4404,104,2034,q1+q2+q5,0.36365205,9181.8678,4207.0531
4404,104,2034,q1+q2+q6,0.31310168,31405.3391,15055.0408
4404,104,2034,q1+q3+q4,0.66669543,3408.6395,1416.8511
4404,104,2034,q1+q3+q5,0.52527518,7545.9946,3095.6915
4404,104,2034,q1+q3+q6,0.47472482,22029.1478,9174.5185
4404,104,2034,q1+q4+q5,0.42426073,11226.7218,4371.9692
4404,104,2034,q1+q4+q6,0.37371036,30122.5705,11863.0066
4404,104,2034,q1+q5+q6,0.23229012,55742.0015,20704.0492
4404,104,2034,q2+q3+q4,0.76770988,3073.5841,1301.2339
4404,104,2034,q2+q3+q5,0.62628964,6467.9663,2718.9525
4404,104,2034,q2+q3+q6,0.57573927,18315.3733,7814.9671
4404,104,2034,q2+q4+q5,0.52527518,9233.5482,3734.0491
4404,104,2034,q2+q4+q6,0.47472482,23896.3981,9793.2392
4404,104,2034,q2+q5+q6,0.33330457,39109.6119,15614.1526
4404,104,2034,q3+q4+q5,0.68689832,7970.4262,3066.0716
4404,104,2034,q3+q4+q6,0.63634795,18808.7851,7275.4882
4404,104,2034,q3+q5+q6,0.49492771,27600.2555,10336.2303
4404,104,2034,q4+q5+q6,0.39391325,36707.231,12788.8442
4404,104,2034,q1+q2+q3+q4,0.84852145,2800.3312,1220.0703
4404,104,2034,q1+q2+q3+q5,0.70710121,5752.1333,2504.4915
4404,104,2034,q1+q2+q3+q6,0.65655084,16086.1874,7119.2879
4404,104,2034,q1+q2+q4+q5,0.60608675,8029.6655,3395.9734
4404,104,2034,q1+q2+q4+q6,0.55553638,20450.0257,8789.4334
4404,104,2034,q1+q2+q5+q6,0.41411614,31517.5657,13469.2293
4404,104,2034,q1+q3+q4+q5,0.76770988,7152.9527,2860.393
4404,104,2034,q1+q3+q4+q6,0.71715952,16712.3934,6736.1393
4404,104,2034,q1+q3+q5+q6,0.57573927,23754.939,9394.9163
4404,104,2034,q1+q4+q5+q6,0.47472482,30493.4233,11445.2431
4404,104,2034,q2+q3+q4+q5,0.86872434,6421.4721,2619.9323
4404,104,2034,q2+q3+q4+q6,0.81817397,14755.4786,6070.506
4404,104,2034,q2+q3+q5+q6,0.67675373,20337.8973,8265.5422
4404,104,2034,q2+q4+q5+q6,0.57573927,25294.5769,9878.3022
4404,104,2034,q3+q4+q5+q6,0.73736241,20597.4699,7745.0007
4404,104,2034,q1+q2+q3+q4+q5,0.94953591,5892.3619,2471.9251
4404,104,2034,q1+q2+q3+q4+q6,0.89898554,13447.4562,5694.6159
4404,104,2034,q1+q2+q3+q5+q6,0.7575653,18190.2049,7658.391
4404,104,2034,q1+q2+q4+q5+q6,0.65655084,22206.3557,9064.5377
4404,104,2034,q1+q3+q4+q5+q6,0.81817397,18583.2361,7256.8998
4404,104,2034,q2+q3+q4+q5+q6,0.91918843,16635.7802,6635.1733
4404,104,2034,q1+q2+q3+q4+q5+q6,1.0,15307.9369,6276.9037
4404,104,2034,all,1.0,15307.9369,6276.9037
4405,104,2035,q1,0.08082081,203.7889,111.4601
4405,104,2035,q2,0.18184683,593.7557,276.0841
4405,104,2035,q3,0.34348846,2364.0148,959.0223
4405,104,2035,q4,0.24246244,7245.876,2621.3954
4405,104,2035,q5,0.10102602,32655.4801,9806.2749
4405,104,2035,q6,0.05035544,199842.6324,51799.2042
4405,104,2035,q1+q2,0.26266764,473.766,230.9395
4405,104,2035,q1+q3,0.42430927,1952.5432,833.083
4405,104,2035,q1+q4,0.32328325,5485.3542,2167.9643
4405,104,2035,q1+q5,0.18184683,18232.5062,6847.5379
4405,104,2035,q1+q6,0.13117625,76840.3858,29468.9992
4405,104,2035,q2+q3,0.52533529,1751.2328,743.2452
4405,104,2035,q2+q4,0.42430927,4394.9673,1757.1416
4405,104,2035,q2+q5,0.28287285,12044.3716,4683.1413
4405,104,2035,q2+q6,0.23220227,43802.9141,17375.9088
4405,104,2035,q3+q4,0.5859509,4384.0953,1693.4902
4405,104,2035,q3+q5,0.44451448,9248.4387,3474.7347
4405,104,2035,q3+q6,0.3938439,27612.9079,10447.0502
4405,104,2035,q4+q5,0.34348846,14719.2889,5022.6548
4405,104,2035,q4+q6,0.29281788,40366.443,13673.1348
4405,104,2035,q5+q6,0.15138146,88268.5166,25178.702
4405,104,2035,q1+q2+q3,0.6061561,1544.907,675.8658
4405,104,2035,q1+q2+q4,0.50513009,3724.3788,1556.0078
4405,104,2035,q1+q2+q5,0.36369366,9413.131,3911.3242
4405,104,2035,q1+q2+q6,0.31302308,32545.8632,13896.0833
4405,104,2035,q1+q3+q4,0.66677171,3877.3915,1553.057
4405,104,2035,q1+q3+q5,0.52533529,7856.9541,3101.3114
4405,104,2035,q1+q3+q6,0.47466471,22945.9773,9162.2686
4405,104,2035,q1+q4+q5,0.42430927,11954.4318,4393.9899
4405,104,2035,q1+q4+q6,0.37363869,31678.9638,11693.3657
4405,104,2035,q1+q5+q6,0.23220227,57616.521,19719.0639
4405,104,2035,q2+q3+q4,0.76779773,3486.3833,1402.9608
4405,104,2035,q2+q3+q5,0.62636131,6735.7888,2680.0871
4405,104,2035,q2+q3+q6,0.57569073,19078.2087,7669.4402
4405,104,2035,q2+q4+q5,0.52533529,9829.6813,3694.5379
4405,104,2035,q2+q4+q6,0.47466471,25129.2936,9500.1643
4405,104,2035,q2+q5+q6,0.33322829,40423.3065,14613.218
4405,104,2035,q3+q4+q5,0.68697692,8541.6519,3166.1515
4405,104,2035,q3+q4+q6,0.63630634,19852.1173,7382.0654
4405,104,2035,q3+q5+q6,0.49486991,28642.332,10290.5446
4405,104,2035,q4+q5+q6,0.3938439,38388.482,12589.858
4405,104,2035,q1+q2+q3+q4,0.84861854,3173.7553,1310.1269
4405,104,2035,q1+q2+q3+q5,0.70718212,5989.2745,2459.6646
4405,104,2035,q1+q2+q3+q6,0.65651154,16754.6457,6962.5071
4405,104,2035,q1+q2+q4+q5,0.6061561,8546.229,3351.9448
4405,104,2035,q1+q2+q4+q6,0.55548552,21502.7372,8511.5389
4405,104,2035,q1+q2+q5+q6,0.4140491,32572.6092,12609.6512
4405,104,2035,q1+q3+q4+q5,0.76779773,7663.9821,2940.5803
4405,104,2035,q1+q3+q4+q6,0.71712715,17637.7347,6804.1184
4405,104,2035,q1+q3+q5+q6,0.57569073,24649.865,9304.3236
4405,104,2035,q1+q4+q5+q6,0.47466471,31886.8022,11222.6325
4405,104,2035,q2+q3+q4+q5,0.86882375,6878.1387,2662.5614
4405,104,2035,q2+q3+q4+q6,0.81815317,15571.6572,6060.1336
4405,104,2035,q2+q3+q5+q6,0.67671675,21105.139,8075.9339
4405,104,2035,q2+q4+q5+q6,0.57569073,26450.0385,9564.8527
4405,104,2035,q3+q4+q5+q6,0.73733236,21606.3774,7780.3652
4405,104,2035,q1+q2+q3+q4+q5,0.94964456,6310.109,2504.9753
4405,104,2035,q1+q2+q3+q4+q6,0.89897398,14190.0336,5669.4586
4405,104,2035,q1+q2+q3+q5+q6,0.75753756,18875.1979,7461.7654
4405,104,2035,q1+q2+q4+q5+q6,0.65651154,23218.9556,8761.9076
4405,104,2035,q1+q3+q4+q5+q6,0.81815317,19492.1344,7264.1746
4405,104,2035,q2+q3+q4+q5+q6,0.91917919,17449.3222,6576.9228
4405,104,2035,q1+q2+q3+q4+q5+q6,1.0,16055.5241,6207.538
4405,104,2035,all,1.0,16055.5241,6207.538
4406,104,2036,q1,0.08081215,203.4783,119.3704
4406,104,2036,q2,0.18182733,672.6957,295.7583
4406,104,2036,q3,0.34345163,2438.17,922.776
4406,104,2036,q4,0.24243644,7051.6071,2494.5389
4406,104,2036,q5,0.10101518,33021.8661,9610.822
4406,104,2036,q6,0.05045726,212963.7907,50617.2559
4406,104,2036,q1+q2,0.26263948,528.3211,251.6858
4406,104,2036,q1+q3,0.42426378,2012.5145,816.8937
4406,104,2036,q1+q4,0.32324859,5339.5749,2097.0246
4406,104,2036,q1+q5,0.18182733,18435.916,6914.072
4406,104,2036,q1+q6,0.13126941,81984.1687,30744.8605
4406,104,2036,q2+q3,0.52527896,1827.0443,726.4822
4406,104,2036,q2+q4,0.42426378,4317.7879,1667.0347
4406,104,2036,q2+q5,0.28284252,12225.9708,4546.199
4406,104,2036,q2+q6,0.2322846,46786.9358,17364.9179
4406,104,2036,q3+q4,0.58588807,4347.1785,1599.0499
4406,104,2036,q3+q5,0.44446681,9389.0101,3326.373
4406,104,2036,q3+q6,0.39390889,29405.1841,10344.1227
4406,104,2036,q4+q5,0.34345163,14689.9186,4886.9292
4406,104,2036,q4+q6,0.29289371,42524.4254,13875.8219
4406,104,2036,q5+q6,0.15147245,92962.6484,25173.5002
4406,104,2036,q1+q2+q3,0.60609111,1610.5688,669.1531
4406,104,2036,q1+q2+q4,0.50507592,3659.4984,1494.6367
4406,104,2036,q1+q2+q5,0.36365467,9554.3058,3867.4261
4406,104,2036,q1+q2+q6,0.31309674,34763.466,14253.873
4406,104,2036,q1+q3+q4,0.66670022,3844.9118,1481.2671
4406,104,2036,q1+q3+q5,0.52527896,7975.8513,3009.0777
4406,104,2036,q1+q3+q6,0.47472104,24434.154,9224.0719
4406,104,2036,q1+q4+q5,0.42426378,11930.5966,4325.6861
4406,104,2036,q1+q4+q6,0.37370585,33372.718,12045.572
4406,104,2036,q1+q5+q6,0.2322846,60691.5986,20222.7723
4406,104,2036,q2+q3+q4,0.7677154,3476.9062,1330.4078
4406,104,2036,q2+q3+q5,0.62629415,6858.4672,2575.0162
4406,104,2036,q2+q3+q6,0.57573622,20330.9735,7633.9182
4406,104,2036,q2+q4+q5,0.52527896,9837.803,3573.8021
4406,104,2036,q2+q4+q6,0.47472104,26494.404,9592.492
4406,104,2036,q2+q5+q6,0.33329978,42615.0727,14598.7619
4406,104,2036,q3+q4+q5,0.68690326,8564.0443,3032.5005
4406,104,2036,q3+q4+q6,0.63634533,20888.8622,7363.9299
4406,104,2036,q3+q5+q6,0.49492408,30143.3575,10170.6118
4406,104,2036,q4+q5+q6,0.39390889,40087.5604,12686.5407
4406,104,2036,q1+q2+q3+q4,0.84852755,3165.1512,1252.6026
4406,104,2036,q1+q2+q3+q5,0.70710629,6097.897,2387.6987
4406,104,2036,q1+q2+q3+q6,0.65654837,17853.5535,7014.4709
4406,104,2036,q1+q2+q4+q5,0.60609111,8553.2263,3273.3348
4406,104,2036,q1+q2+q4+q6,0.55553319,22669.9229,8691.8667
4406,104,2036,q1+q2+q5+q6,0.41411193,34338.6339,12802.9616
4406,104,2036,q1+q3+q4+q5,0.7677154,7683.9847,2839.3524
4406,104,2036,q1+q3+q4+q6,0.71715748,18557.9512,6850.2727
4406,104,2036,q1+q3+q5+q6,0.57573622,25940.9019,9307.7272
4406,104,2036,q1+q4+q5+q6,0.47472104,33298.0607,11434.3003
4406,104,2036,q2+q3+q4+q5,0.86873059,6912.3667,2551.5811
4406,104,2036,q2+q3+q4+q6,0.81817267,16396.1044,6046.4031
4406,104,2036,q2+q3+q5+q6,0.67675141,22225.2775,7998.8084
4406,104,2036,q2+q4+q5+q6,0.57573622,27639.6729,9596.3286
4406,104,2036,q3+q4+q5+q6,0.73736052,22551.031,7726.285
4406,104,2036,q1+q2+q3+q4+q5,0.94954274,6341.3975,2417.0903
4406,104,2036,q1+q2+q3+q4+q6,0.89898482,14940.506,5699.9167
4406,104,2036,q1+q2+q3+q5+q6,0.75756356,19876.1295,7460.9864
4406,104,2036,q1+q2+q4+q5+q6,0.65654837,24262.6517,8869.4549
4406,104,2036,q1+q3+q4+q5+q6,0.81817267,20343.7295,7268.6841
4406,104,2036,q2+q3+q4+q5+q6,0.91918785,18223.2112,6528.5796
4406,104,2036,q1+q2+q3+q4+q5+q6,1.0,16766.9979,6202.0072
4406,104,2036,all,1.0,16766.9979,6202.0072
4407,104,2037,q1,0.08081215,208.4659,115.2327
4407,104,2037,q2,0.18182733,561.0988,264.9963
4407,104,2037,q3,0.34345163,2262.6614,953.768
4407,104,2037,q4,0.24243644,7264.6992,2696.411
4407,104,2037,q5,0.10101518,30417.909,10021.6254
4407,104,2037,q6,0.05045726,190926.6555,56207.4065
4407,104,2037,q1+q2,0.26263948,452.5963,223.7781
4407,104,2037,q1+q3,0.42426378,1871.3861,826.1996
4407,104,2037,q1+q4,0.32324859,5500.6409,2224.3419
4407,104,2037,q1+q5,0.18182733,16991.4898,6823.136
4407,104,2037,q1+q6,0.13126941,73516.6174,30386.5516
4407,104,2037,q2+q3,0.52527896,1673.659,732.748
4407,104,2037,q2+q4,0.42426378,4391.7276,1794.7403
4407,104,2037,q2+q5,0.28284252,11224.2453,4590.3468
4407,104,2037,q2+q6,0.2322846,41912.6354,17497.8247
4407,104,2037,q3+q4,0.58588807,4332.4702,1729.1649
4407,104,2037,q3+q5,0.44446681,8661.5813,3433.0543
4407,104,2037,q3+q6,0.39390889,26429.338,10556.6625
4407,104,2037,q4+q5,0.34345163,14074.4668,5036.471
4407,104,2037,q4+q6,0.29289371,38904.4355,13819.1715
4407,104,2037,q5+q6,0.15147245,83885.27,26582.3183
4407,104,2037,q1+q2+q3,0.60609111,1478.2999,665.6753
4407,104,2037,q1+q2+q4,0.50507592,3722.4057,1587.4253
4407,104,2037,q1+q2+q5,0.36365467,8776.2943,3809.4375
4407,104,2037,q1+q2+q6,0.31309674,31148.5391,13880.8178
4407,104,2037,q1+q3+q4,0.66670022,3832.5909,1582.9889
4407,104,2037,q1+q3+q5,0.52527896,7361.102,3050.395
4407,104,2037,q1+q3+q6,0.47472104,21965.7377,9208.6128
4407,104,2037,q1+q4+q5,0.42426378,11433.3238,4385.9445
4407,104,2037,q1+q4+q6,0.37370585,30536.6126,11755.374
4407,104,2037,q1+q5+q6,0.2322846,54773.9884,20383.312
4407,104,2037,q2+q3+q4,0.7677154,3439.2506,1424.9472
4407,104,2037,q2+q3+q5,0.62629415,6309.8283,2623.3704
4407,104,2037,q2+q3+q6,0.57573622,18259.7063,7666.9743
4407,104,2037,q2+q4+q5,0.52527896,9396.7625,3670.4387
4407,104,2037,q2+q4+q6,0.47472104,24218.1965,9504.9579
4407,104,2037,q2+q5+q6,0.33329978,38428.859,14841.6927
4407,104,2037,q3+q4+q5,0.68690326,8168.5641,3161.9132
4407,104,2037,q3+q4+q6,0.63634533,19127.9458,7424.8671
4407,104,2037,q3+q5+q6,0.49492408,27243.4149,10429.7698
4407,104,2037,q4+q5+q6,0.39390889,36728.125,12789.8483
4407,104,2037,q1+q2+q3+q4,0.84852755,3131.5568,1329.169
4407,104,2037,q1+q2+q3+q5,0.70710629,5612.5298,2401.4873
4407,104,2037,q1+q2+q3+q6,0.65654837,16037.8448,6939.3773
4407,104,2037,q1+q2+q4+q5,0.60609111,8171.6563,3321.8359
4407,104,2037,q1+q2+q4+q6,0.55553319,20725.5557,8492.4349
4407,104,2037,q1+q2+q5+q6,0.41411193,30970.315,12708.352
4407,104,2037,q1+q3+q4+q5,0.7677154,7330.659,2930.0189
4407,104,2037,q1+q3+q4+q6,0.71715748,16996.0238,6826.3731
4407,104,2037,q1+q3+q5+q6,0.57573622,23448.7044,9381.8419
4407,104,2037,q1+q4+q5+q6,0.47472104,30511.3538,11339.2263
4407,104,2037,q2+q3+q4+q5,0.86873059,6576.3039,2645.4621
4407,104,2037,q2+q3+q4+q6,0.81817267,15001.726,6063.178
4407,104,2037,q2+q3+q5+q6,0.67675141,20074.4983,8097.2722
4407,104,2037,q2+q4+q5+q6,0.57573622,25305.9604,9609.4397
4407,104,2037,q3+q4+q5+q6,0.73736052,20674.6217,7834.011
4407,104,2037,q1+q2+q3+q4+q5,0.94954274,6034.3603,2485.0333
4407,104,2037,q1+q2+q3+q4+q6,0.89898482,13671.9203,5662.5571
4407,104,2037,q1+q2+q3+q5+q6,0.75756356,17955.3141,7457.4923
4407,104,2037,q1+q2+q4+q5+q6,0.65654837,22216.8013,8774.476
4407,104,2037,q1+q3+q4+q5+q6,0.81817267,18653.1486,7294.6357
4407,104,2037,q2+q3+q4+q5+q6,0.91918785,16695.9048,6583.8555
4407,104,2037,q1+q2+q3+q4+q5+q6,1.0,15363.5194,6202.0913
4407,104,2037,all,1.0,15363.5194,6202.0913
4408,104,2038,q1,0.08081215,203.4765,120.623
4408,104,2038,q2,0.18182733,594.8628,299.064
4408,104,2038,q3,0.34345163,2202.2862,889.6674
4408,104,2038,q4,0.24243644,6577.8206,2400.1318
4408,104,2038,q5,0.10101518,33134.5257,9931.8414
4408,104,2038,q6,0.05045726,195111.3327,54398.1243
4408,104,2038,q1+q2,0.26263948,474.4362,250.2174
4408,104,2038,q1+q3,0.42426378,1821.5605,783.3965
4408,104,2038,q1+q4,0.32324859,4984.2346,2012.0632
4408,104,2038,q1+q5,0.18182733,18498.5038,7106.1612
4408,104,2038,q1+q6,0.13126941,75122.0498,31078.8629
4408,104,2038,q2+q3,0.52527896,1645.8704,713.4055
4408,104,2038,q2+q4,0.42426378,4013.6958,1659.5633
4408,104,2038,q2+q5,0.28284252,12216.1709,4945.4333
4408,104,2038,q2+q6,0.2322846,42848.068,18341.5114
4408,104,2038,q3+q4,0.58588807,4012.8521,1552.2744
4408,104,2038,q3+q5,0.44446681,9232.3406,3456.4623
4408,104,2038,q3+q6,0.39390889,26912.7274,10280.8318
4408,104,2038,q4+q5,0.34345163,14388.6162,4934.7405
4408,104,2038,q4+q6,0.29289371,39056.7875,13531.4525
4408,104,2038,q5+q6,0.15147245,87090.915,25467.7968
4408,104,2038,q1+q2+q3,0.60609111,1453.5512,653.4663
4408,104,2038,q1+q2+q4,0.50507592,3404.0607,1479.0862
4408,104,2038,q1+q2+q5,0.36365467,9546.6833,4157.7407
4408,104,2038,q1+q2+q6,0.31309674,31841.2431,14683.1877
4408,104,2038,q1+q3+q4,0.66670022,3551.1096,1434.0599
4408,104,2038,q1+q3+q5,0.52527896,7843.2846,3112.8732
4408,104,2038,q1+q3+q6,0.47472104,22365.99,9094.4771
4408,104,2038,q1+q4+q5,0.42426378,11686.6848,4357.9332
4408,104,2038,q1+q4+q6,0.37370585,30654.9403,11669.2423
4408,104,2038,q1+q5+q6,0.2322846,56862.6491,20186.8539
4408,104,2038,q2+q3+q4,0.7677154,3203.3283,1310.7064
4408,104,2038,q2+q3+q5,0.62629415,6724.6858,2719.1868
4408,104,2038,q2+q3+q6,0.57573622,18601.0963,7688.9101
4408,104,2038,q2+q4+q5,0.52527896,9613.8554,3704.7619
4408,104,2038,q2+q4+q6,0.47472104,24325.127,9566.6841
4408,104,2038,q2+q5+q6,0.33329978,39904.1258,15119.6582
4408,104,2038,q3+q4+q5,0.68690326,8295.4512,3077.4137
4408,104,2038,q3+q4+q6,0.63634533,19165.4835,7192.7343
4408,104,2038,q3+q5+q6,0.49492408,28182.6113,10194.8685
4408,104,2038,q4+q5+q6,0.39390889,37538.0648,12505.5014
4408,104,2038,q1+q2+q3+q4,0.84852755,2917.6282,1230.0977
4408,104,2038,q1+q2+q3+q5,0.70710629,5979.4047,2508.9791
4408,104,2038,q1+q2+q3+q6,0.65654837,16336.6003,7014.2128
4408,104,2038,q1+q2+q4+q5,0.60609111,8359.1382,3378.9082
4408,104,2038,q1+q2+q4+q6,0.55553319,20816.2054,8608.1456
4408,104,2038,q1+q2+q5+q6,0.41411193,32156.7162,13107.1288
4408,104,2038,q1+q3+q4+q5,0.7677154,7443.6644,2874.6547
4408,104,2038,q1+q3+q4+q6,0.71715748,17028.7694,6666.4654
4408,104,2038,q1+q3+q5+q6,0.57573622,24255.3719,9282.0476
4408,104,2038,q1+q4+q5+q6,0.47472104,31182.5676,11225.2422
4408,104,2038,q2+q3+q4+q5,0.86873059,6683.7001,2623.407
4408,104,2038,q2+q3+q4+q6,0.81817267,15038.4251,5980.8113
4408,104,2038,q2+q3+q5+q6,0.67675141,20770.4262,8125.8778
4408,104,2038,q2+q4+q5+q6,0.57573622,25870.7707,9646.3824
4408,104,2038,q3+q4+q5+q6,0.73736052,21079.1816,7646.8824
4408,104,2038,q1+q2+q3+q4+q5,0.94954274,6132.1917,2478.1991
4408,104,2038,q1+q2+q3+q4+q6,0.89898482,13704.8719,5616.6275
4408,104,2038,q1+q2+q3+q5+q6,0.75756356,18576.4724,7541.1032
4408,104,2038,q1+q2+q4+q5+q6,0.65654837,22711.4769,8873.6149
4408,104,2038,q1+q3+q4+q5+q6,0.81817267,19017.2567,7173.8412
4408,104,2038,q2+q3+q4+q5+q6,0.91918785,17027.1164,6536.9425
4408,104,2038,q1+q2+q3+q4+q5+q6,1.0,15667.562,6191.3
4408,104,2038,all,1.0,15667.562,6191.3
4409,104,2039,q1,0.08081215,203.4423,123.9105
4409,104,2039,q2,0.18182733,616.6433,297.5308
4409,104,2039,q3,0.34345163,2299.7393,873.3954
4409,104,2039,q4,0.24243644,7011.8689,2266.5319
4409,104,2039,q5,0.10101518,32757.369,9050.8763
4409,104,2039,q6,0.05045726,215578.5542,51614.3793
4409,104,2039,q1+q2,0.26263948,489.5045,252.3197
4409,104,2039,q1+q3,0.42426378,1900.4446,777.5031
4409,104,2039,q1+q4,0.32324859,5309.7622,1944.4665
4409,104,2039,q1+q5,0.18182733,18288.9571,6673.8178
4409,104,2039,q1+q6,0.13126941,82989.2078,31721.2883
4409,104,2039,q2+q3,0.52527896,1717.1291,704.0126
4409,104,2039,q2+q4,0.42426378,4271.0579,1608.059
4409,104,2039,q2+q5,0.28284252,12095.4739,4607.9164
4409,104,2039,q2+q6,0.2322846,47311.0427,18702.9025
4409,104,2039,q3+q4,0.58588807,4249.586,1504.9836
4409,104,2039,q3+q5,0.44446681,9221.9279,3227.5805
4409,104,2039,q3+q6,0.39390889,29619.4203,10463.1601
4409,104,2039,q4+q5,0.34345163,14584.0748,4489.8367
4409,104,2039,q4+q6,0.29289371,42941.9823,13091.1261
4409,104,2039,q5+q6,0.15147245,93657.2671,24614.6044
4409,104,2039,q1+q2+q3,0.60609111,1515.3042,649.5742
4409,104,2039,q1+q2+q4,0.50507592,3620.2394,1451.7172
4409,104,2039,q1+q2+q5,0.36365467,9452.8002,3928.0771
4409,104,2039,q1+q2+q6,0.31309674,35152.2884,15280.4598
4409,104,2039,q1+q3+q4,0.66670022,3759.1444,1402.4438
4409,104,2039,q1+q3+q5,0.52527896,7834.4685,2933.9885
4409,104,2039,q1+q3+q6,0.47472104,24611.9145,9363.7387
4409,104,2039,q1+q4+q5,0.42426378,11844.9067,4025.7824
4409,104,2039,q1+q4+q6,0.37370585,33699.9724,11517.6476
4409,104,2039,q1+q5+q6,0.2322846,61144.5458,20031.6164
4409,104,2039,q2+q3+q4,0.7677154,3389.1522,1280.9679
4409,104,2039,q2+q3+q5,0.62629415,6723.6194,2557.08
4409,104,2039,q2+q3+q6,0.57573622,20459.848,7895.4477
4409,104,2039,q2+q4+q5,0.52527896,9749.1947,3431.2846
4409,104,2039,q2+q4+q6,0.47472104,26730.5595,9486.7816
4409,104,2039,q2+q5+q6,0.33329978,42900.1726,15000.8311
4409,104,2039,q3+q4+q5,0.68690326,8441.9071,2870.7409
4409,104,2039,q3+q4+q6,0.63634533,21006.3386,7167.0469
4409,104,2039,q3+q5+q6,0.49492408,30259.8831,10114.4508
4409,104,2039,q4+q5+q6,0.39390889,40330.2094,11977.4677
4409,104,2039,q1+q2+q3+q4,0.84852755,3085.7513,1210.0214
4409,104,2039,q1+q2+q3+q5,0.70710629,5978.4563,2375.6571
4409,104,2039,q1+q2+q3+q6,0.65654837,17966.5608,7260.7505
4409,104,2039,q1+q2+q4+q5,0.60609111,8476.4277,3161.2604
4409,104,2039,q1+q2+q4+q6,0.55553319,22871.7201,8641.8586
4409,104,2039,q1+q2+q5+q6,0.41411193,34568.0907,13183.0353
4409,104,2039,q1+q3+q4+q5,0.7677154,7574.7002,2701.4356
4409,104,2039,q1+q3+q4+q6,0.71715748,18662.1858,6699.2826
4409,104,2039,q1+q3+q5+q6,0.57573622,26041.0665,9292.8422
4409,104,2039,q1+q4+q5+q6,0.47472104,33499.3972,10899.5365
4409,104,2039,q2+q3+q4+q5,0.86873059,6804.0611,2466.1607
4409,104,2039,q2+q3+q4+q6,0.81817267,16475.0165,6012.3658
4409,104,2039,q2+q3+q5+q6,0.67675141,22295.4354,8122.8589
4409,104,2039,q2+q4+q5+q6,0.57573622,27787.9869,9393.2129
4409,104,2039,q3+q4+q5+q6,0.73736052,22616.1787,7475.7954
4409,104,2039,q1+q2+q3+q4+q5,0.94954274,6242.3063,2343.3004
4409,104,2039,q1+q2+q3+q4+q6,0.89898482,15012.3212,5683.3511
4409,104,2039,q1+q2+q3+q5+q6,0.75756356,19938.7996,7589.5939
4409,104,2039,q1+q2+q4+q5+q6,0.65654837,24392.7058,8723.3106
4409,104,2039,q1+q3+q4+q5+q6,0.81817267,20402.4389,7063.0577
4409,104,2039,q2+q3+q4+q5+q6,0.91918785,18264.384,6438.3895
4409,104,2039,q1+q2+q3+q4+q5+q6,1.0,16804.8405,6132.6436
4409,104,2039,all,1.0,16804.8405,6132.6436
4410,104,2040,q1,0.08081215,199.8907,124.9292
4410,104,2040,q2,0.18182733,634.923,306.7308
4410,104,2040,q3,0.34345163,2146.5931,914.931
4410,104,2040,q4,0.24243644,6606.4252,2377.6733
4410,104,2040,q5,0.10101518,31727.854,9435.3298
4410,104,2040,q6,0.05045726,192827.9562,50951.9084
4410,104,2040,q1+q2,0.26263948,501.0669,260.2441
4410,104,2040,q1+q3,0.42426378,1775.7927,805.6927
4410,104,2040,q1+q4,0.32324859,5004.7916,2014.891
4410,104,2040,q1+q5,0.18182733,17715.4259,6868.3804
4410,104,2040,q1+q6,0.13126941,74242.1593,30430.8537
4410,104,2040,q2+q3,0.52527896,1623.3227,721.2945
4410,104,2040,q2+q4,0.42426378,4047.2099,1635.3303
4410,104,2040,q2+q5,0.28284252,11739.5412,4637.1188
4410,104,2040,q2+q6,0.2322846,42383.4272,17353.1628
4410,104,2040,q3+q4,0.58588807,3992.0409,1580.9551
4410,104,2040,q3+q5,0.44446681,8869.607,3441.5676
4410,104,2040,q3+q6,0.39390889,26571.682,10500.8924
4410,104,2040,q4+q5,0.34345163,13995.0807,4743.5629
4410,104,2040,q4+q6,0.29289371,38687.1035,13106.1528
4410,104,2040,q5+q6,0.15147245,85392.2025,24375.5816
4410,104,2040,q1+q2+q3,0.60609111,1433.5318,662.4973
4410,104,2040,q1+q2+q4,0.50507592,3431.6389,1469.7246
4410,104,2040,q1+q2+q5,0.36365467,9175.1744,3946.9561
4410,104,2040,q1+q2+q6,0.31309674,31495.6034,14155.4388
4410,104,2040,q1+q3+q4,0.66670022,3532.3863,1463.9258
4410,104,2040,q1+q3+q5,0.52527896,7535.8045,3105.1586
4410,104,2040,q1+q3+q6,0.47472104,22082.3906,9309.4495
4410,104,2040,q1+q4+q5,0.42426378,11367.4255,4220.8955
4410,104,2040,q1+q4+q6,0.37370585,30364.4233,11417.3079
4410,104,2040,q1+q5+q6,0.2322846,55753.6737,19624.1387
4410,104,2040,q2+q3+q4,0.7677154,3196.934,1322.5272
4410,104,2040,q2+q3+q5,0.62629415,6478.8922,2666.2779
4410,104,2040,q2+q3+q6,0.57573622,18380.4105,7706.6636
4410,104,2040,q2+q4+q5,0.52527896,9370.4107,3541.8983
4410,104,2040,q2+q4+q6,0.47472104,24112.3829,9224.1182
4410,104,2040,q2+q5+q6,0.33329978,39153.9781,14387.9005
4410,104,2040,q3+q4+q5,0.68690326,8070.8369,3047.6048
4410,104,2040,q3+q4+q6,0.63634533,18965.2683,7225.0168
4410,104,2040,q3+q5+q6,0.49492408,27624.069,10230.0597
4410,104,2040,q4+q5+q6,0.39390889,36902.4526,12070.7333
4410,104,2040,q1+q2+q3+q4,0.84852755,2911.5013,1244.5199
4410,104,2040,q1+q2+q3+q5,0.70710629,5761.2921,2467.2651
4410,104,2040,q1+q2+q3+q6,0.65654837,16142.6366,7054.1667
4410,104,2040,q1+q2+q4+q5,0.60609111,8147.6747,3251.0304
4410,104,2040,q1+q2+q4+q6,0.55553319,20633.8871,8365.4842
4410,104,2040,q1+q2+q5+q6,0.41411193,31552.2568,12608.2956
4410,104,2040,q1+q3+q4+q5,0.7677154,7242.3163,2853.6465
4410,104,2040,q1+q3+q4+q6,0.71715748,16850.7112,6714.8932
4410,104,2040,q1+q3+q5+q6,0.57573622,23774.7251,9338.6219
4410,104,2040,q1+q4+q5+q6,0.47472104,30654.5457,10912.4624
4410,104,2040,q2+q3+q4+q5,0.86873059,6514.4828,2577.7281
4410,104,2040,q2+q3+q4+q6,0.81817267,14891.6077,5952.8122
4410,104,2040,q2+q3+q5+q6,0.67675141,20372.7144,8049.4879
4410,104,2040,q2+q4+q5+q6,0.57573622,25448.5473,9269.508
4410,104,2040,q3+q4+q5+q6,0.73736052,20713.6871,7598.5394
4410,104,2040,q1+q2+q3+q4+q5,0.94954274,5977.0707,2441.3054
4410,104,2040,q1+q2+q3+q4+q6,0.89898482,13570.93,5606.5163
4410,104,2040,q1+q2+q3+q5+q6,0.75756356,18220.8036,7493.2459
4410,104,2040,q1+q2+q4+q5+q6,0.65654837,22340.7821,8578.0106
4410,104,2040,q1+q3+q4+q5+q6,0.81817267,18687.5085,7146.8361
4410,104,2040,q2+q3+q4+q5+q6,0.91918785,16741.8459,6448.508
4410,104,2040,q1+q2+q3+q4+q5+q6,1.0,15405.055,6123.4924
4410,104,2040,all,1.0,15405.055,6123.4924
4501,105,2041,q1,0.08422166,202.7718,118.4634
4501,105,2041,q2,0.21055414,606.3839,291.5937
4501,105,2041,q3,0.25266497,2269.1077,917.4746
4501,105,2041,q4,0.25266497,6931.1108,2444.4747
4501,105,2041,q5,0.12633249,32629.7684,9587.4375
4501,105,2041,q6,0.07356177,200262.49,52043.0802
4501,105,2041,q1+q2,0.2947758,491.0662,248.7109
4501,105,2041,q1+q3,0.33688663,1752.5237,767.6984
4501,105,2041,q1+q4,0.33688663,5249.0261,2054.8272
4501,105,2041,q1+q5,0.21055414,19658.9698,7209.7872
4501,105,2041,q1+q6,0.15778343,93474.5884,34521.9842
4501,105,2041,q2+q3,0.46321912,1513.3242,659.6091
4501,105,2041,q2+q4,0.46321912,4056.235,1627.8053
4501,105,2041,q2+q5,0.33688663,12615.1531,4897.206
4501,105,2041,q2+q6,0.28411591,52300.2728,20611.4975
4501,105,2041,q3+q4,0.50532994,4600.1092,1733.0684
4501,105,2041,q3+q5,0.37899746,12389.3279,4451.3576
4501,105,2041,q3+q6,0.32622674,46915.1825,16856.4494
4501,105,2041,q4+q5,0.37899746,15497.33,5123.5209
4501,105,2041,q4+q6,0.32622674,50525.9377,16491.5229
4501,105,2041,q5+q6,0.19989426,94319.183,26442.0727
4501,105,2041,q1+q2+q3,0.54744077,1311.7007,594.9714
4501,105,2041,q1+q2+q4,0.54744077,3463.3945,1460.2276
4501,105,2041,q1+q2+q5,0.42110829,10132.6769,4216.4523
4501,105,2041,q1+q2+q6,0.36833757,40387.9993,17196.4689
4501,105,2041,q1+q3+q4,0.5895516,3971.9182,1576.375
4501,105,2041,q1+q3+q5,0.46321912,10173.5905,3930.4012
4501,105,2041,q1+q3+q6,0.4104484,37330.0637,14563.0239
4501,105,2041,q1+q4+q5,0.46321912,12716.5013,4564.4229
4501,105,2041,q1+q4+q6,0.4104484,40199.9127,14427.6251
4501,105,2041,q1+q5+q6,0.28411591,66419.8652,22014.9907
4501,105,2041,q2+q3+q4,0.71588409,3425.4842,1378.3165
4501,105,2041,q2+q3+q5,0.5895516,8181.1337,3231.1701
4501,105,2041,q2+q3+q6,0.53678088,28750.3974,11467.1219
4501,105,2041,q2+q4+q5,0.5895516,10179.135,3788.0447
4501,105,2041,q2+q4+q6,0.53678088,30944.8215,11556.5109
4501,105,2041,q2+q5+q6,0.4104484,46245.8608,16493.0192
4501,105,2041,q3+q4+q5,0.63166243,10206.0411,3639.6469
4501,105,2041,q3+q4+q6,0.57889171,29463.6037,10500.2066
4501,105,2041,q3+q5+q6,0.45255923,42927.3909,14520.4532
4501,105,2041,q4+q5+q6,0.45255923,45530.1992,14414.8513
4501,105,2041,q1+q2+q3+q4,0.80010574,3086.2513,1283.8855
4501,105,2041,q1+q2+q3+q5,0.67377326,7183.8384,2957.031
4501,105,2041,q1+q2+q3+q6,0.62100254,24878.709,10369.0987
4501,105,2041,q1+q2+q4+q5,0.67377326,8932.0896,3481.9736
4501,105,2041,q1+q2+q4+q6,0.62100254,26775.5207,10513.8796
4501,105,2041,q1+q2+q5+q6,0.49467006,38406.6451,14670.248
4501,105,2041,q1+q3+q4+q5,0.71588409,9029.1859,3374.6316
4501,105,2041,q1+q3+q4+q6,0.66311337,25747.2018,9653.9453
4501,105,2041,q1+q3+q5+q6,0.53678088,36223.8396,13119.5822
4501,105,2041,q1+q4+q5+q6,0.53678088,38418.2636,13105.1268
4501,105,2041,q2+q3+q4+q5,0.84221657,7806.1268,2976.0472
4501,105,2041,q2+q3+q4+q6,0.78944586,21767.0566,8332.6866
4501,105,2041,q2+q3+q5+q6,0.66311337,29489.4725,11012.0049
4501,105,2041,q2+q4+q5+q6,0.66311337,31265.8277,11103.1171
4501,105,2041,q3+q4+q5+q6,0.7052242,30030.7843,10309.1697
4501,105,2041,q1+q2+q3+q4+q5,0.92643823,7114.9127,2800.9932
4501,105,2041,q1+q2+q3+q4+q6,0.87366751,19688.2569,7795.9869
4501,105,2041,q1+q2+q3+q5+q6,0.74733503,26188.9789,10194.0504
4501,105,2041,q1+q2+q4+q5+q6,0.74733503,27765.146,10315.848
4501,105,2041,q1+q3+q4+q5+q6,0.78944586,26848.5969,9640.9384
4501,105,2041,q2+q3+q4+q5+q6,0.91577834,23265.578,8549.1593
4501,105,2041,q1+q2+q3+q4+q5+q6,1.0,21323.1902,8088.1521
4501,105,2041,all,1.0,21323.1902,8088.1521
4502,105,2042,q1,0.08421609,200.8578,124.0768
4502,105,2042,q2,0.21054023,622.1894,290.0854
4502,105,2042,q3,0.25264827,2207.8401,887.6688
4502,105,2042,q4,0.25264827,6380.2774,2370.2356
4502,105,2042,q5,0.12632414,29923.4936,9373.0421
4502,105,2042,q6,0.07362299,207430.5323,55462.2776
4502,105,2042,q1+q2,0.29475632,501.8089,251.5895
4502,105,2042,q1+q3,0.33686437,1706.0945,751.5403
4502,105,2042,q1+q4,0.33686437,4835.4225,1995.1577
4502,105,2042,q1+q5,0.21054023,18034.4392,7036.3718
4502,105,2042,q1+q6,0.15783909,96861.7642,37136.7853
4502,105,2042,q2+q3,0.4631885,1487.0898,637.7967
4502,105,2042,q2+q4,0.4631885,3762.9647,1540.1764
4502,105,2042,q2+q5,0.33686437,11610.1785,4575.0425
4502,105,2042,q2+q6,0.28416322,54203.5404,21188.6581
4502,105,2042,q3+q4,0.50529655,4294.0587,1658.2365
4502,105,2042,q3+q5,0.37897241,11446.3912,4204.6383
4502,105,2042,q3+q6,0.32627127,48516.2665,17515.3598
4502,105,2042,q4+q5,0.37897241,14228.0161,4977.0518
4502,105,2042,q4+q6,0.32627127,51747.1948,17671.0631
4502,105,2042,q5+q6,0.19994713,95283.7694,28073.2644
4502,105,2042,q1+q2+q3,0.54740459,1289.2079,580.2159
4502,105,2042,q1+q2+q4,0.54740459,3214.9482,1387.9221
4502,105,2042,q1+q2+q5,0.42108046,9328.3143,3962.8514
4502,105,2042,q1+q2+q6,0.36837931,41857.8557,17862.0273
4502,105,2042,q1+q3+q4,0.58951264,3709.3157,1513.4753
4502,105,2042,q1+q3+q5,0.4631885,9401.7488,3728.3563
4502,105,2042,q1+q3+q6,0.41048736,38603.8178,15235.7585
4502,105,2042,q1+q4+q5,0.4631885,11677.6237,4434.6196
4502,105,2042,q1+q4+q6,0.41048736,41171.8849,15479.95
4502,105,2042,q1+q5+q6,0.28416322,67104.5029,23397.8613
4502,105,2042,q2+q3+q4,0.71583678,3214.0972,1307.2111
4502,105,2042,q2+q3+q5,0.58951264,7580.6049,3012.8591
4502,105,2042,q2+q3+q6,0.5368115,29731.9633,11776.1164
4502,105,2042,q2+q4+q5,0.58951264,9368.7923,3598.1664
4502,105,2042,q2+q4+q6,0.5368115,31695.7049,12092.6975
4502,105,2042,q2+q5+q6,0.41048736,46731.554,16972.5517
4502,105,2042,q3+q4+q5,0.63162069,9419.9457,3475.8306
4502,105,2042,q3+q4+q6,0.57891954,30127.5542,11012.1547
4502,105,2042,q3+q5+q6,0.45259541,43326.8281,15003.023
4502,105,2042,q4+q5+q6,0.45259541,45655.9703,15208.0905
4502,105,2042,q1+q2+q3+q4,0.80005287,2896.9141,1222.1561
4502,105,2042,q1+q2+q3+q5,0.67372873,6658.1365,2769.6936
4502,105,2042,q1+q2+q3+q6,0.62102759,25727.3195,10711.1724
4502,105,2042,q1+q2+q4+q5,0.67372873,8222.8005,3314.7769
4502,105,2042,q1+q2+q4+q6,0.62102759,27424.7627,11035.4568
4502,105,2042,q1+q2+q5+q6,0.49470345,38810.3775,15158.9939
4502,105,2042,q1+q3+q4+q5,0.71583678,8335.3471,3228.579
4502,105,2042,q1+q3+q4+q6,0.66313563,26326.96,10149.2272
4502,105,2042,q1+q3+q5+q6,0.5368115,36561.1372,13597.6612
4502,105,2042,q1+q4+q5+q6,0.5368115,38524.8788,13832.6193
4502,105,2042,q2+q3+q4+q5,0.84216091,7220.5066,2810.8391
4502,105,2042,q2+q3+q4+q6,0.78945977,22258.7982,8633.3532
4502,105,2042,q2+q3+q5+q6,0.66313563,29768.4489,11225.0366
4502,105,2042,q2+q4+q5+q6,0.66313563,31358.1072,11486.827
4502,105,2042,q3+q4+q5+q6,0.70524368,30091.0026,10679.4939
4502,105,2042,q1+q2+q3+q4+q5,0.92637701,6582.3567,2651.5614
4502,105,2042,q1+q2+q3+q4+q6,0.87367586,20132.5709,8099.1855
4502,105,2042,q1+q2+q3+q5+q6,0.74735173,26436.5947,10426.3857
4502,105,2042,q1+q2+q4+q5+q6,0.74735173,27847.1207,10691.0494
4502,105,2042,q1+q3+q4+q5+q6,0.78945977,26902.4536,10001.8127
4502,105,2042,q2+q3+q4+q5+q6,0.91578391,23316.0739,8755.6763
4502,105,2042,q1+q2+q3+q4+q5+q6,1.0,21369.4007,8298.6915
4502,105,2042,all,1.0,21369.4007,8298.6915
4503,105,2043,q1,0.08421559,203.1135,124.1659
4503,105,2043,q2,0.21053896,668.2123,307.1066
4503,105,2043,q3,0.25264676,2323.7787,882.3293
4503,105,2043,q4,0.25264676,6999.1625,2301.6808
4503,105,2043,q5,0.12632338,33355.9248,9045.6329
4503,105,2043,q6,0.07362856,213624.8257,49883.3595
4503,105,2043,q1+q2,0.29475455,535.3269,264.8109
4503,105,2043,q1+q3,0.33686234,1793.6124,752.2845
4503,105,2043,q1+q4,0.33686234,5300.1502,1970.5909
4503,105,2043,q1+q5,0.21053896,20094.8003,7009.3908
4503,105,2043,q1+q6,0.15784414,99756.589,34753.5981
4503,105,2043,q2+q3,0.46318572,1571.2485,647.785
4503,105,2043,q2+q4,0.46318572,4121.4578,1556.6282
4503,105,2043,q2+q5,0.33686234,12926.1045,4712.8884
4503,105,2043,q2+q6,0.28416752,55845.836,20518.9453
4503,105,2043,q3+q4,0.50529351,4661.4706,1642.9311
4503,105,2043,q3+q5,0.37897013,12667.8274,4243.8803
4503,105,2043,q3+q6,0.32627532,50006.7965,16636.9822
4503,105,2043,q4+q5,0.37897013,15784.7499,4847.2507
4503,105,2043,q4+q6,0.32627532,53627.1149,16147.517
4503,105,2043,q5+q6,0.19995194,99736.5742,25530.2529
4503,105,2043,q1+q2+q3,0.54740131,1360.7662,590.592
4503,105,2043,q1+q2+q4,0.54740131,3518.6356,1411.9656
4503,105,2043,q1+q2+q5,0.42107793,10381.5063,4117.4626
4503,105,2043,q1+q2+q6,0.36838311,43125.4252,17435.4209
4503,105,2043,q1+q3+q4,0.5895091,4024.5624,1509.7858
4503,105,2043,q1+q3+q5,0.46318572,10401.5158,3796.6374
4503,105,2043,q1+q3+q6,0.4104909,39789.1612,14603.0954
4503,105,2043,q1+q4+q5,0.46318572,12951.7251,4372.9572
4503,105,2043,q1+q4+q6,0.4104909,42666.7415,14340.1621
4503,105,2043,q1+q5+q6,0.28416752,70238.9435,21721.3401
4503,105,2043,q2+q3+q4,0.71583248,3486.9828,1319.4559
4503,105,2043,q2+q3+q5,0.5895091,8382.2506,3109.1573
4503,105,2043,q2+q3+q6,0.53681428,30656.1667,11437.7484
4503,105,2043,q2+q4+q5,0.5895091,10385.9865,3618.1747
4503,105,2043,q2+q4+q6,0.53681428,32856.5935,11440.6772
4503,105,2043,q2+q5+q6,0.4104909,48924.8505,16206.1928
4503,105,2043,q3+q4+q5,0.63161689,10400.3614,3458.3318
4503,105,2043,q3+q4+q6,0.57892207,31237.8814,10339.9286
4503,105,2043,q3+q5+q6,0.45259869,45359.4248,14192.3659
4503,105,2043,q4+q5+q6,0.45259869,47969.2877,14012.376
4503,105,2043,q1+q2+q3+q4,0.80004806,3141.3124,1238.3209
4503,105,2043,q1+q2+q3+q5,0.67372468,7359.8584,2871.056
4503,105,2043,q1+q2+q3+q6,0.62102987,26526.5397,10449.1559
4503,105,2043,q1+q2+q4+q5,0.67372468,9113.1273,3355.1396
4503,105,2043,q1+q2+q4+q6,0.62102987,28428.5747,10512.4035
4503,105,2043,q1+q2+q5+q6,0.49470649,40630.7818,14597.2584
4503,105,2043,q1+q3+q4+q5,0.71583248,9200.6852,3232.87
4503,105,2043,q1+q3+q4+q6,0.66313766,27296.6014,9594.0159
4503,105,2043,q1+q3+q5+q6,0.53681428,38275.2891,12969.064
4503,105,2043,q1+q4+q5+q6,0.53681428,40475.7159,12878.3646
4503,105,2043,q2+q3+q4+q5,0.84215586,7967.3241,2846.0227
4503,105,2043,q2+q3+q4+q6,0.78946104,23085.3492,8257.5296
4503,105,2043,q2+q3+q5+q6,0.66313766,31170.4529,10852.7011
4503,105,2043,q2+q4+q5+q6,0.66313766,32951.7129,10884.9325
4503,105,2043,q3+q4+q5+q6,0.70524545,31617.2647,10067.7103
4503,105,2043,q1+q2+q3+q4+q5,0.92637144,7261.4868,2695.7555
4503,105,2043,q1+q2+q3+q4+q6,0.87367662,20879.6809,7779.685
4503,105,2043,q1+q2+q3+q5+q6,0.74735324,27680.8947,10129.0455
4503,105,2043,q1+q2+q4+q5+q6,0.74735324,29261.4332,10193.911
4503,105,2043,q1+q3+q4+q5+q6,0.78946104,28266.1669,9485.433
4503,105,2043,q2+q3+q4+q5+q6,0.91578441,24502.0733,8394.8766
4503,105,2043,q1+q2+q3+q4+q5+q6,1.0,22455.7222,7989.4949
4503,105,2043,all,1.0,22455.7222,7989.4949
4504,105,2044,q1,0.08421583,204.428,123.1261
4504,105,2044,q2,0.21053957,569.8674,301.546
4504,105,2044,q3,0.25264748,2120.6498,877.1426
4504,105,2044,q4,0.25264748,6301.362,2389.2096
4504,105,2044,q5,0.12632374,31865.4204,10190.2416
4504,105,2044,q6,0.07362591,192472.0647,55391.6216
4504,105,2044,q1+q2,0.29475539,465.4562,255.1498
4504,105,2044,q1+q3,0.33686331,1641.5943,736.69
4504,105,2044,q1+q4,0.33686331,4777.1285,1996.1697
4504,105,2044,q1+q5,0.21053957,19201.0234,7558.396
4504,105,2044,q1+q6,0.15784174,89888.4365,35859.7737
4504,105,2044,q2+q3,0.46318705,1415.7487,650.099
4504,105,2044,q2+q4,0.46318705,3696.1372,1608.6917
4504,105,2044,q2+q5,0.33686331,12305.6998,5228.0546
4504,105,2044,q2+q6,0.28416548,50290.8046,21861.1245
4504,105,2044,q3+q4,0.50529496,4211.0059,1666.0409
4504,105,2044,q3+q5,0.37897122,12035.5733,4534.6462
4504,105,2044,q3+q6,0.32627339,45074.7995,16969.5587
4504,105,2044,q4+q5,0.37897122,14822.7148,5292.6275
4504,105,2044,q4+q6,0.32627339,48312.1043,17093.3176
4504,105,2044,q5+q6,0.19994965,91004.36,27957.619
4504,105,2044,q1+q2+q3,0.54740287,1229.3917,585.944
4504,105,2044,q1+q2+q4,0.54740287,3158.9512,1436.1743
4504,105,2044,q1+q2+q5,0.42107913,9885.4454,4462.7775
4504,105,2044,q1+q2+q6,0.3683813,38840.534,18030.7998
4504,105,2044,q1+q3+q4,0.58951079,3638.6376,1513.7897
4504,105,2044,q1+q3+q5,0.46318705,9884.456,3996.2351
4504,105,2044,q1+q3+q6,0.41048921,35869.2095,14629.1704
4504,105,2044,q1+q4+q5,0.46318705,12164.8445,4690.8683
4504,105,2044,q1+q4+q6,0.41048921,38442.35,14858.9841
4504,105,2044,q1+q5+q6,0.28416548,64094.7176,23035.3215
4504,105,2044,q2+q3+q4,0.71583452,3140.0828,1341.9249
4504,105,2044,q2+q3+q5,0.58951079,7940.6783,3334.7849
4504,105,2044,q2+q3+q6,0.53681295,27619.8387,11725.0198
4504,105,2044,q2+q4+q5,0.58951079,9732.4122,3931.7423
4504,105,2044,q2+q4+q6,0.53681295,29587.4634,12032.0488
4504,105,2044,q2+q5+q6,0.41048921,44620.5864,17465.1178
4504,105,2044,q3+q4+q5,0.6316187,9741.8888,3679.7218
4504,105,2044,q3+q4+q6,0.57892087,28153.6419,10631.9793
4504,105,2044,q3+q5+q6,0.45259713,41387.9485,14847.0026
4504,105,2044,q4+q5+q6,0.45259713,43721.6938,15023.1101
4504,105,2044,q1+q2+q3+q4,0.80005035,2831.0665,1248.0237
4504,105,2044,q1+q2+q3+q5,0.67372661,6973.6471,3043.8518
4504,105,2044,q1+q2+q3+q6,0.62102878,23902.1181,10569.8798
4504,105,2044,q1+q2+q4+q5,0.67372661,8541.4142,3598.7114
4504,105,2044,q1+q2+q4+q6,0.62102878,25602.9192,10891.4313
4504,105,2044,q1+q2+q5+q6,0.49470504,37059.4274,15424.9681
4504,105,2044,q1+q3+q4+q5,0.71583452,8619.8346,3405.2746
4504,105,2044,q1+q3+q4+q6,0.66313669,24604.1985,9753.582
4504,105,2044,q1+q3+q5+q6,0.53681295,34927.031,13378.0306
4504,105,2044,q1+q4+q5+q6,0.53681295,36894.6557,13593.2115
4504,105,2044,q2+q3+q4+q5,0.84215826,7448.8835,3030.4107
4504,105,2044,q2+q3+q4+q6,0.78946043,20797.3823,8503.2577
4504,105,2044,q2+q3+q5+q6,0.66313669,28428.5977,11359.6993
4504,105,2044,q2+q4+q5+q6,0.66313669,30021.4011,11607.8381
4504,105,2044,q3+q4+q5+q6,0.70524461,28818.4974,10541.4738
4504,105,2044,q1+q2+q3+q4+q5,0.92637409,6790.2966,2846.46
4504,105,2044,q1+q2+q3+q4+q6,0.87367626,18812.3762,7937.386
4504,105,2044,q1+q2+q3+q5+q6,0.74735252,25248.1417,10486.5372
4504,105,2044,q1+q2+q4+q5+q6,0.74735252,26661.4592,10742.1052
4504,105,2044,q1+q3+q4+q5+q6,0.78946043,25766.0867,9836.9975
4504,105,2044,q2+q3+q4+q5+q6,0.91578417,22324.1132,8789.7686
4504,105,2044,q1+q2+q3+q4+q5+q6,1.0,20461.2856,8298.3052
4504,105,2044,all,1.0,20461.2856,8298.3052
4505,105,2045,q1,0.08422989,203.7889,111.4601
4505,105,2045,q2,0.21057472,593.7557,276.0841
4505,105,2045,q3,0.25268966,2364.0148,959.0223
4505,105,2045,q4,0.25268966,7245.876,2621.3954
4505,105,2045,q5,0.12634483,32655.4801,9806.2749
4505,105,2045,q6,0.07347125,199842.6324,51799.2042
4505,105,2045,q1+q2,0.2948046,482.3367,234.3084
4505,105,2045,q1+q3,0.33691955,1823.9583,791.0104
4505,105,2045,q1+q4,0.33691955,5485.3542,2167.9643
4505,105,2045,q1+q5,0.21057472,19674.8036,7208.5274
4505,105,2045,q1+q6,0.15770113,93213.3609,33603.0179
4505,105,2045,q2+q3,0.46326438,1559.3516,671.5206
4505,105,2045,q2+q4,0.46326438,4222.185,1698.8853
4505,105,2045,q2+q5,0.33691955,12616.9024,4865.9077
4505,105,2045,q2+q6,0.28404596,52131.4134,20110.3547
4505,105,2045,q3+q4,0.50537932,4804.9454,1837.7521
4505,105,2045,q3+q5,0.37903449,12461.1699,4525.7876
4505,105,2045,q3+q6,0.32616091,46848.1948,16859.0617
4505,105,2045,q4+q5,0.37903449,15715.744,5322.3682
4505,105,2045,q4+q6,0.32616091,50630.3644,16817.6956
4505,105,2045,q5+q6,0.19981608,94129.2559,26709.4757
4505,105,2045,q1+q2+q3,0.54749426,1350.8035,601.3843
4505,105,2045,q1+q2+q4,0.54749426,3603.9702,1511.6026
4505,105,2045,q1+q2+q5,0.42114943,10134.2797,4153.3823
4505,105,2045,q1+q2+q6,0.36827585,40254.8326,16651.0827
4505,105,2045,q1+q3+q4,0.58960921,4147.6373,1657.5561
4505,105,2045,q1+q3+q5,0.46326438,10232.5552,3958.1499
4505,105,2045,q1+q3+q6,0.41039079,37274.7515,14426.6683
4505,105,2045,q1+q4+q5,0.46326438,12895.3885,4692.0751
4505,105,2045,q1+q4+q6,0.41039079,40280.6568,14552.7534
4505,105,2045,q1+q5+q6,0.28404596,66276.9629,21936.4672
4505,105,2045,q2+q3+q4,0.71595404,3566.3602,1439.1374
4505,105,2045,q2+q3+q5,0.58960921,8222.8077,3239.7399
4505,105,2045,q2+q3+q6,0.53673562,28701.4296,11333.8516
4505,105,2045,q2+q4+q5,0.58960921,10315.0339,3868.6775
4505,105,2045,q2+q4+q6,0.53673562,30999.76,11596.5933
4505,105,2045,q2+q5+q6,0.41039079,46135.4615,16363.5311
4505,105,2045,q3+q4+q5,0.63172415,10375.0523,3762.2476
4505,105,2045,q3+q4+q6,0.57885057,29560.3195,10662.3437
4505,105,2045,q3+q5+q6,0.45250574,42885.4249,14623.0485
4505,105,2045,q4+q5+q6,0.45250574,45611.569,14714.5752
4505,105,2045,q1+q2+q3+q4,0.80018392,3212.4053,1333.0992
4505,105,2045,q1+q2+q3+q5,0.67383909,7220.4303,2947.8499
4505,105,2045,q1+q2+q3+q6,0.62096551,24835.9121,10191.7279
4505,105,2045,q1+q2+q4+q5,0.67383909,9051.1283,3533.4541
4505,105,2045,q1+q2+q4+q6,0.62096551,26822.4892,10483.3338
4505,105,2045,q1+q2+q5+q6,0.49462068,38313.6705,14454.499
4505,105,2045,q1+q3+q4+q5,0.71595404,9178.4331,3465.7271
4505,105,2045,q1+q3+q4+q6,0.66308045,25831.2136,9738.5022
4505,105,2045,q1+q3+q5+q6,0.53673562,36187.3986,13114.1351
4505,105,2045,q1+q4+q5+q6,0.53673562,38485.729,13269.8691
4505,105,2045,q2+q3+q4+q5,0.84229887,7929.7282,3042.9739
4505,105,2045,q2+q3+q4+q6,0.78942528,21833.6529,8376.4565
4505,105,2045,q2+q3+q5+q6,0.66308045,29454.8432,10972.7696
4505,105,2045,q2+q4+q5+q6,0.66308045,31315.2446,11190.6431
4505,105,2045,q3+q4+q5+q6,0.7051954,30114.8573,10484.5253
4505,105,2045,q1+q2+q3+q4+q5,0.92652875,7227.3701,2850.7782
4505,105,2045,q1+q2+q3+q4+q6,0.87365517,19748.2981,7800.9528
4505,105,2045,q1+q2+q3+q5+q6,0.74731034,26157.9358,10107.8715
4505,105,2045,q1+q2+q4+q5+q6,0.74731034,27808.6501,10341.5777
4505,105,2045,q1+q3+q4+q5+q6,0.78942528,26923.4142,9751.5849
4505,105,2045,q2+q3+q4+q5+q6,0.91577011,23326.6935,8619.1828
4505,105,2045,q1+q2+q3+q4+q5+q6,1.0,21379.0538,8121.4612
4505,105,2045,all,1.0,21379.0538,8121.4612
4506,105,2046,q1,0.08421671,203.4783,119.3704
4506,105,2046,q2,0.21054177,672.6957,295.7583
4506,105,2046,q3,0.25265013,2438.17,922.776
4506,105,2046,q4,0.25265013,7051.6071,2494.5389
4506,105,2046,q5,0.12632506,33021.8661,9610.822
4506,105,2046,q6,0.07361619,212963.7907,50617.2559
4506,105,2046,q1+q2,0.29475848,538.6336,255.0766
4506,105,2046,q1+q3,0.33686684,1879.4971,780.5842
4506,105,2046,q1+q4,0.33686684,5339.5749,2097.0246
4506,105,2046,q1+q5,0.21054177,19894.511,7251.8223
4506,105,2046,q1+q6,0.1578329,99438.8327,34624.5128
4506,105,2046,q2+q3,0.4631919,1635.6817,660.8654
4506,105,2046,q2+q4,0.4631919,4152.1019,1611.9946
4506,105,2046,q2+q5,0.33686684,12803.6346,4724.5659
4506,105,2046,q2+q6,0.28415797,55670.4919,20059.8534
4506,105,2046,q3+q4,0.50530026,4744.8886,1735.1846
4506,105,2046,q3+q5,0.37897519,12632.7354,4345.9606
4506,105,2046,q3+q6,0.32626632,49939.5314,16672.3271
4506,105,2046,q4+q5,0.37897519,15708.3601,5184.5395
4506,105,2046,q4+q6,0.32626632,53512.0285,17051.2397
4506,105,2046,q5+q6,0.19994126,99274.5217,26687.151
4506,105,2046,q1+q2+q3,0.54740861,1415.3427,600.6053
4506,105,2046,q1+q2+q4,0.54740861,3544.6214,1451.6845
4506,105,2046,q1+q2+q5,0.42108355,10283.6033,4098.8013
4506,105,2046,q1+q2+q6,0.36837468,42989.7902,16988.9463
4506,105,2046,q1+q3+q4,0.58951697,4096.1157,1583.111
4506,105,2046,q1+q3+q5,0.4631919,10372.8705,3858.6705
4506,105,2046,q1+q3+q6,0.41048303,39735.439,14552.2479
4506,105,2046,q1+q4+q5,0.4631919,12889.2907,4621.6528
4506,105,2046,q1+q4+q6,0.41048303,42574.9851,14969.2655
4506,105,2046,q1+q5+q6,0.28415797,69912.553,22388.8924
4506,105,2046,q2+q3+q4,0.71584203,3547.1848,1364.7165
4506,105,2046,q2+q3+q5,0.58951697,8361.2926,3118.7734
4506,105,2046,q2+q3+q6,0.5368081,30616.5608,11286.7153
4506,105,2046,q2+q4+q5,0.58951697,10338.48,3745.7281
4506,105,2046,q2+q4+q6,0.5368081,32787.887,11712.033
4506,105,2046,q2+q5+q6,0.41048303,48700.4373,16350.4206
4506,105,2046,q3+q4+q5,0.63162532,10400.2841,3617.7506
4506,105,2046,q3+q4+q6,0.57891645,31222.427,10686.0175
4506,105,2046,q3+q5+q6,0.45259139,45217.5565,14500.6208
4506,105,2046,q4+q5+q6,0.45259139,47792.9159,14836.2032
4506,105,2046,q1+q2+q3+q4,0.80005874,3195.2157,1275.5148
4506,105,2046,q1+q2+q3+q5,0.67373368,7341.5658,2869.0201
4506,105,2046,q1+q2+q3+q6,0.62102481,26492.2654,10284.5764
4506,105,2046,q1+q2+q4+q5,0.67373368,9071.6048,3451.7236
4506,105,2046,q1+q2+q4+q6,0.62102481,28369.1397,10701.1983
4506,105,2046,q1+q2+q5+q6,0.49469974,40444.4105,14644.9158
4506,105,2046,q1+q3+q4+q5,0.71584203,9200.6599,3361.4349
4506,105,2046,q1+q3+q4+q6,0.66313316,27283.0767,9859.3848
4506,105,2046,q1+q3+q5+q6,0.5368081,38155.5588,13172.8609
4506,105,2046,q1+q4+q5+q6,0.5368081,40326.8849,13517.0307
4506,105,2046,q2+q3+q4+q5,0.8421671,7968.387,2924.4854
4506,105,2046,q2+q3+q4+q6,0.78945823,23075.0743,8393.481
4506,105,2046,q2+q3+q5+q6,0.66313316,31074.765,10901.8844
4506,105,2046,q2+q4+q5+q6,0.66313316,32832.4594,11241.1564
4506,105,2046,q3+q4+q5+q6,0.70524152,31544.7482,10466.4577
4506,105,2046,q1+q2+q3+q4+q5,0.92638381,7262.4862,2759.3282
4506,105,2046,q1+q2+q3+q4+q6,0.87367494,20870.3978,7880.1529
4506,105,2046,q1+q2+q3+q5+q6,0.74734987,27595.9684,10140.7846
4506,105,2046,q1+q2+q4+q5+q6,0.74734987,29155.5933,10473.7087
4506,105,2046,q1+q3+q4+q5+q6,0.78945823,28201.3685,9811.8384
4506,105,2046,q2+q3+q4+q5+q6,0.91578329,24447.1556,8596.3597
4506,105,2046,q1+q2+q3+q4+q5+q6,1.0,22405.4328,8153.5137
4506,105,2046,all,1.0,22405.4328,8153.5137
4507,105,2047,q1,0.08421671,208.4659,115.2327
4507,105,2047,q2,0.21054177,561.0988,264.9963
4507,105,2047,q3,0.25265013,2262.6614,953.768
4507,105,2047,q4,0.25265013,7264.6992,2696.411
4507,105,2047,q5,0.12632506,30417.909,10021.6254
4507,105,2047,q6,0.07361619,190926.6555,56207.4065
4507,105,2047,q1+q2,0.29475848,460.3465,226.8501
4507,105,2047,q1+q3,0.33686684,1749.1126,783.819
4507,105,2047,q1+q4,0.33686684,5500.6409,2224.3419
4507,105,2047,q1+q5,0.21054177,18334.1318,7204.6297
4507,105,2047,q1+q6,0.1578329,89162.9656,34970.8525
4507,105,2047,q2+q3,0.4631919,1489.2239,659.9852
4507,105,2047,q2+q4,0.4631919,4217.6081,1734.2022
4507,105,2047,q2+q5,0.33686684,11757.4026,4776.3746
4507,105,2047,q2+q6,0.28415797,49878.6931,20368.2516
4507,105,2047,q3+q4,0.50530026,4763.6803,1880.4434
4507,105,2047,q3+q5,0.37897519,11647.744,4491.4722
4507,105,2047,q3+q6,0.32626632,44831.3357,17219.6668
4507,105,2047,q4+q5,0.37897519,14982.4358,5335.848
4507,105,2047,q4+q6,0.32626632,48704.7526,17072.956
4507,105,2047,q5+q6,0.19994126,89515.4802,28252.9111
4507,105,2047,q1+q2+q3,0.54740861,1292.1842,590.679
4507,105,2047,q1+q2+q4,0.54740861,3600.817,1541.3262
4507,105,2047,q1+q2+q5,0.42108355,9447.6153,4052.8971
4507,105,2047,q1+q2+q6,0.36837468,38523.2352,16730.4262
4507,105,2047,q1+q3+q4,0.58951697,4112.9354,1692.6917
4507,105,2047,q1+q3+q5,0.4631919,9567.8752,3904.1121
4507,105,2047,q1+q3+q6,0.41048303,35676.2891,14618.3676
4507,105,2047,q1+q4+q5,0.4631919,12296.2595,4682.0001
4507,105,2047,q1+q4+q6,0.41048303,38755.0168,14687.6017
4507,105,2047,q1+q5+q6,0.28415797,63047.3047,22797.7104
4507,105,2047,q2+q3+q4,0.71584203,3527.6269,1463.1665
4507,105,2047,q2+q3+q5,0.58951697,7688.2278,3172.5868
4507,105,2047,q2+q3+q6,0.5368081,27468.0837,11384.1415
4507,105,2047,q2+q4+q5,0.58951697,9831.9583,3838.6957
4507,105,2047,q2+q4+q6,0.5368081,29822.3058,11629.6811
4507,105,2047,q2+q5+q6,0.41048303,43889.6883,16692.5208
4507,105,2047,q3+q4+q5,0.63162532,9894.5261,3756.9411
4507,105,2047,q3+q4+q6,0.57891645,28436.5423,10758.8424
4507,105,2047,q3+q5+q6,0.45259139,40808.3314,14981.039
4507,105,2047,q4+q5+q6,0.45259139,43600.6194,15015.6579
4507,105,2047,q1+q2+q3+q4,0.80005874,3178.2416,1353.8262
4507,105,2047,q1+q2+q3+q5,0.67373368,6753.2576,2877.9512
4507,105,2047,q1+q2+q3+q6,0.62102481,23771.4273,10198.1131
4507,105,2047,q1+q2+q4+q5,0.67373368,8629.0217,3497.4219
4507,105,2047,q1+q2+q4+q6,0.62102481,25806.3951,10482.2682
4507,105,2047,q1+q2+q5+q6,0.49469974,36453.483,14641.8898
4507,105,2047,q1+q3+q4+q5,0.71584203,8754.9896,3451.3899
4507,105,2047,q1+q3+q4+q6,0.66313316,24851.6278,9795.0215
4507,105,2047,q1+q3+q5+q6,0.5368081,34438.8539,13345.9956
4507,105,2047,q1+q4+q5+q6,0.5368081,36793.076,13467.6827
4507,105,2047,q2+q3+q4+q5,0.8421671,7561.1692,3018.919
4507,105,2047,q2+q3+q4+q6,0.78945823,21002.3993,8391.2752
4507,105,2047,q2+q3+q5+q6,0.66313316,28030.0174,11072.9264
4507,105,2047,q2+q4+q5+q6,0.66313316,29935.7666,11279.3531
4507,105,2047,q3+q4+q5+q6,0.70524152,28791.4509,10611.1235
4507,105,2047,q1+q2+q3+q4+q5,0.92638381,6892.7417,2823.3125
4507,105,2047,q1+q2+q3+q4+q6,0.87367494,18997.9963,7798.825
4507,105,2047,q1+q2+q3+q5+q6,0.74734987,24894.8867,10161.1554
4507,105,2047,q1+q2+q4+q5+q6,0.74734987,26585.8825,10389.9087
4507,105,2047,q1+q3+q4+q5+q6,0.78945823,25742.3156,9837.0784
4507,105,2047,q2+q3+q4+q5+q6,0.91578329,22301.1944,8656.2286
4507,105,2047,q1+q2+q3+q4+q5+q6,1.0,20440.6175,8138.1476
4507,105,2047,all,1.0,20440.6175,8138.1476
4508,105,2048,q1,0.08421671,203.4765,120.623
4508,105,2048,q2,0.21054177,594.8628,299.064
4508,105,2048,q3,0.25265013,2202.2862,889.6674
4508,105,2048,q4,0.25265013,6577.8206,2400.1318
4508,105,2048,q5,0.12632506,33134.5257,9931.8414
4508,105,2048,q6,0.07361619,195111.3327,54398.1243
4508,105,2048,q1+q2,0.29475848,483.0381,253.8647
4508,105,2048,q1+q3,0.33686684,1702.5838,747.3133
4508,105,2048,q1+q4,0.33686684,4984.2346,2012.0632
4508,105,2048,q1+q5,0.21054177,19962.106,7458.3796
4508,105,2048,q1+q6,0.1578329,91112.1144,35410.784
4508,105,2048,q2+q3,0.4631919,1471.6392,652.8003
4508,105,2048,q2+q4,0.4631919,3858.2943,1608.2893
4508,105,2048,q2+q5,0.33686684,12797.2363,5130.6997
4508,105,2048,q2+q6,0.28415797,50987.8252,21218.5756
4508,105,2048,q3+q4,0.50530026,4390.0534,1683.2988
4508,105,2048,q3+q5,0.37897519,12513.0327,4529.8781
4508,105,2048,q3+q6,0.32626632,45728.781,16774.096
4508,105,2048,q4+q5,0.37897519,15430.0556,5249.8612
4508,105,2048,q4+q6,0.32626632,49117.0539,16754.8065
4508,105,2048,q5+q6,0.19994126,92772.6208,27059.744
4508,105,2048,q1+q2+q3,0.54740861,1276.5372,589.068
4508,105,2048,q1+q2+q4,0.54740861,3296.0146,1439.6551
4508,105,2048,q1+q2+q5,0.42108355,10278.4844,4406.1206
4508,105,2048,q1+q2+q6,0.36837468,39377.6602,17585.0608
4508,105,2048,q1+q3+q4,0.58951697,3791.971,1531.2331
4508,105,2048,q1+q3+q5,0.4631919,10274.9316,4003.0181
4508,105,2048,q1+q3+q6,0.41048303,36388.5865,14480.5298
4508,105,2048,q1+q4+q5,0.4631919,12661.5867,4669.6686
4508,105,2048,q1+q4+q6,0.41048303,39081.7047,14603.6301
4508,105,2048,q1+q5+q6,0.28415797,65337.6385,22435.1683
4508,105,2048,q2+q3+q4,0.71584203,3273.8208,1349.4898
4508,105,2048,q2+q3+q5,0.58951697,8256.5434,3320.9866
4508,105,2048,q2+q3+q6,0.5368081,28026.7841,11500.2114
4508,105,2048,q2+q4+q5,0.58951697,10131.7724,3897.0892
4508,105,2048,q2+q4+q6,0.5368081,30086.1408,11743.7476
4508,105,2048,q2+q5+q6,0.41048303,45493.5196,16910.9965
4508,105,2048,q3+q4+q5,0.63162532,10138.9478,3682.0123
4508,105,2048,q3+q4+q6,0.57891645,28642.5586,10482.3248
4508,105,2048,q3+q5+q6,0.45259139,42213.5348,14574.3571
4508,105,2048,q4+q5+q6,0.45259139,44656.0898,14667.9352
4508,105,2048,q1+q2+q3+q4,0.80005874,2950.6267,1256.5641
4508,105,2048,q1+q2+q3+q5,0.67373368,7249.9101,3038.189
4508,105,2048,q1+q2+q3+q6,0.62102481,24253.6861,10385.5296
4508,105,2048,q1+q2+q4+q5,0.67373368,8890.7355,3576.7361
4508,105,2048,q1+q2+q4+q6,0.62102481,26033.775,10655.4879
4508,105,2048,q1+q2+q5+q6,0.49469974,37783.4318,14997.1448
4508,105,2048,q1+q3+q4+q5,0.71584203,8970.0689,3413.0844
4508,105,2048,q1+q3+q4+q6,0.66313316,25030.8467,9628.4511
4508,105,2048,q1+q3+q5+q6,0.5368081,35622.8204,13161.1407
4508,105,2048,q1+q4+q5+q6,0.5368081,37682.177,13308.2707
4508,105,2048,q2+q3+q4+q5,0.8421671,7752.9266,3025.5291
4508,105,2048,q2+q3+q4+q6,0.78945823,21162.4774,8350.7228
4508,105,2048,q2+q3+q5+q6,0.66313316,28999.795,11118.0712
4508,105,2048,q2+q4+q5+q6,0.66313316,30666.8498,11318.7328
4508,105,2048,q3+q4+q5+q6,0.70524152,29447.1738,10366.5174
4508,105,2048,q1+q2+q3+q4+q5,0.92638381,7066.6129,2846.1118
4508,105,2048,q1+q2+q3+q4+q6,0.87367494,19142.1629,7805.0617
4508,105,2048,q1+q2+q3+q5+q6,0.74734987,25754.8206,10283.3766
4508,105,2048,q1+q2+q4+q5+q6,0.74734987,27234.0198,10498.1819
4508,105,2048,q1+q3+q4+q5+q6,0.78945823,26327.5559,9688.0501
4508,105,2048,q2+q3+q4+q5+q6,0.91578329,22813.9268,8625.8372
4508,105,2048,q1+q2+q3+q4+q5+q6,1.0,20909.749,8154.6186
4508,105,2048,all,1.0,20909.749,8154.6186
4509,105,2049,q1,0.08421671,203.4423,123.9105
4509,105,2049,q2,0.21054177,616.6433,297.5308
4509,105,2049,q3,0.25265013,2299.7393,873.3954
4509,105,2049,q4,0.25265013,7011.8689,2266.5319
4509,105,2049,q5,0.12632506,32757.369,9050.8763
4509,105,2049,q6,0.07361619,215578.5542,51614.3793
4509,105,2049,q1+q2,0.29475848,498.5859,255.7529
4509,105,2049,q1+q3,0.33686684,1775.665,744.4235
4509,105,2049,q1+q4,0.33686684,5309.7622,1944.4665
4509,105,2049,q1+q5,0.21054177,19735.7983,6978.0005
4509,105,2049,q1+q6,0.1578329,100658.3877,35641.9195
4509,105,2049,q2+q3,0.4631919,1534.6957,645.2912
4509,105,2049,q2+q4,0.4631919,4104.9482,1561.1074
4509,105,2049,q2+q5,0.33686684,12669.4154,4776.3094
4509,105,2049,q2+q6,0.28415797,56306.362,21510.1782
4509,105,2049,q3+q4,0.50530026,4655.8041,1625.9826
4509,105,2049,q3+q5,0.37897519,12452.2825,4204.2706
4509,105,2049,q3+q6,0.32626632,50422.31,16912.3442
4509,105,2049,q4+q5,0.37897519,15593.7023,4770.3894
4509,105,2049,q4+q6,0.32626632,54071.2313,16198.5521
4509,105,2049,q5+q6,0.19994126,100070.137,26165.5374
4509,105,2049,q1+q2+q3,0.54740861,1329.8874,587.1469
4509,105,2049,q1+q2+q4,0.54740861,3504.7165,1414.5825
4509,105,2049,q1+q2+q5,0.42108355,10176.2208,4152.8605
4509,105,2049,q1+q2+q6,0.36837468,43480.2813,18157.8359
4509,105,2049,q1+q3+q4,0.58951697,4019.7524,1494.9572
4509,105,2049,q1+q3+q5,0.4631919,10225.2207,3756.7542
4509,105,2049,q1+q3+q6,0.41048303,40119.161,14822.913
4509,105,2049,q1+q4+q5,0.4631919,12795.4732,4303.8433
4509,105,2049,q1+q4+q6,0.41048303,43019.4518,14387.6223
4509,105,2049,q1+q5+q6,0.28415797,70472.3588,22177.7007
4509,105,2049,q2+q3+q4,0.71584203,3467.8156,1318.1711
4509,105,2049,q2+q3+q5,0.58951697,8225.2685,3110.6631
4509,105,2049,q2+q3+q6,0.5368081,30888.0043,11767.1788
4509,105,2049,q2+q4+q5,0.58951697,10244.7526,3605.2798
4509,105,2049,q2+q4+q6,0.5368081,33105.7803,11650.0353
4509,105,2049,q2+q5+q6,0.41048303,49059.2218,16767.2411
4509,105,2049,q3+q4+q5,0.63162532,10276.1171,3408.8364
4509,105,2049,q3+q4+q6,0.57891645,31477.1693,10387.1837
4509,105,2049,q3+q5+q6,0.45259139,45491.7592,14398.7393
4509,105,2049,q4+q5+q6,0.45259139,48122.2117,14085.149
4509,105,2049,q1+q2+q3+q4,0.80005874,3124.1974,1236.4831
4509,105,2049,q1+q2+q3+q5,0.67373368,7222.5402,2867.3151
4509,105,2049,q1+q2+q3+q6,0.62102481,26726.8937,10726.7398
4509,105,2049,q1+q2+q4+q5,0.67373368,8989.5888,3339.8326
4509,105,2049,q1+q2+q4+q6,0.62102481,28643.9188,10692.0997
4509,105,2049,q1+q2+q5+q6,0.49469974,40742.1101,15048.9646
4509,105,2049,q1+q3+q4+q5,0.71584203,9091.0965,3186.4393
4509,105,2049,q1+q3+q4+q6,0.66313316,27505.4627,9637.3656
4509,105,2049,q1+q3+q5+q6,0.5368081,38386.7377,13140.1016
4509,105,2049,q1+q4+q5+q6,0.5368081,40604.5138,12939.1901
4509,105,2049,q2+q3+q4+q5,0.8421671,7861.2486,2828.7553
4509,105,2049,q2+q3+q4+q6,0.78945823,23246.9303,8377.4678
4509,105,2049,q2+q3+q5+q6,0.66313316,31244.1132,11101.74
4509,105,2049,q2+q4+q5+q6,0.66313316,33039.4089,11050.6638
4509,105,2049,q3+q4+q5+q6,0.70524152,31706.4827,10110.923
4509,105,2049,q1+q2+q3+q4+q5,0.92638381,7165.0844,2677.8687
4509,105,2049,q1+q2+q3+q4+q6,0.87367494,21025.6845,7887.4529
4509,105,2049,q1+q2+q3+q5+q6,0.74734987,27746.2291,10344.5066
4509,105,2049,q1+q2+q4+q5+q6,0.74734987,29339.2182,10338.3041
4509,105,2049,q1+q3+q4+q5+q6,0.78945823,28345.8458,9523.2527
4509,105,2049,q2+q3+q4+q5+q6,0.91578329,24558.8201,8493.7426
4509,105,2049,q1+q2+q3+q4+q5+q6,1.0,22507.6903,8078.3672
4509,105,2049,all,1.0,22507.6903,8078.3672
4510,105,2050,q1,0.08421671,199.8907,124.9292
4510,105,2050,q2,0.21054177,634.923,306.7308
4510,105,2050,q3,0.25265013,2146.5931,914.931
4510,105,2050,q4,0.25265013,6606.4252,2377.6733
4510,105,2050,q5,0.12632506,31727.854,9435.3298
4510,105,2050,q6,0.07361619,192827.9562,50951.9084
4510,105,2050,q1+q2,0.29475848,510.628,263.7949
4510,105,2050,q1+q3,0.33686684,1659.9175,768.6072
4510,105,2050,q1+q4,0.33686684,5004.7916,2014.891
4510,105,2050,q1+q5,0.21054177,19116.6687,7193.1754
4510,105,2050,q1+q6,0.1578329,90045.1919,34382.6628
4510,105,2050,q2+q3,0.4631919,1459.4703,657.2327
4510,105,2050,q2+q4,0.4631919,3892.106,1584.441
4510,105,2050,q2+q5,0.33686684,12294.7721,4812.5535
4510,105,2050,q2+q6,0.28415797,50425.9576,20056.8575
4510,105,2050,q3+q4,0.50530026,4376.5092,1708.0041
4510,105,2050,q3+q5,0.37897519,12007.0134,4471.8714
4510,105,2050,q3+q6,0.32626632,45170.4508,16913.2509
4510,105,2050,q4+q5,0.37897519,14980.2348,5038.3563
4510,105,2050,q4+q6,0.32626632,48624.0011,16178.2996
4510,105,2050,q5+q6,0.19994126,91043.1559,25879.3591
4510,105,2050,q1+q2+q3,0.54740861,1265.6888,595.5754
4510,105,2050,q1+q2+q4,0.54740861,3324.0729,1429.8954
4510,105,2050,q1+q2+q5,0.42108355,9875.7958,4177.9498
4510,105,2050,q1+q2+q6,0.36837468,38943.4254,16893.9678
4510,105,2050,q1+q3+q4,0.58951697,3779.8494,1558.7789
4510,105,2050,q1+q3+q5,0.4631919,9860.2638,3963.5424
4510,105,2050,q1+q3+q6,0.41048303,35944.0703,14664.7796
4510,105,2050,q1+q4+q5,0.4631919,12292.8995,4513.5333
4510,105,2050,q1+q4+q6,0.41048303,38689.0733,14238.826
4510,105,2050,q1+q5+q6,0.28415797,64119.6774,21738.7652
4510,105,2050,q2+q3+q4,0.71584203,3276.0426,1355.1176
4510,105,2050,q2+q3+q5,0.58951697,7945.5525,3222.8886
4510,105,2050,q2+q3+q6,0.5368081,27703.1489,11376.6197
4510,105,2050,q2+q4+q5,0.58951697,9856.9091,3718.6876
4510,105,2050,q2+q4+q6,0.5368081,29802.1805,11294.7838
4510,105,2050,q2+q5+q6,0.41048303,44671.6658,16096.2817
4510,105,2050,q3+q4+q5,0.63162532,9846.7781,3616.9273
4510,105,2050,q3+q4+q6,0.57891645,28340.3779,10427.8263
4510,105,2050,q3+q5+q6,0.45259139,41418.4198,14462.5077
4510,105,2050,q4+q5+q6,0.45259139,43908.0322,14140.1826
4510,105,2050,q1+q2+q3+q4,0.80005874,2952.2372,1266.2497
4510,105,2050,q1+q2+q3+q5,0.67373368,6977.3448,2960.031
4510,105,2050,q1+q2+q3+q6,0.62102481,23973.4526,10325.1393
4510,105,2050,q1+q2+q4+q5,0.67373368,8649.7818,3433.3855
4510,105,2050,q1+q2+q4+q6,0.62102481,25787.8361,10324.4573
4510,105,2050,q1+q2+q5+q6,0.49469974,37100.8784,14406.9502
4510,105,2050,q1+q3+q4+q5,0.71584203,8711.8502,3363.168
4510,105,2050,q1+q3+q4+q6,0.66313316,24766.587,9615.0501
4510,105,2050,q1+q3+q5+q6,0.5368081,34951.8837,13112.3241
4510,105,2050,q1+q4+q5+q6,0.5368081,37050.9153,12913.9598
4510,105,2050,q2+q3+q4+q5,0.8421671,7543.8143,2947.6045
4510,105,2050,q2+q3+q4+q6,0.78945823,20951.5694,8232.4346
4510,105,2050,q2+q3+q5+q6,0.66313316,28469.8443,10900.4916
4510,105,2050,q2+q4+q5+q6,0.66313316,30169.016,10865.7834
4510,105,2050,q3+q4+q5+q6,0.70524152,28947.1532,10216.8302
4510,105,2050,q1+q2+q3+q4+q5,0.92638381,6876.1849,2781.5191
4510,105,2050,q1+q2+q3+q4+q6,0.87367494,18951.2395,7722.8632
4510,105,2050,q1+q2+q3+q5+q6,0.74734987,25284.1844,10122.6549
4510,105,2050,q1+q2+q4+q5+q6,0.74734987,26791.8814,10133.3129
4510,105,2050,q1+q3+q4+q5+q6,0.78945823,25880.4933,9579.2569
4510,105,2050,q2+q3+q4+q5+q6,0.91578329,22438.0726,8442.3707
4510,105,2050,q1+q2+q3+q4+q5+q6,1.0,20565.2461,8006.0545
4510,105,2050,all,1.0,20565.2461,8006.0545
5601,104,2031,q1,0.0808154,202.7718,118.4634
5601,104,2031,q2,0.18183465,606.3839,291.5937
5601,104,2031,q3,0.34346546,2269.1077,917.4746
5601,104,2031,q4,0.24244621,6931.1108,2444.4747
5601,104,2031,q5,0.10101925,32629.7684,9587.4375
5601,104,2031,q6,0.05041903,200262.49,52043.0802
5601,104,2031,q1+q2,0.26265006,482.1956,245.2223
5601,104,2031,q1+q3,0.42428086,1875.5199,805.5812
5601,104,2031,q1+q4,0.32326161,5249.0261,2054.8272
5601,104,2031,q1+q5,0.18183465,18217.7699,6870.6916
5601,104,2031,q1+q6,0.13123443,77063.8269,30430.6478
5601,104,2031,q2+q3,0.52530011,1693.5495,724.6856
5601,104,2031,q2+q4,0.42428086,4220.5136,1680.4914
5601,104,2031,q2+q5,0.28285391,12043.307,4718.5172
5601,104,2031,q2+q6,0.23225368,43948.935,17840.3309
5601,104,2031,q3+q4,0.58591166,4198.2124,1600.4836
5601,104,2031,q3+q5,0.44448471,9169.2579,3415.4843
5601,104,2031,q3+q6,0.39388449,27613.1731,10423.2454
5601,104,2031,q4+q5,0.34346546,14489.5395,4825.8749
5601,104,2031,q4+q6,0.29286523,40214.6125,13361.4666
5601,104,2031,q5+q6,0.15143828,88440.4859,24902.8576
5601,104,2031,q1+q2+q3,0.60611551,1494.7791,663.2922
5601,104,2031,q1+q2+q4,0.50509626,3577.6749,1501.0117
5601,104,2031,q1+q2+q5,0.36366931,9412.0769,3978.8363
5601,104,2031,q1+q2+q6,0.31306909,32656.3356,14389.8756
5601,104,2031,q1+q3+q4,0.66672706,3713.9166,1478.1073
5601,104,2031,q1+q3+q5,0.52530011,7789.7985,3072.9805
5601,104,2031,q1+q3+q6,0.47469989,22946.6825,9217.0707
5601,104,2031,q1+q4+q5,0.42428086,11768.2504,4269.1102
5601,104,2031,q1+q4+q6,0.37368064,31561.3063,11565.0898
5601,104,2031,q1+q5+q6,0.23225368,57737.1351,19832.3433
5601,104,2031,q2+q3+q4,0.76774632,3347.5162,1342.0357
5601,104,2031,q2+q3+q5,0.62631936,6683.2622,2663.7678
5601,104,2031,q2+q3+q6,0.57571914,19083.3713,7728.3243
5601,104,2031,q2+q4+q5,0.52530011,9683.8318,3609.3333
5601,104,2031,q2+q4+q6,0.47469989,25042.6087,9437.8154
5601,104,2031,q2+q5+q6,0.33327294,40517.9521,14742.5724
5601,104,2031,q3+q4+q5,0.68693091,8379.3236,3060.5604
5601,104,2031,q3+q4+q6,0.63633069,19733.1705,7254.4539
5601,104,2031,q3+q5+q6,0.49490374,28637.1555,10216.1088
5601,104,2031,q4+q5+q6,0.39388449,38269.3334,12302.4727
5601,104,2031,q1+q2+q3+q4,0.84856172,3048.0167,1259.6065
5601,104,2031,q1+q2+q3+q5,0.70713477,5942.6347,2457.8336
5601,104,2031,q1+q2+q3+q6,0.65653454,16759.2846,7053.5069
5601,104,2031,q1+q2+q4+q5,0.60611551,8419.6905,3297.3281
5601,104,2031,q1+q2+q4+q6,0.55551529,21428.9522,8515.6208
5601,104,2031,q1+q2+q5+q6,0.41408834,32649.8544,12823.7771
5601,104,2031,q1+q3+q4+q5,0.76774632,7518.6339,2858.9884
5601,104,2031,q1+q3+q4+q6,0.71714609,17532.2842,6726.3661
5601,104,2031,q1+q3+q5+q6,0.57571914,24645.7368,9300.5355
5601,104,2031,q1+q4+q5+q6,0.47469989,31788.682,11066.4552
5601,104,2031,q2+q3+q4+q5,0.86876557,6752.4293,2597.0299
5601,104,2031,q2+q3+q4+q6,0.81816535,15482.3028,6006.0712
5601,104,2031,q2+q3+q5+q6,0.67673839,21105.4923,8090.3788
5601,104,2031,q2+q4+q5+q6,0.57571914,26373.8988,9469.8982
5601,104,2031,q3+q4+q5+q6,0.73734994,21500.0448,7641.0592
5601,104,2031,q1+q2+q3+q4+q5,0.94958097,6195.0116,2454.0026
5601,104,2031,q1+q2+q3+q4+q6,0.89898075,14108.7234,5643.6776
5601,104,2031,q1+q2+q3+q5+q6,0.75755379,18875.6021,7511.1225
5601,104,2031,q1+q2+q4+q5+q6,0.65653454,23152.3925,8727.1923
5601,104,2031,q1+q3+q4+q5+q6,0.81816535,19396.3775,7170.8469
5601,104,2031,q2+q3+q4+q5+q6,0.9191846,17366.8254,6508.0583
5601,104,2031,q1+q2+q3+q4+q5+q6,1.0,15979.7055,6166.9498
5601,104,2031,all,1.0,15979.7055,6166.9498
5602,104,2031,q1,0.0808154,202.7718,118.4634
5602,104,2031,q2,0.18183465,606.3839,291.5937
5602,104,2031,q3,0.34346546,2269.1077,917.4746
5602,104,2031,q4,0.24244621,6931.1108,2444.4747
5602,104,2031,q5,0.10101925,32629.7684,9587.4375
5602,104,2031,q6,0.05041903,200262.49,52043.0802
5602,104,2031,q1+q2,0.26265006,482.1956,245.2223
5602,104,2031,q1+q3,0.42428086,1875.5199,805.5812
5602,104,2031,q1+q4,0.32326161,5249.0261,2054.8272
5602,104,2031,q1+q5,0.18183465,18217.7699,6870.6916
5602,104,2031,q1+q6,0.13123443,77063.8269,30430.6478
5602,104,2031,q2+q3,0.52530011,1693.5495,724.6856
5602,104,2031,q2+q4,0.42428086,4220.5136,1680.4914
5602,104,2031,q2+q5,0.28285391,12043.307,4718.5172
5602,104,2031,q2+q6,0.23225368,43948.935,17840.3309
5602,104,2031,q3+q4,0.58591166,4198.2124,1600.4836
5602,104,2031,q3+q5,0.44448471,9169.2579,3415.4843
5602,104,2031,q3+q6,0.39388449,27613.1731,10423.2454
5602,104,2031,q4+q5,0.34346546,14489.5395,4825.8749
5602,104,2031,q4+q6,0.29286523,40214.6125,13361.4666
5602,104,2031,q5+q6,0.15143828,88440.4859,24902.8576
5602,104,2031,q1+q2+q3,0.60611551,1494.7791,663.2922
5602,104,2031,q1+q2+q4,0.50509626,3577.6749,1501.0117
5602,104,2031,q1+q2+q5,0.36366931,9412.0769,3978.8363
5602,104,2031,q1+q2+q6,0.31306909,32656.3356,14389.8756
5602,104,2031,q1+q3+q4,0.66672706,3713.9166,1478.1073
5602,104,2031,q1+q3+q5,0.52530011,7789.7985,3072.9805
5602,104,2031,q1+q3+q6,0.47469989,22946.6825,9217.0707
5602,104,2031,q1+q4+q5,0.42428086,11768.2504,4269.1102
5602,104,2031,q1+q4+q6,0.37368064,31561.3063,11565.0898
5602,104,2031,q1+q5+q6,0.23225368,57737.1351,19832.3433
5602,104,2031,q2+q3+q4,0.76774632,3347.5162,1342.0357
5602,104,2031,q2+q3+q5,0.62631936,6683.2622,2663.7678
5602,104,2031,q2+q3+q6,0.57571914,19083.3713,7728.3243
5602,104,2031,q2+q4+q5,0.52530011,9683.8318,3609.3333
5602,104,2031,q2+q4+q6,0.47469989,25042.6087,9437.8154
5602,104,2031,q2+q5+q6,0.33327294,40517.9521,14742.5724
5602,104,2031,q3+q4+q5,0.68693091,8379.3236,3060.5604
5602,104,2031,q3+q4+q6,0.63633069,19733.1705,7254.4539
5602,104,2031,q3+q5+q6,0.49490374,28637.1555,10216.1088
5602,104,2031,q4+q5+q6,0.39388449,38269.3334,12302.4727
5602,104,2031,q1+q2+q3+q4,0.84856172,3048.0167,1259.6065
5602,104,2031,q1+q2+q3+q5,0.70713477,5942.6347,2457.8336
5602,104,2031,q1+q2+q3+q6,0.65653454,16759.2846,7053.5069
5602,104,2031,q1+q2+q4+q5,0.60611551,8419.6905,3297.3281
5602,104,2031,q1+q2+q4+q6,0.55551529,21428.9522,8515.6208
5602,104,2031,q1+q2+q5+q6,0.41408834,32649.8544,12823.7771
5602,104,2031,q1+q3+q4+q5,0.76774632,7518.6339,2858.9884
5602,104,2031,q1+q3+q4+q6,0.71714609,17532.2842,6726.3661
5602,104,2031,q1+q3+q5+q6,0.57571914,24645.7368,9300.5355
5602,104,2031,q1+q4+q5+q6,0.47469989,31788.682,11066.4552
5602,104,2031,q2+q3+q4+q5,0.86876557,6752.4293,2597.0299
5602,104,2031,q2+q3+q4+q6,0.81816535,15482.3028,6006.0712
5602,104,2031,q2+q3+q5+q6,0.67673839,21105.4923,8090.3788
5602,104,2031,q2+q4+q5+q6,0.57571914,26373.8988,9469.8982
5602,104,2031,q3+q4+q5+q6,0.73734994,21500.0448,7641.0592
5602,104,2031,q1+q2+q3+q4+q5,0.94958097,6195.0116,2454.0026
5602,104,2031,q1+q2+q3+q4+q6,0.89898075,14108.7234,5643.6776
5602,104,2031,q1+q2+q3+q5+q6,0.75755379,18875.6021,7511.1225
5602,104,2031,q1+q2+q4+q5+q6,0.65653454,23152.3925,8727.1923
5602,104,2031,q1+q3+q4+q5+q6,0.81816535,19396.3775,7170.8469
5602,104,2031,q2+q3+q4+q5+q6,0.9191846,17366.8254,6508.0583
5602,104,2031,q1+q2+q3+q4+q5+q6,1.0,15979.7055,6166.9498
5602,104,2031,all,1.0,15979.7055,6166.9498
5603,104,2031,q1,0.0808154,202.7718,118.4634
5603,104,2031,q2,0.18183465,606.3839,291.5937
5603,104,2031,q3,0.34346546,2269.1077,917.4746
5603,104,2031,q4,0.24244621,6931.1108,2444.4747
5603,104,2031,q5,0.10101925,32629.7684,9587.4375
5603,104,2031,q6,0.05041903,200262.49,52043.0802
5603,104,2031,q1+q2,0.26265006,482.1956,245.2223
5603,104,2031,q1+q3,0.42428086,1875.5199,805.5812
5603,104,2031,q1+q4,0.32326161,5249.0261,2054.8272
5603,104,2031,q1+q5,0.18183465,18217.7699,6870.6916
5603,104,2031,q1+q6,0.13123443,77063.8269,30430.6478
5603,104,2031,q2+q3,0.52530011,1693.5495,724.6856
5603,104,2031,q2+q4,0.42428086,4220.5136,1680.4914
5603,104,2031,q2+q5,0.28285391,12043.307,4718.5172
5603,104,2031,q2+q6,0.23225368,43948.935,17840.3309
5603,104,2031,q3+q4,0.58591166,4198.2124,1600.4836
5603,104,2031,q3+q5,0.44448471,9169.2579,3415.4843
5603,104,2031,q3+q6,0.39388449,27613.1731,10423.2454
5603,104,2031,q4+q5,0.34346546,14489.5395,4825.8749
5603,104,2031,q4+q6,0.29286523,40214.6125,13361.4666
5603,104,2031,q5+q6,0.15143828,88440.4859,24902.8576
5603,104,2031,q1+q2+q3,0.60611551,1494.7791,663.2922
5603,104,2031,q1+q2+q4,0.50509626,3577.6749,1501.0117
5603,104,2031,q1+q2+q5,0.36366931,9412.0769,3978.8363
5603,104,2031,q1+q2+q6,0.31306909,32656.3356,14389.8756
5603,104,2031,q1+q3+q4,0.66672706,3713.9166,1478.1073
5603,104,2031,q1+q3+q5,0.52530011,7789.7985,3072.9805
5603,104,2031,q1+q3+q6,0.47469989,22946.6825,9217.0707
5603,104,2031,q1+q4+q5,0.42428086,11768.2504,4269.1102
5603,104,2031,q1+q4+q6,0.37368064,31561.3063,11565.0898
5603,104,2031,q1+q5+q6,0.23225368,57737.1351,19832.3433
5603,104,2031,q2+q3+q4,0.76774632,3347.5162,1342.0357
5603,104,2031,q2+q3+q5,0.62631936,6683.2622,2663.7678
5603,104,2031,q2+q3+q6,0.57571914,19083.3713,7728.3243
5603,104,2031,q2+q4+q5,0.52530011,9683.8318,3609.3333
5603,104,2031,q2+q4+q6,0.47469989,25042.6087,9437.8154
5603,104,2031,q2+q5+q6,0.33327294,40517.9521,14742.5724
5603,104,2031,q3+q4+q5,0.68693091,8379.3236,3060.5604
5603,104,2031,q3+q4+q6,0.63633069,19733.1705,7254.4539
5603,104,2031,q3+q5+q6,0.49490374,28637.1555,10216.1088
5603,104,2031,q4+q5+q6,0.39388449,38269.3334,12302.4727
5603,104,2031,q1+q2+q3+q4,0.84856172,3048.0167,1259.6065
5603,104,2031,q1+q2+q3+q5,0.70713477,5942.6347,2457.8336
5603,104,2031,q1+q2+q3+q6,0.65653454,16759.2846,7053.5069
5603,104,2031,q1+q2+q4+q5,0.60611551,8419.6905,3297.3281
5603,104,2031,q1+q2+q4+q6,0.55551529,21428.9522,8515.6208
5603,104,2031,q1+q2+q5+q6,0.41408834,32649.8544,12823.7771
5603,104,2031,q1+q3+q4+q5,0.76774632,7518.6339,2858.9884
5603,104,2031,q1+q3+q4+q6,0.71714609,17532.2842,6726.3661
5603,104,2031,q1+q3+q5+q6,0.57571914,24645.7368,9300.5355
5603,104,2031,q1+q4+q5+q6,0.47469989,31788.682,11066.4552
5603,104,2031,q2+q3+q4+q5,0.86876557,6752.4293,2597.0299
5603,104,2031,q2+q3+q4+q6,0.81816535,15482.3028,6006.0712
5603,104,2031,q2+q3+q5+q6,0.67673839,21105.4923,8090.3788
5603,104,2031,q2+q4+q5+q6,0.57571914,26373.8988,9469.8982
5603,104,2031,q3+q4+q5+q6,0.73734994,21500.0448,7641.0592
5603,104,2031,q1+q2+q3+q4+q5,0.94958097,6195.0116,2454.0026
5603,104,2031,q1+q2+q3+q4+q6,0.89898075,14108.7234,5643.6776
5603,104,2031,q1+q2+q3+q5+q6,0.75755379,18875.6021,7511.1225
5603,104,2031,q1+q2+q4+q5+q6,0.65653454,23152.3925,8727.1923
5603,104,2031,q1+q3+q4+q5+q6,0.81816535,19396.3775,7170.8469
5603,104,2031,q2+q3+q4+q5+q6,0.9191846,17366.8254,6508.0583
5603,104,2031,q1+q2+q3+q4+q5+q6,1.0,15979.7055,6166.9498
5603,104,2031,all,1.0,15979.7055,6166.9498
5604,104,2031,q1,0.0808154,202.7718,118.4634
5604,104,2031,q2,0.18183465,606.3839,291.5937
5604,104,2031,q3,0.34346546,2269.1077,917.4746
5604,104,2031,q4,0.24244621,6931.1108,2444.4747
5604,104,2031,q5,0.10101925,32629.7684,9587.4375
5604,104,2031,q6,0.05041903,200262.49,52043.0802
5604,104,2031,q1+q2,0.26265006,482.1956,245.2223
5604,104,2031,q1+q3,0.42428086,1875.5199,805.5812
5604,104,2031,q1+q4,0.32326161,5249.0261,2054.8272
5604,104,2031,q1+q5,0.18183465,18217.7699,6870.6916
5604,104,2031,q1+q6,0.13123443,77063.8269,30430.6478
5604,104,2031,q2+q3,0.52530011,1693.5495,724.6856
5604,104,2031,q2+q4,0.42428086,4220.5136,1680.4914
5604,104,2031,q2+q5,0.28285391,12043.307,4718.5172
5604,104,2031,q2+q6,0.23225368,43948.935,17840.3309
5604,104,2031,q3+q4,0.58591166,4198.2124,1600.4836
5604,104,2031,q3+q5,0.44448471,9169.2579,3415.4843
5604,104,2031,q3+q6,0.39388449,27613.1731,10423.2454
5604,104,2031,q4+q5,0.34346546,14489.5395,4825.8749
5604,104,2031,q4+q6,0.29286523,40214.6125,13361.4666
5604,104,2031,q5+q6,0.15143828,88440.4859,24902.8576
5604,104,2031,q1+q2+q3,0.60611551,1494.7791,663.2922
5604,104,2031,q1+q2+q4,0.50509626,3577.6749,1501.0117
5604,104,2031,q1+q2+q5,0.36366931,9412.0769,3978.8363
5604,104,2031,q1+q2+q6,0.31306909,32656.3356,14389.8756
5604,104,2031,q1+q3+q4,0.66672706,3713.9166,1478.1073
5604,104,2031,q1+q3+q5,0.52530011,7789.7985,3072.9805
5604,104,2031,q1+q3+q6,0.47469989,22946.6825,9217.0707
5604,104,2031,q1+q4+q5,0.42428086,11768.2504,4269.1102
5604,104,2031,q1+q4+q6,0.37368064,31561.3063,11565.0898
5604,104,2031,q1+q5+q6,0.23225368,57737.1351,19832.3433
5604,104,2031,q2+q3+q4,0.76774632,3347.5162,1342.0357
5604,104,2031,q2+q3+q5,0.62631936,6683.2622,2663.7678
5604,104,2031,q2+q3+q6,0.57571914,19083.3713,7728.3243
5604,104,2031,q2+q4+q5,0.52530011,9683.8318,3609.3333
5604,104,2031,q2+q4+q6,0.47469989,25042.6087,9437.8154
5604,104,2031,q2+q5+q6,0.33327294,40517.9521,14742.5724
5604,104,2031,q3+q4+q5,0.68693091,8379.3236,3060.5604
5604,104,2031,q3+q4+q6,0.63633069,19733.1705,7254.4539
5604,104,2031,q3+q5+q6,0.49490374,28637.1555,10216.1088
5604,104,2031,q4+q5+q6,0.39388449,38269.3334,12302.4727
5604,104,2031,q1+q2+q3+q4,0.84856172,3048.0167,1259.6065
5604,104,2031,q1+q2+q3+q5,0.70713477,5942.6347,2457.8336
5604,104,2031,q1+q2+q3+q6,0.65653454,16759.2846,7053.5069
5604,104,2031,q1+q2+q4+q5,0.60611551,8419.6905,3297.3281
5604,104,2031,q1+q2+q4+q6,0.55551529,21428.9522,8515.6208
5604,104,2031,q1+q2+q5+q6,0.41408834,32649.8544,12823.7771
5604,104,2031,q1+q3+q4+q5,0.76774632,7518.6339,2858.9884
5604,104,2031,q1+q3+q4+q6,0.71714609,17532.2842,6726.3661
5604,104,2031,q1+q3+q5+q6,0.57571914,24645.7368,9300.5355
5604,104,2031,q1+q4+q5+q6,0.47469989,31788.682,11066.4552
5604,104,2031,q2+q3+q4+q5,0.86876557,6752.4293,2597.0299
5604,104,2031,q2+q3+q4+q6,0.81816535,15482.3028,6006.0712
5604,104,2031,q2+q3+q5+q6,0.67673839,21105.4923,8090.3788
5604,104,2031,q2+q4+q5+q6,0.57571914,26373.8988,9469.8982
5604,104,2031,q3+q4+q5+q6,0.73734994,21500.0448,7641.0592
5604,104,2031,q1+q2+q3+q4+q5,0.94958097,6195.0116,2454.0026
5604,104,2031,q1+q2+q3+q4+q6,0.89898075,14108.7234,5643.6776
5604,104,2031,q1+q2+q3+q5+q6,0.75755379,18875.6021,7511.1225
5604,104,2031,q1+q2+q4+q5+q6,0.65653454,23152.3925,8727.1923
5604,104,2031,q1+q3+q4+q5+q6,0.81816535,19396.3775,7170.8469
5604,104,2031,q2+q3+q4+q5+q6,0.9191846,17366.8254,6508.0583
5604,104,2031,q1+q2+q3+q4+q5+q6,1.0,15979.7055,6166.9498
5604,104,2031,all,1.0,15979.7055,6166.9498
5605,104,2031,q1,0.0808154,202.7718,118.4634
5605,104,2031,q2,0.18183465,606.3839,291.5937
5605,104,2031,q3,0.34346546,2269.1077,917.4746
5605,104,2031,q4,0.24244621,6931.1108,2444.4747
5605,104,2031,q5,0.10101925,32629.7684,9587.4375
5605,104,2031,q6,0.05041903,200262.49,52043.0802
5605,104,2031,q1+q2,0.26265006,482.1956,245.2223
5605,104,2031,q1+q3,0.42428086,1875.5199,805.5812
5605,104,2031,q1+q4,0.32326161,5249.0261,2054.8272
5605,104,2031,q1+q5,0.18183465,18217.7699,6870.6916
5605,104,2031,q1+q6,0.13123443,77063.8269,30430.6478
5605,104,2031,q2+q3,0.52530011,1693.5495,724.6856
5605,104,2031,q2+q4,0.42428086,4220.5136,1680.4914
5605,104,2031,q2+q5,0.28285391,12043.307,4718.5172
5605,104,2031,q2+q6,0.23225368,43948.935,17840.3309
5605,104,2031,q3+q4,0.58591166,4198.2124,1600.4836
5605,104,2031,q3+q5,0.44448471,9169.2579,3415.4843
5605,104,2031,q3+q6,0.39388449,27613.1731,10423.2454
5605,104,2031,q4+q5,0.34346546,14489.5395,4825.8749
5605,104,2031,q4+q6,0.29286523,40214.6125,13361.4666
5605,104,2031,q5+q6,0.15143828,88440.4859,24902.8576
5605,104,2031,q1+q2+q3,0.60611551,1494.7791,663.2922
5605,104,2031,q1+q2+q4,0.50509626,3577.6749,1501.0117
5605,104,2031,q1+q2+q5,0.36366931,9412.0769,3978.8363
5605,104,2031,q1+q2+q6,0.31306909,32656.3356,14389.8756
5605,104,2031,q1+q3+q4,0.66672706,3713.9166,1478.1073
5605,104,2031,q1+q3+q5,0.52530011,7789.7985,3072.9805
5605,104,2031,q1+q3+q6,0.47469989,22946.6825,9217.0707
5605,104,2031,q1+q4+q5,0.42428086,11768.2504,4269.1102
5605,104,2031,q1+q4+q6,0.37368064,31561.3063,11565.0898
5605,104,2031,q1+q5+q6,0.23225368,57737.1351,19832.3433
5605,104,2031,q2+q3+q4,0.76774632,3347.5162,1342.0357
5605,104,2031,q2+q3+q5,0.62631936,6683.2622,2663.7678
5605,104,2031,q2+q3+q6,0.57571914,19083.3713,7728.3243
5605,104,2031,q2+q4+q5,0.52530011,9683.8318,3609.3333
5605,104,2031,q2+q4+q6,0.47469989,25042.6087,9437.8154
5605,104,2031,q2+q5+q6,0.33327294,40517.9521,14742.5724
5605,104,2031,q3+q4+q5,0.68693091,8379.3236,3060.5604
5605,104,2031,q3+q4+q6,0.63633069,19733.1705,7254.4539
5605,104,2031,q3+q5+q6,0.49490374,28637.1555,10216.1088
5605,104,2031,q4+q5+q6,0.39388449,38269.3334,12302.4727
5605,104,2031,q1+q2+q3+q4,0.84856172,3048.0167,1259.6065
5605,104,2031,q1+q2+q3+q5,0.70713477,5942.6347,2457.8336
5605,104,2031,q1+q2+q3+q6,0.65653454,16759.2846,7053.5069
5605,104,2031,q1+q2+q4+q5,0.60611551,8419.6905,3297.3281
5605,104,2031,q1+q2+q4+q6,0.55551529,21428.9522,8515.6208
5605,104,2031,q1+q2+q5+q6,0.41408834,32649.8544,12823.7771
5605,104,2031,q1+q3+q4+q5,0.76774632,7518.6339,2858.9884
5605,104,2031,q1+q3+q4+q6,0.71714609,17532.2842,6726.3661
5605,104,2031,q1+q3+q5+q6,0.57571914,24645.7368,9300.5355
5605,104,2031,q1+q4+q5+q6,0.47469989,31788.682,11066.4552
5605,104,2031,q2+q3+q4+q5,0.86876557,6752.4293,2597.0299
5605,104,2031,q2+q3+q4+q6,0.81816535,15482.3028,6006.0712
5605,104,2031,q2+q3+q5+q6,0.67673839,21105.4923,8090.3788
5605,104,2031,q2+q4+q5+q6,0.57571914,26373.8988,9469.8982
5605,104,2031,q3+q4+q5+q6,0.73734994,21500.0448,7641.0592
5605,104,2031,q1+q2+q3+q4+q5,0.94958097,6195.0116,2454.0026
5605,104,2031,q1+q2+q3+q4+q6,0.89898075,14108.7234,5643.6776
5605,104,2031,q1+q2+q3+q5+q6,0.75755379,18875.6021,7511.1225
5605,104,2031,q1+q2+q4+q5+q6,0.65653454,23152.3925,8727.1923
5605,104,2031,q1+q3+q4+q5+q6,0.81816535,19396.3775,7170.8469
5605,104,2031,q2+q3+q4+q5+q6,0.9191846,17366.8254,6508.0583
5605,104,2031,q1+q2+q3+q4+q5+q6,1.0,15979.7055,6166.9498
5605,104,2031,all,1.0,15979.7055,6166.9498
5606,104,2031,q1,0.0808154,202.7718,118.4634
5606,104,2031,q2,0.18183465,606.3839,291.5937
5606,104,2031,q3,0.34346546,2269.1077,917.4746
5606,104,2031,q4,0.24244621,6931.1108,2444.4747
5606,104,2031,q5,0.10101925,32629.7684,9587.4375
5606,104,2031,q6,0.05041903,200262.49,52043.0802
5606,104,2031,q1+q2,0.26265006,482.1956,245.2223
5606,104,2031,q1+q3,0.42428086,1875.5199,805.5812
5606,104,2031,q1+q4,0.32326161,5249.0261,2054.8272
5606,104,2031,q1+q5,0.18183465,18217.7699,6870.6916
5606,104,2031,q1+q6,0.13123443,77063.8269,30430.6478
5606,104,2031,q2+q3,0.52530011,1693.5495,724.6856
5606,104,2031,q2+q4,0.42428086,4220.5136,1680.4914
5606,104,2031,q2+q5,0.28285391,12043.307,4718.5172
5606,104,2031,q2+q6,0.23225368,43948.935,17840.3309
5606,104,2031,q3+q4,0.58591166,4198.2124,1600.4836
5606,104,2031,q3+q5,0.44448471,9169.2579,3415.4843
5606,104,2031,q3+q6,0.39388449,27613.1731,10423.2454
5606,104,2031,q4+q5,0.34346546,14489.5395,4825.8749
5606,104,2031,q4+q6,0.29286523,40214.6125,13361.4666
5606,104,2031,q5+q6,0.15143828,88440.4859,24902.8576
5606,104,2031,q1+q2+q3,0.60611551,1494.7791,663.2922
5606,104,2031,q1+q2+q4,0.50509626,3577.6749,1501.0117
5606,104,2031,q1+q2+q5,0.36366931,9412.0769,3978.8363
5606,104,2031,q1+q2+q6,0.31306909,32656.3356,14389.8756
5606,104,2031,q1+q3+q4,0.66672706,3713.9166,1478.1073
5606,104,2031,q1+q3+q5,0.52530011,7789.7985,3072.9805
5606,104,2031,q1+q3+q6,0.47469989,22946.6825,9217.0707
5606,104,2031,q1+q4+q5,0.42428086,11768.2504,4269.1102
5606,104,2031,q1+q4+q6,0.37368064,31561.3063,11565.0898
5606,104,2031,q1+q5+q6,0.23225368,57737.1351,19832.3433
5606,104,2031,q2+q3+q4,0.76774632,3347.5162,1342.0357
5606,104,2031,q2+q3+q5,0.62631936,6683.2622,2663.7678
5606,104,2031,q2+q3+q6,0.57571914,19083.3713,7728.3243
5606,104,2031,q2+q4+q5,0.52530011,9683.8318,3609.3333
5606,104,2031,q2+q4+q6,0.47469989,25042.6087,9437.8154
5606,104,2031,q2+q5+q6,0.33327294,40517.9521,14742.5724
5606,104,2031,q3+q4+q5,0.68693091,8379.3236,3060.5604
5606,104,2031,q3+q4+q6,0.63633069,19733.1705,7254.4539
5606,104,2031,q3+q5+q6,0.49490374,28637.1555,10216.1088
5606,104,2031,q4+q5+q6,0.39388449,38269.3334,12302.4727
5606,104,2031,q1+q2+q3+q4,0.84856172,3048.0167,1259.6065
5606,104,2031,q1+q2+q3+q5,0.70713477,5942.6347,2457.8336
5606,104,2031,q1+q2+q3+q6,0.65653454,16759.2846,7053.5069
5606,104,2031,q1+q2+q4+q5,0.60611551,8419.6905,3297.3281
5606,104,2031,q1+q2+q4+q6,0.55551529,21428.9522,8515.6208
5606,104,2031,q1+q2+q5+q6,0.41408834,32649.8544,12823.7771
5606,104,2031,q1+q3+q4+q5,0.76774632,7518.6339,2858.9884
5606,104,2031,q1+q3+q4+q6,0.71714609,17532.2842,6726.3661
5606,104,2031,q1+q3+q5+q6,0.57571914,24645.7368,9300.5355
5606,104,2031,q1+q4+q5+q6,0.47469989,31788.682,11066.4552
5606,104,2031,q2+q3+q4+q5,0.86876557,6752.4293,2597.0299
5606,104,2031,q2+q3+q4+q6,0.81816535,15482.3028,6006.0712
5606,104,2031,q2+q3+q5+q6,0.67673839,21105.4923,8090.3788
5606,104,2031,q2+q4+q5+q6,0.57571914,26373.8988,9469.8982
5606,104,2031,q3+q4+q5+q6,0.73734994,21500.0448,7641.0592
5606,104,2031,q1+q2+q3+q4+q5,0.94958097,6195.0116,2454.0026
5606,104,2031,q1+q2+q3+q4+q6,0.89898075,14108.7234,5643.6776
5606,104,2031,q1+q2+q3+q5+q6,0.75755379,18875.6021,7511.1225
5606,104,2031,q1+q2+q4+q5+q6,0.65653454,23152.3925,8727.1923
5606,104,2031,q1+q3+q4+q5+q6,0.81816535,19396.3775,7170.8469
5606,104,2031,q2+q3+q4+q5+q6,0.9191846,17366.8254,6508.0583
5606,104,2031,q1+q2+q3+q4+q5+q6,1.0,15979.7055,6166.9498
5606,104,2031,all,1.0,15979.7055,6166.9498
5607,104,2031,q1,0.0808154,202.7718,118.4634
5607,104,2031,q2,0.18183465,606.3839,291.5937
5607,104,2031,q3,0.34346546,2269.1077,917.4746
5607,104,2031,q4,0.24244621,6931.1108,2444.4747
5607,104,2031,q5,0.10101925,32629.7684,9587.4375
5607,104,2031,q6,0.05041903,200262.49,52043.0802
5607,104,2031,q1+q2,0.26265006,482.1956,245.2223
5607,104,2031,q1+q3,0.42428086,1875.5199,805.5812
5607,104,2031,q1+q4,0.32326161,5249.0261,2054.8272
5607,104,2031,q1+q5,0.18183465,18217.7699,6870.6916
5607,104,2031,q1+q6,0.13123443,77063.8269,30430.6478
5607,104,2031,q2+q3,0.52530011,1693.5495,724.6856
5607,104,2031,q2+q4,0.42428086,4220.5136,1680.4914
5607,104,2031,q2+q5,0.28285391,12043.307,4718.5172
5607,104,2031,q2+q6,0.23225368,43948.935,17840.3309
5607,104,2031,q3+q4,0.58591166,4198.2124,1600.4836
5607,104,2031,q3+q5,0.44448471,9169.2579,3415.4843
5607,104,2031,q3+q6,0.39388449,27613.1731,10423.2454
5607,104,2031,q4+q5,0.34346546,14489.5395,4825.8749
5607,104,2031,q4+q6,0.29286523,40214.6125,13361.4666
5607,104,2031,q5+q6,0.15143828,88440.4859,24902.8576
5607,104,2031,q1+q2+q3,0.60611551,1494.7791,663.2922
5607,104,2031,q1+q2+q4,0.50509626,3577.6749,1501.0117
5607,104,2031,q1+q2+q5,0.36366931,9412.0769,3978.8363
5607,104,2031,q1+q2+q6,0.31306909,32656.3356,14389.8756
5607,104,2031,q1+q3+q4,0.66672706,3713.9166,1478.1073
5607,104,2031,q1+q3+q5,0.52530011,7789.7985,3072.9805
5607,104,2031,q1+q3+q6,0.47469989,22946.6825,9217.0707
5607,104,2031,q1+q4+q5,0.42428086,11768.2504,4269.1102
5607,104,2031,q1+q4+q6,0.37368064,31561.3063,11565.0898
5607,104,2031,q1+q5+q6,0.23225368,57737.1351,19832.3433
5607,104,2031,q2+q3+q4,0.76774632,3347.5162,1342.0357
5607,104,2031,q2+q3+q5,0.62631936,6683.2622,2663.7678
5607,104,2031,q2+q3+q6,0.57571914,19083.3713,7728.3243
5607,104,2031,q2+q4+q5,0.52530011,9683.8318,3609.3333
5607,104,2031,q2+q4+q6,0.47469989,25042.6087,9437.8154
5607,104,2031,q2+q5+q6,0.33327294,40517.9521,14742.5724
5607,104,2031,q3+q4+q5,0.68693091,8379.3236,3060.5604
5607,104,2031,q3+q4+q6,0.63633069,19733.1705,7254.4539
5607,104,2031,q3+q5+q6,0.49490374,28637.1555,10216.1088
5607,104,2031,q4+q5+q6,0.39388449,38269.3334,12302.4727
5607,104,2031,q1+q2+q3+q4,0.84856172,3048.0167,1259.6065
5607,104,2031,q1+q2+q3+q5,0.70713477,5942.6347,2457.8336
5607,104,2031,q1+q2+q3+q6,0.65653454,16759.2846,7053.5069
5607,104,2031,q1+q2+q4+q5,0.60611551,8419.6905,3297.3281
5607,104,2031,q1+q2+q4+q6,0.55551529,21428.9522,8515.6208
5607,104,2031,q1+q2+q5+q6,0.41408834,32649.8544,12823.7771
5607,104,2031,q1+q3+q4+q5,0.76774632,7518.6339,2858.9884
5607,104,2031,q1+q3+q4+q6,0.71714609,17532.2842,6726.3661
5607,104,2031,q1+q3+q5+q6,0.57571914,24645.7368,9300.5355
5607,104,2031,q1+q4+q5+q6,0.47469989,31788.682,11066.4552
5607,104,2031,q2+q3+q4+q5,0.86876557,6752.4293,2597.0299
5607,104,2031,q2+q3+q4+q6,0.81816535,15482.3028,6006.0712
5607,104,2031,q2+q3+q5+q6,0.67673839,21105.4923,8090.3788
5607,104,2031,q2+q4+q5+q6,0.57571914,26373.8988,9469.8982
5607,104,2031,q3+q4+q5+q6,0.73734994,21500.0448,7641.0592
5607,104,2031,q1+q2+q3+q4+q5,0.94958097,6195.0116,2454.0026
5607,104,2031,q1+q2+q3+q4+q6,0.89898075,14108.7234,5643.6776
5607,104,2031,q1+q2+q3+q5+q6,0.75755379,18875.6021,7511.1225
5607,104,2031,q1+q2+q4+q5+q6,0.65653454,23152.3925,8727.1923
5607,104,2031,q1+q3+q4+q5+q6,0.81816535,19396.3775,7170.8469
5607,104,2031,q2+q3+q4+q5+q6,0.9191846,17366.8254,6508.0583
5607,104,2031,q1+q2+q3+q4+q5+q6,1.0,15979.7055,6166.9498
5607,104,2031,all,1.0,15979.7055,6166.9498
5608,104,2031,q1,0.0808154,202.7718,118.4634
5608,104,2031,q2,0.18183465,606.3839,291.5937
5608,104,2031,q3,0.34346546,2269.1077,917.4746
5608,104,2031,q4,0.24244621,6931.1108,2444.4747
5608,104,2031,q5,0.10101925,32629.7684,9587.4375
5608,104,2031,q6,0.05041903,200262.49,52043.0802
5608,104,2031,q1+q2,0.26265006,482.1956,245.2223
5608,104,2031,q1+q3,0.42428086,1875.5199,805.5812
5608,104,2031,q1+q4,0.32326161,5249.0261,2054.8272
5608,104,2031,q1+q5,0.18183465,18217.7699,6870.6916
5608,104,2031,q1+q6,0.13123443,77063.8269,30430.6478
5608,104,2031,q2+q3,0.52530011,1693.5495,724.6856
5608,104,2031,q2+q4,0.42428086,4220.5136,1680.4914
5608,104,2031,q2+q5,0.28285391,12043.307,4718.5172
5608,104,2031,q2+q6,0.23225368,43948.935,17840.3309
5608,104,2031,q3+q4,0.58591166,4198.2124,1600.4836
5608,104,2031,q3+q5,0.44448471,9169.2579,3415.4843
5608,104,2031,q3+q6,0.39388449,27613.1731,10423.2454
5608,104,2031,q4+q5,0.34346546,14489.5395,4825.8749
5608,104,2031,q4+q6,0.29286523,40214.6125,13361.4666
5608,104,2031,q5+q6,0.15143828,88440.4859,24902.8576
5608,104,2031,q1+q2+q3,0.60611551,1494.7791,663.2922
5608,104,2031,q1+q2+q4,0.50509626,3577.6749,1501.0117
5608,104,2031,q1+q2+q5,0.36366931,9412.0769,3978.8363
5608,104,2031,q1+q2+q6,0.31306909,32656.3356,14389.8756
5608,104,2031,q1+q3+q4,0.66672706,3713.9166,1478.1073
5608,104,2031,q1+q3+q5,0.52530011,7789.7985,3072.9805
5608,104,2031,q1+q3+q6,0.47469989,22946.6825,9217.0707
5608,104,2031,q1+q4+q5,0.42428086,11768.2504,4269.1102
5608,104,2031,q1+q4+q6,0.37368064,31561.3063,11565.0898
5608,104,2031,q1+q5+q6,0.23225368,57737.1351,19832.3433
5608,104,2031,q2+q3+q4,0.76774632,3347.5162,1342.0357
5608,104,2031,q2+q3+q5,0.62631936,6683.2622,2663.7678
5608,104,2031,q2+q3+q6,0.57571914,19083.3713,7728.3243
5608,104,2031,q2+q4+q5,0.52530011,9683.8318,3609.3333
5608,104,2031,q2+q4+q6,0.47469989,25042.6087,9437.8154
5608,104,2031,q2+q5+q6,0.33327294,40517.9521,14742.5724
5608,104,2031,q3+q4+q5,0.68693091,8379.3236,3060.5604
5608,104,2031,q3+q4+q6,0.63633069,19733.1705,7254.4539
5608,104,2031,q3+q5+q6,0.49490374,28637.1555,10216.1088
5608,104,2031,q4+q5+q6,0.39388449,38269.3334,12302.4727
5608,104,2031,q1+q2+q3+q4,0.84856172,3048.0167,1259.6065
5608,104,2031,q1+q2+q3+q5,0.70713477,5942.6347,2457.8336
5608,104,2031,q1+q2+q3+q6,0.65653454,16759.2846,7053.5069
5608,104,2031,q1+q2+q4+q5,0.60611551,8419.6905,3297.3281
5608,104,2031,q1+q2+q4+q6,0.55551529,21428.9522,8515.6208
5608,104,2031,q1+q2+q5+q6,0.41408834,32649.8544,12823.7771
5608,104,2031,q1+q3+q4+q5,0.76774632,7518.6339,2858.9884
5608,104,2031,q1+q3+q4+q6,0.71714609,17532.2842,6726.3661
5608,104,2031,q1+q3+q5+q6,0.57571914,24645.7368,9300.5355
5608,104,2031,q1+q4+q5+q6,0.47469989,31788.682,11066.4552
5608,104,2031,q2+q3+q4+q5,0.86876557,6752.4293,2597.0299
5608,104,2031,q2+q3+q4+q6,0.81816535,15482.3028,6006.0712
5608,104,2031,q2+q3+q5+q6,0.67673839,21105.4923,8090.3788
5608,104,2031,q2+q4+q5+q6,0.57571914,26373.8988,9469.8982
5608,104,2031,q3+q4+q5+q6,0.73734994,21500.0448,7641.0592
5608,104,2031,q1+q2+q3+q4+q5,0.94958097,6195.0116,2454.0026
5608,104,2031,q1+q2+q3+q4+q6,0.89898075,14108.7234,5643.6776
5608,104,2031,q1+q2+q3+q5+q6,0.75755379,18875.6021,7511.1225
5608,104,2031,q1+q2+q4+q5+q6,0.65653454,23152.3925,8727.1923
5608,104,2031,q1+q3+q4+q5+q6,0.81816535,19396.3775,7170.8469
5608,104,2031,q2+q3+q4+q5+q6,0.9191846,17366.8254,6508.0583
5608,104,2031,q1+q2+q3+q4+q5+q6,1.0,15979.7055,6166.9498
5608,104,2031,all,1.0,15979.7055,6166.9498
5609,104,2031,q1,0.0808154,202.7718,118.4634
5609,104,2031,q2,0.18183465,606.3839,291.5937
5609,104,2031,q3,0.34346546,2269.1077,917.4746
5609,104,2031,q4,0.24244621,6931.1108,2444.4747
5609,104,2031,q5,0.10101925,32629.7684,9587.4375
5609,104,2031,q6,0.05041903,200262.49,52043.0802
5609,104,2031,q1+q2,0.26265006,482.1956,245.2223
5609,104,2031,q1+q3,0.42428086,1875.5199,805.5812
5609,104,2031,q1+q4,0.32326161,5249.0261,2054.8272
5609,104,2031,q1+q5,0.18183465,18217.7699,6870.6916
5609,104,2031,q1+q6,0.13123443,77063.8269,30430.6478
5609,104,2031,q2+q3,0.52530011,1693.5495,724.6856
5609,104,2031,q2+q4,0.42428086,4220.5136,1680.4914
5609,104,2031,q2+q5,0.28285391,12043.307,4718.5172
5609,104,2031,q2+q6,0.23225368,43948.935,17840.3309
5609,104,2031,q3+q4,0.58591166,4198.2124,1600.4836
5609,104,2031,q3+q5,0.44448471,9169.2579,3415.4843
5609,104,2031,q3+q6,0.39388449,27613.1731,10423.2454
5609,104,2031,q4+q5,0.34346546,14489.5395,4825.8749
5609,104,2031,q4+q6,0.29286523,40214.6125,13361.4666
5609,104,2031,q5+q6,0.15143828,88440.4859,24902.8576
5609,104,2031,q1+q2+q3,0.60611551,1494.7791,663.2922
5609,104,2031,q1+q2+q4,0.50509626,3577.6749,1501.0117
5609,104,2031,q1+q2+q5,0.36366931,9412.0769,3978.8363
5609,104,2031,q1+q2+q6,0.31306909,32656.3356,14389.8756
5609,104,2031,q1+q3+q4,0.66672706,3713.9166,1478.1073
5609,104,2031,q1+q3+q5,0.52530011,7789.7985,3072.9805
5609,104,2031,q1+q3+q6,0.47469989,22946.6825,9217.0707
5609,104,2031,q1+q4+q5,0.42428086,11768.2504,4269.1102
5609,104,2031,q1+q4+q6,0.37368064,31561.3063,11565.0898
5609,104,2031,q1+q5+q6,0.23225368,57737.1351,19832.3433
5609,104,2031,q2+q3+q4,0.76774632,3347.5162,1342.0357
5609,104,2031,q2+q3+q5,0.62631936,6683.2622,2663.7678
5609,104,2031,q2+q3+q6,0.57571914,19083.3713,7728.3243
5609,104,2031,q2+q4+q5,0.52530011,9683.8318,3609.3333
5609,104,2031,q2+q4+q6,0.47469989,25042.6087,9437.8154
5609,104,2031,q2+q5+q6,0.33327294,40517.9521,14742.5724
5609,104,2031,q3+q4+q5,0.68693091,8379.3236,3060.5604
5609,104,2031,q3+q4+q6,0.63633069,19733.1705,7254.4539
5609,104,2031,q3+q5+q6,0.49490374,28637.1555,10216.1088
5609,104,2031,q4+q5+q6,0.39388449,38269.3334,12302.4727
5609,104,2031,q1+q2+q3+q4,0.84856172,3048.0167,1259.6065
5609,104,2031,q1+q2+q3+q5,0.70713477,5942.6347,2457.8336
5609,104,2031,q1+q2+q3+q6,0.65653454,16759.2846,7053.5069
5609,104,2031,q1+q2+q4+q5,0.60611551,8419.6905,3297.3281
5609,104,2031,q1+q2+q4+q6,0.55551529,21428.9522,8515.6208
5609,104,2031,q1+q2+q5+q6,0.41408834,32649.8544,12823.7771
5609,104,2031,q1+q3+q4+q5,0.76774632,7518.6339,2858.9884
5609,104,2031,q1+q3+q4+q6,0.71714609,17532.2842,6726.3661
5609,104,2031,q1+q3+q5+q6,0.57571914,24645.7368,9300.5355
5609,104,2031,q1+q4+q5+q6,0.47469989,31788.682,11066.4552
5609,104,2031,q2+q3+q4+q5,0.86876557,6752.4293,2597.0299
5609,104,2031,q2+q3+q4+q6,0.81816535,15482.3028,6006.0712
5609,104,2031,q2+q3+q5+q6,0.67673839,21105.4923,8090.3788
5609,104,2031,q2+q4+q5+q6,0.57571914,26373.8988,9469.8982
5609,104,2031,q3+q4+q5+q6,0.73734994,21500.0448,7641.0592
5609,104,2031,q1+q2+q3+q4+q5,0.94958097,6195.0116,2454.0026
5609,104,2031,q1+q2+q3+q4+q6,0.89898075,14108.7234,5643.6776
5609,104,2031,q1+q2+q3+q5+q6,0.75755379,18875.6021,7511.1225
5609,104,2031,q1+q2+q4+q5+q6,0.65653454,23152.3925,8727.1923
5609,104,2031,q1+q3+q4+q5+q6,0.81816535,19396.3775,7170.8469
5609,104,2031,q2+q3+q4+q5+q6,0.9191846,17366.8254,6508.0583
5609,104,2031,q1+q2+q3+q4+q5+q6,1.0,15979.7055,6166.9498
5609,104,2031,all,1.0,15979.7055,6166.9498
5610,104,2031,q1,0.0808154,202.7718,118.4634
5610,104,2031,q2,0.18183465,606.3839,291.5937
5610,104,2031,q3,0.34346546,2269.1077,917.4746
5610,104,2031,q4,0.24244621,6931.1108,2444.4747
5610,104,2031,q5,0.10101925,32629.7684,9587.4375
5610,104,2031,q6,0.05041903,200262.49,52043.0802
5610,104,2031,q1+q2,0.26265006,482.1956,245.2223
5610,104,2031,q1+q3,0.42428086,1875.5199,805.5812
5610,104,2031,q1+q4,0.32326161,5249.0261,2054.8272
5610,104,2031,q1+q5,0.18183465,18217.7699,6870.6916
5610,104,2031,q1+q6,0.13123443,77063.8269,30430.6478
5610,104,2031,q2+q3,0.52530011,1693.5495,724.6856
5610,104,2031,q2+q4,0.42428086,4220.5136,1680.4914
5610,104,2031,q2+q5,0.28285391,12043.307,4718.5172
5610,104,2031,q2+q6,0.23225368,43948.935,17840.3309
5610,104,2031,q3+q4,0.58591166,4198.2124,1600.4836
5610,104,2031,q3+q5,0.44448471,9169.2579,3415.4843
5610,104,2031,q3+q6,0.39388449,27613.1731,10423.2454
5610,104,2031,q4+q5,0.34346546,14489.5395,4825.8749
5610,104,2031,q4+q6,0.29286523,40214.6125,13361.4666
5610,104,2031,q5+q6,0.15143828,88440.4859,24902.8576
5610,104,2031,q1+q2+q3,0.60611551,1494.7791,663.2922
5610,104,2031,q1+q2+q4,0.50509626,3577.6749,1501.0117
5610,104,2031,q1+q2+q5,0.36366931,9412.0769,3978.8363
5610,104,2031,q1+q2+q6,0.31306909,32656.3356,14389.8756
5610,104,2031,q1+q3+q4,0.66672706,3713.9166,1478.1073
5610,104,2031,q1+q3+q5,0.52530011,7789.7985,3072.9805
5610,104,2031,q1+q3+q6,0.47469989,22946.6825,9217.0707
5610,104,2031,q1+q4+q5,0.42428086,11768.2504,4269.1102
5610,104,2031,q1+q4+q6,0.37368064,31561.3063,11565.0898
5610,104,2031,q1+q5+q6,0.23225368,57737.1351,19832.3433
5610,104,2031,q2+q3+q4,0.76774632,3347.5162,1342.0357
5610,104,2031,q2+q3+q5,0.62631936,6683.2622,2663.7678
5610,104,2031,q2+q3+q6,0.57571914,19083.3713,7728.3243
5610,104,2031,q2+q4+q5,0.52530011,9683.8318,3609.3333
5610,104,2031,q2+q4+q6,0.47469989,25042.6087,9437.8154
5610,104,2031,q2+q5+q6,0.33327294,40517.9521,14742.5724
5610,104,2031,q3+q4+q5,0.68693091,8379.3236,3060.5604
5610,104,2031,q3+q4+q6,0.63633069,19733.1705,7254.4539
5610,104,2031,q3+q5+q6,0.49490374,28637.1555,10216.1088
5610,104,2031,q4+q5+q6,0.39388449,38269.3334,12302.4727
5610,104,2031,q1+q2+q3+q4,0.84856172,3048.0167,1259.6065
5610,104,2031,q1+q2+q3+q5,0.70713477,5942.6347,2457.8336
5610,104,2031,q1+q2+q3+q6,0.65653454,16759.2846,7053.5069
5610,104,2031,q1+q2+q4+q5,0.60611551,8419.6905,3297.3281
5610,104,2031,q1+q2+q4+q6,0.55551529,21428.9522,8515.6208
5610,104,2031,q1+q2+q5+q6,0.41408834,32649.8544,12823.7771
5610,104,2031,q1+q3+q4+q5,0.76774632,7518.6339,2858.9884
5610,104,2031,q1+q3+q4+q6,0.71714609,17532.2842,6726.3661
5610,104,2031,q1+q3+q5+q6,0.57571914,24645.7368,9300.5355
5610,104,2031,q1+q4+q5+q6,0.47469989,31788.682,11066.4552
5610,104,2031,q2+q3+q4+q5,0.86876557,6752.4293,2597.0299
5610,104,2031,q2+q3+q4+q6,0.81816535,15482.3028,6006.0712
5610,104,2031,q2+q3+q5+q6,0.67673839,21105.4923,8090.3788
5610,104,2031,q2+q4+q5+q6,0.57571914,26373.8988,9469.8982
5610,104,2031,q3+q4+q5+q6,0.73734994,21500.0448,7641.0592
5610,104,2031,q1+q2+q3+q4+q5,0.94958097,6195.0116,2454.0026
5610,104,2031,q1+q2+q3+q4+q6,0.89898075,14108.7234,5643.6776
5610,104,2031,q1+q2+q3+q5+q6,0.75755379,18875.6021,7511.1225
5610,104,2031,q1+q2+q4+q5+q6,0.65653454,23152.3925,8727.1923
5610,104,2031,q1+q3+q4+q5+q6,0.81816535,19396.3775,7170.8469
5610,104,2031,q2+q3+q4+q5+q6,0.9191846,17366.8254,6508.0583
5610,104,2031,q1+q2+q3+q4+q5+q6,1.0,15979.7055,6166.9498
5610,104,2031,all,1.0,15979.7055,6166.9498
5611,104,2031,q1,0.0808154,202.7718,118.4634
5611,104,2031,q2,0.18183465,606.3839,291.5937
5611,104,2031,q3,0.34346546,2269.1077,917.4746
5611,104,2031,q4,0.24244621,6931.1108,2444.4747
5611,104,2031,q5,0.10101925,32629.7684,9587.4375
5611,104,2031,q6,0.05041903,200262.49,52043.0802
5611,104,2031,q1+q2,0.26265006,482.1956,245.2223
5611,104,2031,q1+q3,0.42428086,1875.5199,805.5812
5611,104,2031,q1+q4,0.32326161,5249.0261,2054.8272
5611,104,2031,q1+q5,0.18183465,18217.7699,6870.6916
5611,104,2031,q1+q6,0.13123443,77063.8269,30430.6478
5611,104,2031,q2+q3,0.52530011,1693.5495,724.6856
5611,104,2031,q2+q4,0.42428086,4220.5136,1680.4914
5611,104,2031,q2+q5,0.28285391,12043.307,4718.5172
5611,104,2031,q2+q6,0.23225368,43948.935,17840.3309
5611,104,2031,q3+q4,0.58591166,4198.2124,1600.4836
5611,104,2031,q3+q5,0.44448471,9169.2579,3415.4843
5611,104,2031,q3+q6,0.39388449,27613.1731,10423.2454
5611,104,2031,q4+q5,0.34346546,14489.5395,4825.8749
5611,104,2031,q4+q6,0.29286523,40214.6125,13361.4666
5611,104,2031,q5+q6,0.15143828,88440.4859,24902.8576
5611,104,2031,q1+q2+q3,0.60611551,1494.7791,663.2922
5611,104,2031,q1+q2+q4,0.50509626,3577.6749,1501.0117
5611,104,2031,q1+q2+q5,0.36366931,9412.0769,3978.8363
5611,104,2031,q1+q2+q6,0.31306909,32656.3356,14389.8756
5611,104,2031,q1+q3+q4,0.66672706,3713.9166,1478.1073
5611,104,2031,q1+q3+q5,0.52530011,7789.7985,3072.9805
5611,104,2031,q1+q3+q6,0.47469989,22946.6825,9217.0707
5611,104,2031,q1+q4+q5,0.42428086,11768.2504,4269.1102
5611,104,2031,q1+q4+q6,0.37368064,31561.3063,11565.0898
5611,104,2031,q1+q5+q6,0.23225368,57737.1351,19832.3433
5611,104,2031,q2+q3+q4,0.76774632,3347.5162,1342.0357
5611,104,2031,q2+q3+q5,0.62631936,6683.2622,2663.7678
5611,104,2031,q2+q3+q6,0.57571914,19083.3713,7728.3243
5611,104,2031,q2+q4+q5,0.52530011,9683.8318,3609.3333
5611,104,2031,q2+q4+q6,0.47469989,25042.6087,9437.8154
5611,104,2031,q2+q5+q6,0.33327294,40517.9521,14742.5724
5611,104,2031,q3+q4+q5,0.68693091,8379.3236,3060.5604
5611,104,2031,q3+q4+q6,0.63633069,19733.1705,7254.4539
5611,104,2031,q3+q5+q6,0.49490374,28637.1555,10216.1088
5611,104,2031,q4+q5+q6,0.39388449,38269.3334,12302.4727
5611,104,2031,q1+q2+q3+q4,0.84856172,3048.0167,1259.6065
5611,104,2031,q1+q2+q3+q5,0.70713477,5942.6347,2457.8336
5611,104,2031,q1+q2+q3+q6,0.65653454,16759.2846,7053.5069
5611,104,2031,q1+q2+q4+q5,0.60611551,8419.6905,3297.3281
5611,104,2031,q1+q2+q4+q6,0.55551529,21428.9522,8515.6208
5611,104,2031,q1+q2+q5+q6,0.41408834,32649.8544,12823.7771
5611,104,2031,q1+q3+q4+q5,0.76774632,7518.6339,2858.9884
5611,104,2031,q1+q3+q4+q6,0.71714609,17532.2842,6726.3661
5611,104,2031,q1+q3+q5+q6,0.57571914,24645.7368,9300.5355
5611,104,2031,q1+q4+q5+q6,0.47469989,31788.682,11066.4552
5611,104,2031,q2+q3+q4+q5,0.86876557,6752.4293,2597.0299
5611,104,2031,q2+q3+q4+q6,0.81816535,15482.3028,6006.0712
5611,104,2031,q2+q3+q5+q6,0.67673839,21105.4923,8090.3788
5611,104,2031,q2+q4+q5+q6,0.57571914,26373.8988,9469.8982
5611,104,2031,q3+q4+q5+q6,0.73734994,21500.0448,7641.0592
5611,104,2031,q1+q2+q3+q4+q5,0.94958097,6195.0116,2454.0026
5611,104,2031,q1+q2+q3+q4+q6,0.89898075,14108.7234,5643.6776
5611,104,2031,q1+q2+q3+q5+q6,0.75755379,18875.6021,7511.1225
5611,104,2031,q1+q2+q4+q5+q6,0.65653454,23152.3925,8727.1923
5611,104,2031,q1+q3+q4+q5+q6,0.81816535,19396.3775,7170.8469
5611,104,2031,q2+q3+q4+q5+q6,0.9191846,17366.8254,6508.0583
5611,104,2031,q1+q2+q3+q4+q5+q6,1.0,15979.7055,6166.9498
5611,104,2031,all,1.0,15979.7055,6166.9498
