map_id,tier,nest_drop_id,quality_group,prob_in_group,p25_price_per_item,p25_price_per_cell
2101,101,2001,q1,0.29365701,127.0,114.0
2101,101,2001,q2,0.31323414,312.0,252.0
2101,101,2001,q3,0.29365701,1125.0,849.3333
2101,101,2001,q4,0.07830854,3180.0,2100.0
2101,101,2001,q5,0.01957713,14850.0,7987.5
2101,101,2001,q6,0.00156617,54675.0,54600.0
2101,101,2001,q1+q2,0.60689115,168.0,127.0
2101,101,2001,q1+q3,0.58731402,160.0,134.0
2101,101,2001,q1+q4,0.37196554,138.0,123.0
2101,101,2001,q1+q5,0.31323414,134.0,115.0
2101,101,2001,q1+q6,0.29522318,127.0,114.0
2101,101,2001,q2+q3,0.60689115,458.0,295.0
2101,101,2001,q2+q4,0.39154268,346.0,257.0
2101,101,2001,q2+q5,0.33281128,312.0,252.0
2101,101,2001,q2+q6,0.31480031,312.0,252.0
2101,101,2001,q3+q4,0.37196554,1300.0,898.0
2101,101,2001,q3+q5,0.31323414,1175.0,855.0
2101,101,2001,q3+q6,0.29522318,1125.0,849.3333
2101,101,2001,q4+q5,0.09788567,3780.0,2184.6667
2101,101,2001,q4+q6,0.07987471,3180.0,2110.0
2101,101,2001,q5+q6,0.0211433,15325.0,8606.25
2101,101,2001,q1+q2+q3,0.90054816,248.0,152.0
2101,101,2001,q1+q2+q4,0.68519969,179.0,135.0
2101,101,2001,q1+q2+q5,0.62646829,168.0,129.3333
2101,101,2001,q1+q2+q6,0.60845732,168.0,127.0
2101,101,2001,q1+q3+q4,0.66562255,170.0,138.0
2101,101,2001,q1+q3+q5,0.60689115,168.0,134.0
2101,101,2001,q1+q3+q6,0.58888019,160.0,134.0
2101,101,2001,q1+q4+q5,0.39154268,138.0,123.0
2101,101,2001,q1+q4+q6,0.37353171,138.0,123.0
2101,101,2001,q1+q5+q6,0.31480031,134.0,117.0
2101,101,2001,q2+q3+q4,0.68519969,466.0,312.0
2101,101,2001,q2+q3+q5,0.62646829,458.0,301.0
2101,101,2001,q2+q3+q6,0.60845732,458.0,295.0
2101,101,2001,q2+q4+q5,0.41111981,360.0,262.0
2101,101,2001,q2+q4+q6,0.39310885,346.0,261.0
2101,101,2001,q2+q5+q6,0.33437745,312.0,252.0
2101,101,2001,q3+q4+q5,0.39154268,1313.0,923.0
2101,101,2001,q3+q4+q6,0.37353171,1300.0,898.0
2101,101,2001,q3+q5+q6,0.31480031,1178.0,855.0
2101,101,2001,q4+q5+q6,0.09945184,3780.0,2207.5
2101,101,2001,q1+q2+q3+q4,0.9788567,252.0,168.0
2101,101,2001,q1+q2+q3+q5,0.92012529,252.0,158.4444
2101,101,2001,q1+q2+q3+q6,0.90211433,248.0,152.0
2101,101,2001,q1+q2+q4+q5,0.70477682,184.0,137.0
2101,101,2001,q1+q2+q4+q6,0.68676586,179.0,135.0
2101,101,2001,q1+q2+q5+q6,0.62803446,168.0,129.3333
2101,101,2001,q1+q3+q4+q5,0.68519969,179.0,138.5
2101,101,2001,q1+q3+q4+q6,0.66718872,170.0,138.0
2101,101,2001,q1+q3+q5+q6,0.60845732,168.0,135.0
2101,101,2001,q1+q4+q5+q6,0.39310885,138.0,123.0
2101,101,2001,q2+q3+q4+q5,0.70477682,473.0,312.0
2101,101,2001,q2+q3+q4+q6,0.68676586,466.0,312.0
2101,101,2001,q2+q3+q5+q6,0.62803446,458.0,301.0
2101,101,2001,q2+q4+q5+q6,0.41268598,360.0,262.0
2101,101,2001,q3+q4+q5+q6,0.39310885,1313.0,923.0
2101,101,2001,q1+q2+q3+q4+q5,0.99843383,252.0,169.0
2101,101,2001,q1+q2+q3+q4+q6,0.98042287,252.0,168.0
2101,101,2001,q1+q2+q3+q5+q6,0.92169146,252.0,158.4444
2101,101,2001,q1+q2+q4+q5+q6,0.70634299,184.0,137.0
2101,101,2001,q1+q3+q4+q5+q6,0.68676586,179.0,138.5
2101,101,2001,q2+q3+q4+q5+q6,0.70634299,473.0,312.0
2101,101,2001,q1+q2+q3+q4+q5+q6,1.0,252.0,169.0
2101,101,2001,all,1.0,252.0,169.0
2102,101,2002,q1,0.29358995,134.0,117.0
2102,101,2002,q2,0.31316262,312.0,277.0
2102,101,2002,q3,0.29358995,1125.0,823.5
2102,101,2002,q4,0.07829065,3454.0,2100.0
2102,101,2002,q5,0.01957266,16200.0,9300.0
2102,101,2002,q6,0.00179416,54675.0,54675.0
2102,101,2002,q1+q2,0.60675257,161.0,134.0
2102,101,2002,q1+q3,0.58717991,156.0,134.0
2102,101,2002,q1+q4,0.37188061,138.0,123.0
2102,101,2002,q1+q5,0.31316262,134.0,117.5
2102,101,2002,q1+q6,0.29538411,134.0,117.0
2102,101,2002,q2+q3,0.60675257,430.0,312.0
2102,101,2002,q2+q4,0.39145327,319.0,277.0
2102,101,2002,q2+q5,0.33273528,312.0,277.0
2102,101,2002,q2+q6,0.31495678,312.0,277.0
2102,101,2002,q3+q4,0.37188061,1313.0,855.0
2102,101,2002,q3+q5,0.31316262,1175.0,830.5
2102,101,2002,q3+q6,0.29538411,1125.0,823.5
2102,101,2002,q4+q5,0.09786332,3780.0,2160.0
2102,101,2002,q4+q6,0.08008481,3454.0,2100.0
2102,101,2002,q5+q6,0.02136682,16200.0,9900.0
2102,101,2002,q1+q2+q3,0.90034252,248.0,158.4444
2102,101,2002,q1+q2+q4,0.68504322,178.0,139.0
2102,101,2002,q1+q2+q5,0.62632523,168.0,134.0
2102,101,2002,q1+q2+q6,0.60854673,161.0,134.0
2102,101,2002,q1+q3+q4,0.66547056,169.0,139.0
2102,101,2002,q1+q3+q5,0.60675257,161.0,134.0
2102,101,2002,q1+q3+q6,0.58897407,156.0,134.0
2102,101,2002,q1+q4+q5,0.39145327,139.0,123.0
2102,101,2002,q1+q4+q6,0.37367477,138.0,123.0
2102,101,2002,q1+q5+q6,0.31495678,134.0,120.0
2102,101,2002,q2+q3+q4,0.68504322,458.0,327.0
2102,101,2002,q2+q3+q5,0.62632523,445.0,312.0
2102,101,2002,q2+q3+q6,0.60854673,430.0,312.0
2102,101,2002,q2+q4+q5,0.41102593,346.0,277.0
2102,101,2002,q2+q4+q6,0.39324743,319.0,277.0
2102,101,2002,q2+q5+q6,0.33452944,312.0,277.0
2102,101,2002,q3+q4+q5,0.39145327,1313.0,855.0
2102,101,2002,q3+q4+q6,0.37367477,1313.0,855.0
2102,101,2002,q3+q5+q6,0.31495678,1175.0,830.5
2102,101,2002,q4+q5+q6,0.09965748,3780.0,2160.0
2102,101,2002,q1+q2+q3+q4,0.97863318,265.0,169.0
2102,101,2002,q1+q2+q3+q5,0.91991519,252.0,161.0
2102,101,2002,q1+q2+q3+q6,0.90213668,252.0,158.4444
2102,101,2002,q1+q2+q4+q5,0.70461589,184.0,143.0
2102,101,2002,q1+q2+q4+q6,0.68683738,179.0,139.0
2102,101,2002,q1+q2+q5+q6,0.62811939,169.0,134.0
2102,101,2002,q1+q3+q4+q5,0.68504322,178.0,143.0
2102,101,2002,q1+q3+q4+q6,0.66726472,169.0,139.0
2102,101,2002,q1+q3+q5+q6,0.60854673,161.0,135.0
2102,101,2002,q1+q4+q5+q6,0.39324743,139.0,123.0
2102,101,2002,q2+q3+q4+q5,0.70461589,458.0,327.0
2102,101,2002,q2+q3+q4+q6,0.68683738,458.0,327.0
2102,101,2002,q2+q3+q5+q6,0.62811939,445.0,312.0
2102,101,2002,q2+q4+q5+q6,0.41282009,346.0,282.5
2102,101,2002,q3+q4+q5+q6,0.39324743,1313.0,855.0
2102,101,2002,q1+q2+q3+q4+q5,0.99820584,269.0,170.0
2102,101,2002,q1+q2+q3+q4+q6,0.98042734,265.0,169.0
2102,101,2002,q1+q2+q3+q5+q6,0.92170935,252.0,161.0
2102,101,2002,q1+q2+q4+q5+q6,0.70641005,184.0,143.0
2102,101,2002,q1+q3+q4+q5+q6,0.68683738,179.0,143.0
2102,101,2002,q2+q3+q4+q5+q6,0.70641005,458.0,327.0
2102,101,2002,q1+q2+q3+q4+q5+q6,1.0,276.0,170.0
2102,101,2002,all,1.0,276.0,170.0
2103,101,2003,q1,0.29359203,135.0,117.0
2103,101,2003,q2,0.31316484,295.0,252.0
2103,101,2003,q3,0.29359203,983.0,830.5
2103,101,2003,q4,0.07829121,2600.0,2100.0
2103,101,2003,q5,0.0195728,12825.0,8602.0
2103,101,2003,q6,0.00178708,54600.0,54300.0
2103,101,2003,q1+q2,0.60675687,169.0,137.0
2103,101,2003,q1+q3,0.58718407,168.0,139.0
2103,101,2003,q1+q4,0.37188324,139.0,123.0
2103,101,2003,q1+q5,0.31316484,137.0,120.0
2103,101,2003,q1+q6,0.29537912,135.0,117.0
2103,101,2003,q2+q3,0.60675687,446.0,295.0
2103,101,2003,q2+q4,0.39145605,315.0,262.0
2103,101,2003,q2+q5,0.33273764,301.0,252.5
2103,101,2003,q2+q6,0.31495192,301.0,252.0
2103,101,2003,q3+q4,0.37188324,1125.0,887.75
2103,101,2003,q3+q5,0.31316484,983.0,830.5
2103,101,2003,q3+q6,0.29537912,983.0,830.5
2103,101,2003,q4+q5,0.09786401,3180.0,2160.0
2103,101,2003,q4+q6,0.08007829,2600.0,2100.0
2103,101,2003,q5+q6,0.02135988,12825.0,8633.3333
2103,101,2003,q1+q2+q3,0.90034891,248.0,161.0
2103,101,2003,q1+q2+q4,0.68504808,184.0,146.0
2103,101,2003,q1+q2+q5,0.62632967,169.0,138.0
2103,101,2003,q1+q2+q6,0.60854395,169.0,137.0
2103,101,2003,q1+q3+q4,0.66547528,179.0,146.0
2103,101,2003,q1+q3+q5,0.60675687,169.0,139.0
2103,101,2003,q1+q3+q6,0.58897115,168.0,139.0
2103,101,2003,q1+q4+q5,0.39145605,143.0,123.0
2103,101,2003,q1+q4+q6,0.37367033,139.0,123.0
2103,101,2003,q1+q5+q6,0.31495192,137.0,120.0
2103,101,2003,q2+q3+q4,0.68504808,466.0,306.5
2103,101,2003,q2+q3+q5,0.62632967,458.0,295.0
2103,101,2003,q2+q3+q6,0.60854395,446.0,295.0
2103,101,2003,q2+q4+q5,0.41102885,319.0,269.0
2103,101,2003,q2+q4+q6,0.39324313,315.0,262.0
2103,101,2003,q2+q5+q6,0.33452472,301.0,252.5
2103,101,2003,q3+q4+q5,0.39145605,1175.0,923.0
2103,101,2003,q3+q4+q6,0.37367033,1125.0,898.0
2103,101,2003,q3+q5+q6,0.31495192,983.0,830.5
2103,101,2003,q4+q5+q6,0.09965109,3454.0,2170.0
2103,101,2003,q1+q2+q3+q4,0.97864012,257.0,170.0
2103,101,2003,q1+q2+q3+q5,0.91992171,248.0,168.0
2103,101,2003,q1+q2+q3+q6,0.90213599,248.0,161.0
2103,101,2003,q1+q2+q4+q5,0.70462088,186.0,146.0
2103,101,2003,q1+q2+q4+q6,0.68683516,184.0,146.0
2103,101,2003,q1+q2+q5+q6,0.62811676,169.0,138.0
2103,101,2003,q1+q3+q4+q5,0.68504808,184.0,146.0
2103,101,2003,q1+q3+q4+q6,0.66726236,179.0,146.0
2103,101,2003,q1+q3+q5+q6,0.60854395,169.0,139.0
2103,101,2003,q1+q4+q5+q6,0.39324313,143.0,123.0
2103,101,2003,q2+q3+q4+q5,0.70462088,473.0,312.0
2103,101,2003,q2+q3+q4+q6,0.68683516,466.0,311.5
2103,101,2003,q2+q3+q5+q6,0.62811676,458.0,295.0
2103,101,2003,q2+q4+q5+q6,0.41281593,319.0,269.0
2103,101,2003,q3+q4+q5+q6,0.39324313,1175.0,923.0
2103,101,2003,q1+q2+q3+q4+q5,0.99821292,262.0,172.0
2103,101,2003,q1+q2+q3+q4+q6,0.9804272,257.0,170.0
2103,101,2003,q1+q2+q3+q5+q6,0.92170879,248.0,169.0
2103,101,2003,q1+q2+q4+q5+q6,0.70640797,186.0,146.0
2103,101,2003,q1+q3+q4+q5+q6,0.68683516,184.0,146.0
2103,101,2003,q2+q3+q4+q5+q6,0.70640797,473.0,312.0
2103,101,2003,q1+q2+q3+q4+q5+q6,1.0,262.0,172.0
2103,101,2003,all,1.0,262.0,172.0
2104,101,2004,q1,0.2936773,126.0,117.0
2104,101,2004,q2,0.31325579,401.0,252.5
2104,101,2004,q3,0.2936773,1175.0,855.0
2104,101,2004,q4,0.07831395,3180.0,2100.0
2104,101,2004,q5,0.01957849,14850.0,7800.0
2104,101,2004,q6,0.00149718,54600.0,54600.0
2104,101,2004,q1+q2,0.60693309,168.0,127.0
2104,101,2004,q1+q3,0.5873546,168.0,128.5
2104,101,2004,q1+q4,0.37199125,137.0,121.5
2104,101,2004,q1+q5,0.31325579,127.0,117.0
2104,101,2004,q1+q6,0.29517448,126.0,117.0
2104,101,2004,q2+q3,0.60693309,505.0,312.0
2104,101,2004,q2+q4,0.39156973,441.0,268.0
2104,101,2004,q2+q5,0.33283427,401.0,252.5
2104,101,2004,q2+q6,0.31475297,401.0,252.5
2104,101,2004,q3+q4,0.37199125,1350.0,905.75
2104,101,2004,q3+q5,0.31325579,1178.0,872.0
2104,101,2004,q3+q6,0.29517448,1175.0,855.0
2104,101,2004,q4+q5,0.09789243,3650.0,2214.0
2104,101,2004,q4+q6,0.07981113,3180.0,2110.0
2104,101,2004,q5+q6,0.02107567,15325.0,7987.5
2104,101,2004,q1+q2+q3,0.90061039,248.0,161.0
2104,101,2004,q1+q2+q4,0.68524703,178.0,137.0
2104,101,2004,q1+q2+q5,0.62651157,168.0,129.3333
2104,101,2004,q1+q2+q6,0.60843027,168.0,127.0
2104,101,2004,q1+q3+q4,0.66566855,178.0,137.0
2104,101,2004,q1+q3+q5,0.60693309,168.0,134.0
2104,101,2004,q1+q3+q6,0.58885178,168.0,128.5
2104,101,2004,q1+q4+q5,0.39156973,137.0,123.0
2104,101,2004,q1+q4+q6,0.37348843,137.0,123.0
2104,101,2004,q1+q5+q6,0.31475297,127.0,117.0
2104,101,2004,q2+q3+q4,0.68524703,613.0,327.0
2104,101,2004,q2+q3+q5,0.62651157,532.0,312.0
2104,101,2004,q2+q3+q6,0.60843027,505.0,312.0
2104,101,2004,q2+q4+q5,0.41114822,441.0,269.0
2104,101,2004,q2+q4+q6,0.39306691,441.0,268.0
2104,101,2004,q2+q5+q6,0.33433145,401.0,257.0
2104,101,2004,q3+q4+q5,0.39156973,1388.0,923.0
2104,101,2004,q3+q4+q6,0.37348843,1373.0,905.75
2104,101,2004,q3+q5+q6,0.31475297,1178.0,872.0
2104,101,2004,q4+q5+q6,0.09938961,3650.0,2214.0
2104,101,2004,q1+q2+q3+q4,0.97892433,257.0,170.0
2104,101,2004,q1+q2+q3+q5,0.92018887,252.0,168.0
2104,101,2004,q1+q2+q3+q6,0.90210757,248.0,161.0
2104,101,2004,q1+q2+q4+q5,0.70482552,184.0,137.0
2104,101,2004,q1+q2+q4+q6,0.68674421,178.0,137.0
2104,101,2004,q1+q2+q5+q6,0.62800875,168.0,129.3333
2104,101,2004,q1+q3+q4+q5,0.68524703,178.0,138.0
2104,101,2004,q1+q3+q4+q6,0.66716573,178.0,137.0
2104,101,2004,q1+q3+q5+q6,0.60843027,168.0,134.0
2104,101,2004,q1+q4+q5+q6,0.39306691,137.0,123.0
2104,101,2004,q2+q3+q4+q5,0.70482552,619.0,330.5
2104,101,2004,q2+q3+q4+q6,0.68674421,613.0,327.0
2104,101,2004,q2+q3+q5+q6,0.62800875,532.0,312.0
2104,101,2004,q2+q4+q5+q6,0.4126454,441.0,277.0
2104,101,2004,q3+q4+q5+q6,0.39306691,1388.0,923.0
2104,101,2004,q1+q2+q3+q4+q5,0.99850282,262.0,172.0
2104,101,2004,q1+q2+q3+q4+q6,0.98042151,257.0,170.0
2104,101,2004,q1+q2+q3+q5+q6,0.92168605,252.0,168.0
2104,101,2004,q1+q2+q4+q5+q6,0.7063227,184.0,137.0
2104,101,2004,q1+q3+q4+q5+q6,0.68674421,178.0,138.0
2104,101,2004,q2+q3+q4+q5+q6,0.7063227,619.0,336.0
2104,101,2004,q1+q2+q3+q4+q5+q6,1.0,262.0,172.0
2104,101,2004,all,1.0,262.0,172.0
2105,101,2005,q1,0.29360255,134.0,117.0
2105,101,2005,q2,0.31317606,312.0,252.0
2105,101,2005,q3,0.29360255,1050.0,830.5
2105,101,2005,q4,0.07829401,2720.0,2100.0
2105,101,2005,q5,0.0195735,12825.0,7987.5
2105,101,2005,q6,0.00175131,54600.0,54300.0
2105,101,2005,q1+q2,0.60677861,169.0,135.0
2105,101,2005,q1+q3,0.58720511,168.0,137.0
2105,101,2005,q1+q4,0.37189657,139.0,123.0
2105,101,2005,q1+q5,0.31317606,135.0,120.0
2105,101,2005,q1+q6,0.29535387,134.0,117.0
2105,101,2005,q2+q3,0.60677861,458.0,301.0
2105,101,2005,q2+q4,0.39147007,346.0,268.0
2105,101,2005,q2+q5,0.33274956,312.0,257.0
2105,101,2005,q2+q6,0.31492737,312.0,252.0
2105,101,2005,q3+q4,0.37189657,1178.0,898.0
2105,101,2005,q3+q5,0.31317606,1125.0,840.0
2105,101,2005,q3+q6,0.29535387,1050.0,830.5
2105,101,2005,q4+q5,0.09786752,3454.0,2184.6667
2105,101,2005,q4+q6,0.08004533,3040.0,2100.0
2105,101,2005,q5+q6,0.02132482,13332.0,8606.25
2105,101,2005,q1+q2+q3,0.90038117,248.0,161.0
2105,101,2005,q1+q2+q4,0.68507263,184.0,139.0
2105,101,2005,q1+q2+q5,0.62635212,169.0,137.0
2105,101,2005,q1+q2+q6,0.60852993,169.0,135.0
2105,101,2005,q1+q3+q4,0.66549912,178.0,146.0
2105,101,2005,q1+q3+q5,0.60677861,169.0,138.5
2105,101,2005,q1+q3+q6,0.58895642,168.0,138.0
2105,101,2005,q1+q4+q5,0.39147007,142.0,123.0
2105,101,2005,q1+q4+q6,0.37364788,139.0,123.0
2105,101,2005,q1+q5+q6,0.31492737,135.0,120.0
2105,101,2005,q2+q3+q4,0.68507263,473.0,312.0
2105,101,2005,q2+q3+q5,0.62635212,466.0,301.0
2105,101,2005,q2+q3+q6,0.60852993,458.0,301.0
2105,101,2005,q2+q4+q5,0.41104358,346.0,269.0
2105,101,2005,q2+q4+q6,0.39322139,346.0,269.0
2105,101,2005,q2+q5+q6,0.33450088,315.0,257.0
2105,101,2005,q3+q4+q5,0.39147007,1260.0,923.0
2105,101,2005,q3+q4+q6,0.37364788,1178.0,898.0
2105,101,2005,q3+q5+q6,0.31492737,1125.0,849.3333
2105,101,2005,q4+q5+q6,0.09961883,3454.0,2184.6667
2105,101,2005,q1+q2+q3+q4,0.97867518,257.0,170.0
2105,101,2005,q1+q2+q3+q5,0.91995467,248.0,168.0
2105,101,2005,q1+q2+q3+q6,0.90213248,248.0,168.0
2105,101,2005,q1+q2+q4+q5,0.70464613,185.0,146.0
2105,101,2005,q1+q2+q4+q6,0.68682394,184.0,139.0
2105,101,2005,q1+q2+q5+q6,0.62810343,169.0,137.0
2105,101,2005,q1+q3+q4+q5,0.68507263,184.0,146.0
2105,101,2005,q1+q3+q4+q6,0.66725044,179.0,146.0
2105,101,2005,q1+q3+q5+q6,0.60852993,169.0,138.5
2105,101,2005,q1+q4+q5+q6,0.39322139,142.0,123.0
2105,101,2005,q2+q3+q4+q5,0.70464613,480.0,315.0
2105,101,2005,q2+q3+q4+q6,0.68682394,473.0,312.0
2105,101,2005,q2+q3+q5+q6,0.62810343,466.0,302.5
2105,101,2005,q2+q4+q5+q6,0.41279489,360.0,269.0
2105,101,2005,q3+q4+q5+q6,0.39322139,1260.0,923.0
2105,101,2005,q1+q2+q3+q4+q5,0.99824869,262.0,172.0
2105,101,2005,q1+q2+q3+q4+q6,0.9804265,257.0,170.0
2105,101,2005,q1+q2+q3+q5+q6,0.92170599,248.0,168.0
2105,101,2005,q1+q2+q4+q5+q6,0.70639745,185.0,146.0
2105,101,2005,q1+q3+q4+q5+q6,0.68682394,184.0,146.0
2105,101,2005,q2+q3+q4+q5+q6,0.70639745,480.0,315.0
2105,101,2005,q1+q2+q3+q4+q5+q6,1.0,262.0,172.0
2105,101,2005,all,1.0,262.0,172.0
2106,101,2006,q1,0.29368001,127.0,123.0
2106,101,2006,q2,0.31325867,312.0,252.0
2106,101,2006,q3,0.29368001,968.0,830.5
2106,101,2006,q4,0.07831467,3040.0,2090.0
2106,101,2006,q5,0.01957867,12675.0,7793.3333
2106,101,2006,q6,0.00148798,54600.0,54600.0
2106,101,2006,q1+q2,0.60693868,168.0,133.0
2106,101,2006,q1+q3,0.58736001,160.0,137.0
2106,101,2006,q1+q4,0.37199467,138.0,123.0
2106,101,2006,q1+q5,0.31325867,134.0,123.0
2106,101,2006,q1+q6,0.29516798,127.0,123.0
2106,101,2006,q2+q3,0.60693868,462.0,301.0
2106,101,2006,q2+q4,0.39157334,360.0,268.0
2106,101,2006,q2+q5,0.33283734,315.0,252.5
2106,101,2006,q2+q6,0.31474665,312.0,252.0
2106,101,2006,q3+q4,0.37199467,1125.0,905.75
2106,101,2006,q3+q5,0.31325867,1005.0,855.0
2106,101,2006,q3+q6,0.29516798,968.0,830.5
2106,101,2006,q4+q5,0.09789334,3180.0,2184.6667
2106,101,2006,q4+q6,0.07980265,3040.0,2095.0
2106,101,2006,q5+q6,0.02106665,13332.0,7800.0
2106,101,2006,q1+q2+q3,0.90061869,247.0,160.0
2106,101,2006,q1+q2+q4,0.68525335,169.0,138.0
2106,101,2006,q1+q2+q5,0.62651735,168.0,134.0
2106,101,2006,q1+q2+q6,0.60842666,168.0,133.0
2106,101,2006,q1+q3+q4,0.66567468,169.0,138.5
2106,101,2006,q1+q3+q5,0.60693868,168.0,138.0
2106,101,2006,q1+q3+q6,0.58884799,160.0,137.0
2106,101,2006,q1+q4+q5,0.39157334,138.0,123.0
2106,101,2006,q1+q4+q6,0.37348265,138.0,123.0
2106,101,2006,q1+q5+q6,0.31474665,134.0,123.0
2106,101,2006,q2+q3+q4,0.68525335,475.0,312.0
2106,101,2006,q2+q3+q5,0.62651735,466.0,302.5
2106,101,2006,q2+q3+q6,0.60842666,462.0,301.0
2106,101,2006,q2+q4+q5,0.41115201,367.0,269.0
2106,101,2006,q2+q4+q6,0.39306132,360.0,268.0
2106,101,2006,q2+q5+q6,0.33432532,315.0,252.5
2106,101,2006,q3+q4+q5,0.39157334,1175.0,923.0
2106,101,2006,q3+q4+q6,0.37348265,1125.0,905.75
2106,101,2006,q3+q5+q6,0.31474665,1005.0,855.0
2106,101,2006,q4+q5+q6,0.09938131,3180.0,2207.5
2106,101,2006,q1+q2+q3+q4,0.97893335,252.0,169.0
2106,101,2006,q1+q2+q3+q5,0.92019735,248.0,161.0
2106,101,2006,q1+q2+q3+q6,0.90210666,247.0,160.0
2106,101,2006,q1+q2+q4+q5,0.70483202,170.0,138.0
2106,101,2006,q1+q2+q4+q6,0.68674133,169.0,138.0
2106,101,2006,q1+q2+q5+q6,0.62800533,168.0,134.0
2106,101,2006,q1+q3+q4+q5,0.68525335,169.0,143.0
2106,101,2006,q1+q3+q4+q6,0.66716266,169.0,138.5
2106,101,2006,q1+q3+q5+q6,0.60842666,168.0,138.0
2106,101,2006,q1+q4+q5+q6,0.39306132,138.0,123.0
2106,101,2006,q2+q3+q4+q5,0.70483202,505.0,312.0
2106,101,2006,q2+q3+q4+q6,0.68674133,475.0,312.0
2106,101,2006,q2+q3+q5+q6,0.62800533,466.0,302.5
2106,101,2006,q2+q4+q5+q6,0.41263999,367.0,269.0
2106,101,2006,q3+q4+q5+q6,0.39306132,1175.0,923.0
2106,101,2006,q1+q2+q3+q4+q5,0.99851202,262.0,169.0
2106,101,2006,q1+q2+q3+q4+q6,0.98042133,252.0,169.0
2106,101,2006,q1+q2+q3+q5+q6,0.92168533,248.0,161.0
2106,101,2006,q1+q2+q4+q5+q6,0.70631999,170.0,138.0
2106,101,2006,q1+q3+q4+q5+q6,0.68674133,169.0,146.0
2106,101,2006,q2+q3+q4+q5+q6,0.70631999,505.0,312.0
2106,101,2006,q1+q2+q3+q4+q5+q6,1.0,262.0,169.0
2106,101,2006,all,1.0,262.0,169.0
2107,101,2007,q1,0.29369108,125.0,102.5
2107,101,2007,q2,0.31327049,295.0,252.0
2107,101,2007,q3,0.29369108,1300.0,898.0
2107,101,2007,q4,0.07831762,3940.0,2170.0
2107,101,2007,q5,0.01957941,15345.0,7800.0
2107,101,2007,q6,0.00145033,56000.0,56000.0
2107,101,2007,q1+q2,0.60696157,156.0,123.0
2107,101,2007,q1+q3,0.58738216,156.0,124.0
2107,101,2007,q1+q4,0.3720087,137.0,109.5
2107,101,2007,q1+q5,0.31327049,127.0,102.75
2107,101,2007,q1+q6,0.29514141,125.0,102.5
2107,101,2007,q2+q3,0.60696157,458.0,268.0
2107,101,2007,q2+q4,0.39158811,319.0,252.0
2107,101,2007,q2+q5,0.33284989,295.0,252.0
2107,101,2007,q2+q6,0.31472081,295.0,252.0
2107,101,2007,q3+q4,0.3720087,1373.0,923.0
2107,101,2007,q3+q5,0.31327049,1300.0,900.0
2107,101,2007,q3+q6,0.29514141,1300.0,898.0
2107,101,2007,q4+q5,0.09789703,4428.0,2235.0
2107,101,2007,q4+q6,0.07976795,3940.0,2207.5
2107,101,2007,q5+q6,0.02102973,15542.0,8602.0
2107,101,2007,q1+q2+q3,0.90065265,248.0,137.0
2107,101,2007,q1+q2+q4,0.68527919,178.0,123.0
2107,101,2007,q1+q2+q5,0.62654097,156.0,123.0
2107,101,2007,q1+q2+q6,0.60841189,156.0,123.0
2107,101,2007,q1+q3+q4,0.66569978,169.0,128.5
2107,101,2007,q1+q3+q5,0.60696157,156.0,125.0
2107,101,2007,q1+q3+q6,0.58883249,156.0,124.0
2107,101,2007,q1+q4+q5,0.39158811,138.0,114.0
2107,101,2007,q1+q4+q6,0.37345903,137.0,114.0
2107,101,2007,q1+q5+q6,0.31472081,127.0,102.75
2107,101,2007,q2+q3+q4,0.68527919,458.0,288.0
2107,101,2007,q2+q3+q5,0.62654097,458.0,269.0
2107,101,2007,q2+q3+q6,0.60841189,458.0,268.0
2107,101,2007,q2+q4+q5,0.41116751,319.0,252.0
2107,101,2007,q2+q4+q6,0.39303843,319.0,252.0
2107,101,2007,q2+q5+q6,0.33430022,295.0,252.0
2107,101,2007,q3+q4+q5,0.39158811,1388.0,938.0
2107,101,2007,q3+q4+q6,0.37345903,1373.0,923.0
2107,101,2007,q3+q5+q6,0.31472081,1300.0,905.75
2107,101,2007,q4+q5+q6,0.09934735,4428.0,2235.0
2107,101,2007,q1+q2+q3+q4,0.97897027,252.0,146.0
2107,101,2007,q1+q2+q3+q5,0.92023205,252.0,138.0
2107,101,2007,q1+q2+q3+q6,0.90210297,248.0,137.0
2107,101,2007,q1+q2+q4+q5,0.70485859,184.0,124.0
2107,101,2007,q1+q2+q4+q6,0.68672951,178.0,123.0
2107,101,2007,q1+q2+q5+q6,0.6279913,156.0,123.0
2107,101,2007,q1+q3+q4+q5,0.68527919,178.0,132.5
2107,101,2007,q1+q3+q4+q6,0.66715011,169.0,128.5
2107,101,2007,q1+q3+q5+q6,0.60841189,156.0,125.0
2107,101,2007,q1+q4+q5+q6,0.39303843,138.0,114.0
2107,101,2007,q2+q3+q4+q5,0.70485859,466.0,293.0
2107,101,2007,q2+q3+q4+q6,0.68672951,458.0,288.0
2107,101,2007,q2+q3+q5+q6,0.6279913,458.0,269.0
2107,101,2007,q2+q4+q5+q6,0.41261784,319.0,252.0
2107,101,2007,q3+q4+q5+q6,0.39303843,1388.0,938.0
2107,101,2007,q1+q2+q3+q4+q5,0.99854967,252.0,146.0
2107,101,2007,q1+q2+q3+q4+q6,0.98042059,252.0,146.0
2107,101,2007,q1+q2+q3+q5+q6,0.92168238,252.0,138.0
2107,101,2007,q1+q2+q4+q5+q6,0.70630892,184.0,124.0
2107,101,2007,q1+q3+q4+q5+q6,0.68672951,178.0,132.5
2107,101,2007,q2+q3+q4+q5+q6,0.70630892,466.0,293.0
2107,101,2007,q1+q2+q3+q4+q5+q6,1.0,252.0,146.0
2107,101,2007,all,1.0,252.0,146.0
2201,102,2011,q1,0.19455253,127.0,114.0
2201,102,2011,q2,0.29182879,312.0,252.0
2201,102,2011,q3,0.32101167,1125.0,849.3333
2201,102,2011,q4,0.1459144,3180.0,2100.0
2201,102,2011,q5,0.03891051,14850.0,7987.5
2201,102,2011,q6,0.0077821,68400.0,46440.0
2201,102,2011,q1+q2,0.48638132,186.0,137.0
2201,102,2011,q1+q3,0.5155642,192.0,146.0
2201,102,2011,q1+q4,0.34046693,146.0,125.0
2201,102,2011,q1+q5,0.23346304,137.0,120.0
2201,102,2011,q1+q6,0.20233463,134.0,115.0
2201,102,2011,q2+q3,0.61284047,466.0,311.5
2201,102,2011,q2+q4,0.43774319,403.0,269.0
2201,102,2011,q2+q5,0.3307393,315.0,252.0
2201,102,2011,q2+q6,0.29961089,312.0,252.0
2201,102,2011,q3+q4,0.46692607,1373.0,923.0
2201,102,2011,q3+q5,0.35992218,1260.0,855.0
2201,102,2011,q3+q6,0.32879377,1175.0,855.0
2201,102,2011,q4+q5,0.1848249,3780.0,2207.5
2201,102,2011,q4+q6,0.1536965,3454.0,2121.7778
2201,102,2011,q5+q6,0.04669261,15542.0,8633.3333
2201,102,2011,q1+q2+q3,0.807393,288.0,185.0
2201,102,2011,q1+q2+q4,0.63229572,252.0,158.4444
2201,102,2011,q1+q2+q5,0.52529183,198.0,139.0
2201,102,2011,q1+q2+q6,0.49416342,189.0,137.0
2201,102,2011,q1+q3+q4,0.6614786,317.0,184.0
2201,102,2011,q1+q3+q5,0.55447471,205.0,157.5
2201,102,2011,q1+q3+q6,0.5233463,192.0,146.0
2201,102,2011,q1+q4+q5,0.37937743,156.0,129.3333
2201,102,2011,q1+q4+q6,0.34824903,146.0,126.0
2201,102,2011,q1+q5+q6,0.24124514,137.0,120.75
2201,102,2011,q2+q3+q4,0.75875486,619.0,336.5
2201,102,2011,q2+q3+q5,0.65175097,473.0,312.0
2201,102,2011,q2+q3+q6,0.62062257,466.0,312.0
2201,102,2011,q2+q4+q5,0.4766537,430.0,288.0
2201,102,2011,q2+q4+q6,0.44552529,420.0,277.0
2201,102,2011,q2+q5+q6,0.3385214,319.0,252.5
2201,102,2011,q3+q4+q5,0.50583658,1433.0,923.0
2201,102,2011,q3+q4+q6,0.47470817,1388.0,923.0
2201,102,2011,q3+q5+q6,0.36770428,1260.0,872.0
2201,102,2011,q4+q5+q6,0.192607,3920.0,2214.0
2201,102,2011,q1+q2+q3+q4,0.95330739,312.0,221.5
2201,102,2011,q1+q2+q3+q5,0.8463035,295.0,192.0
2201,102,2011,q1+q2+q3+q6,0.8151751,293.0,186.0
2201,102,2011,q1+q2+q4+q5,0.67120623,252.0,168.0
2201,102,2011,q1+q2+q4+q6,0.64007782,252.0,160.0
2201,102,2011,q1+q2+q5+q6,0.53307393,200.0,139.0
2201,102,2011,q1+q3+q4+q5,0.70038911,346.0,189.0
2201,102,2011,q1+q3+q4+q6,0.6692607,331.0,184.0
2201,102,2011,q1+q3+q5+q6,0.56225681,207.0,160.0
2201,102,2011,q1+q4+q5+q6,0.38715953,160.0,132.5
2201,102,2011,q2+q3+q4+q5,0.79766537,708.0,360.5
2201,102,2011,q2+q3+q4+q6,0.76653696,635.0,352.75
2201,102,2011,q2+q3+q5+q6,0.65953307,475.0,312.0
2201,102,2011,q2+q4+q5+q6,0.4844358,441.0,288.0
2201,102,2011,q3+q4+q5+q6,0.51361868,1433.0,931.5
2201,102,2011,q1+q2+q3+q4+q5,0.9922179,315.0,231.0
2201,102,2011,q1+q2+q3+q4+q6,0.96108949,312.0,223.0
2201,102,2011,q1+q2+q3+q5+q6,0.8540856,295.0,192.5
2201,102,2011,q1+q2+q4+q5+q6,0.67898833,252.0,169.0
2201,102,2011,q1+q3+q4+q5+q6,0.70817121,360.0,192.0
2201,102,2011,q2+q3+q4+q5+q6,0.80544747,711.0,360.5
2201,102,2011,q1+q2+q3+q4+q5+q6,1.0,319.0,239.3333
2201,102,2011,all,1.0,319.0,239.3333
2202,102,2012,q1,0.19455253,127.0,117.0
2202,102,2012,q2,0.29182879,295.0,252.0
2202,102,2012,q3,0.32101167,983.0,830.5
2202,102,2012,q4,0.1459144,2600.0,2110.0
2202,102,2012,q5,0.03891051,12400.0,7800.0
2202,102,2012,q6,0.0077821,68100.0,52200.0
2202,102,2012,q1+q2,0.48638132,184.0,138.0
2202,102,2012,q1+q3,0.5155642,192.0,146.0
2202,102,2012,q1+q4,0.34046693,146.0,127.0
2202,102,2012,q1+q5,0.23346304,137.0,123.0
2202,102,2012,q1+q6,0.20233463,134.0,117.5
2202,102,2012,q2+q3,0.61284047,462.0,295.0
2202,102,2012,q2+q4,0.43774319,315.0,288.0
2202,102,2012,q2+q5,0.3307393,295.0,257.0
2202,102,2012,q2+q6,0.29961089,295.0,252.0
2202,102,2012,q3+q4,0.46692607,1300.0,923.0
2202,102,2012,q3+q5,0.35992218,1050.0,830.5
2202,102,2012,q3+q6,0.32879377,1005.0,830.5
2202,102,2012,q4+q5,0.1848249,3180.0,2214.0
2202,102,2012,q4+q6,0.1536965,2600.0,2160.0
2202,102,2012,q5+q6,0.04669261,14520.0,8602.0
2202,102,2012,q1+q2+q3,0.807393,288.0,184.5
2202,102,2012,q1+q2+q4,0.63229572,252.0,157.5
2202,102,2012,q1+q2+q5,0.52529183,198.0,146.0
2202,102,2012,q1+q2+q6,0.49416342,186.0,138.0
2202,102,2012,q1+q3+q4,0.6614786,305.0,179.0
2202,102,2012,q1+q3+q5,0.55447471,205.0,152.5
2202,102,2012,q1+q3+q6,0.5233463,192.0,146.0
2202,102,2012,q1+q4+q5,0.37937743,156.0,134.0
2202,102,2012,q1+q4+q6,0.34824903,146.0,127.0
2202,102,2012,q1+q5+q6,0.24124514,138.0,123.0
2202,102,2012,q2+q3+q4,0.75875486,654.0,315.0
2202,102,2012,q2+q3+q5,0.65175097,475.0,295.0
2202,102,2012,q2+q3+q6,0.62062257,466.0,295.0
2202,102,2012,q2+q4+q5,0.4766537,360.0,288.0
2202,102,2012,q2+q4+q6,0.44552529,315.0,288.0
2202,102,2012,q2+q5+q6,0.3385214,295.0,261.0
2202,102,2012,q3+q4+q5,0.50583658,1373.0,923.0
2202,102,2012,q3+q4+q6,0.47470817,1313.0,923.0
2202,102,2012,q3+q5+q6,0.36770428,1125.0,849.3333
2202,102,2012,q4+q5+q6,0.192607,3454.0,2214.0
2202,102,2012,q1+q2+q3+q4,0.95330739,295.0,221.0
2202,102,2012,q1+q2+q3+q5,0.8463035,295.0,189.0
2202,102,2012,q1+q2+q3+q6,0.8151751,293.0,184.5
2202,102,2012,q1+q2+q4+q5,0.67120623,257.0,169.0
2202,102,2012,q1+q2+q4+q6,0.64007782,252.0,158.4444
2202,102,2012,q1+q2+q5+q6,0.53307393,200.0,146.0
2202,102,2012,q1+q3+q4+q5,0.70038911,341.0,189.0
2202,102,2012,q1+q3+q4+q6,0.6692607,315.0,184.0
2202,102,2012,q1+q3+q5+q6,0.56225681,209.0,160.0
2202,102,2012,q1+q4+q5+q6,0.38715953,160.0,135.0
2202,102,2012,q2+q3+q4+q5,0.79766537,711.0,315.0
2202,102,2012,q2+q3+q4+q6,0.76653696,708.0,315.0
2202,102,2012,q2+q3+q5+q6,0.65953307,480.0,301.0
2202,102,2012,q2+q4+q5+q6,0.4844358,367.0,293.0
2202,102,2012,q3+q4+q5+q6,0.51361868,1373.0,923.0
2202,102,2012,q1+q2+q3+q4+q5,0.9922179,299.0,226.75
2202,102,2012,q1+q2+q3+q4+q6,0.96108949,295.0,221.25
2202,102,2012,q1+q2+q3+q5+q6,0.8540856,295.0,192.0
2202,102,2012,q1+q2+q4+q5+q6,0.67898833,262.0,169.0
2202,102,2012,q1+q3+q4+q5+q6,0.70817121,346.0,189.0
2202,102,2012,q2+q3+q4+q5+q6,0.80544747,711.0,317.5
2202,102,2012,q1+q2+q3+q4+q5+q6,1.0,301.0,228.5
2202,102,2012,all,1.0,301.0,228.5
2203,102,2013,q1,0.19455253,127.0,123.0
2203,102,2013,q2,0.29182879,367.0,261.0
2203,102,2013,q3,0.32101167,1178.0,855.0
2203,102,2013,q4,0.1459144,3040.0,2090.0
2203,102,2013,q5,0.03891051,12825.0,7800.0
2203,102,2013,q6,0.0077821,68800.0,47700.0
2203,102,2013,q1+q2,0.48638132,184.0,146.0
2203,102,2013,q1+q3,0.5155642,192.0,160.0
2203,102,2013,q1+q4,0.34046693,160.0,127.0
2203,102,2013,q1+q5,0.23346304,138.0,123.0
2203,102,2013,q1+q6,0.20233463,127.0,123.0
2203,102,2013,q2+q3,0.61284047,514.0,318.5
2203,102,2013,q2+q4,0.43774319,462.0,301.0
2203,102,2013,q2+q5,0.3307393,401.0,269.0
2203,102,2013,q2+q6,0.29961089,367.0,261.0
2203,102,2013,q3+q4,0.46692607,1433.0,923.0
2203,102,2013,q3+q5,0.35992218,1350.0,872.0
2203,102,2013,q3+q6,0.32879377,1260.0,855.0
2203,102,2013,q4+q5,0.1848249,3180.0,2170.0
2203,102,2013,q4+q6,0.1536965,3120.0,2096.8333
2203,102,2013,q5+q6,0.04669261,14850.0,7987.5
2203,102,2013,q1+q2+q3,0.807393,312.0,200.0
2203,102,2013,q1+q2+q4,0.63229572,252.0,169.0
2203,102,2013,q1+q2+q5,0.52529183,192.0,152.0
2203,102,2013,q1+q2+q6,0.49416342,185.0,146.0
2203,102,2013,q1+q3+q4,0.6614786,315.0,184.0
2203,102,2013,q1+q3+q5,0.55447471,205.0,168.0
2203,102,2013,q1+q3+q6,0.5233463,192.0,161.0
2203,102,2013,q1+q4+q5,0.37937743,168.0,137.0
2203,102,2013,q1+q4+q6,0.34824903,160.0,129.3333
2203,102,2013,q1+q5+q6,0.24124514,138.0,123.0
2203,102,2013,q2+q3+q4,0.75875486,804.0,393.0
2203,102,2013,q2+q3+q5,0.65175097,613.0,343.75
2203,102,2013,q2+q3+q6,0.62062257,532.0,319.0
2203,102,2013,q2+q4+q5,0.4766537,462.0,306.5
2203,102,2013,q2+q4+q6,0.44552529,462.0,301.0
2203,102,2013,q2+q5+q6,0.3385214,401.0,277.0
2203,102,2013,q3+q4+q5,0.50583658,1470.0,962.75
2203,102,2013,q3+q4+q6,0.47470817,1450.0,923.0
2203,102,2013,q3+q5+q6,0.36770428,1373.0,898.0
2203,102,2013,q4+q5+q6,0.192607,3180.0,2207.5
2203,102,2013,q1+q2+q3+q4,0.95330739,346.0,231.0
2203,102,2013,q1+q2+q3+q5,0.8463035,312.0,201.5
2203,102,2013,q1+q2+q3+q6,0.8151751,312.0,200.0
2203,102,2013,q1+q2+q4+q5,0.67120623,276.0,173.0
2203,102,2013,q1+q2+q4+q6,0.64007782,252.0,170.0
2203,102,2013,q1+q2+q5+q6,0.53307393,200.0,158.4444
2203,102,2013,q1+q3+q4+q5,0.70038911,346.0,186.0
2203,102,2013,q1+q3+q4+q6,0.6692607,317.0,184.0
2203,102,2013,q1+q3+q5+q6,0.56225681,218.0,168.0
2203,102,2013,q1+q4+q5+q6,0.38715953,168.0,138.0
2203,102,2013,q2+q3+q4+q5,0.79766537,804.0,397.0
2203,102,2013,q2+q3+q4+q6,0.76653696,804.0,396.625
2203,102,2013,q2+q3+q5+q6,0.65953307,619.0,352.75
2203,102,2013,q2+q4+q5+q6,0.4844358,466.0,306.5
2203,102,2013,q3+q4+q5+q6,0.51361868,1470.0,962.75
2203,102,2013,q1+q2+q3+q4+q5,0.9922179,367.0,252.0
2203,102,2013,q1+q2+q3+q4+q6,0.96108949,360.0,231.0
2203,102,2013,q1+q2+q3+q5+q6,0.8540856,312.0,201.5
2203,102,2013,q1+q2+q4+q5+q6,0.67898833,277.0,173.0
2203,102,2013,q1+q3+q4+q5+q6,0.70817121,360.0,192.0
2203,102,2013,q2+q3+q4+q5+q6,0.80544747,804.0,401.0
2203,102,2013,q1+q2+q3+q4+q5+q6,1.0,367.0,252.0
2203,102,2013,all,1.0,367.0,252.0
2204,102,2014,q1,0.19455253,125.0,99.6667
2204,102,2014,q2,0.29182879,293.0,252.0
2204,102,2014,q3,0.32101167,1300.0,898.0
2204,102,2014,q4,0.1459144,4240.0,2214.0
2204,102,2014,q5,0.03891051,15542.0,7987.5
2204,102,2014,q6,0.0077821,68800.0,40050.0
2204,102,2014,q1+q2,0.48638132,189.0,123.0
2204,102,2014,q1+q3,0.5155642,192.0,137.0
2204,102,2014,q1+q4,0.34046693,146.0,117.0
2204,102,2014,q1+q5,0.23346304,135.0,103.5
2204,102,2014,q1+q6,0.20233463,125.0,100.2222
2204,102,2014,q2+q3,0.61284047,458.0,269.0
2204,102,2014,q2+q4,0.43774319,401.0,252.0
2204,102,2014,q2+q5,0.3307393,312.0,252.0
2204,102,2014,q2+q6,0.29961089,295.0,252.0
2204,102,2014,q3+q4,0.46692607,1450.0,990.0
2204,102,2014,q3+q5,0.35992218,1300.0,905.75
2204,102,2014,q3+q6,0.32879377,1300.0,898.0
2204,102,2014,q4+q5,0.1848249,4624.0,2235.0
2204,102,2014,q4+q6,0.1536965,4240.0,2214.0
2204,102,2014,q5+q6,0.04669261,21201.0,8726.6667
2204,102,2014,q1+q2+q3,0.807393,252.0,183.5
2204,102,2014,q1+q2+q4,0.63229572,252.0,135.0
2204,102,2014,q1+q2+q5,0.52529183,198.0,124.0
2204,102,2014,q1+q2+q6,0.49416342,189.0,123.0
2204,102,2014,q1+q3+q4,0.6614786,317.0,178.0
2204,102,2014,q1+q3+q5,0.55447471,218.0,143.0
2204,102,2014,q1+q3+q6,0.5233463,192.0,137.0
2204,102,2014,q1+q4+q5,0.37937743,149.0,123.0
2204,102,2014,q1+q4+q6,0.34824903,146.0,120.75
2204,102,2014,q1+q5+q6,0.24124514,135.0,107.0
2204,102,2014,q2+q3+q4,0.75875486,536.0,315.0
2204,102,2014,q2+q3+q5,0.65175097,462.0,277.0
2204,102,2014,q2+q3+q6,0.62062257,458.0,269.0
2204,102,2014,q2+q4+q5,0.4766537,441.0,252.0
2204,102,2014,q2+q4+q6,0.44552529,403.0,252.0
2204,102,2014,q2+q5+q6,0.3385214,312.0,252.0
2204,102,2014,q3+q4+q5,0.50583658,1530.0,992.5
2204,102,2014,q3+q4+q6,0.47470817,1461.0,990.0
2204,102,2014,q3+q5+q6,0.36770428,1300.0,923.0
2204,102,2014,q4+q5+q6,0.192607,4828.0,2312.0
2204,102,2014,q1+q2+q3+q4,0.95330739,308.0,220.5
2204,102,2014,q1+q2+q3+q5,0.8463035,265.0,184.0
2204,102,2014,q1+q2+q3+q6,0.8151751,257.0,183.5
2204,102,2014,q1+q2+q4+q5,0.67120623,252.0,138.0
2204,102,2014,q1+q2+q4+q6,0.64007782,252.0,137.0
2204,102,2014,q1+q2+q5+q6,0.53307393,200.0,125.0
2204,102,2014,q1+q3+q4+q5,0.70038911,360.0,189.0
2204,102,2014,q1+q3+q4+q6,0.6692607,341.0,184.0
2204,102,2014,q1+q3+q5+q6,0.56225681,218.0,146.0
2204,102,2014,q1+q4+q5+q6,0.38715953,150.0,123.0
2204,102,2014,q2+q3+q4+q5,0.79766537,708.0,319.0
2204,102,2014,q2+q3+q4+q6,0.76653696,536.0,318.5
2204,102,2014,q2+q3+q5+q6,0.65953307,466.0,288.0
2204,102,2014,q2+q4+q5+q6,0.4844358,441.0,252.0
2204,102,2014,q3+q4+q5+q6,0.51361868,1530.0,992.5
2204,102,2014,q1+q2+q3+q4+q5,0.9922179,315.0,220.5
2204,102,2014,q1+q2+q3+q4+q6,0.96108949,308.0,220.5
2204,102,2014,q1+q2+q3+q5+q6,0.8540856,269.0,184.0
2204,102,2014,q1+q2+q4+q5+q6,0.67898833,252.0,143.0
2204,102,2014,q1+q3+q4+q5+q6,0.70817121,360.0,189.0
2204,102,2014,q2+q3+q4+q5+q6,0.80544747,711.0,319.0
2204,102,2014,q1+q2+q3+q4+q5+q6,1.0,315.0,221.0
2204,102,2014,all,1.0,315.0,221.0
2205,102,2015,q1,0.19455253,125.0,99.6667
2205,102,2015,q2,0.29182879,293.0,252.0
2205,102,2015,q3,0.32101167,1300.0,898.0
2205,102,2015,q4,0.1459144,4240.0,2214.0
2205,102,2015,q5,0.03891051,15542.0,7987.5
2205,102,2015,q6,0.0077821,68800.0,40050.0
2205,102,2015,q1+q2,0.48638132,189.0,123.0
2205,102,2015,q1+q3,0.5155642,192.0,137.0
2205,102,2015,q1+q4,0.34046693,146.0,117.0
2205,102,2015,q1+q5,0.23346304,135.0,103.5
2205,102,2015,q1+q6,0.20233463,125.0,100.2222
2205,102,2015,q2+q3,0.61284047,458.0,269.0
2205,102,2015,q2+q4,0.43774319,401.0,252.0
2205,102,2015,q2+q5,0.3307393,312.0,252.0
2205,102,2015,q2+q6,0.29961089,295.0,252.0
2205,102,2015,q3+q4,0.46692607,1450.0,990.0
2205,102,2015,q3+q5,0.35992218,1300.0,905.75
2205,102,2015,q3+q6,0.32879377,1300.0,898.0
2205,102,2015,q4+q5,0.1848249,4624.0,2235.0
2205,102,2015,q4+q6,0.1536965,4240.0,2214.0
2205,102,2015,q5+q6,0.04669261,21201.0,8726.6667
2205,102,2015,q1+q2+q3,0.807393,252.0,183.5
2205,102,2015,q1+q2+q4,0.63229572,252.0,135.0
2205,102,2015,q1+q2+q5,0.52529183,198.0,124.0
2205,102,2015,q1+q2+q6,0.49416342,189.0,123.0
2205,102,2015,q1+q3+q4,0.6614786,317.0,178.0
2205,102,2015,q1+q3+q5,0.55447471,218.0,143.0
2205,102,2015,q1+q3+q6,0.5233463,192.0,137.0
2205,102,2015,q1+q4+q5,0.37937743,149.0,123.0
2205,102,2015,q1+q4+q6,0.34824903,146.0,120.75
2205,102,2015,q1+q5+q6,0.24124514,135.0,107.0
2205,102,2015,q2+q3+q4,0.75875486,536.0,315.0
2205,102,2015,q2+q3+q5,0.65175097,462.0,277.0
2205,102,2015,q2+q3+q6,0.62062257,458.0,269.0
2205,102,2015,q2+q4+q5,0.4766537,441.0,252.0
2205,102,2015,q2+q4+q6,0.44552529,403.0,252.0
2205,102,2015,q2+q5+q6,0.3385214,312.0,252.0
2205,102,2015,q3+q4+q5,0.50583658,1530.0,992.5
2205,102,2015,q3+q4+q6,0.47470817,1461.0,990.0
2205,102,2015,q3+q5+q6,0.36770428,1300.0,923.0
2205,102,2015,q4+q5+q6,0.192607,4828.0,2312.0
2205,102,2015,q1+q2+q3+q4,0.95330739,308.0,220.5
2205,102,2015,q1+q2+q3+q5,0.8463035,265.0,184.0
2205,102,2015,q1+q2+q3+q6,0.8151751,257.0,183.5
2205,102,2015,q1+q2+q4+q5,0.67120623,252.0,138.0
2205,102,2015,q1+q2+q4+q6,0.64007782,252.0,137.0
2205,102,2015,q1+q2+q5+q6,0.53307393,200.0,125.0
2205,102,2015,q1+q3+q4+q5,0.70038911,360.0,189.0
2205,102,2015,q1+q3+q4+q6,0.6692607,341.0,184.0
2205,102,2015,q1+q3+q5+q6,0.56225681,218.0,146.0
2205,102,2015,q1+q4+q5+q6,0.38715953,150.0,123.0
2205,102,2015,q2+q3+q4+q5,0.79766537,708.0,319.0
2205,102,2015,q2+q3+q4+q6,0.76653696,536.0,318.5
2205,102,2015,q2+q3+q5+q6,0.65953307,466.0,288.0
2205,102,2015,q2+q4+q5+q6,0.4844358,441.0,252.0
2205,102,2015,q3+q4+q5+q6,0.51361868,1530.0,992.5
2205,102,2015,q1+q2+q3+q4+q5,0.9922179,315.0,220.5
2205,102,2015,q1+q2+q3+q4+q6,0.96108949,308.0,220.5
2205,102,2015,q1+q2+q3+q5+q6,0.8540856,269.0,184.0
2205,102,2015,q1+q2+q4+q5+q6,0.67898833,252.0,143.0
2205,102,2015,q1+q3+q4+q5+q6,0.70817121,360.0,189.0
2205,102,2015,q2+q3+q4+q5+q6,0.80544747,711.0,319.0
2205,102,2015,q1+q2+q3+q4+q5+q6,1.0,315.0,221.0
2205,102,2015,all,1.0,315.0,221.0
2301,103,2021,q1,0.10699588,127.0,114.0
2301,103,2021,q2,0.20576132,312.0,252.0
2301,103,2021,q3,0.24691358,1125.0,849.3333
2301,103,2021,q4,0.32921811,3180.0,2100.0
2301,103,2021,q5,0.08230453,14850.0,7987.5
2301,103,2021,q6,0.02880658,68800.0,40110.0
2301,103,2021,q1+q2,0.3127572,218.0,146.0
2301,103,2021,q1+q3,0.35390947,308.0,178.0
2301,103,2021,q1+q4,0.43621399,2100.0,795.0
2301,103,2021,q1+q5,0.18930041,146.0,125.0
2301,103,2021,q1+q6,0.13580247,138.0,123.0
2301,103,2021,q2+q3,0.4526749,466.0,312.0
2301,103,2021,q2+q4,0.53497942,619.0,336.5
2301,103,2021,q2+q5,0.28806584,367.0,268.0
2301,103,2021,q2+q6,0.2345679,315.0,252.0
2301,103,2021,q3+q4,0.57613169,2052.0,1039.5
2301,103,2021,q3+q5,0.32921811,1313.0,923.0
2301,103,2021,q3+q6,0.27572016,1260.0,855.0
2301,103,2021,q4+q5,0.41152263,3780.0,2184.6667
2301,103,2021,q4+q6,0.35802469,3640.0,2160.0
2301,103,2021,q5+q6,0.11111111,16200.0,9082.5
2301,103,2021,q1+q2+q3,0.55967078,312.0,223.0
2301,103,2021,q1+q2+q4,0.64197531,346.0,252.0
2301,103,2021,q1+q2+q5,0.39506173,252.0,169.0
2301,103,2021,q1+q2+q6,0.34156379,252.0,149.75
2301,103,2021,q1+q3+q4,0.68312757,1175.0,830.5
2301,103,2021,q1+q3+q5,0.43621399,711.0,396.625
2301,103,2021,q1+q3+q6,0.38271605,346.0,189.0
2301,103,2021,q1+q4+q5,0.51851852,2400.0,1673.5
2301,103,2021,q1+q4+q6,0.46502058,2160.0,1469.0
2301,103,2021,q1+q5+q6,0.218107,161.0,134.0
2301,103,2021,q2+q3+q4,0.781893,914.0,466.0
2301,103,2021,q2+q3+q5,0.53497942,619.0,336.5
2301,103,2021,q2+q3+q6,0.48148148,505.0,315.0
2301,103,2021,q2+q4+q5,0.61728395,770.0,397.0
2301,103,2021,q2+q4+q6,0.56378601,718.0,360.5
2301,103,2021,q2+q5+q6,0.31687243,420.0,277.0
2301,103,2021,q3+q4+q5,0.65843621,2160.0,1178.0
2301,103,2021,q3+q4+q6,0.60493827,2100.0,1052.0
2301,103,2021,q3+q5+q6,0.35802469,1373.0,923.0
2301,103,2021,q4+q5+q6,0.44032922,3920.0,2214.0
2301,103,2021,q1+q2+q3+q4,0.88888889,480.0,312.0
2301,103,2021,q1+q2+q3+q5,0.64197531,346.0,252.0
2301,103,2021,q1+q2+q3+q6,0.58847737,315.0,239.3333
2301,103,2021,q1+q2+q4+q5,0.72427984,420.0,269.0
2301,103,2021,q1+q2+q4+q6,0.67078189,367.0,257.0
2301,103,2021,q1+q2+q5+q6,0.42386831,269.0,177.0
2301,103,2021,q1+q3+q4+q5,0.7654321,1313.0,900.0
2301,103,2021,q1+q3+q4+q6,0.71193416,1260.0,855.0
2301,103,2021,q1+q3+q5+q6,0.46502058,810.0,490.0
2301,103,2021,q1+q4+q5+q6,0.5473251,2460.0,1722.0
2301,103,2021,q2+q3+q4+q5,0.86419753,968.0,556.5
2301,103,2021,q2+q3+q4+q6,0.81069959,923.0,490.0
2301,103,2021,q2+q3+q5+q6,0.56378601,711.0,360.5
2301,103,2021,q2+q4+q5+q6,0.64609053,804.0,402.0
2301,103,2021,q3+q4+q5+q6,0.6872428,2318.0,1260.0
2301,103,2021,q1+q2+q3+q4+q5,0.97119342,654.0,358.25
2301,103,2021,q1+q2+q3+q4+q6,0.91769547,514.0,317.5
2301,103,2021,q1+q2+q3+q5+q6,0.67078189,367.0,257.0
2301,103,2021,q1+q2+q4+q5+q6,0.75308642,437.0,282.5
2301,103,2021,q1+q3+q4+q5+q6,0.79423868,1388.0,923.0
2301,103,2021,q2+q3+q4+q5+q6,0.89300412,983.0,635.25
2301,103,2021,q1+q2+q3+q4+q5+q6,1.0,711.0,363.0
2301,103,2021,all,1.0,711.0,363.0
2302,103,2022,q1,0.10699588,127.0,117.0
2302,103,2022,q2,0.20576132,295.0,252.0
2302,103,2022,q3,0.24691358,983.0,830.5
2302,103,2022,q4,0.32921811,2600.0,2100.0
2302,103,2022,q5,0.08230453,12600.0,7800.0
2302,103,2022,q6,0.02880658,68800.0,45000.0
2302,103,2022,q1+q2,0.3127572,209.0,146.0
2302,103,2022,q1+q3,0.35390947,299.0,178.0
2302,103,2022,q1+q4,0.43621399,2100.0,795.0
2302,103,2022,q1+q5,0.18930041,146.0,127.0
2302,103,2022,q1+q6,0.13580247,139.0,123.0
2302,103,2022,q2+q3,0.4526749,475.0,301.0
2302,103,2022,q2+q4,0.53497942,708.0,315.0
2302,103,2022,q2+q5,0.28806584,315.0,282.5
2302,103,2022,q2+q6,0.2345679,301.0,261.0
2302,103,2022,q3+q4,0.57613169,1780.0,1022.5
2302,103,2022,q3+q5,0.32921811,1260.0,905.75
2302,103,2022,q3+q6,0.27572016,1050.0,830.5
2302,103,2022,q4+q5,0.41152263,3120.0,2214.0
2302,103,2022,q4+q6,0.35802469,2600.0,2160.0
2302,103,2022,q5+q6,0.11111111,15325.0,8800.0
2302,103,2022,q1+q2+q3,0.55967078,295.0,221.25
2302,103,2022,q1+q2+q4,0.64197531,315.0,252.0
2302,103,2022,q1+q2+q5,0.39506173,269.0,169.0
2302,103,2022,q1+q2+q6,0.34156379,252.0,152.5
2302,103,2022,q1+q3+q4,0.68312757,1050.0,830.5
2302,103,2022,q1+q3+q5,0.43621399,711.0,396.625
2302,103,2022,q1+q3+q6,0.38271605,341.0,189.0
2302,103,2022,q1+q4+q5,0.51851852,2400.0,1680.0
2302,103,2022,q1+q4+q6,0.46502058,2160.0,1624.8333
2302,103,2022,q1+q5+q6,0.218107,168.0,137.0
2302,103,2022,q2+q3+q4,0.781893,923.0,473.0
2302,103,2022,q2+q3+q5,0.53497942,708.0,315.0
2302,103,2022,q2+q3+q6,0.48148148,532.0,312.0
2302,103,2022,q2+q4+q5,0.61728395,786.0,370.0
2302,103,2022,q2+q4+q6,0.56378601,718.0,327.0
2302,103,2022,q2+q5+q6,0.31687243,360.0,288.0
2302,103,2022,q3+q4+q5,0.65843621,2133.0,1125.0
2302,103,2022,q3+q4+q6,0.60493827,2045.0,1039.5
2302,103,2022,q3+q5+q6,0.35802469,1313.0,923.0
2302,103,2022,q4+q5+q6,0.44032922,3454.0,2214.0
2302,103,2022,q1+q2+q3+q4,0.88888889,507.0,302.5
2302,103,2022,q1+q2+q3+q5,0.64197531,315.0,252.0
2302,103,2022,q1+q2+q3+q6,0.58847737,301.0,231.0
2302,103,2022,q1+q2+q4+q5,0.72427984,367.0,288.0
2302,103,2022,q1+q2+q4+q6,0.67078189,319.0,262.0
2302,103,2022,q1+q2+q5+q6,0.42386831,288.0,177.0
2302,103,2022,q1+q3+q4+q5,0.7654321,1260.0,900.0
2302,103,2022,q1+q3+q4+q6,0.71193416,1125.0,830.5
2302,103,2022,q1+q3+q5+q6,0.46502058,810.0,490.0
2302,103,2022,q1+q4+q5+q6,0.5473251,2460.0,1722.0
2302,103,2022,q2+q3+q4+q5,0.86419753,923.0,553.5
2302,103,2022,q2+q3+q4+q6,0.81069959,923.0,508.6667
2302,103,2022,q2+q3+q5+q6,0.56378601,711.0,327.0
2302,103,2022,q2+q4+q5+q6,0.64609053,806.0,402.0
2302,103,2022,q3+q4+q5+q6,0.6872428,2214.0,1178.0
2302,103,2022,q1+q2+q3+q4+q5,0.97119342,708.0,317.5
2302,103,2022,q1+q2+q3+q4+q6,0.91769547,532.0,312.0
2302,103,2022,q1+q2+q3+q5+q6,0.67078189,319.0,262.0
2302,103,2022,q1+q2+q4+q5+q6,0.75308642,420.0,288.0
2302,103,2022,q1+q3+q4+q5+q6,0.79423868,1350.0,923.0
2302,103,2022,q2+q3+q4+q5+q6,0.89300412,923.0,579.5
2302,103,2022,q1+q2+q3+q4+q5+q6,1.0,711.0,336.5
2302,103,2022,all,1.0,711.0,336.5
2303,103,2023,q1,0.10699588,127.0,120.75
2303,103,2023,q2,0.20576132,367.0,257.0
2303,103,2023,q3,0.24691358,1178.0,830.5
2303,103,2023,q4,0.32921811,3040.0,2096.8889
2303,103,2023,q5,0.08230453,12825.0,7800.0
2303,103,2023,q6,0.02880658,68800.0,35325.0
2303,103,2023,q1+q2,0.3127572,218.0,158.4444
2303,103,2023,q1+q3,0.35390947,304.0,184.0
2303,103,2023,q1+q4,0.43621399,2100.0,795.0
2303,103,2023,q1+q5,0.18930041,160.0,129.3333
2303,103,2023,q1+q6,0.13580247,138.0,123.0
2303,103,2023,q2+q3,0.4526749,613.0,319.0
2303,103,2023,q2+q4,0.53497942,804.0,373.0
2303,103,2023,q2+q5,0.28806584,445.0,291.5
2303,103,2023,q2+q6,0.2345679,401.0,268.0
2303,103,2023,q3+q4,0.57613169,2100.0,1026.0
2303,103,2023,q3+q5,0.32921811,1388.0,923.0
2303,103,2023,q3+q6,0.27572016,1300.0,872.0
2303,103,2023,q4+q5,0.41152263,3180.0,2170.0
2303,103,2023,q4+q6,0.35802469,3120.0,2100.0
2303,103,2023,q5+q6,0.11111111,16200.0,8606.25
2303,103,2023,q1+q2+q3,0.55967078,338.0,231.0
2303,103,2023,q1+q2+q4,0.64197531,401.0,261.0
2303,103,2023,q1+q2+q5,0.39506173,277.0,173.0
2303,103,2023,q1+q2+q6,0.34156379,252.0,168.0
2303,103,2023,q1+q3+q4,0.68312757,1178.0,810.0
2303,103,2023,q1+q3+q5,0.43621399,711.0,396.625
2303,103,2023,q1+q3+q6,0.38271605,345.0,189.0
2303,103,2023,q1+q4+q5,0.51851852,2460.0,1635.0
2303,103,2023,q1+q4+q6,0.46502058,2160.0,795.0
2303,103,2023,q1+q5+q6,0.218107,169.0,138.0
2303,103,2023,q2+q3+q4,0.781893,968.0,473.0
2303,103,2023,q2+q3+q5,0.53497942,755.0,373.0
2303,103,2023,q2+q3+q6,0.48148148,661.0,360.0
2303,103,2023,q2+q4+q5,0.61728395,878.0,420.0
2303,103,2023,q2+q4+q6,0.56378601,804.0,401.0
2303,103,2023,q2+q5+q6,0.31687243,458.0,295.0
2303,103,2023,q3+q4+q5,0.65843621,2385.0,1085.75
2303,103,2023,q3+q4+q6,0.60493827,2160.0,1039.5
2303,103,2023,q3+q5+q6,0.35802469,1388.0,923.0
2303,103,2023,q4+q5+q6,0.44032922,3454.0,2214.0
2303,103,2023,q1+q2+q3+q4,0.88888889,619.0,330.5
2303,103,2023,q1+q2+q3+q5,0.64197531,401.0,261.0
2303,103,2023,q1+q2+q3+q6,0.58847737,360.0,252.0
2303,103,2023,q1+q2+q4+q5,0.72427984,458.0,295.0
2303,103,2023,q1+q2+q4+q6,0.67078189,420.0,277.0
2303,103,2023,q1+q2+q5+q6,0.42386831,293.0,184.0
2303,103,2023,q1+q3+q4+q5,0.7654321,1388.0,887.75
2303,103,2023,q1+q3+q4+q6,0.71193416,1313.0,830.5
2303,103,2023,q1+q3+q5+q6,0.46502058,810.0,424.0
2303,103,2023,q1+q4+q5+q6,0.5473251,2514.0,1680.0
2303,103,2023,q2+q3+q4+q5,0.86419753,1005.0,553.0
2303,103,2023,q2+q3+q4+q6,0.81069959,968.0,490.0
2303,103,2023,q2+q3+q5+q6,0.56378601,804.0,396.625
2303,103,2023,q2+q4+q5+q6,0.64609053,979.0,430.0
2303,103,2023,q3+q4+q5+q6,0.6872428,2400.0,1178.0
2303,103,2023,q1+q2+q3+q4+q5,0.97119342,786.0,393.0
2303,103,2023,q1+q2+q3+q4+q6,0.91769547,711.0,360.0
2303,103,2023,q1+q2+q3+q5+q6,0.67078189,420.0,277.0
2303,103,2023,q1+q2+q4+q5+q6,0.75308642,462.0,301.0
2303,103,2023,q1+q3+q4+q5+q6,0.79423868,1433.0,923.0
2303,103,2023,q2+q3+q4+q5+q6,0.89300412,1089.0,596.25
2303,103,2023,q1+q2+q3+q4+q5+q6,1.0,804.0,397.0
2303,103,2023,all,1.0,804.0,397.0
2304,103,2024,q1,0.10699588,134.0,117.0
2304,103,2024,q2,0.20576132,312.0,262.0
2304,103,2024,q3,0.24691358,983.0,823.5
2304,103,2024,q4,0.32921811,3040.0,2100.0
2304,103,2024,q5,0.08230453,15345.0,9245.0
2304,103,2024,q6,0.02880658,68100.0,46440.0
2304,103,2024,q1+q2,0.3127572,207.0,150.0
2304,103,2024,q1+q3,0.35390947,320.0,184.0
2304,103,2024,q1+q4,0.43621399,2100.0,795.0
2304,103,2024,q1+q5,0.18930041,146.0,134.0
2304,103,2024,q1+q6,0.13580247,139.0,123.0
2304,103,2024,q2+q3,0.4526749,458.0,317.5
2304,103,2024,q2+q4,0.53497942,480.0,360.5
2304,103,2024,q2+q5,0.28806584,360.0,277.0
2304,103,2024,q2+q6,0.2345679,315.0,262.0
2304,103,2024,q3+q4,0.57613169,1796.0,983.0
2304,103,2024,q3+q5,0.32921811,1125.0,855.0
2304,103,2024,q3+q6,0.27572016,983.0,840.0
2304,103,2024,q4+q5,0.41152263,3780.0,2160.0
2304,103,2024,q4+q6,0.35802469,3454.0,2100.0
2304,103,2024,q5+q6,0.11111111,16200.0,9922.5
2304,103,2024,q1+q2+q3,0.55967078,312.0,231.0
2304,103,2024,q1+q2+q4,0.64197531,346.0,262.0
2304,103,2024,q1+q2+q5,0.39506173,262.0,173.0
2304,103,2024,q1+q2+q6,0.34156379,252.0,161.0
2304,103,2024,q1+q3+q4,0.68312757,983.0,823.5
2304,103,2024,q1+q3+q5,0.43621399,711.0,424.0
2304,103,2024,q1+q3+q6,0.38271605,346.0,192.0
2304,103,2024,q1+q4+q5,0.51851852,2160.0,1695.0
2304,103,2024,q1+q4+q6,0.46502058,2100.0,1635.0
2304,103,2024,q1+q5+q6,0.218107,168.0,139.0
2304,103,2024,q2+q3+q4,0.781893,855.0,473.0
2304,103,2024,q2+q3+q5,0.53497942,480.0,360.5
2304,103,2024,q2+q3+q6,0.48148148,466.0,327.0
2304,103,2024,q2+q4+q5,0.61728395,661.0,422.0
2304,103,2024,q2+q4+q6,0.56378601,532.0,401.0
2304,103,2024,q2+q5+q6,0.31687243,403.0,291.5
2304,103,2024,q3+q4+q5,0.65843621,2100.0,1066.5
2304,103,2024,q3+q4+q6,0.60493827,1985.0,1026.0
2304,103,2024,q3+q5+q6,0.35802469,1260.0,872.0
2304,103,2024,q4+q5+q6,0.44032922,3780.0,2160.0
2304,103,2024,q1+q2+q3+q4,0.88888889,466.0,327.0
2304,103,2024,q1+q2+q3+q5,0.64197531,346.0,262.0
2304,103,2024,q1+q2+q3+q6,0.58847737,317.0,252.0
2304,103,2024,q1+q2+q4+q5,0.72427984,403.0,288.0
2304,103,2024,q1+q2+q4+q6,0.67078189,360.0,269.0
2304,103,2024,q1+q2+q5+q6,0.42386831,277.0,184.0
2304,103,2024,q1+q3+q4+q5,0.7654321,1175.0,855.0
2304,103,2024,q1+q3+q4+q6,0.71193416,1005.0,840.0
2304,103,2024,q1+q3+q5+q6,0.46502058,848.0,424.0
2304,103,2024,q1+q4+q5+q6,0.5473251,2160.0,1740.0
2304,103,2024,q2+q3+q4+q5,0.86419753,914.0,546.1111
2304,103,2024,q2+q3+q4+q6,0.81069959,855.0,475.0
2304,103,2024,q2+q3+q5+q6,0.56378601,532.0,396.625
2304,103,2024,q2+q4+q5+q6,0.64609053,734.0,427.4167
2304,103,2024,q3+q4+q5+q6,0.6872428,2100.0,1125.0
2304,103,2024,q1+q2+q3+q4+q5,0.97119342,486.0,367.0
2304,103,2024,q1+q2+q3+q4+q6,0.91769547,473.0,331.0
2304,103,2024,q1+q2+q3+q5+q6,0.67078189,360.0,269.0
2304,103,2024,q1+q2+q4+q5+q6,0.75308642,422.0,293.0
2304,103,2024,q1+q3+q4+q5+q6,0.79423868,1300.0,872.0
2304,103,2024,q2+q3+q4+q5+q6,0.89300412,923.0,553.5
2304,103,2024,q1+q2+q3+q4+q5+q6,1.0,609.0,401.0
2304,103,2024,all,1.0,609.0,401.0
2305,103,2025,q1,0.10699588,125.0,102.5
2305,103,2025,q2,0.20576132,295.0,252.0
2305,103,2025,q3,0.24691358,1300.0,898.0
2305,103,2025,q4,0.32921811,3920.0,2170.0
2305,103,2025,q5,0.08230453,15345.0,7987.5
2305,103,2025,q6,0.02880658,75500.0,37210.0
2305,103,2025,q1+q2,0.3127572,218.0,128.5
2305,103,2025,q1+q3,0.35390947,315.0,170.0
2305,103,2025,q1+q4,0.43621399,2100.0,795.0
2305,103,2025,q1+q5,0.18930041,146.0,123.0
2305,103,2025,q1+q6,0.13580247,137.0,114.0
2305,103,2025,q2+q3,0.4526749,466.0,293.0
2305,103,2025,q2+q4,0.53497942,536.0,318.5
2305,103,2025,q2+q5,0.28806584,346.0,252.0
2305,103,2025,q2+q6,0.2345679,312.0,252.0
2305,103,2025,q3+q4,0.57613169,2079.0,1260.0
2305,103,2025,q3+q5,0.32921811,1433.0,938.0
2305,103,2025,q3+q6,0.27572016,1300.0,905.75
2305,103,2025,q4+q5,0.41152263,4428.0,2235.0
2305,103,2025,q4+q6,0.35802469,4240.0,2214.0
2305,103,2025,q5+q6,0.11111111,21840.0,8925.0
2305,103,2025,q1+q2+q3,0.55967078,295.0,220.5
2305,103,2025,q1+q2+q4,0.64197531,319.0,252.0
2305,103,2025,q1+q2+q5,0.39506173,252.0,149.0
2305,103,2025,q1+q2+q6,0.34156379,252.0,135.0
2305,103,2025,q1+q3+q4,0.68312757,1300.0,898.0
2305,103,2025,q1+q3+q5,0.43621399,711.0,424.0
2305,103,2025,q1+q3+q6,0.38271605,346.0,189.0
2305,103,2025,q1+q4+q5,0.51851852,2460.0,1727.0
2305,103,2025,q1+q4+q6,0.46502058,2160.0,1635.0
2305,103,2025,q1+q5+q6,0.218107,156.0,125.0
2305,103,2025,q2+q3+q4,0.781893,907.0,466.0
2305,103,2025,q2+q3+q5,0.53497942,536.0,318.5
2305,103,2025,q2+q3+q6,0.48148148,514.0,301.0
2305,103,2025,q2+q4+q5,0.61728395,738.0,360.5
2305,103,2025,q2+q4+q6,0.56378601,721.0,319.0
2305,103,2025,q2+q5+q6,0.31687243,422.0,252.0
2305,103,2025,q3+q4+q5,0.65843621,2400.0,1300.0
2305,103,2025,q3+q4+q6,0.60493827,2160.0,1260.0
2305,103,2025,q3+q5+q6,0.35802469,1450.0,968.0
2305,103,2025,q4+q5+q6,0.44032922,4428.0,2244.0
2305,103,2025,q1+q2+q3+q4,0.88888889,480.0,295.0
2305,103,2025,q1+q2+q3+q5,0.64197531,319.0,252.0
2305,103,2025,q1+q2+q3+q6,0.58847737,312.0,221.0
2305,103,2025,q1+q2+q4+q5,0.72427984,414.0,252.0
2305,103,2025,q1+q2+q4+q6,0.67078189,346.0,252.0
2305,103,2025,q1+q2+q5+q6,0.42386831,252.0,160.0
2305,103,2025,q1+q3+q4+q5,0.7654321,1450.0,931.5
2305,103,2025,q1+q3+q4+q6,0.71193416,1300.0,905.75
2305,103,2025,q1+q3+q5+q6,0.46502058,711.0,547.5
2305,103,2025,q1+q4+q5+q6,0.5473251,2560.0,1868.0
2305,103,2025,q2+q3+q4+q5,0.86419753,1044.0,579.5
2305,103,2025,q2+q3+q4+q6,0.81069959,923.0,490.0
2305,103,2025,q2+q3+q5+q6,0.56378601,711.0,319.0
2305,103,2025,q2+q4+q5+q6,0.64609053,786.0,373.0
2305,103,2025,q3+q4+q5+q6,0.6872428,2460.0,1300.0
2305,103,2025,q1+q2+q3+q4+q5,0.97119342,654.0,319.0
2305,103,2025,q1+q2+q3+q4+q6,0.91769547,514.0,308.0
2305,103,2025,q1+q2+q3+q5+q6,0.67078189,346.0,252.0
2305,103,2025,q1+q2+q4+q5+q6,0.75308642,441.0,252.0
2305,103,2025,q1+q3+q4+q5+q6,0.79423868,1450.0,968.0
2305,103,2025,q2+q3+q4+q5+q6,0.89300412,1050.0,641.25
2305,103,2025,q1+q2+q3+q4+q5+q6,1.0,711.0,319.0
2305,103,2025,all,1.0,711.0,319.0
2306,103,2026,q1,0.10699588,123.0,109.0
2306,103,2026,q2,0.20576132,420.0,252.0
2306,103,2026,q3,0.24691358,1388.0,855.0
2306,103,2026,q4,0.32921811,3650.0,2162.6667
2306,103,2026,q5,0.08230453,19845.0,7650.0
2306,103,2026,q6,0.02880658,104400.0,31966.6667
2306,103,2026,q1+q2,0.3127572,248.0,138.5
2306,103,2026,q1+q3,0.35390947,317.0,172.0
2306,103,2026,q1+q4,0.43621399,2100.0,795.0
2306,103,2026,q1+q5,0.18930041,146.0,120.75
2306,103,2026,q1+q6,0.13580247,135.0,115.0
2306,103,2026,q2+q3,0.4526749,718.0,317.5
2306,103,2026,q2+q4,0.53497942,760.0,360.5
2306,103,2026,q2+q5,0.28806584,462.0,268.0
2306,103,2026,q2+q6,0.2345679,441.0,261.0
2306,103,2026,q3+q4,0.57613169,2460.0,1039.5
2306,103,2026,q3+q5,0.32921811,1767.0,898.0
2306,103,2026,q3+q6,0.27572016,1470.0,898.0
2306,103,2026,q4+q5,0.41152263,4240.0,2235.0
2306,103,2026,q4+q6,0.35802469,3650.0,2214.0
2306,103,2026,q5+q6,0.11111111,24435.0,8800.0
2306,103,2026,q1+q2+q3,0.55967078,346.0,221.0
2306,103,2026,q1+q2+q4,0.64197531,441.0,257.0
2306,103,2026,q1+q2+q5,0.39506173,277.0,173.0
2306,103,2026,q1+q2+q6,0.34156379,252.0,149.0
2306,103,2026,q1+q3+q4,0.68312757,1388.0,830.5
2306,103,2026,q1+q3+q5,0.43621399,711.0,396.625
2306,103,2026,q1+q3+q6,0.38271605,346.0,192.0
2306,103,2026,q1+q4+q5,0.51851852,2514.0,1727.0
2306,103,2026,q1+q4+q6,0.46502058,2160.0,1573.0
2306,103,2026,q1+q5+q6,0.218107,161.0,124.0
2306,103,2026,q2+q3+q4,0.781893,968.0,458.75
2306,103,2026,q2+q3+q5,0.53497942,738.0,360.5
2306,103,2026,q2+q3+q6,0.48148148,721.0,336.0
2306,103,2026,q2+q4+q5,0.61728395,804.0,380.0
2306,103,2026,q2+q4+q6,0.56378601,786.0,363.0
2306,103,2026,q2+q5+q6,0.31687243,466.0,277.0
2306,103,2026,q3+q4+q5,0.65843621,2560.0,1175.0
2306,103,2026,q3+q4+q6,0.60493827,2514.0,1052.0
2306,103,2026,q3+q5+q6,0.35802469,1796.0,923.0
2306,103,2026,q4+q5+q6,0.44032922,4428.0,2235.0
2306,103,2026,q1+q2+q3+q4,0.88888889,721.0,319.0
2306,103,2026,q1+q2+q3+q5,0.64197531,441.0,257.0
2306,103,2026,q1+q2+q3+q6,0.58847737,367.0,228.5
2306,103,2026,q1+q2+q4+q5,0.72427984,466.0,269.0
2306,103,2026,q1+q2+q4+q6,0.67078189,441.0,268.0
2306,103,2026,q1+q2+q5+q6,0.42386831,295.0,183.5
2306,103,2026,q1+q3+q4+q5,0.7654321,1780.0,898.0
2306,103,2026,q1+q3+q4+q6,0.71193416,1470.0,887.75
2306,103,2026,q1+q3+q5+q6,0.46502058,848.0,508.6667
2306,103,2026,q1+q4+q5+q6,0.5473251,2560.0,1785.0
2306,103,2026,q2+q3+q4+q5,0.86419753,1089.0,556.5
2306,103,2026,q2+q3+q4+q6,0.81069959,983.0,475.0
2306,103,2026,q2+q3+q5+q6,0.56378601,760.0,363.0
2306,103,2026,q2+q4+q5+q6,0.64609053,878.0,393.0
2306,103,2026,q3+q4+q5+q6,0.6872428,2565.0,1260.0
2306,103,2026,q1+q2+q3+q4+q5,0.97119342,738.0,360.5
2306,103,2026,q1+q2+q3+q4+q6,0.91769547,734.0,336.0
2306,103,2026,q1+q2+q3+q5+q6,0.67078189,441.0,268.0
2306,103,2026,q1+q2+q4+q5+q6,0.75308642,480.0,290.4
2306,103,2026,q1+q3+q4+q5+q6,0.79423868,1796.0,923.0
2306,103,2026,q2+q3+q4+q5+q6,0.89300412,1125.0,641.25
2306,103,2026,q1+q2+q3+q4+q5+q6,1.0,760.0,367.0
2306,103,2026,all,1.0,760.0,367.0
2307,103,2027,q1,0.10699588,125.0,109.0
2307,103,2027,q2,0.20576132,252.0,231.0
2307,103,2027,q3,0.24691358,1300.0,923.0
2307,103,2027,q4,0.32921811,3920.0,2170.0
2307,103,2027,q5,0.08230453,14520.0,8606.25
2307,103,2027,q6,0.02880658,68400.0,46725.0
2307,103,2027,q1+q2,0.3127572,205.0,125.0
2307,103,2027,q1+q3,0.35390947,308.0,184.0
2307,103,2027,q1+q4,0.43621399,2100.0,795.0
2307,103,2027,q1+q5,0.18930041,146.0,125.0
2307,103,2027,q1+q6,0.13580247,138.0,123.0
2307,103,2027,q2+q3,0.4526749,458.0,257.0
2307,103,2027,q2+q4,0.53497942,458.0,295.0
2307,103,2027,q2+q5,0.28806584,295.0,252.0
2307,103,2027,q2+q6,0.2345679,269.0,252.0
2307,103,2027,q3+q4,0.57613169,1661.0,1300.0
2307,103,2027,q3+q5,0.32921811,1313.0,983.0
2307,103,2027,q3+q6,0.27572016,1300.0,938.0
2307,103,2027,q4+q5,0.41152263,4240.0,2235.0
2307,103,2027,q4+q6,0.35802469,3960.0,2184.6667
2307,103,2027,q5+q6,0.11111111,15345.0,9800.0
2307,103,2027,q1+q2+q3,0.55967078,262.0,192.0
2307,103,2027,q1+q2+q4,0.64197531,295.0,239.3333
2307,103,2027,q1+q2+q5,0.39506173,252.0,139.0
2307,103,2027,q1+q2+q6,0.34156379,252.0,127.0
2307,103,2027,q1+q3+q4,0.68312757,1300.0,923.0
2307,103,2027,q1+q3+q5,0.43621399,711.0,396.625
2307,103,2027,q1+q3+q6,0.38271605,360.0,189.0
2307,103,2027,q1+q4+q5,0.51851852,2514.0,1727.0
2307,103,2027,q1+q4+q6,0.46502058,2160.0,1573.0
2307,103,2027,q1+q5+q6,0.218107,156.0,126.75
2307,103,2027,q2+q3+q4,0.781893,886.0,466.0
2307,103,2027,q2+q3+q5,0.53497942,458.0,295.0
2307,103,2027,q2+q3+q6,0.48148148,458.0,269.0
2307,103,2027,q2+q4+q5,0.61728395,514.0,318.5
2307,103,2027,q2+q4+q6,0.56378601,462.0,302.5
2307,103,2027,q2+q5+q6,0.31687243,312.0,252.0
2307,103,2027,q3+q4+q5,0.65843621,2045.0,1320.0
2307,103,2027,q3+q4+q6,0.60493827,1780.0,1300.0
2307,103,2027,q3+q5+q6,0.35802469,1388.0,1026.0
2307,103,2027,q4+q5+q6,0.44032922,4428.0,2312.0
2307,103,2027,q1+q2+q3+q4,0.88888889,458.0,262.0
2307,103,2027,q1+q2+q3+q5,0.64197531,295.0,239.3333
2307,103,2027,q1+q2+q3+q6,0.58847737,269.0,206.6667
2307,103,2027,q1+q2+q4+q5,0.72427984,340.0,252.0
2307,103,2027,q1+q2+q4+q6,0.67078189,312.0,252.0
2307,103,2027,q1+q2+q5+q6,0.42386831,252.0,146.0
2307,103,2027,q1+q3+q4+q5,0.7654321,1350.0,973.25
2307,103,2027,q1+q3+q4+q6,0.71193416,1300.0,931.5
2307,103,2027,q1+q3+q5+q6,0.46502058,855.0,546.1111
2307,103,2027,q1+q4+q5+q6,0.5473251,2560.0,1785.0
2307,103,2027,q2+q3+q4+q5,0.86419753,968.0,573.0
2307,103,2027,q2+q3+q4+q6,0.81069959,923.0,480.0
2307,103,2027,q2+q3+q5+q6,0.56378601,462.0,302.5
2307,103,2027,q2+q4+q5+q6,0.64609053,654.0,358.25
2307,103,2027,q3+q4+q5+q6,0.6872428,2100.0,1373.0
2307,103,2027,q1+q2+q3+q4+q5,0.97119342,462.0,295.0
2307,103,2027,q1+q2+q3+q4+q6,0.91769547,458.0,277.0
2307,103,2027,q1+q2+q3+q5+q6,0.67078189,312.0,252.0
2307,103,2027,q1+q2+q4+q5+q6,0.75308642,360.0,252.0
2307,103,2027,q1+q3+q4+q5+q6,0.79423868,1388.0,992.5
2307,103,2027,q2+q3+q4+q5+q6,0.89300412,1044.0,641.25
2307,103,2027,q1+q2+q3+q4+q5+q6,1.0,473.0,312.0
2307,103,2027,all,1.0,473.0,312.0
2308,103,2028,q1,0.10699588,134.0,115.0
2308,103,2028,q2,0.20576132,301.0,269.0
2308,103,2028,q3,0.24691358,1005.0,823.5
2308,103,2028,q4,0.32921811,3454.0,2096.8889
2308,103,2028,q5,0.08230453,16200.0,9210.25
2308,103,2028,q6,0.02880658,68100.0,43194.1667
2308,103,2028,q1+q2,0.3127572,207.0,146.0
2308,103,2028,q1+q3,0.35390947,320.0,170.0
2308,103,2028,q1+q4,0.43621399,2100.0,795.0
2308,103,2028,q1+q5,0.18930041,146.0,127.0
2308,103,2028,q1+q6,0.13580247,137.0,123.0
2308,103,2028,q2+q3,0.4526749,458.0,315.0
2308,103,2028,q2+q4,0.53497942,505.0,360.0
2308,103,2028,q2+q5,0.28806584,346.0,282.5
2308,103,2028,q2+q6,0.2345679,312.0,277.0
2308,103,2028,q3+q4,0.57613169,2052.0,984.5
2308,103,2028,q3+q5,0.32921811,1313.0,855.0
2308,103,2028,q3+q6,0.27572016,1175.0,840.0
2308,103,2028,q4+q5,0.41152263,3780.0,2160.0
2308,103,2028,q4+q6,0.35802469,3640.0,2110.0
2308,103,2028,q5+q6,0.11111111,16200.0,10057.0
2308,103,2028,q1+q2+q3,0.55967078,312.0,252.0
2308,103,2028,q1+q2+q4,0.64197531,340.0,277.0
2308,103,2028,q1+q2+q5,0.39506173,277.0,173.0
2308,103,2028,q1+q2+q6,0.34156379,252.0,150.0
2308,103,2028,q1+q3+q4,0.68312757,1050.0,823.5
2308,103,2028,q1+q3+q5,0.43621399,711.0,396.625
2308,103,2028,q1+q3+q6,0.38271605,360.0,184.0
2308,103,2028,q1+q4+q5,0.51851852,2160.0,1695.0
2308,103,2028,q1+q4+q6,0.46502058,2160.0,1573.0
2308,103,2028,q1+q5+q6,0.218107,150.0,134.0
2308,103,2028,q2+q3+q4,0.781893,855.0,466.0
2308,103,2028,q2+q3+q5,0.53497942,505.0,360.0
2308,103,2028,q2+q3+q6,0.48148148,466.0,327.0
2308,103,2028,q2+q4+q5,0.61728395,708.0,403.0
2308,103,2028,q2+q4+q6,0.56378601,613.0,367.0
2308,103,2028,q2+q5+q6,0.31687243,403.0,293.0
2308,103,2028,q3+q4+q5,0.65843621,2160.0,1050.0
2308,103,2028,q3+q4+q6,0.60493827,2100.0,1026.0
2308,103,2028,q3+q5+q6,0.35802469,1313.0,855.0
2308,103,2028,q4+q5+q6,0.44032922,3780.0,2160.0
2308,103,2028,q1+q2+q3+q4,0.88888889,462.0,319.0
2308,103,2028,q1+q2+q3+q5,0.64197531,340.0,277.0
2308,103,2028,q1+q2+q3+q6,0.58847737,312.0,261.0
2308,103,2028,q1+q2+q4+q5,0.72427984,403.0,290.4
2308,103,2028,q1+q2+q4+q6,0.67078189,360.0,277.0
2308,103,2028,q1+q2+q5+q6,0.42386831,277.0,183.5
2308,103,2028,q1+q3+q4+q5,0.7654321,1313.0,855.0
2308,103,2028,q1+q3+q4+q6,0.71193416,1175.0,830.5
2308,103,2028,q1+q3+q5+q6,0.46502058,848.0,546.1111
2308,103,2028,q1+q4+q5+q6,0.5473251,2160.0,1727.0
2308,103,2028,q2+q3+q4+q5,0.86419753,907.0,579.5
2308,103,2028,q2+q3+q4+q6,0.81069959,855.0,480.0
2308,103,2028,q2+q3+q5+q6,0.56378601,613.0,367.0
2308,103,2028,q2+q4+q5+q6,0.64609053,760.0,420.0
2308,103,2028,q3+q4+q5+q6,0.6872428,2160.0,1175.0
2308,103,2028,q1+q2+q3+q4+q5,0.97119342,514.0,360.0
2308,103,2028,q1+q2+q3+q4+q6,0.91769547,470.0,327.0
2308,103,2028,q1+q2+q3+q5+q6,0.67078189,360.0,277.0
2308,103,2028,q1+q2+q4+q5+q6,0.75308642,403.0,293.0
2308,103,2028,q1+q3+q4+q5+q6,0.79423868,1313.0,855.0
2308,103,2028,q2+q3+q4+q5+q6,0.89300412,923.0,619.0
2308,103,2028,q1+q2+q3+q4+q5+q6,1.0,654.0,380.0
2308,103,2028,all,1.0,654.0,380.0
2309,103,2029,q1,0.10699588,127.0,123.0
2309,103,2029,q2,0.20576132,312.0,257.0
2309,103,2029,q3,0.24691358,1050.0,840.0
2309,103,2029,q4,0.32921811,2720.0,1890.0
2309,103,2029,q5,0.08230453,12600.0,7425.0
2309,103,2029,q6,0.02880658,92880.0,35840.0
2309,103,2029,q1+q2,0.3127572,221.0,146.0
2309,103,2029,q1+q3,0.35390947,304.0,178.0
2309,103,2029,q1+q4,0.43621399,2100.0,795.0
2309,103,2029,q1+q5,0.18930041,146.0,129.3333
2309,103,2029,q1+q6,0.13580247,138.0,123.0
2309,103,2029,q2+q3,0.4526749,462.0,312.0
2309,103,2029,q2+q4,0.53497942,514.0,330.5
2309,103,2029,q2+q5,0.28806584,367.0,288.0
2309,103,2029,q2+q6,0.2345679,312.0,261.0
2309,103,2029,q3+q4,0.57613169,2100.0,968.0
2309,103,2029,q3+q5,0.32921811,1373.0,923.0
2309,103,2029,q3+q6,0.27572016,1178.0,898.0
2309,103,2029,q4+q5,0.41152263,3180.0,2110.0
2309,103,2029,q4+q6,0.35802469,3040.0,2049.3333
2309,103,2029,q5+q6,0.11111111,16200.0,8602.0
2309,103,2029,q1+q2+q3,0.55967078,312.0,231.0
2309,103,2029,q1+q2+q4,0.64197531,346.0,261.0
2309,103,2029,q1+q2+q5,0.39506173,276.0,173.0
2309,103,2029,q1+q2+q6,0.34156379,252.0,157.5
2309,103,2029,q1+q3+q4,0.68312757,1125.0,795.0
2309,103,2029,q1+q3+q5,0.43621399,711.0,396.625
2309,103,2029,q1+q3+q6,0.38271605,346.0,186.0
2309,103,2029,q1+q4+q5,0.51851852,2514.0,1469.0
2309,103,2029,q1+q4+q6,0.46502058,2160.0,795.0
2309,103,2029,q1+q5+q6,0.218107,156.0,138.0
2309,103,2029,q2+q3+q4,0.781893,923.0,466.0
2309,103,2029,q2+q3+q5,0.53497942,514.0,330.5
2309,103,2029,q2+q3+q6,0.48148148,466.0,312.0
2309,103,2029,q2+q4+q5,0.61728395,794.0,367.0
2309,103,2029,q2+q4+q6,0.56378601,635.0,360.0
2309,103,2029,q2+q5+q6,0.31687243,367.0,293.0
2309,103,2029,q3+q4+q5,0.65843621,2363.0,1026.0
2309,103,2029,q3+q4+q6,0.60493827,2160.0,968.0
2309,103,2029,q3+q5+q6,0.35802469,1388.0,931.5
2309,103,2029,q4+q5+q6,0.44032922,3180.0,2162.6667
2309,103,2029,q1+q2+q3+q4,0.88888889,466.0,312.0
2309,103,2029,q1+q2+q3+q5,0.64197531,346.0,261.0
2309,103,2029,q1+q2+q3+q6,0.58847737,312.0,239.3333
2309,103,2029,q1+q2+q4+q5,0.72427984,367.0,290.4
2309,103,2029,q1+q2+q4+q6,0.67078189,367.0,262.0
2309,103,2029,q1+q2+q5+q6,0.42386831,293.0,184.0
2309,103,2029,q1+q3+q4+q5,0.7654321,1373.0,855.0
2309,103,2029,q1+q3+q4+q6,0.71193416,1260.0,795.0
2309,103,2029,q1+q3+q5+q6,0.46502058,848.0,490.0
2309,103,2029,q1+q4+q5+q6,0.5473251,2560.0,1469.0
2309,103,2029,q2+q3+q4+q5,0.86419753,968.0,549.0
2309,103,2029,q2+q3+q4+q6,0.81069959,968.0,475.0
2309,103,2029,q2+q3+q5+q6,0.56378601,635.0,360.0
2309,103,2029,q2+q4+q5+q6,0.64609053,859.0,397.0
2309,103,2029,q3+q4+q5+q6,0.6872428,2400.0,1026.0
2309,103,2029,q1+q2+q3+q4+q5,0.97119342,532.0,343.75
2309,103,2029,q1+q2+q3+q4+q6,0.91769547,466.0,315.0
2309,103,2029,q1+q2+q3+q5+q6,0.67078189,367.0,262.0
2309,103,2029,q1+q2+q4+q5+q6,0.75308642,403.0,295.0
2309,103,2029,q1+q3+q4+q5+q6,0.79423868,1388.0,900.0
2309,103,2029,q2+q3+q4+q5+q6,0.89300412,968.0,556.5
2309,103,2029,q1+q2+q3+q4+q5+q6,1.0,708.0,367.0
2309,103,2029,all,1.0,708.0,367.0
2310,103,2030,q1,0.10699588,127.0,123.0
2310,103,2030,q2,0.20576132,360.0,252.5
2310,103,2030,q3,0.24691358,1005.0,855.0
2310,103,2030,q4,0.32921811,3120.0,2095.0
2310,103,2030,q5,0.08230453,12825.0,7800.0
2310,103,2030,q6,0.02880658,68100.0,42519.1667
2310,103,2030,q1+q2,0.3127572,205.0,160.0
2310,103,2030,q1+q3,0.35390947,277.0,178.0
2310,103,2030,q1+q4,0.43621399,2100.0,795.0
2310,103,2030,q1+q5,0.18930041,156.0,127.0
2310,103,2030,q1+q6,0.13580247,138.0,123.5
2310,103,2030,q2+q3,0.4526749,505.0,319.0
2310,103,2030,q2+q4,0.53497942,635.0,380.0
2310,103,2030,q2+q5,0.28806584,420.0,291.5
2310,103,2030,q2+q6,0.2345679,401.0,268.0
2310,103,2030,q3+q4,0.57613169,1767.0,1022.5
2310,103,2030,q3+q5,0.32921811,1175.0,923.0
2310,103,2030,q3+q6,0.27572016,1005.0,898.0
2310,103,2030,q4+q5,0.41152263,3180.0,2162.6667
2310,103,2030,q4+q6,0.35802469,3120.0,2100.0
2310,103,2030,q5+q6,0.11111111,15325.0,8680.0
2310,103,2030,q1+q2+q3,0.55967078,319.0,239.3333
2310,103,2030,q1+q2+q4,0.64197531,401.0,261.0
2310,103,2030,q1+q2+q5,0.39506173,269.0,178.0
2310,103,2030,q1+q2+q6,0.34156379,248.0,168.0
2310,103,2030,q1+q3+q4,0.68312757,1005.0,810.0
2310,103,2030,q1+q3+q5,0.43621399,711.0,396.625
2310,103,2030,q1+q3+q6,0.38271605,338.0,186.0
2310,103,2030,q1+q4+q5,0.51851852,2400.0,1656.375
2310,103,2030,q1+q4+q6,0.46502058,2160.0,795.0
2310,103,2030,q1+q5+q6,0.218107,168.0,137.0
2310,103,2030,q2+q3+q4,0.781893,914.0,546.1111
2310,103,2030,q2+q3+q5,0.53497942,635.0,380.0
2310,103,2030,q2+q3+q6,0.48148148,532.0,336.5
2310,103,2030,q2+q4+q5,0.61728395,804.0,420.0
2310,103,2030,q2+q4+q6,0.56378601,718.0,401.0
2310,103,2030,q2+q5+q6,0.31687243,445.0,295.0
2310,103,2030,q3+q4+q5,0.65843621,2100.0,1066.5
2310,103,2030,q3+q4+q6,0.60493827,1985.0,1029.0
2310,103,2030,q3+q5+q6,0.35802469,1260.0,923.0
2310,103,2030,q4+q5+q6,0.44032922,3454.0,2207.5
2310,103,2030,q1+q2+q3+q4,0.88888889,514.0,327.0
2310,103,2030,q1+q2+q3+q5,0.64197531,401.0,261.0
2310,103,2030,q1+q2+q3+q6,0.58847737,346.0,252.0
2310,103,2030,q1+q2+q4+q5,0.72427984,441.0,295.0
2310,103,2030,q1+q2+q4+q6,0.67078189,401.0,269.0
2310,103,2030,q1+q2+q5+q6,0.42386831,288.0,184.0
2310,103,2030,q1+q3+q4+q5,0.7654321,1178.0,905.75
2310,103,2030,q1+q3+q4+q6,0.71193416,1050.0,830.5
2310,103,2030,q1+q3+q5+q6,0.46502058,810.0,546.1111
2310,103,2030,q1+q4+q5+q6,0.5473251,2460.0,1695.0
2310,103,2030,q2+q3+q4+q5,0.86419753,923.0,635.25
2310,103,2030,q2+q3+q4+q6,0.81069959,923.0,553.5
2310,103,2030,q2+q3+q5+q6,0.56378601,711.0,401.0
2310,103,2030,q2+q4+q5+q6,0.64609053,859.0,430.0
2310,103,2030,q3+q4+q5+q6,0.6872428,2133.0,1175.0
2310,103,2030,q1+q2+q3+q4+q5,0.97119342,661.0,396.625
2310,103,2030,q1+q2+q3+q4+q6,0.91769547,613.0,352.75
2310,103,2030,q1+q2+q3+q5+q6,0.67078189,401.0,269.0
2310,103,2030,q1+q2+q4+q5+q6,0.75308642,445.0,301.0
2310,103,2030,q1+q3+q4+q5+q6,0.79423868,1260.0,923.0
2310,103,2030,q2+q3+q4+q5+q6,0.89300412,968.0,651.0
2310,103,2030,q1+q2+q3+q4+q5+q6,1.0,711.0,401.0
2310,103,2030,all,1.0,711.0,401.0
2401,104,2031,q1,0.08081539,127.0,114.0
2401,104,2031,q2,0.18183462,312.0,252.0
2401,104,2031,q3,0.34346539,1125.0,849.3333
2401,104,2031,q4,0.24244616,3180.0,2100.0
2401,104,2031,q5,0.10101923,14850.0,7987.5
2401,104,2031,q6,0.05041921,85623.0,41950.0
2401,104,2031,q1+q2,0.26265001,252.0,149.0
2401,104,2031,q1+q3,0.42428078,855.0,553.5
2401,104,2031,q1+q4,0.32326155,902.0,377.0
2401,104,2031,q1+q5,0.18183462,170.0,138.0
2401,104,2031,q1+q6,0.1312346,146.0,123.5
2401,104,2031,q2+q3,0.52530001,711.0,373.0
2401,104,2031,q2+q4,0.42428078,480.0,315.0
2401,104,2031,q2+q5,0.28285385,420.0,277.0
2401,104,2031,q2+q6,0.23225383,346.0,261.0
2401,104,2031,q3+q4,0.58591155,1461.0,949.5
2401,104,2031,q3+q5,0.44448462,1313.0,905.75
2401,104,2031,q3+q6,0.3938846,1260.0,872.0
2401,104,2031,q4+q5,0.34346539,3940.0,2214.0
2401,104,2031,q4+q6,0.29286537,3650.0,2170.0
2401,104,2031,q5+q6,0.15143844,19600.0,9245.0
2401,104,2031,q1+q2+q3,0.6061154,430.0,277.0
2401,104,2031,q1+q2+q4,0.50509616,338.0,252.0
2401,104,2031,q1+q2+q5,0.36366924,288.0,186.0
2401,104,2031,q1+q2+q6,0.31306922,262.0,173.0
2401,104,2031,q1+q3+q4,0.66672694,1125.0,830.5
2401,104,2031,q1+q3+q5,0.52530001,923.0,675.0
2401,104,2031,q1+q3+q6,0.47469999,923.0,641.25
2401,104,2031,q1+q4+q5,0.42428078,2514.0,1727.0
2401,104,2031,q1+q4+q6,0.37368076,2400.0,1635.0
2401,104,2031,q1+q5+q6,0.23225383,207.0,160.0
2401,104,2031,q2+q3+q4,0.76774617,923.0,549.0
2401,104,2031,q2+q3+q5,0.62631924,806.0,424.0
2401,104,2031,q2+q3+q6,0.57571922,755.0,401.0
2401,104,2031,q2+q4+q5,0.52530001,738.0,373.0
2401,104,2031,q2+q4+q6,0.47469999,619.0,343.75
2401,104,2031,q2+q5+q6,0.33327306,458.0,295.0
2401,104,2031,q3+q4+q5,0.68693078,1661.0,990.0
2401,104,2031,q3+q4+q6,0.63633076,1530.0,968.0
2401,104,2031,q3+q5+q6,0.49490384,1373.0,923.0
2401,104,2031,q4+q5+q6,0.3938846,4428.0,2360.0
2401,104,2031,q1+q2+q3+q4,0.84856156,711.0,373.0
2401,104,2031,q1+q2+q3+q5,0.70713463,466.0,312.0
2401,104,2031,q1+q2+q3+q6,0.65653461,458.0,295.0
2401,104,2031,q1+q2+q4+q5,0.6061154,430.0,277.0
2401,104,2031,q1+q2+q4+q6,0.55551538,377.0,262.0
2401,104,2031,q1+q2+q5+q6,0.41408845,295.0,220.5
2401,104,2031,q1+q3+q4+q5,0.76774617,1313.0,898.0
2401,104,2031,q1+q3+q4+q6,0.71714615,1260.0,855.0
2401,104,2031,q1+q3+q5+q6,0.57571922,968.0,719.3333
2401,104,2031,q1+q4+q5+q6,0.47469999,2600.0,1890.0
2401,104,2031,q2+q3+q4+q5,0.8687654,968.0,641.25
2401,104,2031,q2+q3+q4+q6,0.81816538,923.0,579.5
2401,104,2031,q2+q3+q5+q6,0.67673845,855.0,458.75
2401,104,2031,q2+q4+q5+q6,0.57571922,804.0,402.0
2401,104,2031,q3+q4+q5+q6,0.73734999,1796.0,1022.5
2401,104,2031,q1+q2+q3+q4+q5,0.94958079,806.0,424.0
2401,104,2031,q1+q2+q3+q4+q6,0.89898077,760.0,401.0
2401,104,2031,q1+q2+q3+q5+q6,0.75755384,514.0,317.5
2401,104,2031,q1+q2+q4+q5+q6,0.65653461,458.0,295.0
2401,104,2031,q1+q3+q4+q5+q6,0.81816538,1373.0,923.0
2401,104,2031,q2+q3+q4+q5+q6,0.91918461,1005.0,711.0
2401,104,2031,q1+q2+q3+q4+q5+q6,1.0,855.0,458.75
2401,104,2031,all,1.0,855.0,458.75
2402,104,2032,q1,0.08081173,127.0,117.0
2402,104,2032,q2,0.1818264,295.0,252.0
2402,104,2032,q3,0.34344987,1005.0,830.5
2402,104,2032,q4,0.2424352,2600.0,2100.0
2402,104,2032,q5,0.10101467,12600.0,7800.0
2402,104,2032,q6,0.05046213,85623.0,42590.5
2402,104,2032,q1+q2,0.26263813,252.0,152.5
2402,104,2032,q1+q3,0.4242616,855.0,553.5
2402,104,2032,q1+q4,0.32324693,902.0,377.0
2402,104,2032,q1+q5,0.1818264,169.0,146.0
2402,104,2032,q1+q6,0.13127387,146.0,125.0
2402,104,2032,q2+q3,0.52527627,711.0,360.5
2402,104,2032,q2+q4,0.4242616,532.0,312.0
2402,104,2032,q2+q5,0.28284107,367.0,288.0
2402,104,2032,q2+q6,0.23228853,315.0,269.0
2402,104,2032,q3+q4,0.58588507,1450.0,923.0
2402,104,2032,q3+q5,0.44446453,1178.0,898.0
2402,104,2032,q3+q6,0.393912,1125.0,855.0
2402,104,2032,q4+q5,0.34344987,3650.0,2214.0
2402,104,2032,q4+q6,0.29289733,3120.0,2207.5
2402,104,2032,q5+q6,0.1514768,15542.0,9245.0
2402,104,2032,q1+q2+q3,0.606088,420.0,288.0
2402,104,2032,q1+q2+q4,0.50507333,315.0,252.0
2402,104,2032,q1+q2+q5,0.3636528,288.0,184.5
2402,104,2032,q1+q2+q6,0.31310027,269.0,173.0
2402,104,2032,q1+q3+q4,0.6666968,1005.0,830.5
2402,104,2032,q1+q3+q5,0.52527627,923.0,645.8333
2402,104,2032,q1+q3+q6,0.47472373,923.0,579.5
2402,104,2032,q1+q4+q5,0.4242616,2460.0,1727.0
2402,104,2032,q1+q4+q6,0.37370907,2400.0,1656.375
2402,104,2032,q1+q5+q6,0.23228853,207.0,161.0
2402,104,2032,q2+q3+q4,0.76771147,923.0,549.0
2402,104,2032,q2+q3+q5,0.62629093,810.0,424.0
2402,104,2032,q2+q3+q6,0.5757384,738.0,401.0
2402,104,2032,q2+q4+q5,0.52527627,738.0,360.5
2402,104,2032,q2+q4+q6,0.47472373,708.0,317.5
2402,104,2032,q2+q5+q6,0.3333032,446.0,295.0
2402,104,2032,q3+q4+q5,0.68689973,1661.0,955.5
2402,104,2032,q3+q4+q6,0.6363472,1470.0,923.0
2402,104,2032,q3+q5+q6,0.49492667,1313.0,923.0
2402,104,2032,q4+q5+q6,0.393912,3960.0,2244.0
2402,104,2032,q1+q2+q3+q4,0.8485232,711.0,360.5
2402,104,2032,q1+q2+q3+q5,0.70710267,473.0,295.0
2402,104,2032,q1+q2+q3+q6,0.65655013,458.0,295.0
2402,104,2032,q1+q2+q4+q5,0.606088,420.0,288.0
2402,104,2032,q1+q2+q4+q6,0.55553547,346.0,269.0
2402,104,2032,q1+q2+q5+q6,0.41411493,295.0,206.6667
2402,104,2032,q1+q3+q4+q5,0.76771147,1178.0,887.75
2402,104,2032,q1+q3+q4+q6,0.71715893,1125.0,849.3333
2402,104,2032,q1+q3+q5+q6,0.5757384,923.0,711.0
2402,104,2032,q1+q4+q5+q6,0.47472373,2514.0,1845.0
2402,104,2032,q2+q3+q4+q5,0.86872613,923.0,635.25
2402,104,2032,q2+q3+q4+q6,0.8181736,923.0,553.5
2402,104,2032,q2+q3+q5+q6,0.67675307,859.0,458.75
2402,104,2032,q2+q4+q5+q6,0.5757384,859.0,402.0
2402,104,2032,q3+q4+q5+q6,0.73736187,1661.0,983.0
2402,104,2032,q1+q2+q3+q4+q5,0.94953787,810.0,424.0
2402,104,2032,q1+q2+q3+q4+q6,0.89898533,755.0,401.0
2402,104,2032,q1+q2+q3+q5+q6,0.7575648,532.0,315.0
2402,104,2032,q1+q2+q4+q5+q6,0.65655013,458.0,295.0
2402,104,2032,q1+q3+q4+q5+q6,0.8181736,1313.0,923.0
2402,104,2032,q2+q3+q4+q5+q6,0.91918827,968.0,653.8889
2402,104,2032,q1+q2+q3+q4+q5+q6,1.0,859.0,458.75
2402,104,2032,all,1.0,859.0,458.75
2403,104,2033,q1,0.0808114,127.0,121.5
2403,104,2033,q2,0.18182565,319.0,252.5
2403,104,2033,q3,0.34344846,1125.0,830.5
2403,104,2033,q4,0.2424342,3040.0,2095.0
2403,104,2033,q5,0.10101425,12825.0,7800.0
2403,104,2033,q6,0.05046603,71500.0,41950.0
2403,104,2033,q1+q2,0.26263705,252.0,161.0
2403,104,2033,q1+q3,0.42425986,902.0,547.5
2403,104,2033,q1+q4,0.32324561,902.0,377.0
2403,104,2033,q1+q5,0.18182565,178.0,139.0
2403,104,2033,q1+q6,0.13127744,146.0,126.0
2403,104,2033,q2+q3,0.52527411,794.0,396.625
2403,104,2033,q2+q4,0.42425986,613.0,330.5
2403,104,2033,q2+q5,0.2828399,445.0,295.0
2403,104,2033,q2+q6,0.23229169,401.0,282.5
2403,104,2033,q3+q4,0.58588266,1470.0,938.0
2403,104,2033,q3+q5,0.44446271,1350.0,923.0
2403,104,2033,q3+q6,0.39391449,1260.0,876.8333
2403,104,2033,q4+q5,0.34344846,3650.0,2214.0
2403,104,2033,q4+q6,0.29290024,3180.0,2160.0
2403,104,2033,q5+q6,0.15148029,19600.0,8726.6667
2403,104,2033,q1+q2+q3,0.60608551,458.0,295.0
2403,104,2033,q1+q2+q4,0.50507126,367.0,257.0
2403,104,2033,q1+q2+q5,0.36365131,295.0,200.0
2403,104,2033,q1+q2+q6,0.31310309,277.0,178.0
2403,104,2033,q1+q3+q4,0.66669406,1125.0,810.0
2403,104,2033,q1+q3+q5,0.52527411,938.0,641.25
2403,104,2033,q1+q3+q6,0.47472589,923.0,556.5
2403,104,2033,q1+q4+q5,0.42425986,2560.0,1680.0
2403,104,2033,q1+q4+q6,0.37371164,2400.0,1469.0
2403,104,2033,q1+q5+q6,0.23229169,207.0,168.0
2403,104,2033,q2+q3+q4,0.76770831,923.0,546.1111
2403,104,2033,q2+q3+q5,0.62628836,848.0,429.5
2403,104,2033,q2+q3+q6,0.57574014,810.0,403.0
2403,104,2033,q2+q4+q5,0.52527411,804.0,402.0
2403,104,2033,q2+q4+q6,0.47472589,734.0,367.0
2403,104,2033,q2+q5+q6,0.33330594,466.0,306.5
2403,104,2033,q3+q4+q5,0.68689691,1661.0,973.25
2403,104,2033,q3+q4+q6,0.63634869,1470.0,968.0
2403,104,2033,q3+q5+q6,0.49492874,1388.0,923.0
2403,104,2033,q4+q5+q6,0.39391449,3940.0,2312.0
2403,104,2033,q1+q2+q3+q4,0.84851971,794.0,396.625
2403,104,2033,q1+q2+q3+q5,0.70709976,505.0,314.5
2403,104,2033,q1+q2+q3+q6,0.65655154,466.0,306.5
2403,104,2033,q1+q2+q4+q5,0.60608551,458.0,295.0
2403,104,2033,q1+q2+q4+q6,0.55553729,420.0,282.5
2403,104,2033,q1+q2+q5+q6,0.41411734,312.0,221.5
2403,104,2033,q1+q3+q4+q5,0.76770831,1350.0,898.0
2403,104,2033,q1+q3+q4+q6,0.7171601,1260.0,855.0
2403,104,2033,q1+q3+q5+q6,0.57574014,968.0,711.0
2403,104,2033,q1+q4+q5+q6,0.47472589,2600.0,1757.0
2403,104,2033,q2+q3+q4+q5,0.86872256,983.0,635.25
2403,104,2033,q2+q3+q4+q6,0.81817435,968.0,553.5
2403,104,2033,q2+q3+q5+q6,0.67675439,914.0,466.0
2403,104,2033,q2+q4+q5+q6,0.57574014,914.0,429.5
2403,104,2033,q3+q4+q5+q6,0.73736295,1796.0,1005.0
2403,104,2033,q1+q2+q3+q4+q5,0.94953397,848.0,429.5
2403,104,2033,q1+q2+q3+q4+q6,0.89898575,810.0,403.0
2403,104,2033,q1+q2+q3+q5+q6,0.7575658,619.0,352.75
2403,104,2033,q1+q2+q4+q5+q6,0.65655154,466.0,306.5
2403,104,2033,q1+q3+q4+q5+q6,0.81817435,1388.0,923.0
2403,104,2033,q2+q3+q4+q5+q6,0.9191886,1044.0,711.0
2403,104,2033,q1+q2+q3+q4+q5+q6,1.0,914.0,466.0
2403,104,2033,all,1.0,914.0,466.0
2404,104,2034,q1,0.08081156,134.0,117.0
2404,104,2034,q2,0.18182601,312.0,262.0
2404,104,2034,q3,0.34344913,983.0,830.5
2404,104,2034,q4,0.24243468,3040.0,2100.0
2404,104,2034,q5,0.10101445,15345.0,9245.0
2404,104,2034,q6,0.05046418,68800.0,46440.0
2404,104,2034,q1+q2,0.26263757,252.0,160.0
2404,104,2034,q1+q3,0.42426069,855.0,546.1111
2404,104,2034,q1+q4,0.32324624,902.0,377.0
2404,104,2034,q1+q5,0.18182601,178.0,143.0
2404,104,2034,q1+q6,0.13127574,146.0,126.75
2404,104,2034,q2+q3,0.52527514,654.0,402.0
2404,104,2034,q2+q4,0.42426069,466.0,327.0
2404,104,2034,q2+q5,0.28284046,403.0,293.0
2404,104,2034,q2+q6,0.23229019,346.0,277.0
2404,104,2034,q3+q4,0.58588381,1350.0,923.0
2404,104,2034,q3+q5,0.44446358,1125.0,855.0
2404,104,2034,q3+q6,0.3939133,1050.0,855.0
2404,104,2034,q4+q5,0.34344913,3920.0,2160.0
2404,104,2034,q4+q6,0.29289885,3650.0,2160.0
2404,104,2034,q5+q6,0.15147863,16200.0,10057.0
2404,104,2034,q1+q2+q3,0.6060867,422.0,293.0
2404,104,2034,q1+q2+q4,0.50507225,346.0,262.0
2404,104,2034,q1+q2+q5,0.36365202,288.0,192.0
2404,104,2034,q1+q2+q6,0.31310174,269.0,173.0
2404,104,2034,q1+q3+q4,0.66669537,983.0,823.5
2404,104,2034,q1+q3+q5,0.52527514,923.0,645.8333
2404,104,2034,q1+q3+q6,0.47472486,855.0,573.0
2404,104,2034,q1+q4+q5,0.42426069,2160.0,1740.0
2404,104,2034,q1+q4+q6,0.37371041,2100.0,1673.5
2404,104,2034,q1+q5+q6,0.23229019,207.0,161.0
2404,104,2034,q2+q3+q4,0.76770981,855.0,490.0
2404,104,2034,q2+q3+q5,0.62628959,804.0,424.0
2404,104,2034,q2+q3+q6,0.57573931,718.0,422.0
2404,104,2034,q2+q4+q5,0.52527514,654.0,403.0
2404,104,2034,q2+q4+q6,0.47472486,480.0,360.5
2404,104,2034,q2+q5+q6,0.33330463,430.0,301.0
2404,104,2034,q3+q4+q5,0.68689826,1461.0,949.5
2404,104,2034,q3+q4+q6,0.63634798,1388.0,938.0
2404,104,2034,q3+q5+q6,0.49492775,1300.0,876.8333
2404,104,2034,q4+q5+q6,0.3939133,3960.0,2214.0
2404,104,2034,q1+q2+q3+q4,0.84852137,654.0,402.0
2404,104,2034,q1+q2+q3+q5,0.70710115,458.0,315.0
2404,104,2034,q1+q2+q3+q6,0.65655087,441.0,301.0
2404,104,2034,q1+q2+q4+q5,0.6060867,422.0,293.0
2404,104,2034,q1+q2+q4+q6,0.55553642,367.0,277.0
2404,104,2034,q1+q2+q5+q6,0.41411619,295.0,221.5
2404,104,2034,q1+q3+q4+q5,0.76770981,1125.0,855.0
2404,104,2034,q1+q3+q4+q6,0.71715954,1050.0,855.0
2404,104,2034,q1+q3+q5+q6,0.57573931,923.0,770.75
2404,104,2034,q1+q4+q5+q6,0.47472486,2514.0,1890.0
2404,104,2034,q2+q3+q4+q5,0.86872426,923.0,596.25
2404,104,2034,q2+q3+q4+q6,0.81817399,907.0,547.5
2404,104,2034,q2+q3+q5+q6,0.67675376,848.0,458.0
2404,104,2034,q2+q4+q5+q6,0.57573931,760.0,429.5
2404,104,2034,q3+q4+q5+q6,0.73736243,1661.0,983.0
2404,104,2034,q1+q2+q3+q4+q5,0.94953582,804.0,424.0
2404,104,2034,q1+q2+q3+q4+q6,0.89898555,718.0,422.0
2404,104,2034,q1+q2+q3+q5+q6,0.75756532,475.0,330.5
2404,104,2034,q1+q2+q4+q5+q6,0.65655087,441.0,301.0
2404,104,2034,q1+q3+q4+q5+q6,0.81817399,1300.0,872.0
2404,104,2034,q2+q3+q4+q5+q6,0.91918844,938.0,675.0
2404,104,2034,q1+q2+q3+q4+q5+q6,1.0,848.0,458.0
2404,104,2034,all,1.0,848.0,458.0
2405,104,2035,q1,0.08082079,126.0,103.5
2405,104,2035,q2,0.18184677,295.0,252.0
2405,104,2035,q3,0.34348834,1260.0,876.8333
2405,104,2035,q4,0.24246236,3650.0,2170.0
2405,104,2035,q5,0.10102598,15345.0,7987.5
2405,104,2035,q6,0.05035575,85623.0,40050.0
2405,104,2035,q1+q2,0.26266756,252.0,137.0
2405,104,2035,q1+q3,0.42430913,855.0,579.5
2405,104,2035,q1+q4,0.32328315,902.0,377.0
2405,104,2035,q1+q5,0.18184677,170.0,134.0
2405,104,2035,q1+q6,0.13117654,146.0,123.0
2405,104,2035,q2+q3,0.52533512,711.0,360.5
2405,104,2035,q2+q4,0.42430913,514.0,311.5
2405,104,2035,q2+q5,0.28287275,422.0,257.0
2405,104,2035,q2+q6,0.23220252,319.0,252.0
2405,104,2035,q3+q4,0.58595071,1530.0,990.0
2405,104,2035,q3+q5,0.44451433,1350.0,923.0
2405,104,2035,q3+q6,0.3938441,1300.0,905.75
2405,104,2035,q4+q5,0.34348834,4428.0,2312.0
2405,104,2035,q4+q6,0.29281811,3960.0,2214.0
2405,104,2035,q5+q6,0.15138174,21840.0,9245.0
2405,104,2035,q1+q2+q3,0.6061559,441.0,257.0
2405,104,2035,q1+q2+q4,0.50512992,319.0,252.0
2405,104,2035,q1+q2+q5,0.36369354,262.0,183.5
2405,104,2035,q1+q2+q6,0.31302331,252.0,158.4444
2405,104,2035,q1+q3+q4,0.66677149,1260.0,872.0
2405,104,2035,q1+q3+q5,0.52533512,968.0,675.0
2405,104,2035,q1+q3+q6,0.47466488,923.0,641.25
2405,104,2035,q1+q4+q5,0.42430913,2560.0,1868.0
2405,104,2035,q1+q4+q6,0.3736389,2460.0,1673.5
2405,104,2035,q1+q5+q6,0.23220252,209.0,149.0
2405,104,2035,q2+q3+q4,0.76779748,923.0,553.0
2405,104,2035,q2+q3+q5,0.6263611,786.0,402.0
2405,104,2035,q2+q3+q6,0.57569087,734.0,380.0
2405,104,2035,q2+q4+q5,0.52533512,734.0,360.5
2405,104,2035,q2+q4+q6,0.47466488,619.0,319.0
2405,104,2035,q2+q5+q6,0.33322851,458.0,269.0
2405,104,2035,q3+q4+q5,0.68697669,1780.0,1039.5
2405,104,2035,q3+q4+q6,0.63630646,1661.0,1005.0
2405,104,2035,q3+q5+q6,0.49487008,1450.0,938.0
2405,104,2035,q4+q5+q6,0.3938441,4828.0,2460.0
2405,104,2035,q1+q2+q3+q4,0.84861826,711.0,360.5
2405,104,2035,q1+q2+q3+q5,0.70718189,466.0,295.0
2405,104,2035,q1+q2+q3+q6,0.65651166,458.0,269.0
2405,104,2035,q1+q2+q4+q5,0.6061559,441.0,257.0
2405,104,2035,q1+q2+q4+q6,0.55548567,360.0,252.0
2405,104,2035,q1+q2+q5+q6,0.41404929,293.0,200.0
2405,104,2035,q1+q3+q4+q5,0.76779748,1350.0,923.0
2405,104,2035,q1+q3+q4+q6,0.71712725,1300.0,898.0
2405,104,2035,q1+q3+q5+q6,0.57569087,1050.0,711.0
2405,104,2035,q1+q4+q5+q6,0.47466488,3040.0,2049.3333
2405,104,2035,q2+q3+q4+q5,0.86882346,1050.0,651.0
2405,104,2035,q2+q3+q4+q6,0.81815323,968.0,596.25
2405,104,2035,q2+q3+q5+q6,0.67671685,848.0,444.0
2405,104,2035,q2+q4+q5+q6,0.57569087,794.0,380.0
2405,104,2035,q3+q4+q5+q6,0.73733244,1863.0,1052.0
2405,104,2035,q1+q2+q3+q4+q5,0.94964425,794.0,402.0
2405,104,2035,q1+q2+q3+q4+q6,0.89897402,734.0,380.0
2405,104,2035,q1+q2+q3+q5+q6,0.75753764,514.0,312.0
2405,104,2035,q1+q2+q4+q5+q6,0.65651166,458.0,269.0
2405,104,2035,q1+q3+q4+q5+q6,0.81815323,1450.0,938.0
2405,104,2035,q2+q3+q4+q5+q6,0.91917921,1119.0,711.0
2405,104,2035,q1+q2+q3+q4+q5+q6,1.0,848.0,444.0
2405,104,2035,all,1.0,848.0,444.0
2406,104,2036,q1,0.08081214,123.0,114.0
2406,104,2036,q2,0.18182731,346.0,252.0
2406,104,2036,q3,0.34345159,1300.0,830.5
2406,104,2036,q4,0.24243642,3650.0,2160.0
2406,104,2036,q5,0.10101517,15542.0,7800.0
2406,104,2036,q6,0.05045736,88888.0,37210.0
2406,104,2036,q1+q2,0.26263945,252.0,152.5
2406,104,2036,q1+q3,0.42426373,923.0,553.5
2406,104,2036,q1+q4,0.32324856,902.0,377.0
2406,104,2036,q1+q5,0.18182731,184.0,137.0
2406,104,2036,q1+q6,0.1312695,146.0,123.0
2406,104,2036,q2+q3,0.52527891,760.0,380.0
2406,104,2036,q2+q4,0.42426373,721.0,319.0
2406,104,2036,q2+q5,0.28284249,458.0,288.0
2406,104,2036,q2+q6,0.23228468,441.0,268.0
2406,104,2036,q3+q4,0.58588801,1780.0,938.0
2406,104,2036,q3+q5,0.44446677,1450.0,898.0
2406,104,2036,q3+q6,0.39390896,1373.0,887.75
2406,104,2036,q4+q5,0.34345159,4240.0,2235.0
2406,104,2036,q4+q6,0.29289378,3780.0,2214.0
2406,104,2036,q5+q6,0.15147254,24435.0,9245.0
2406,104,2036,q1+q2+q3,0.60609104,462.0,288.0
2406,104,2036,q1+q2+q4,0.50507587,386.0,252.0
2406,104,2036,q1+q2+q5,0.36365463,295.0,184.5
2406,104,2036,q1+q2+q6,0.31309682,277.0,173.0
2406,104,2036,q1+q3+q4,0.66670015,1300.0,830.5
2406,104,2036,q1+q3+q5,0.52527891,968.0,651.0
2406,104,2036,q1+q3+q6,0.47472109,923.0,641.25
2406,104,2036,q1+q4+q5,0.42426373,2514.0,1785.0
2406,104,2036,q1+q4+q6,0.37370592,2400.0,1680.0
2406,104,2036,q1+q5+q6,0.23228468,221.0,152.0
2406,104,2036,q2+q3+q4,0.76771532,938.0,546.1111
2406,104,2036,q2+q3+q5,0.62629408,848.0,422.0
2406,104,2036,q2+q3+q6,0.57573627,804.0,396.625
2406,104,2036,q2+q4+q5,0.52527891,786.0,380.0
2406,104,2036,q2+q4+q6,0.47472109,738.0,360.5
2406,104,2036,q2+q5+q6,0.33329985,480.0,295.0
2406,104,2036,q3+q4+q5,0.68690318,1985.0,990.0
2406,104,2036,q3+q4+q6,0.63634537,1796.0,968.0
2406,104,2036,q3+q5+q6,0.49492413,1470.0,923.0
2406,104,2036,q4+q5+q6,0.39390896,4624.0,2400.0
2406,104,2036,q1+q2+q3+q4,0.84852746,760.0,380.0
2406,104,2036,q1+q2+q3+q5,0.70710622,599.0,312.0
2406,104,2036,q1+q2+q3+q6,0.65654841,505.0,295.0
2406,104,2036,q1+q2+q4+q5,0.60609104,462.0,288.0
2406,104,2036,q1+q2+q4+q6,0.55553323,441.0,268.0
2406,104,2036,q1+q2+q5+q6,0.41411199,312.0,219.5
2406,104,2036,q1+q3+q4+q5,0.76771532,1450.0,898.0
2406,104,2036,q1+q3+q4+q6,0.71715751,1373.0,872.0
2406,104,2036,q1+q3+q5+q6,0.57573627,1050.0,711.0
2406,104,2036,q1+q4+q5+q6,0.47472109,2600.0,1939.5
2406,104,2036,q2+q3+q4+q5,0.8687305,1050.0,641.25
2406,104,2036,q2+q3+q4+q6,0.81817269,983.0,556.5
2406,104,2036,q2+q3+q5+q6,0.67675144,907.0,444.0
2406,104,2036,q2+q4+q5+q6,0.57573627,878.0,397.0
2406,104,2036,q3+q4+q5+q6,0.73736055,2079.0,1005.0
2406,104,2036,q1+q2+q3+q4+q5,0.94954264,848.0,422.0
2406,104,2036,q1+q2+q3+q4+q6,0.89898483,804.0,396.625
2406,104,2036,q1+q2+q3+q5+q6,0.75756358,711.0,336.0
2406,104,2036,q1+q2+q4+q5+q6,0.65654841,505.0,295.0
2406,104,2036,q1+q3+q4+q5+q6,0.81817269,1470.0,923.0
2406,104,2036,q2+q3+q4+q5+q6,0.91918786,1125.0,675.0
2406,104,2036,q1+q2+q3+q4+q5+q6,1.0,907.0,444.0
2406,104,2036,all,1.0,907.0,444.0
2407,104,2037,q1,0.08081214,126.0,115.0
2407,104,2037,q2,0.18182731,288.0,252.0
2407,104,2037,q3,0.34345159,1260.0,898.0
2407,104,2037,q4,0.24243642,3640.0,2160.0
2407,104,2037,q5,0.10101517,14520.0,8606.25
2407,104,2037,q6,0.05045736,71500.0,45000.0
2407,104,2037,q1+q2,0.26263945,252.0,137.0
2407,104,2037,q1+q3,0.42426373,923.0,553.5
2407,104,2037,q1+q4,0.32324856,902.0,377.0
2407,104,2037,q1+q5,0.18182731,178.0,138.0
2407,104,2037,q1+q6,0.1312695,146.0,124.0
2407,104,2037,q2+q3,0.52527891,635.0,352.75
2407,104,2037,q2+q4,0.42426373,458.0,295.0
2407,104,2037,q2+q5,0.28284249,346.0,252.0
2407,104,2037,q2+q6,0.23228468,301.0,252.0
2407,104,2037,q3+q4,0.58588801,1450.0,1005.0
2407,104,2037,q3+q5,0.44446677,1300.0,923.0
2407,104,2037,q3+q6,0.39390896,1300.0,923.0
2407,104,2037,q4+q5,0.34345159,4240.0,2312.0
2407,104,2037,q4+q6,0.29289378,3940.0,2214.0
2407,104,2037,q5+q6,0.15147254,16200.0,9900.0
2407,104,2037,q1+q2+q3,0.60609104,401.0,252.0
2407,104,2037,q1+q2+q4,0.50507587,308.0,252.0
2407,104,2037,q1+q2+q5,0.36365463,252.0,173.0
2407,104,2037,q1+q2+q6,0.31309682,252.0,152.0
2407,104,2037,q1+q3+q4,0.66670015,1260.0,876.8333
2407,104,2037,q1+q3+q5,0.52527891,968.0,711.0
2407,104,2037,q1+q3+q6,0.47472109,923.0,641.25
2407,104,2037,q1+q4+q5,0.42426373,2514.0,1785.0
2407,104,2037,q1+q4+q6,0.37370592,2400.0,1680.0
2407,104,2037,q1+q5+q6,0.23228468,205.0,160.0
2407,104,2037,q2+q3+q4,0.76771532,923.0,546.1111
2407,104,2037,q2+q3+q5,0.62629408,804.0,422.0
2407,104,2037,q2+q3+q6,0.57573627,718.0,396.625
2407,104,2037,q2+q4+q5,0.52527891,635.0,352.75
2407,104,2037,q2+q4+q6,0.47472109,475.0,312.0
2407,104,2037,q2+q5+q6,0.33329985,430.0,262.0
2407,104,2037,q3+q4+q5,0.68690318,1530.0,1085.75
2407,104,2037,q3+q4+q6,0.63634537,1470.0,1039.5
2407,104,2037,q3+q5+q6,0.49492413,1373.0,962.75
2407,104,2037,q4+q5+q6,0.39390896,4624.0,2460.0
2407,104,2037,q1+q2+q3+q4,0.84852746,661.0,352.75
2407,104,2037,q1+q2+q3+q5,0.70710622,458.0,288.0
2407,104,2037,q1+q2+q3+q6,0.65654841,446.0,262.0
2407,104,2037,q1+q2+q4+q5,0.60609104,401.0,252.0
2407,104,2037,q1+q2+q4+q6,0.55553323,341.0,252.0
2407,104,2037,q1+q2+q5+q6,0.41411199,269.0,192.0
2407,104,2037,q1+q3+q4+q5,0.76771532,1300.0,923.0
2407,104,2037,q1+q3+q4+q6,0.71715751,1300.0,923.0
2407,104,2037,q1+q3+q5+q6,0.57573627,1050.0,810.0
2407,104,2037,q1+q4+q5+q6,0.47472109,2600.0,2049.3333
2407,104,2037,q2+q3+q4+q5,0.8687305,983.0,651.0
2407,104,2037,q2+q3+q4+q6,0.81817269,938.0,573.0
2407,104,2037,q2+q3+q5+q6,0.67675144,848.0,445.0
2407,104,2037,q2+q4+q5+q6,0.57573627,770.0,397.0
2407,104,2037,q3+q4+q5+q6,0.73736055,1530.0,1178.0
2407,104,2037,q1+q2+q3+q4+q5,0.94954264,804.0,422.0
2407,104,2037,q1+q2+q3+q4+q6,0.89898483,721.0,396.625
2407,104,2037,q1+q2+q3+q5+q6,0.75756358,466.0,295.0
2407,104,2037,q1+q2+q4+q5+q6,0.65654841,446.0,262.0
2407,104,2037,q1+q3+q4+q5+q6,0.81817269,1373.0,949.5
2407,104,2037,q2+q3+q4+q5+q6,0.91918786,1106.0,711.0
2407,104,2037,q1+q2+q3+q4+q5+q6,1.0,855.0,445.0
2407,104,2037,all,1.0,855.0,445.0
2408,104,2038,q1,0.08081214,134.0,115.0
2408,104,2038,q2,0.18182731,312.0,261.0
2408,104,2038,q3,0.34345159,1050.0,830.5
2408,104,2038,q4,0.24243642,3180.0,2100.0
2408,104,2038,q5,0.10101517,15542.0,8633.5
2408,104,2038,q6,0.05045736,71500.0,43194.1667
2408,104,2038,q1+q2,0.26263945,252.0,158.4444
2408,104,2038,q1+q3,0.42426373,855.0,553.5
2408,104,2038,q1+q4,0.32324856,902.0,377.0
2408,104,2038,q1+q5,0.18182731,169.0,139.0
2408,104,2038,q1+q6,0.1312695,146.0,124.0
2408,104,2038,q2+q3,0.52527891,711.0,396.625
2408,104,2038,q2+q4,0.42426373,475.0,319.0
2408,104,2038,q2+q5,0.28284249,403.0,293.0
2408,104,2038,q2+q6,0.23228468,319.0,277.0
2408,104,2038,q3+q4,0.58588801,1433.0,923.0
2408,104,2038,q3+q5,0.44446677,1300.0,855.0
2408,104,2038,q3+q6,0.39390896,1175.0,855.0
2408,104,2038,q4+q5,0.34345159,3920.0,2207.5
2408,104,2038,q4+q6,0.29289378,3650.0,2160.0
2408,104,2038,q5+q6,0.15147254,16200.0,10057.0
2408,104,2038,q1+q2+q3,0.60609104,420.0,293.0
2408,104,2038,q1+q2+q4,0.50507587,331.0,262.0
2408,104,2038,q1+q2+q5,0.36365463,288.0,192.0
2408,104,2038,q1+q2+q6,0.31309682,276.0,173.0
2408,104,2038,q1+q3+q4,0.66670015,1050.0,823.5
2408,104,2038,q1+q3+q5,0.52527891,923.0,711.0
2408,104,2038,q1+q3+q6,0.47472109,855.0,635.25
2408,104,2038,q1+q4+q5,0.42426373,2460.0,1742.2222
2408,104,2038,q1+q4+q6,0.37370592,2160.0,1680.0
2408,104,2038,q1+q5+q6,0.23228468,207.0,157.5
2408,104,2038,q2+q3+q4,0.76771532,855.0,546.1111
2408,104,2038,q2+q3+q5,0.62629408,806.0,424.0
2408,104,2038,q2+q3+q6,0.57573627,738.0,403.0
2408,104,2038,q2+q4+q5,0.52527891,718.0,402.0
2408,104,2038,q2+q4+q6,0.47472109,613.0,360.0
2408,104,2038,q2+q5+q6,0.33329985,441.0,295.0
2408,104,2038,q3+q4+q5,0.68690318,1530.0,949.5
2408,104,2038,q3+q4+q6,0.63634537,1461.0,923.0
2408,104,2038,q3+q5+q6,0.49492413,1313.0,855.0
2408,104,2038,q4+q5+q6,0.39390896,4240.0,2243.5
2408,104,2038,q1+q2+q3+q4,0.84852746,711.0,396.625
2408,104,2038,q1+q2+q3+q5,0.70710622,466.0,312.0
2408,104,2038,q1+q2+q3+q6,0.65654841,445.0,295.0
2408,104,2038,q1+q2+q4+q5,0.60609104,420.0,293.0
2408,104,2038,q1+q2+q4+q6,0.55553323,384.0,277.0
2408,104,2038,q1+q2+q5+q6,0.41411199,295.0,221.5
2408,104,2038,q1+q3+q4+q5,0.76771532,1300.0,855.0
2408,104,2038,q1+q3+q4+q6,0.71715751,1175.0,840.0
2408,104,2038,q1+q3+q5+q6,0.57573627,923.0,770.75
2408,104,2038,q1+q4+q5+q6,0.47472109,2560.0,1890.0
2408,104,2038,q2+q3+q4+q5,0.8687305,923.0,641.25
2408,104,2038,q2+q3+q4+q6,0.81817269,923.0,579.5
2408,104,2038,q2+q3+q5+q6,0.67675144,855.0,458.0
2408,104,2038,q2+q4+q5+q6,0.57573627,804.0,422.0
2408,104,2038,q3+q4+q5+q6,0.73736055,1767.0,983.0
2408,104,2038,q1+q2+q3+q4+q5,0.94954264,810.0,424.0
2408,104,2038,q1+q2+q3+q4+q6,0.89898483,755.0,403.0
2408,104,2038,q1+q2+q3+q5+q6,0.75756358,480.0,327.0
2408,104,2038,q1+q2+q4+q5+q6,0.65654841,445.0,295.0
2408,104,2038,q1+q3+q4+q5+q6,0.81817269,1313.0,855.0
2408,104,2038,q2+q3+q4+q5+q6,0.91918786,968.0,711.0
2408,104,2038,q1+q2+q3+q4+q5+q6,1.0,855.0,458.0
2408,104,2038,all,1.0,855.0,458.0
2409,104,2039,q1,0.08081214,127.0,120.75
2409,104,2039,q2,0.18182731,312.0,252.0
2409,104,2039,q3,0.34345159,1125.0,830.5
2409,104,2039,q4,0.24243642,2720.0,2060.0
2409,104,2039,q5,0.10101517,12825.0,7793.3333
2409,104,2039,q6,0.05045736,88888.0,42519.1667
2409,104,2039,q1+q2,0.26263945,252.0,158.4444
2409,104,2039,q1+q3,0.42426373,923.0,549.0
2409,104,2039,q1+q4,0.32324856,902.0,377.0
2409,104,2039,q1+q5,0.18182731,170.0,138.0
2409,104,2039,q1+q6,0.1312695,146.0,125.0
2409,104,2039,q2+q3,0.52527891,711.0,367.0
2409,104,2039,q2+q4,0.42426373,473.0,315.0
2409,104,2039,q2+q5,0.28284249,401.0,293.0
2409,104,2039,q2+q6,0.23228468,346.0,269.0
2409,104,2039,q3+q4,0.58588801,1470.0,938.0
2409,104,2039,q3+q5,0.44446677,1350.0,923.0
2409,104,2039,q3+q6,0.39390896,1260.0,887.75
2409,104,2039,q4+q5,0.34345159,3650.0,2214.0
2409,104,2039,q4+q6,0.29289378,3180.0,2160.0
2409,104,2039,q5+q6,0.15147254,19600.0,9030.0
2409,104,2039,q1+q2+q3,0.60609104,422.0,293.0
2409,104,2039,q1+q2+q4,0.50507587,340.0,252.0
2409,104,2039,q1+q2+q5,0.36365463,295.0,192.5
2409,104,2039,q1+q2+q6,0.31309682,276.0,177.0
2409,104,2039,q1+q3+q4,0.66670015,1125.0,810.0
2409,104,2039,q1+q3+q5,0.52527891,968.0,641.25
2409,104,2039,q1+q3+q6,0.47472109,923.0,556.5
2409,104,2039,q1+q4+q5,0.42426373,2514.0,1655.0
2409,104,2039,q1+q4+q6,0.37370592,2400.0,1469.0
2409,104,2039,q1+q5+q6,0.23228468,218.0,160.0
2409,104,2039,q2+q3+q4,0.76771532,923.0,546.1111
2409,104,2039,q2+q3+q5,0.62629408,848.0,424.0
2409,104,2039,q2+q3+q6,0.57573627,804.0,396.625
2409,104,2039,q2+q4+q5,0.52527891,755.0,367.0
2409,104,2039,q2+q4+q6,0.47472109,619.0,352.75
2409,104,2039,q2+q5+q6,0.33329985,458.0,301.0
2409,104,2039,q3+q4+q5,0.68690318,1767.0,968.0
2409,104,2039,q3+q4+q6,0.63634537,1530.0,963.75
2409,104,2039,q3+q5+q6,0.49492413,1373.0,923.0
2409,104,2039,q4+q5+q6,0.39390896,3960.0,2244.0
2409,104,2039,q1+q2+q3+q4,0.84852746,718.0,367.0
2409,104,2039,q1+q2+q3+q5,0.70710622,466.0,312.0
2409,104,2039,q1+q2+q3+q6,0.65654841,458.0,301.0
2409,104,2039,q1+q2+q4+q5,0.60609104,422.0,293.0
2409,104,2039,q1+q2+q4+q6,0.55553323,367.0,269.0
2409,104,2039,q1+q2+q5+q6,0.41411199,301.0,221.0
2409,104,2039,q1+q3+q4+q5,0.76771532,1350.0,898.0
2409,104,2039,q1+q3+q4+q6,0.71715751,1260.0,849.3333
2409,104,2039,q1+q3+q5+q6,0.57573627,968.0,711.0
2409,104,2039,q1+q4+q5+q6,0.47472109,2600.0,1740.0
2409,104,2039,q2+q3+q4+q5,0.8687305,968.0,596.25
2409,104,2039,q2+q3+q4+q6,0.81817269,968.0,553.5
2409,104,2039,q2+q3+q5+q6,0.67675144,878.0,458.0
2409,104,2039,q2+q4+q5+q6,0.57573627,859.0,402.0
2409,104,2039,q3+q4+q5+q6,0.73736055,1985.0,968.0
2409,104,2039,q1+q2+q3+q4+q5,0.94954264,848.0,424.0
2409,104,2039,q1+q2+q3+q4+q6,0.89898483,804.0,396.625
2409,104,2039,q1+q2+q3+q5+q6,0.75756358,483.0,316.75
2409,104,2039,q1+q2+q4+q5+q6,0.65654841,458.0,301.0
2409,104,2039,q1+q3+q4+q5+q6,0.81817269,1373.0,923.0
2409,104,2039,q2+q3+q4+q5+q6,0.91918786,983.0,651.0
2409,104,2039,q1+q2+q3+q4+q5+q6,1.0,878.0,458.0
2409,104,2039,all,1.0,878.0,458.0
2410,104,2040,q1,0.08081214,127.0,120.0
2410,104,2040,q2,0.18182731,319.0,252.5
2410,104,2040,q3,0.34345159,1005.0,840.0
2410,104,2040,q4,0.24243642,3120.0,2100.0
2410,104,2040,q5,0.10101517,12825.0,7987.5
2410,104,2040,q6,0.05045736,68800.0,42590.5
2410,104,2040,q1+q2,0.26263945,252.0,161.0
2410,104,2040,q1+q3,0.42426373,848.0,553.5
2410,104,2040,q1+q4,0.32324856,902.0,377.0
2410,104,2040,q1+q5,0.18182731,170.0,146.0
2410,104,2040,q1+q6,0.1312695,146.0,126.0
2410,104,2040,q2+q3,0.52527891,718.0,401.0
2410,104,2040,q2+q4,0.42426373,532.0,330.5
2410,104,2040,q2+q5,0.28284249,445.0,295.0
2410,104,2040,q2+q6,0.23228468,401.0,269.0
2410,104,2040,q3+q4,0.58588801,1388.0,938.0
2410,104,2040,q3+q5,0.44446677,1178.0,923.0
2410,104,2040,q3+q6,0.39390896,1125.0,876.8333
2410,104,2040,q4+q5,0.34345159,3780.0,2214.0
2410,104,2040,q4+q6,0.29289378,3180.0,2160.0
2410,104,2040,q5+q6,0.15147254,16200.0,9245.0
2410,104,2040,q1+q2+q3,0.60609104,445.0,295.0
2410,104,2040,q1+q2+q4,0.50507587,360.0,252.5
2410,104,2040,q1+q2+q5,0.36365463,295.0,192.5
2410,104,2040,q1+q2+q6,0.31309682,269.0,178.0
2410,104,2040,q1+q3+q4,0.66670015,1005.0,830.5
2410,104,2040,q1+q3+q5,0.52527891,923.0,675.0
2410,104,2040,q1+q3+q6,0.47472109,923.0,635.25
2410,104,2040,q1+q4+q5,0.42426373,2514.0,1727.0
2410,104,2040,q1+q4+q6,0.37370592,2400.0,1655.0
2410,104,2040,q1+q5+q6,0.23228468,200.0,168.0
2410,104,2040,q2+q3+q4,0.76771532,923.0,553.5
2410,104,2040,q2+q3+q5,0.62629408,810.0,445.0
2410,104,2040,q2+q3+q6,0.57573627,804.0,420.0
2410,104,2040,q2+q4+q5,0.52527891,760.0,402.0
2410,104,2040,q2+q4+q6,0.47472109,661.0,367.0
2410,104,2040,q2+q5+q6,0.33329985,462.0,306.5
2410,104,2040,q3+q4+q5,0.68690318,1530.0,984.5
2410,104,2040,q3+q4+q6,0.63634537,1461.0,968.0
2410,104,2040,q3+q5+q6,0.49492413,1300.0,923.0
2410,104,2040,q4+q5+q6,0.39390896,3940.0,2360.0
2410,104,2040,q1+q2+q3+q4,0.84852746,721.0,401.0
2410,104,2040,q1+q2+q3+q5,0.70710622,505.0,315.0
2410,104,2040,q1+q2+q3+q6,0.65654841,466.0,306.5
2410,104,2040,q1+q2+q4+q5,0.60609104,445.0,295.0
2410,104,2040,q1+q2+q4+q6,0.55553323,414.0,277.0
2410,104,2040,q1+q2+q5+q6,0.41411199,312.0,221.5
2410,104,2040,q1+q3+q4+q5,0.76771532,1178.0,905.75
2410,104,2040,q1+q3+q4+q6,0.71715751,1125.0,855.0
2410,104,2040,q1+q3+q5+q6,0.57573627,923.0,774.0
2410,104,2040,q1+q4+q5+q6,0.47472109,2600.0,1845.0
2410,104,2040,q2+q3+q4+q5,0.8687305,938.0,645.8333
2410,104,2040,q2+q3+q4+q6,0.81817269,923.0,619.0
2410,104,2040,q2+q3+q5+q6,0.67675144,848.0,466.0
2410,104,2040,q2+q4+q5+q6,0.57573627,870.0,430.0
2410,104,2040,q3+q4+q5+q6,0.73736055,1661.0,1005.0
2410,104,2040,q1+q2+q3+q4+q5,0.94954264,810.0,445.0
2410,104,2040,q1+q2+q3+q4+q6,0.89898483,804.0,420.0
2410,104,2040,q1+q2+q3+q5+q6,0.75756358,613.0,336.5
2410,104,2040,q1+q2+q4+q5+q6,0.65654841,466.0,306.5
2410,104,2040,q1+q3+q4+q5+q6,0.81817269,1300.0,923.0
2410,104,2040,q2+q3+q4+q5+q6,0.91918786,983.0,711.0
2410,104,2040,q1+q2+q3+q4+q5+q6,1.0,848.0,466.0
2410,104,2040,all,1.0,848.0,466.0
2501,105,2041,q1,0.08422163,127.0,114.0
2501,105,2041,q2,0.21055408,312.0,252.0
2501,105,2041,q3,0.2526649,1125.0,849.3333
2501,105,2041,q4,0.2526649,3180.0,2100.0
2501,105,2041,q5,0.12633245,14850.0,7987.5
2501,105,2041,q6,0.07356203,85623.0,41950.0
2501,105,2041,q1+q2,0.29477572,252.0,158.4444
2501,105,2041,q1+q3,0.33688654,711.0,377.0
2501,105,2041,q1+q4,0.33688654,902.0,377.0
2501,105,2041,q1+q5,0.21055408,186.0,146.0
2501,105,2041,q1+q6,0.15778366,150.0,127.0
2501,105,2041,q2+q3,0.46321899,466.0,312.0
2501,105,2041,q2+q4,0.46321899,466.0,312.0
2501,105,2041,q2+q5,0.33688654,422.0,282.5
2501,105,2041,q2+q6,0.28411611,367.0,262.0
2501,105,2041,q3+q4,0.5053298,1661.0,984.5
2501,105,2041,q3+q5,0.37899735,1388.0,923.0
2501,105,2041,q3+q6,0.32622693,1300.0,905.75
2501,105,2041,q4+q5,0.37899735,4240.0,2243.5
2501,105,2041,q4+q6,0.32622693,3780.0,2214.0
2501,105,2041,q5+q6,0.19989448,21201.0,9450.0
2501,105,2041,q1+q2+q3,0.54744062,319.0,252.0
2501,105,2041,q1+q2+q4,0.54744062,319.0,252.0
2501,105,2041,q1+q2+q5,0.42110817,295.0,201.5
2501,105,2041,q1+q2+q6,0.36833775,276.0,184.0
2501,105,2041,q1+q3+q4,0.58955144,1125.0,830.5
2501,105,2041,q1+q3+q5,0.46321899,923.0,641.25
2501,105,2041,q1+q3+q6,0.41044856,855.0,553.5
2501,105,2041,q1+q4+q5,0.46321899,2560.0,1785.0
2501,105,2041,q1+q4+q6,0.41044856,2460.0,1680.0
2501,105,2041,q1+q5+q6,0.28411611,315.0,180.0
2501,105,2041,q2+q3+q4,0.71588389,810.0,424.0
2501,105,2041,q2+q3+q5,0.58955144,711.0,367.0
2501,105,2041,q2+q3+q6,0.53678101,613.0,327.0
2501,105,2041,q2+q4+q5,0.58955144,721.0,367.0
2501,105,2041,q2+q4+q6,0.53678101,613.0,327.0
2501,105,2041,q2+q5+q6,0.41044856,458.0,295.0
2501,105,2041,q3+q4+q5,0.63166225,2100.0,1085.75
2501,105,2041,q3+q4+q6,0.57889183,2045.0,1039.5
2501,105,2041,q3+q5+q6,0.45255938,1470.0,968.0
2501,105,2041,q4+q5+q6,0.45255938,4828.0,2401.0
2501,105,2041,q1+q2+q3+q4,0.80010552,473.0,312.0
2501,105,2041,q1+q2+q3+q5,0.67377307,438.0,288.0
2501,105,2041,q1+q2+q3+q6,0.62100265,401.0,268.0
2501,105,2041,q1+q2+q4+q5,0.67377307,438.0,288.0
2501,105,2041,q1+q2+q4+q6,0.62100265,401.0,268.0
2501,105,2041,q1+q2+q5+q6,0.4946702,312.0,231.0
2501,105,2041,q1+q3+q4+q5,0.71588389,1388.0,923.0
2501,105,2041,q1+q3+q4+q6,0.66311346,1300.0,898.0
2501,105,2041,q1+q3+q5+q6,0.53678101,983.0,774.0
2501,105,2041,q1+q4+q5+q6,0.53678101,2720.0,2049.3333
2501,105,2041,q2+q3+q4+q5,0.84221634,923.0,546.1111
2501,105,2041,q2+q3+q4+q6,0.78944592,886.0,466.0
2501,105,2041,q2+q3+q5+q6,0.66311346,770.0,402.0
2501,105,2041,q2+q4+q5+q6,0.66311346,804.0,402.0
2501,105,2041,q3+q4+q5+q6,0.70522428,2322.0,1260.0
2501,105,2041,q1+q2+q3+q4+q5,0.92643797,711.0,367.0
2501,105,2041,q1+q2+q3+q4+q6,0.87366755,613.0,330.5
2501,105,2041,q1+q2+q3+q5+q6,0.7473351,458.0,301.0
2501,105,2041,q1+q2+q4+q5+q6,0.7473351,458.0,301.0
2501,105,2041,q1+q3+q4+q5+q6,0.78944592,1470.0,963.75
2501,105,2041,q2+q3+q4+q5+q6,0.91577837,983.0,635.25
2501,105,2041,q1+q2+q3+q4+q5+q6,1.0,786.0,402.0
2501,105,2041,all,1.0,786.0,402.0
2502,105,2042,q1,0.08421608,127.0,117.0
2502,105,2042,q2,0.2105402,295.0,252.0
2502,105,2042,q3,0.25264824,1005.0,830.5
2502,105,2042,q4,0.25264824,2600.0,2100.0
2502,105,2042,q5,0.12632412,12600.0,7800.0
2502,105,2042,q6,0.07362312,85623.0,42590.5
2502,105,2042,q1+q2,0.29475628,252.0,160.0
2502,105,2042,q1+q3,0.33686432,711.0,377.0
2502,105,2042,q1+q4,0.33686432,902.0,377.0
2502,105,2042,q1+q5,0.2105402,186.0,146.0
2502,105,2042,q1+q6,0.1578392,156.0,134.0
2502,105,2042,q2+q3,0.46318844,475.0,301.0
2502,105,2042,q2+q4,0.46318844,475.0,301.0
2502,105,2042,q2+q5,0.33686432,403.0,288.0
2502,105,2042,q2+q6,0.28416332,315.0,269.0
2502,105,2042,q3+q4,0.50529648,1661.0,949.5
2502,105,2042,q3+q5,0.37897236,1350.0,923.0
2502,105,2042,q3+q6,0.32627136,1178.0,898.0
2502,105,2042,q4+q5,0.37897236,3920.0,2214.0
2502,105,2042,q4+q6,0.32627136,3454.0,2214.0
2502,105,2042,q5+q6,0.19994724,16200.0,9245.0
2502,105,2042,q1+q2+q3,0.54740452,315.0,252.0
2502,105,2042,q1+q2+q4,0.54740452,315.0,252.0
2502,105,2042,q1+q2+q5,0.4210804,295.0,200.0
2502,105,2042,q1+q2+q6,0.3683794,288.0,183.5
2502,105,2042,q1+q3+q4,0.58951256,1005.0,830.5
2502,105,2042,q1+q3+q5,0.46318844,923.0,635.25
2502,105,2042,q1+q3+q6,0.41048744,855.0,553.5
2502,105,2042,q1+q4+q5,0.46318844,2514.0,1742.2222
2502,105,2042,q1+q4+q6,0.41048744,2460.0,1695.0
2502,105,2042,q1+q5+q6,0.28416332,305.0,184.0
2502,105,2042,q2+q3+q4,0.71583668,848.0,424.0
2502,105,2042,q2+q3+q5,0.58951256,711.0,360.0
2502,105,2042,q2+q3+q6,0.53681156,635.0,315.0
2502,105,2042,q2+q4+q5,0.58951256,734.0,360.0
2502,105,2042,q2+q4+q6,0.53681156,635.0,315.0
2502,105,2042,q2+q5+q6,0.41048744,458.0,295.0
2502,105,2042,q3+q4+q5,0.6316206,2079.0,1050.0
2502,105,2042,q3+q4+q6,0.5789196,1780.0,1022.5
2502,105,2042,q3+q5+q6,0.45259548,1461.0,923.0
2502,105,2042,q4+q5+q6,0.45259548,4428.0,2400.0
2502,105,2042,q1+q2+q3+q4,0.80005276,480.0,302.5
2502,105,2042,q1+q2+q3+q5,0.67372864,420.0,290.4
2502,105,2042,q1+q2+q3+q6,0.62102764,360.0,277.0
2502,105,2042,q1+q2+q4+q5,0.67372864,420.0,290.4
2502,105,2042,q1+q2+q4+q6,0.62102764,360.0,277.0
2502,105,2042,q1+q2+q5+q6,0.49470352,295.0,226.75
2502,105,2042,q1+q3+q4+q5,0.71583668,1350.0,923.0
2502,105,2042,q1+q3+q4+q6,0.66313568,1178.0,887.75
2502,105,2042,q1+q3+q5+q6,0.53681156,923.0,711.0
2502,105,2042,q1+q4+q5+q6,0.53681156,2560.0,2028.75
2502,105,2042,q2+q3+q4+q5,0.8421608,923.0,546.1111
2502,105,2042,q2+q3+q4+q6,0.7894598,923.0,466.0
2502,105,2042,q2+q3+q5+q6,0.66313568,770.0,402.0
2502,105,2042,q2+q4+q5+q6,0.66313568,859.0,402.0
2502,105,2042,q3+q4+q5+q6,0.70524372,2214.0,1178.0
2502,105,2042,q1+q2+q3+q4+q5,0.92637688,711.0,360.0
2502,105,2042,q1+q2+q3+q4+q6,0.87367588,635.0,315.0
2502,105,2042,q1+q2+q3+q5+q6,0.74735176,462.0,295.0
2502,105,2042,q1+q2+q4+q5+q6,0.74735176,462.0,295.0
2502,105,2042,q1+q3+q4+q5+q6,0.7894598,1461.0,923.0
2502,105,2042,q2+q3+q4+q5+q6,0.91578392,938.0,579.5
2502,105,2042,q1+q2+q3+q4+q5+q6,1.0,786.0,402.0
2502,105,2042,all,1.0,786.0,402.0
2503,105,2043,q1,0.08421557,127.0,121.5
2503,105,2043,q2,0.21053894,319.0,252.5
2503,105,2043,q3,0.25264672,1125.0,830.5
2503,105,2043,q4,0.25264672,3040.0,2095.0
2503,105,2043,q5,0.12632336,12825.0,7800.0
2503,105,2043,q6,0.07362868,71500.0,41950.0
2503,105,2043,q1+q2,0.29475451,257.0,169.0
2503,105,2043,q1+q3,0.3368623,711.0,377.0
2503,105,2043,q1+q4,0.3368623,902.0,377.0
2503,105,2043,q1+q5,0.21053894,185.0,149.0
2503,105,2043,q1+q6,0.15784425,161.0,135.0
2503,105,2043,q2+q3,0.46318566,505.0,316.75
2503,105,2043,q2+q4,0.46318566,505.0,316.75
2503,105,2043,q2+q5,0.3368623,458.0,295.0
2503,105,2043,q2+q6,0.28416761,420.0,288.0
2503,105,2043,q3+q4,0.50529345,1661.0,968.0
2503,105,2043,q3+q5,0.37897009,1388.0,923.0
2503,105,2043,q3+q6,0.3262754,1350.0,923.0
2503,105,2043,q4+q5,0.37897009,3920.0,2235.0
2503,105,2043,q4+q6,0.3262754,3180.0,2184.6667
2503,105,2043,q5+q6,0.19995204,19845.0,9193.3333
2503,105,2043,q1+q2+q3,0.54740124,367.0,257.0
2503,105,2043,q1+q2+q4,0.54740124,367.0,257.0
2503,105,2043,q1+q2+q5,0.42107787,308.0,209.0
2503,105,2043,q1+q2+q6,0.36838319,295.0,186.0
2503,105,2043,q1+q3+q4,0.58950902,1125.0,810.0
2503,105,2043,q1+q3+q5,0.46318566,923.0,635.25
2503,105,2043,q1+q3+q6,0.41049098,855.0,547.5
2503,105,2043,q1+q4+q5,0.46318566,2600.0,1727.0
2503,105,2043,q1+q4+q6,0.41049098,2460.0,1635.0
2503,105,2043,q1+q5+q6,0.28416761,308.0,184.0
2503,105,2043,q2+q3+q4,0.71583239,859.0,445.0
2503,105,2043,q2+q3+q5,0.58950902,770.0,396.625
2503,105,2043,q2+q3+q6,0.53681434,711.0,367.0
2503,105,2043,q2+q4+q5,0.58950902,804.0,401.0
2503,105,2043,q2+q4+q6,0.53681434,718.0,367.0
2503,105,2043,q2+q5+q6,0.41049098,466.0,312.0
2503,105,2043,q3+q4+q5,0.63161681,2160.0,1050.0
2503,105,2043,q3+q4+q6,0.57892213,2052.0,1022.5
2503,105,2043,q3+q5+q6,0.45259876,1470.0,968.0
2503,105,2043,q4+q5+q6,0.45259876,4428.0,2400.0
2503,105,2043,q1+q2+q3+q4,0.80004796,514.0,316.75
2503,105,2043,q1+q2+q3+q5,0.6737246,458.0,295.0
2503,105,2043,q1+q2+q3+q6,0.62102991,422.0,288.0
2503,105,2043,q1+q2+q4+q5,0.6737246,458.0,295.0
2503,105,2043,q1+q2+q4+q6,0.62102991,422.0,288.0
2503,105,2043,q1+q2+q5+q6,0.49470655,319.0,239.3333
2503,105,2043,q1+q3+q4+q5,0.71583239,1388.0,923.0
2503,105,2043,q1+q3+q4+q6,0.6631377,1350.0,876.8333
2503,105,2043,q1+q3+q5+q6,0.53681434,968.0,770.75
2503,105,2043,q1+q4+q5+q6,0.53681434,2720.0,1890.0
2503,105,2043,q2+q3+q4+q5,0.84215575,968.0,546.1111
2503,105,2043,q2+q3+q4+q6,0.78946106,923.0,466.0
2503,105,2043,q2+q3+q5+q6,0.6631377,810.0,420.0
2503,105,2043,q2+q4+q5+q6,0.6631377,914.0,429.5
2503,105,2043,q3+q4+q5+q6,0.70524549,2400.0,1178.0
2503,105,2043,q1+q2+q3+q4+q5,0.92637132,770.0,396.625
2503,105,2043,q1+q2+q3+q4+q6,0.87367664,711.0,367.0
2503,105,2043,q1+q2+q3+q5+q6,0.74735328,466.0,312.0
2503,105,2043,q1+q2+q4+q5+q6,0.74735328,466.0,312.0
2503,105,2043,q1+q3+q4+q5+q6,0.78946106,1470.0,962.75
2503,105,2043,q2+q3+q4+q5+q6,0.91578443,1005.0,619.0
2503,105,2043,q1+q2+q3+q4+q5+q6,1.0,810.0,420.0
2503,105,2043,all,1.0,810.0,420.0
2504,105,2044,q1,0.08421582,134.0,117.0
2504,105,2044,q2,0.21053954,312.0,262.0
2504,105,2044,q3,0.25264745,983.0,830.5
2504,105,2044,q4,0.25264745,3040.0,2100.0
2504,105,2044,q5,0.12632372,15345.0,9245.0
2504,105,2044,q6,0.07362603,68800.0,46440.0
2504,105,2044,q1+q2,0.29475535,257.0,169.0
2504,105,2044,q1+q3,0.33686326,711.0,377.0
2504,105,2044,q1+q4,0.33686326,902.0,377.0
2504,105,2044,q1+q5,0.21053954,189.0,146.0
2504,105,2044,q1+q6,0.15784185,150.0,134.0
2504,105,2044,q2+q3,0.46318698,458.0,317.5
2504,105,2044,q2+q4,0.46318698,458.0,317.5
2504,105,2044,q2+q5,0.33686326,403.0,293.0
2504,105,2044,q2+q6,0.28416557,360.0,277.0
2504,105,2044,q3+q4,0.50529489,1461.0,949.5
2504,105,2044,q3+q5,0.37897117,1313.0,900.0
2504,105,2044,q3+q6,0.32627348,1125.0,855.0
2504,105,2044,q4+q5,0.37897117,3920.0,2184.6667
2504,105,2044,q4+q6,0.32627348,3780.0,2160.0
2504,105,2044,q5+q6,0.19994975,18600.0,10096.25
2504,105,2044,q1+q2+q3,0.5474028,345.0,262.0
2504,105,2044,q1+q2+q4,0.5474028,345.0,262.0
2504,105,2044,q1+q2+q5,0.42107908,293.0,201.5
2504,105,2044,q1+q2+q6,0.36838139,277.0,186.0
2504,105,2044,q1+q3+q4,0.58951071,983.0,823.5
2504,105,2044,q1+q3+q5,0.46318698,855.0,596.25
2504,105,2044,q1+q3+q6,0.41048929,855.0,546.1111
2504,105,2044,q1+q4+q5,0.46318698,2400.0,1845.0
2504,105,2044,q1+q4+q6,0.41048929,2160.0,1695.0
2504,105,2044,q1+q5+q6,0.28416557,331.0,184.0
2504,105,2044,q2+q3+q4,0.71583443,804.0,424.0
2504,105,2044,q2+q3+q5,0.58951071,635.0,397.0
2504,105,2044,q2+q3+q6,0.53681302,480.0,360.0
2504,105,2044,q2+q4+q5,0.58951071,635.0,402.0
2504,105,2044,q2+q4+q6,0.53681302,480.0,360.0
2504,105,2044,q2+q5+q6,0.41048929,446.0,312.0
2504,105,2044,q3+q4+q5,0.63161861,2052.0,1029.5
2504,105,2044,q3+q4+q6,0.57892092,1780.0,983.0
2504,105,2044,q3+q5+q6,0.4525972,1388.0,931.5
2504,105,2044,q4+q5+q6,0.4525972,4428.0,2360.0
2504,105,2044,q1+q2+q3+q4,0.80005025,466.0,317.5
2504,105,2044,q1+q2+q3+q5,0.67372652,422.0,293.0
2504,105,2044,q1+q2+q3+q6,0.62102883,388.0,277.0
2504,105,2044,q1+q2+q4+q5,0.67372652,422.0,293.0
2504,105,2044,q1+q2+q4+q6,0.62102883,388.0,277.0
2504,105,2044,q1+q2+q5+q6,0.49470511,312.0,252.0
2504,105,2044,q1+q3+q4+q5,0.71583443,1313.0,887.75
2504,105,2044,q1+q3+q4+q6,0.66313674,1125.0,855.0
2504,105,2044,q1+q3+q5+q6,0.53681302,938.0,770.75
2504,105,2044,q1+q4+q5+q6,0.53681302,2600.0,1961.3333
2504,105,2044,q2+q3+q4+q5,0.84215815,855.0,480.0
2504,105,2044,q2+q3+q4+q6,0.78946046,855.0,466.0
2504,105,2044,q2+q3+q5+q6,0.66313674,721.0,422.0
2504,105,2044,q2+q4+q5+q6,0.66313674,755.0,422.0
2504,105,2044,q3+q4+q5+q6,0.70524465,2160.0,1175.0
2504,105,2044,q1+q2+q3+q4+q5,0.92637397,635.0,397.0
2504,105,2044,q1+q2+q3+q4+q6,0.87367628,480.0,360.0
2504,105,2044,q1+q2+q3+q5+q6,0.74735255,446.0,312.0
2504,105,2044,q1+q2+q4+q5+q6,0.74735255,446.0,312.0
2504,105,2044,q1+q3+q4+q5+q6,0.78946046,1388.0,931.5
2504,105,2044,q2+q3+q4+q5+q6,0.91578418,923.0,556.5
2504,105,2044,q1+q2+q3+q4+q5+q6,1.0,734.0,422.0
2504,105,2044,all,1.0,734.0,422.0
2505,105,2045,q1,0.08422985,126.0,103.5
2505,105,2045,q2,0.21057461,295.0,252.0
2505,105,2045,q3,0.25268954,1260.0,876.8333
2505,105,2045,q4,0.25268954,3650.0,2170.0
2505,105,2045,q5,0.12634477,15345.0,7987.5
2505,105,2045,q6,0.0734717,85623.0,40050.0
2505,105,2045,q1+q2,0.29480446,252.0,146.0
2505,105,2045,q1+q3,0.33691938,711.0,377.0
2505,105,2045,q1+q4,0.33691938,902.0,377.0
2505,105,2045,q1+q5,0.21057461,189.0,138.0
2505,105,2045,q1+q6,0.15770154,149.0,124.0
2505,105,2045,q2+q3,0.46326415,466.0,295.0
2505,105,2045,q2+q4,0.46326415,466.0,295.0
2505,105,2045,q2+q5,0.33691938,441.0,257.0
2505,105,2045,q2+q6,0.28404631,346.0,252.0
2505,105,2045,q3+q4,0.50537907,1780.0,1039.5
2505,105,2045,q3+q5,0.37903431,1450.0,955.5
2505,105,2045,q3+q6,0.32616123,1350.0,923.0
2505,105,2045,q4+q5,0.37903431,4624.0,2394.0
2505,105,2045,q4+q6,0.32616123,4240.0,2235.0
2505,105,2045,q5+q6,0.19981646,24435.0,9450.0
2505,105,2045,q1+q2+q3,0.547494,319.0,252.0
2505,105,2045,q1+q2+q4,0.547494,319.0,252.0
2505,105,2045,q1+q2+q5,0.42114923,269.0,189.0
2505,105,2045,q1+q2+q6,0.36827616,252.0,173.0
2505,105,2045,q1+q3+q4,0.58960892,1260.0,855.0
2505,105,2045,q1+q3+q5,0.46326415,938.0,653.8889
2505,105,2045,q1+q3+q6,0.41039108,855.0,573.0
2505,105,2045,q1+q4+q5,0.46326415,2600.0,1890.0
2505,105,2045,q1+q4+q6,0.41039108,2460.0,1727.0
2505,105,2045,q1+q5+q6,0.28404631,317.0,184.0
2505,105,2045,q2+q3+q4,0.71595369,794.0,402.0
2505,105,2045,q2+q3+q5,0.58960892,711.0,343.75
2505,105,2045,q2+q3+q6,0.53673585,536.0,318.5
2505,105,2045,q2+q4+q5,0.58960892,734.0,343.75
2505,105,2045,q2+q4+q6,0.53673585,536.0,318.5
2505,105,2045,q2+q5+q6,0.41039108,458.0,277.0
2505,105,2045,q3+q4+q5,0.63172384,2160.0,1260.0
2505,105,2045,q3+q4+q6,0.57885077,2052.0,1175.0
2505,105,2045,q3+q5+q6,0.452506,1530.0,992.5
2505,105,2045,q4+q5+q6,0.452506,5160.0,2514.0
2505,105,2045,q1+q2+q3+q4,0.80018354,473.0,295.0
2505,105,2045,q1+q2+q3+q5,0.67383877,441.0,261.0
2505,105,2045,q1+q2+q3+q6,0.62096569,384.0,252.0
2505,105,2045,q1+q2+q4+q5,0.67383877,441.0,261.0
2505,105,2045,q1+q2+q4+q6,0.62096569,384.0,252.0
2505,105,2045,q1+q2+q5+q6,0.49462093,301.0,221.0
2505,105,2045,q1+q3+q4+q5,0.71595369,1450.0,938.0
2505,105,2045,q1+q3+q4+q6,0.66308062,1350.0,923.0
2505,105,2045,q1+q3+q5+q6,0.53673585,1125.0,774.0
2505,105,2045,q1+q4+q5+q6,0.53673585,3640.0,2100.0
2505,105,2045,q2+q3+q4+q5,0.84229846,923.0,546.1111
2505,105,2045,q2+q3+q4+q6,0.78942539,907.0,458.75
2505,105,2045,q2+q3+q5+q6,0.66308062,738.0,380.0
2505,105,2045,q2+q4+q5+q6,0.66308062,794.0,380.0
2505,105,2045,q3+q4+q5+q6,0.70519554,2460.0,1300.0
2505,105,2045,q1+q2+q3+q4+q5,0.9265283,711.0,352.75
2505,105,2045,q1+q2+q3+q4+q6,0.87365523,536.0,318.5
2505,105,2045,q1+q2+q3+q5+q6,0.74731046,458.0,282.5
2505,105,2045,q1+q2+q4+q5+q6,0.74731046,458.0,282.5
2505,105,2045,q1+q3+q4+q5+q6,0.78942539,1530.0,992.5
2505,105,2045,q2+q3+q4+q5+q6,0.91577015,1050.0,641.25
2505,105,2045,q1+q2+q3+q4+q5+q6,1.0,738.0,380.0
2505,105,2045,all,1.0,738.0,380.0
2506,105,2046,q1,0.0842167,123.0,114.0
2506,105,2046,q2,0.21054174,346.0,252.0
2506,105,2046,q3,0.25265009,1300.0,830.5
2506,105,2046,q4,0.25265009,3650.0,2160.0
2506,105,2046,q5,0.12632505,15542.0,7800.0
2506,105,2046,q6,0.07361633,88888.0,37210.0
2506,105,2046,q1+q2,0.29475844,257.0,161.0
2506,105,2046,q1+q3,0.33686679,711.0,377.0
2506,105,2046,q1+q4,0.33686679,902.0,377.0
2506,105,2046,q1+q5,0.21054174,192.0,139.0
2506,105,2046,q1+q6,0.15783303,150.0,125.0
2506,105,2046,q2+q3,0.46319183,635.0,315.0
2506,105,2046,q2+q4,0.46319183,635.0,315.0
2506,105,2046,q2+q5,0.33686679,462.0,288.0
2506,105,2046,q2+q6,0.28415808,441.0,268.0
2506,105,2046,q3+q4,0.50530018,1985.0,990.0
2506,105,2046,q3+q5,0.37897514,1530.0,923.0
2506,105,2046,q3+q6,0.32626643,1450.0,898.0
2506,105,2046,q4+q5,0.37897514,4428.0,2312.0
2506,105,2046,q4+q6,0.32626643,3940.0,2214.0
2506,105,2046,q5+q6,0.19994138,24435.0,9245.0
2506,105,2046,q1+q2+q3,0.54740853,377.0,252.0
2506,105,2046,q1+q2+q4,0.54740853,377.0,252.0
2506,105,2046,q1+q2+q5,0.42108348,301.0,200.0
2506,105,2046,q1+q2+q6,0.36837477,293.0,184.0
2506,105,2046,q1+q3+q4,0.58951688,1300.0,830.5
2506,105,2046,q1+q3+q5,0.46319183,923.0,641.25
2506,105,2046,q1+q3+q6,0.41048312,923.0,553.5
2506,105,2046,q1+q4+q5,0.46319183,2560.0,1868.0
2506,105,2046,q1+q4+q6,0.41048312,2460.0,1727.0
2506,105,2046,q1+q5+q6,0.28415808,317.0,184.0
2506,105,2046,q2+q3+q4,0.71584192,855.0,420.0
2506,105,2046,q2+q3+q5,0.58951688,760.0,370.25
2506,105,2046,q2+q3+q6,0.53680817,734.0,360.5
2506,105,2046,q2+q4+q5,0.58951688,786.0,370.25
2506,105,2046,q2+q4+q6,0.53680817,734.0,360.5
2506,105,2046,q2+q5+q6,0.41048312,532.0,302.5
2506,105,2046,q3+q4+q5,0.63162523,2385.0,1085.75
2506,105,2046,q3+q4+q6,0.57891652,2160.0,1039.5
2506,105,2046,q3+q5+q6,0.45259147,1796.0,968.0
2506,105,2046,q4+q5+q6,0.45259147,5160.0,2470.0
2506,105,2046,q1+q2+q3+q4,0.80005862,654.0,315.0
2506,105,2046,q1+q2+q3+q5,0.67373357,466.0,291.5
2506,105,2046,q1+q2+q3+q6,0.62102486,445.0,268.0
2506,105,2046,q1+q2+q4+q5,0.67373357,466.0,291.5
2506,105,2046,q1+q2+q4+q6,0.62102486,445.0,268.0
2506,105,2046,q1+q2+q5+q6,0.49469982,341.0,226.75
2506,105,2046,q1+q3+q4+q5,0.71584192,1530.0,923.0
2506,105,2046,q1+q3+q4+q6,0.66313321,1450.0,898.0
2506,105,2046,q1+q3+q5+q6,0.53680817,1125.0,711.0
2506,105,2046,q1+q4+q5+q6,0.53680817,3040.0,2090.0
2506,105,2046,q2+q3+q4+q5,0.84216697,968.0,490.0
2506,105,2046,q2+q3+q4+q6,0.78945826,923.0,466.0
2506,105,2046,q2+q3+q5+q6,0.66313321,804.0,396.625
2506,105,2046,q2+q4+q5+q6,0.66313321,870.0,397.0
2506,105,2046,q3+q4+q5+q6,0.70524156,2541.0,1260.0
2506,105,2046,q1+q2+q3+q4+q5,0.92638367,760.0,373.0
2506,105,2046,q1+q2+q3+q4+q6,0.87367495,734.0,360.5
2506,105,2046,q1+q2+q3+q5+q6,0.74734991,536.0,306.5
2506,105,2046,q1+q2+q4+q5+q6,0.74734991,536.0,306.5
2506,105,2046,q1+q3+q4+q5+q6,0.78945826,1796.0,962.75
2506,105,2046,q2+q3+q4+q5+q6,0.9157833,1089.0,635.25
2506,105,2046,q1+q2+q3+q4+q5+q6,1.0,804.0,396.625
2506,105,2046,all,1.0,804.0,396.625
2507,105,2047,q1,0.0842167,126.0,115.0
2507,105,2047,q2,0.21054174,288.0,252.0
2507,105,2047,q3,0.25265009,1260.0,898.0
2507,105,2047,q4,0.25265009,3640.0,2160.0
2507,105,2047,q5,0.12632505,14520.0,8606.25
2507,105,2047,q6,0.07361633,71500.0,45000.0
2507,105,2047,q1+q2,0.29475844,252.0,139.0
2507,105,2047,q1+q3,0.33686679,711.0,377.0
2507,105,2047,q1+q4,0.33686679,902.0,377.0
2507,105,2047,q1+q5,0.21054174,186.0,146.0
2507,105,2047,q1+q6,0.15783303,150.0,126.75
2507,105,2047,q2+q3,0.46319183,458.0,293.0
2507,105,2047,q2+q4,0.46319183,458.0,293.0
2507,105,2047,q2+q5,0.33686679,360.0,252.0
2507,105,2047,q2+q6,0.28415808,312.0,252.0
2507,105,2047,q3+q4,0.50530018,1530.0,1066.5
2507,105,2047,q3+q5,0.37897514,1388.0,968.0
2507,105,2047,q3+q6,0.32626643,1300.0,923.0
2507,105,2047,q4+q5,0.37897514,4428.0,2394.0
2507,105,2047,q4+q6,0.32626643,3960.0,2214.0
2507,105,2047,q5+q6,0.19994138,18600.0,10057.0
2507,105,2047,q1+q2+q3,0.54740853,301.0,252.0
2507,105,2047,q1+q2+q4,0.54740853,301.0,252.0
2507,105,2047,q1+q2+q5,0.42108348,262.0,184.0
2507,105,2047,q1+q2+q6,0.36837477,252.0,169.0
2507,105,2047,q1+q3+q4,0.58951688,1260.0,872.0
2507,105,2047,q1+q3+q5,0.46319183,923.0,651.0
2507,105,2047,q1+q3+q6,0.41048312,923.0,553.5
2507,105,2047,q1+q4+q5,0.46319183,2560.0,1890.0
2507,105,2047,q1+q4+q6,0.41048312,2460.0,1727.0
2507,105,2047,q1+q5+q6,0.28415808,317.0,184.0
2507,105,2047,q2+q3+q4,0.71584192,804.0,420.0
2507,105,2047,q2+q3+q5,0.58951688,536.0,319.0
2507,105,2047,q2+q3+q6,0.53680817,466.0,312.0
2507,105,2047,q2+q4+q5,0.58951688,536.0,319.0
2507,105,2047,q2+q4+q6,0.53680817,466.0,312.0
2507,105,2047,q2+q5+q6,0.41048312,458.0,269.0
2507,105,2047,q3+q4+q5,0.63162523,1863.0,1300.0
2507,105,2047,q3+q4+q6,0.57891652,1661.0,1260.0
2507,105,2047,q3+q5+q6,0.45259147,1450.0,1029.5
2507,105,2047,q4+q5+q6,0.45259147,5040.0,2514.0
2507,105,2047,q1+q2+q3+q4,0.80005862,458.0,293.0
2507,105,2047,q1+q2+q3+q5,0.67373357,403.0,252.0
2507,105,2047,q1+q2+q3+q6,0.62102486,346.0,252.0
2507,105,2047,q1+q2+q4+q5,0.67373357,403.0,252.0
2507,105,2047,q1+q2+q4+q6,0.62102486,346.0,252.0
2507,105,2047,q1+q2+q5+q6,0.49469982,293.0,220.5
2507,105,2047,q1+q3+q4+q5,0.71584192,1388.0,963.75
2507,105,2047,q1+q3+q4+q6,0.66313321,1300.0,923.0
2507,105,2047,q1+q3+q5+q6,0.53680817,1125.0,830.5
2507,105,2047,q1+q4+q5+q6,0.53680817,3040.0,2100.0
2507,105,2047,q2+q3+q4+q5,0.84216697,923.0,490.0
2507,105,2047,q2+q3+q4+q6,0.78945826,886.0,466.0
2507,105,2047,q2+q3+q5+q6,0.66313321,734.0,393.0
2507,105,2047,q2+q4+q5+q6,0.66313321,760.0,393.0
2507,105,2047,q3+q4+q5+q6,0.70524156,2160.0,1320.0
2507,105,2047,q1+q2+q3+q4+q5,0.92638367,613.0,319.0
2507,105,2047,q1+q2+q3+q4+q6,0.87367495,475.0,312.0
2507,105,2047,q1+q2+q3+q5+q6,0.74734991,458.0,269.0
2507,105,2047,q1+q2+q4+q5+q6,0.74734991,458.0,269.0
2507,105,2047,q1+q3+q4+q5+q6,0.78945826,1450.0,1026.0
2507,105,2047,q2+q3+q4+q5+q6,0.9157833,1005.0,635.25
2507,105,2047,q1+q2+q3+q4+q5+q6,1.0,734.0,393.0
2507,105,2047,all,1.0,734.0,393.0
2508,105,2048,q1,0.0842167,134.0,115.0
2508,105,2048,q2,0.21054174,312.0,261.0
2508,105,2048,q3,0.25265009,1050.0,830.5
2508,105,2048,q4,0.25265009,3180.0,2100.0
2508,105,2048,q5,0.12632505,15542.0,8633.5
2508,105,2048,q6,0.07361633,71500.0,43194.1667
2508,105,2048,q1+q2,0.29475844,252.0,168.0
2508,105,2048,q1+q3,0.33686679,711.0,377.0
2508,105,2048,q1+q4,0.33686679,902.0,377.0
2508,105,2048,q1+q5,0.21054174,186.0,146.0
2508,105,2048,q1+q6,0.15783303,149.0,134.0
2508,105,2048,q2+q3,0.46319183,466.0,315.0
2508,105,2048,q2+q4,0.46319183,466.0,315.0
2508,105,2048,q2+q5,0.33686679,403.0,293.0
2508,105,2048,q2+q6,0.28415808,360.0,277.0
2508,105,2048,q3+q4,0.50530018,1530.0,949.5
2508,105,2048,q3+q5,0.37897514,1313.0,876.8333
2508,105,2048,q3+q6,0.32626643,1300.0,855.0
2508,105,2048,q4+q5,0.37897514,3960.0,2214.0
2508,105,2048,q4+q6,0.32626643,3780.0,2160.0
2508,105,2048,q5+q6,0.19994138,19600.0,10096.25
2508,105,2048,q1+q2+q3,0.54740853,319.0,262.0
2508,105,2048,q1+q2+q4,0.54740853,319.0,262.0
2508,105,2048,q1+q2+q5,0.42108348,293.0,206.6667
2508,105,2048,q1+q2+q6,0.36837477,277.0,184.5
2508,105,2048,q1+q3+q4,0.58951688,1050.0,823.5
2508,105,2048,q1+q3+q5,0.46319183,855.0,645.8333
2508,105,2048,q1+q3+q6,0.41048312,855.0,553.5
2508,105,2048,q1+q4+q5,0.46319183,2514.0,1868.0
2508,105,2048,q1+q4+q6,0.41048312,2160.0,1695.0
2508,105,2048,q1+q5+q6,0.28415808,331.0,173.0
2508,105,2048,q2+q3+q4,0.71584192,810.0,424.0
2508,105,2048,q2+q3+q5,0.58951688,661.0,393.0
2508,105,2048,q2+q3+q6,0.53680817,532.0,358.25
2508,105,2048,q2+q4+q5,0.58951688,661.0,393.0
2508,105,2048,q2+q4+q6,0.53680817,532.0,358.25
2508,105,2048,q2+q5+q6,0.41048312,458.0,302.5
2508,105,2048,q3+q4+q5,0.63162523,2100.0,1050.0
2508,105,2048,q3+q4+q6,0.57891652,1985.0,1005.0
2508,105,2048,q3+q5+q6,0.45259147,1450.0,923.0
2508,105,2048,q4+q5+q6,0.45259147,4428.0,2394.0
2508,105,2048,q1+q2+q3+q4,0.80005862,466.0,315.0
2508,105,2048,q1+q2+q3+q5,0.67373357,422.0,293.0
2508,105,2048,q1+q2+q3+q6,0.62102486,401.0,277.0
2508,105,2048,q1+q2+q4+q5,0.67373357,422.0,293.0
2508,105,2048,q1+q2+q4+q6,0.62102486,401.0,277.0
2508,105,2048,q1+q2+q5+q6,0.49469982,312.0,252.0
2508,105,2048,q1+q3+q4+q5,0.71584192,1313.0,872.0
2508,105,2048,q1+q3+q4+q6,0.66313321,1300.0,855.0
2508,105,2048,q1+q3+q5+q6,0.53680817,938.0,774.0
2508,105,2048,q1+q4+q5+q6,0.53680817,2600.0,2028.75
2508,105,2048,q2+q3+q4+q5,0.84216697,907.0,490.0
2508,105,2048,q2+q3+q4+q6,0.78945826,855.0,466.0
2508,105,2048,q2+q3+q5+q6,0.66313321,760.0,403.0
2508,105,2048,q2+q4+q5+q6,0.66313321,804.0,422.0
2508,105,2048,q3+q4+q5+q6,0.70524156,2160.0,1181.5
2508,105,2048,q1+q2+q3+q4+q5,0.92638367,661.0,393.0
2508,105,2048,q1+q2+q3+q4+q6,0.87367495,536.0,358.25
2508,105,2048,q1+q2+q3+q5+q6,0.74734991,458.0,306.5
2508,105,2048,q1+q2+q4+q5+q6,0.74734991,458.0,306.5
2508,105,2048,q1+q3+q4+q5+q6,0.78945826,1450.0,923.0
2508,105,2048,q2+q3+q4+q5+q6,0.9157833,938.0,596.25
2508,105,2048,q1+q2+q3+q4+q5+q6,1.0,770.0,403.0
2508,105,2048,all,1.0,770.0,403.0
2509,105,2049,q1,0.0842167,127.0,120.75
2509,105,2049,q2,0.21054174,312.0,252.0
2509,105,2049,q3,0.25265009,1125.0,830.5
2509,105,2049,q4,0.25265009,2720.0,2060.0
2509,105,2049,q5,0.12632505,12825.0,7793.3333
2509,105,2049,q6,0.07361633,88888.0,42519.1667
2509,105,2049,q1+q2,0.29475844,252.0,168.0
2509,105,2049,q1+q3,0.33686679,711.0,377.0
2509,105,2049,q1+q4,0.33686679,902.0,377.0
2509,105,2049,q1+q5,0.21054174,185.0,146.0
2509,105,2049,q1+q6,0.15783303,149.0,134.0
2509,105,2049,q2+q3,0.46319183,466.0,312.0
2509,105,2049,q2+q4,0.46319183,466.0,312.0
2509,105,2049,q2+q5,0.33686679,403.0,293.0
2509,105,2049,q2+q6,0.28415808,367.0,277.0
2509,105,2049,q3+q4,0.50530018,1767.0,968.0
2509,105,2049,q3+q5,0.37897514,1388.0,923.0
2509,105,2049,q3+q6,0.32626643,1313.0,923.0
2509,105,2049,q4+q5,0.37897514,3920.0,2214.0
2509,105,2049,q4+q6,0.32626643,3180.0,2170.0
2509,105,2049,q5+q6,0.19994138,21201.0,9245.0
2509,105,2049,q1+q2+q3,0.54740853,319.0,252.0
2509,105,2049,q1+q2+q4,0.54740853,319.0,252.0
2509,105,2049,q1+q2+q5,0.42108348,301.0,219.5
2509,105,2049,q1+q2+q6,0.36837477,293.0,185.0
2509,105,2049,q1+q3+q4,0.58951688,1125.0,795.0
2509,105,2049,q1+q3+q5,0.46319183,923.0,579.5
2509,105,2049,q1+q3+q6,0.41048312,923.0,549.0
2509,105,2049,q1+q4+q5,0.46319183,2560.0,1680.0
2509,105,2049,q1+q4+q6,0.41048312,2460.0,1573.0
2509,105,2049,q1+q5+q6,0.28415808,315.0,184.0
2509,105,2049,q2+q3+q4,0.71584192,855.0,424.0
2509,105,2049,q2+q3+q5,0.58951688,711.0,367.0
2509,105,2049,q2+q3+q6,0.53680817,532.0,330.5
2509,105,2049,q2+q4+q5,0.58951688,734.0,367.0
2509,105,2049,q2+q4+q6,0.53680817,532.0,330.5
2509,105,2049,q2+q5+q6,0.41048312,458.0,302.5
2509,105,2049,q3+q4+q5,0.63162523,2160.0,1026.0
2509,105,2049,q3+q4+q6,0.57891652,2052.0,983.0
2509,105,2049,q3+q5+q6,0.45259147,1470.0,968.0
2509,105,2049,q4+q5+q6,0.45259147,4428.0,2394.0
2509,105,2049,q1+q2+q3+q4,0.80005862,466.0,312.0
2509,105,2049,q1+q2+q3+q5,0.67373357,430.0,295.0
2509,105,2049,q1+q2+q3+q6,0.62102486,367.0,277.0
2509,105,2049,q1+q2+q4+q5,0.67373357,430.0,295.0
2509,105,2049,q1+q2+q4+q6,0.62102486,367.0,277.0
2509,105,2049,q1+q2+q5+q6,0.49469982,312.0,231.0
2509,105,2049,q1+q3+q4+q5,0.71584192,1388.0,923.0
2509,105,2049,q1+q3+q4+q6,0.66313321,1313.0,872.0
2509,105,2049,q1+q3+q5+q6,0.53680817,968.0,719.3333
2509,105,2049,q1+q4+q5+q6,0.53680817,2720.0,1845.0
2509,105,2049,q2+q3+q4+q5,0.84216697,968.0,490.0
2509,105,2049,q2+q3+q4+q6,0.78945826,923.0,466.0
2509,105,2049,q2+q3+q5+q6,0.66313321,804.0,401.0
2509,105,2049,q2+q4+q5+q6,0.66313321,859.0,402.0
2509,105,2049,q3+q4+q5+q6,0.70524156,2400.0,1125.0
2509,105,2049,q1+q2+q3+q4+q5,0.92638367,711.0,367.0
2509,105,2049,q1+q2+q3+q4+q6,0.87367495,536.0,336.0
2509,105,2049,q1+q2+q3+q5+q6,0.74734991,462.0,302.5
2509,105,2049,q1+q2+q4+q5+q6,0.74734991,462.0,302.5
2509,105,2049,q1+q3+q4+q5+q6,0.78945826,1470.0,938.0
2509,105,2049,q2+q3+q4+q5+q6,0.9157833,979.0,556.5
2509,105,2049,q1+q2+q3+q4+q5+q6,1.0,804.0,401.0
2509,105,2049,all,1.0,804.0,401.0
2510,105,2050,q1,0.0842167,127.0,120.0
2510,105,2050,q2,0.21054174,319.0,252.5
2510,105,2050,q3,0.25265009,1005.0,840.0
2510,105,2050,q4,0.25265009,3120.0,2100.0
2510,105,2050,q5,0.12632505,12825.0,7987.5
2510,105,2050,q6,0.07361633,68800.0,42590.5
2510,105,2050,q1+q2,0.29475844,252.0,168.0
2510,105,2050,q1+q3,0.33686679,711.0,377.0
2510,105,2050,q1+q4,0.33686679,902.0,377.0
2510,105,2050,q1+q5,0.21054174,185.0,149.75
2510,105,2050,q1+q6,0.15783303,161.0,134.0
2510,105,2050,q2+q3,0.46319183,505.0,316.75
2510,105,2050,q2+q4,0.46319183,505.0,316.75
2510,105,2050,q2+q5,0.33686679,445.0,295.0
2510,105,2050,q2+q6,0.28415808,420.0,282.5
2510,105,2050,q3+q4,0.50530018,1530.0,983.0
2510,105,2050,q3+q5,0.37897514,1350.0,923.0
2510,105,2050,q3+q6,0.32626643,1178.0,923.0
2510,105,2050,q4+q5,0.37897514,3920.0,2235.0
2510,105,2050,q4+q6,0.32626643,3454.0,2184.6667
2510,105,2050,q5+q6,0.19994138,19600.0,9245.0
2510,105,2050,q1+q2+q3,0.54740853,360.0,252.5
2510,105,2050,q1+q2+q4,0.54740853,360.0,252.5
2510,105,2050,q1+q2+q5,0.42108348,299.0,206.6667
2510,105,2050,q1+q2+q6,0.36837477,288.0,185.0
2510,105,2050,q1+q3+q4,0.58951688,1005.0,823.5
2510,105,2050,q1+q3+q5,0.46319183,923.0,641.25
2510,105,2050,q1+q3+q6,0.41048312,848.0,553.5
2510,105,2050,q1+q4+q5,0.46319183,2514.0,1742.2222
2510,105,2050,q1+q4+q6,0.41048312,2400.0,1695.0
2510,105,2050,q1+q5+q6,0.28415808,308.0,180.0
2510,105,2050,q2+q3+q4,0.71584192,810.0,445.0
2510,105,2050,q2+q3+q5,0.58951688,718.0,401.0
2510,105,2050,q2+q3+q6,0.53680817,635.0,360.5
2510,105,2050,q2+q4+q5,0.58951688,738.0,401.0
2510,105,2050,q2+q4+q6,0.53680817,635.0,360.5
2510,105,2050,q2+q5+q6,0.41048312,466.0,312.0
2510,105,2050,q3+q4+q5,0.63162523,2052.0,1052.0
2510,105,2050,q3+q4+q6,0.57891652,1780.0,1026.0
2510,105,2050,q3+q5+q6,0.45259147,1450.0,968.0
2510,105,2050,q4+q5+q6,0.45259147,4428.0,2400.0
2510,105,2050,q1+q2+q3+q4,0.80005862,505.0,317.5
2510,105,2050,q1+q2+q3+q5,0.67373357,446.0,295.0
2510,105,2050,q1+q2+q3+q6,0.62102486,420.0,288.0
2510,105,2050,q1+q2+q4+q5,0.67373357,446.0,295.0
2510,105,2050,q1+q2+q4+q6,0.62102486,420.0,288.0
2510,105,2050,q1+q2+q5+q6,0.49469982,315.0,252.0
2510,105,2050,q1+q3+q4+q5,0.71584192,1350.0,923.0
2510,105,2050,q1+q3+q4+q6,0.66313321,1178.0,898.0
2510,105,2050,q1+q3+q5+q6,0.53680817,938.0,810.0
2510,105,2050,q1+q4+q5+q6,0.53680817,2720.0,2028.75
2510,105,2050,q2+q3+q4+q5,0.84216697,923.0,553.0
2510,105,2050,q2+q3+q4+q6,0.78945826,914.0,475.0
2510,105,2050,q2+q3+q5+q6,0.66313321,804.0,422.0
2510,105,2050,q2+q4+q5+q6,0.66313321,859.0,429.5
2510,105,2050,q3+q4+q5+q6,0.70524156,2160.0,1178.0
2510,105,2050,q1+q2+q3+q4+q5,0.92638367,718.0,401.0
2510,105,2050,q1+q2+q3+q4+q6,0.87367495,635.0,360.5
2510,105,2050,q1+q2+q3+q5+q6,0.74734991,466.0,312.0
2510,105,2050,q1+q2+q4+q5+q6,0.74734991,466.0,312.0
2510,105,2050,q1+q3+q4+q5+q6,0.78945826,1450.0,949.5
2510,105,2050,q2+q3+q4+q5+q6,0.9157833,968.0,641.25
2510,105,2050,q1+q2+q3+q4+q5+q6,1.0,804.0,422.0
2510,105,2050,all,1.0,804.0,422.0
2511,105,2141,q1,0.07845065,127.0,114.0
2511,105,2141,q2,0.19612661,312.0,252.0
2511,105,2141,q3,0.23535194,1125.0,849.3333
2511,105,2141,q4,0.23535194,3180.0,2100.0
2511,105,2141,q5,0.11767597,14850.0,7987.5
2511,105,2141,q6,0.1370429,85623.0,41950.0
2511,105,2141,q1+q2,0.27457726,252.0,158.4444
2511,105,2141,q1+q3,0.31380258,711.0,377.0
2511,105,2141,q1+q4,0.31380258,902.0,377.0
2511,105,2141,q1+q5,0.19612661,186.0,146.0
2511,105,2141,q1+q6,0.21549355,200.0,149.0
2511,105,2141,q2+q3,0.43147855,466.0,312.0
2511,105,2141,q2+q4,0.43147855,466.0,312.0
2511,105,2141,q2+q5,0.31380258,422.0,282.5
2511,105,2141,q2+q6,0.33316951,441.0,290.4
2511,105,2141,q3+q4,0.47070387,1661.0,984.5
2511,105,2141,q3+q5,0.3530279,1388.0,923.0
2511,105,2141,q3+q6,0.37239484,1433.0,938.0
2511,105,2141,q4+q5,0.3530279,4240.0,2243.5
2511,105,2141,q4+q6,0.37239484,4428.0,2312.0
2511,105,2141,q5+q6,0.25471887,29500.0,11307.75
2511,105,2141,q1+q2+q3,0.5099292,319.0,252.0
2511,105,2141,q1+q2+q4,0.5099292,319.0,252.0
2511,105,2141,q1+q2+q5,0.39225323,295.0,201.5
2511,105,2141,q1+q2+q6,0.41162016,295.0,220.5
2511,105,2141,q1+q3+q4,0.54915452,1125.0,830.5
2511,105,2141,q1+q3+q5,0.43147855,923.0,641.25
2511,105,2141,q1+q3+q6,0.45084548,923.0,675.0
2511,105,2141,q1+q4+q5,0.43147855,2560.0,1785.0
2511,105,2141,q1+q4+q6,0.45084548,2600.0,1868.0
2511,105,2141,q1+q5+q6,0.33316951,9245.0,6225.0
2511,105,2141,q2+q3+q4,0.66683049,810.0,424.0
2511,105,2141,q2+q3+q5,0.54915452,711.0,367.0
2511,105,2141,q2+q3+q6,0.56852145,718.0,373.0
2511,105,2141,q2+q4+q5,0.54915452,721.0,367.0
2511,105,2141,q2+q4+q6,0.56852145,738.0,373.0
2511,105,2141,q2+q5+q6,0.45084548,480.0,315.0
2511,105,2141,q3+q4+q5,0.58837984,2100.0,1085.75
2511,105,2141,q3+q4+q6,0.60774677,2160.0,1175.0
2511,105,2141,q3+q5+q6,0.4900708,1780.0,1022.5
2511,105,2141,q4+q5+q6,0.4900708,6152.0,2520.0
2511,105,2141,q1+q2+q3+q4,0.74528113,473.0,312.0
2511,105,2141,q1+q2+q3+q5,0.62760516,438.0,288.0
2511,105,2141,q1+q2+q3+q6,0.6469721,445.0,291.5
2511,105,2141,q1+q2+q4+q5,0.62760516,438.0,288.0
2511,105,2141,q1+q2+q4+q6,0.6469721,445.0,291.5
2511,105,2141,q1+q2+q5+q6,0.52929613,346.0,252.0
2511,105,2141,q1+q3+q4+q5,0.66683049,1388.0,923.0
2511,105,2141,q1+q3+q4+q6,0.68619742,1433.0,923.0
2511,105,2141,q1+q3+q5+q6,0.56852145,1178.0,855.0
2511,105,2141,q1+q4+q5+q6,0.56852145,3640.0,2160.0
2511,105,2141,q2+q3+q4+q5,0.78450645,923.0,546.1111
2511,105,2141,q2+q3+q4+q6,0.80387339,923.0,553.0
2511,105,2141,q2+q3+q5+q6,0.68619742,848.0,430.0
2511,105,2141,q2+q4+q5+q6,0.68619742,1089.0,458.75
2511,105,2141,q3+q4+q5+q6,0.72542274,2514.0,1313.0
2511,105,2141,q1+q2+q3+q4+q5,0.8629571,711.0,367.0
2511,105,2141,q1+q2+q3+q4+q6,0.88232403,718.0,373.0
2511,105,2141,q1+q2+q3+q5+q6,0.76464806,486.0,315.0
2511,105,2141,q1+q2+q4+q5+q6,0.76464806,486.0,315.0
2511,105,2141,q1+q3+q4+q5+q6,0.80387339,1780.0,992.5
2511,105,2141,q2+q3+q4+q5+q6,0.92154935,1125.0,711.0
2511,105,2141,q1+q2+q3+q4+q5+q6,1.0,848.0,430.0
2511,105,2141,all,1.0,848.0,430.0
2512,105,2142,q1,0.07844101,127.0,117.0
2512,105,2142,q2,0.19610252,295.0,252.0
2512,105,2142,q3,0.23532302,1005.0,830.5
2512,105,2142,q4,0.23532302,2600.0,2100.0
2512,105,2142,q5,0.11766151,12600.0,7800.0
2512,105,2142,q6,0.13714891,85623.0,42590.5
2512,105,2142,q1+q2,0.27454353,252.0,160.0
2512,105,2142,q1+q3,0.31376403,711.0,377.0
2512,105,2142,q1+q4,0.31376403,902.0,377.0
2512,105,2142,q1+q5,0.19610252,186.0,146.0
2512,105,2142,q1+q6,0.21558992,200.0,152.5
2512,105,2142,q2+q3,0.43142554,475.0,301.0
2512,105,2142,q2+q4,0.43142554,475.0,301.0
2512,105,2142,q2+q5,0.31376403,403.0,288.0
2512,105,2142,q2+q6,0.33325143,422.0,293.0
2512,105,2142,q3+q4,0.47064605,1661.0,949.5
2512,105,2142,q3+q5,0.35298454,1350.0,923.0
2512,105,2142,q3+q6,0.37247194,1373.0,923.0
2512,105,2142,q4+q5,0.35298454,3920.0,2214.0
2512,105,2142,q4+q6,0.37247194,3940.0,2243.5
2512,105,2142,q5+q6,0.25481043,26605.0,11175.0
2512,105,2142,q1+q2+q3,0.50986655,315.0,252.0
2512,105,2142,q1+q2+q4,0.50986655,315.0,252.0
2512,105,2142,q1+q2+q5,0.39220504,295.0,200.0
2512,105,2142,q1+q2+q6,0.41169244,295.0,206.6667
2512,105,2142,q1+q3+q4,0.54908705,1005.0,830.5
2512,105,2142,q1+q3+q5,0.43142554,923.0,635.25
2512,105,2142,q1+q3+q6,0.45091295,923.0,645.8333
2512,105,2142,q1+q4+q5,0.43142554,2514.0,1742.2222
2512,105,2142,q1+q4+q6,0.45091295,2514.0,1845.0
2512,105,2142,q1+q5+q6,0.33325143,7800.0,6087.875
2512,105,2142,q2+q3+q4,0.66674857,848.0,424.0
2512,105,2142,q2+q3+q5,0.54908705,711.0,360.0
2512,105,2142,q2+q3+q6,0.56857446,718.0,363.0
2512,105,2142,q2+q4+q5,0.54908705,734.0,360.0
2512,105,2142,q2+q4+q6,0.56857446,755.0,363.0
2512,105,2142,q2+q5+q6,0.45091295,514.0,312.0
2512,105,2142,q3+q4+q5,0.58830756,2079.0,1050.0
2512,105,2142,q3+q4+q6,0.60779496,2100.0,1052.0
2512,105,2142,q3+q5+q6,0.49013345,1661.0,977.2667
2512,105,2142,q4+q5+q6,0.49013345,4624.0,2460.0
2512,105,2142,q1+q2+q3+q4,0.74518957,480.0,302.5
2512,105,2142,q1+q2+q3+q5,0.62752806,420.0,290.4
2512,105,2142,q1+q2+q3+q6,0.64701546,441.0,295.0
2512,105,2142,q1+q2+q4+q5,0.62752806,420.0,290.4
2512,105,2142,q1+q2+q4+q6,0.64701546,441.0,295.0
2512,105,2142,q1+q2+q5+q6,0.52935395,315.0,257.0
2512,105,2142,q1+q3+q4+q5,0.66674857,1350.0,923.0
2512,105,2142,q1+q3+q4+q6,0.68623597,1373.0,923.0
2512,105,2142,q1+q3+q5+q6,0.56857446,1050.0,830.5
2512,105,2142,q1+q4+q5+q6,0.56857446,2720.0,2160.0
2512,105,2142,q2+q3+q4+q5,0.78441008,923.0,546.1111
2512,105,2142,q2+q3+q4+q6,0.80389748,923.0,553.5
2512,105,2142,q2+q3+q5+q6,0.68623597,855.0,430.0
2512,105,2142,q2+q4+q5+q6,0.68623597,1166.0,458.75
2512,105,2142,q3+q4+q5+q6,0.72545647,2460.0,1294.0
2512,105,2142,q1+q2+q3+q4+q5,0.86285109,711.0,360.0
2512,105,2142,q1+q2+q3+q4+q6,0.88233849,718.0,363.0
2512,105,2142,q1+q2+q3+q5+q6,0.76467698,532.0,312.0
2512,105,2142,q1+q2+q4+q5+q6,0.76467698,532.0,312.0
2512,105,2142,q1+q3+q4+q5+q6,0.80389748,1661.0,968.0
2512,105,2142,q2+q3+q4+q5+q6,0.92155899,1050.0,711.0
2512,105,2142,q1+q2+q3+q4+q5+q6,1.0,855.0,430.0
2512,105,2142,all,1.0,855.0,430.0
2513,105,2143,q1,0.07844013,127.0,121.5
2513,105,2143,q2,0.19610033,319.0,252.5
2513,105,2143,q3,0.2353204,1125.0,830.5
2513,105,2143,q4,0.2353204,3040.0,2095.0
2513,105,2143,q5,0.1176602,12825.0,7800.0
2513,105,2143,q6,0.13715855,71500.0,41950.0
2513,105,2143,q1+q2,0.27454046,257.0,169.0
2513,105,2143,q1+q3,0.31376053,711.0,377.0
2513,105,2143,q1+q4,0.31376053,902.0,377.0
2513,105,2143,q1+q5,0.19610033,185.0,149.0
2513,105,2143,q1+q6,0.21559868,200.0,161.0
2513,105,2143,q2+q3,0.43142072,505.0,316.75
2513,105,2143,q2+q4,0.43142072,505.0,316.75
2513,105,2143,q2+q5,0.31376053,458.0,295.0
2513,105,2143,q2+q6,0.33325888,462.0,301.0
2513,105,2143,q3+q4,0.47064079,1661.0,968.0
2513,105,2143,q3+q5,0.35298059,1388.0,923.0
2513,105,2143,q3+q6,0.37247895,1433.0,938.0
2513,105,2143,q4+q5,0.35298059,3920.0,2235.0
2513,105,2143,q4+q6,0.37247895,3940.0,2244.0
2513,105,2143,q5+q6,0.25481875,30600.0,10631.25
2513,105,2143,q1+q2+q3,0.50986086,367.0,257.0
2513,105,2143,q1+q2+q4,0.50986086,367.0,257.0
2513,105,2143,q1+q2+q5,0.39220066,308.0,209.0
2513,105,2143,q1+q2+q6,0.41169901,312.0,221.0
2513,105,2143,q1+q3+q4,0.54908092,1125.0,810.0
2513,105,2143,q1+q3+q5,0.43142072,923.0,635.25
2513,105,2143,q1+q3+q6,0.45091908,938.0,641.25
2513,105,2143,q1+q4+q5,0.43142072,2600.0,1727.0
2513,105,2143,q1+q4+q6,0.45091908,2600.0,1742.2222
2513,105,2143,q1+q5+q6,0.33325888,7800.0,6225.0
2513,105,2143,q2+q3+q4,0.66674112,859.0,445.0
2513,105,2143,q2+q3+q5,0.54908092,770.0,396.625
2513,105,2143,q2+q3+q6,0.56857928,804.0,401.0
2513,105,2143,q2+q4+q5,0.54908092,804.0,401.0
2513,105,2143,q2+q4+q6,0.56857928,804.0,402.0
2513,105,2143,q2+q5+q6,0.45091908,536.0,327.0
2513,105,2143,q3+q4+q5,0.58830099,2160.0,1050.0
2513,105,2143,q3+q4+q6,0.60779934,2214.0,1052.0
2513,105,2143,q3+q5+q6,0.49013914,1767.0,1005.0
2513,105,2143,q4+q5+q6,0.49013914,5724.0,2520.0
2513,105,2143,q1+q2+q3+q4,0.74518125,514.0,316.75
2513,105,2143,q1+q2+q3+q5,0.62752105,458.0,295.0
2513,105,2143,q1+q2+q3+q6,0.64701941,462.0,301.0
2513,105,2143,q1+q2+q4+q5,0.62752105,458.0,295.0
2513,105,2143,q1+q2+q4+q6,0.64701941,462.0,301.0
2513,105,2143,q1+q2+q5+q6,0.52935921,369.0,262.0
2513,105,2143,q1+q3+q4+q5,0.66674112,1388.0,923.0
2513,105,2143,q1+q3+q4+q6,0.68623947,1433.0,923.0
2513,105,2143,q1+q3+q5+q6,0.56857928,1175.0,872.0
2513,105,2143,q1+q4+q5+q6,0.56857928,3120.0,2100.0
2513,105,2143,q2+q3+q4+q5,0.78440132,968.0,546.1111
2513,105,2143,q2+q3+q4+q6,0.80389967,968.0,549.0
2513,105,2143,q2+q3+q5+q6,0.68623947,907.0,458.75
2513,105,2143,q2+q4+q5+q6,0.68623947,1210.0,466.0
2513,105,2143,q3+q4+q5+q6,0.72545954,2552.0,1294.0
2513,105,2143,q1+q2+q3+q4+q5,0.86284145,770.0,396.625
2513,105,2143,q1+q2+q3+q4+q6,0.8823398,804.0,401.0
2513,105,2143,q1+q2+q3+q5+q6,0.7646796,599.0,330.5
2513,105,2143,q1+q2+q4+q5+q6,0.7646796,599.0,330.5
2513,105,2143,q1+q3+q4+q5+q6,0.80389967,1767.0,983.0
2513,105,2143,q2+q3+q4+q5+q6,0.92155987,1166.0,719.3333
2513,105,2143,q1+q2+q3+q4+q5+q6,1.0,907.0,458.75
2513,105,2143,all,1.0,907.0,458.75
2514,105,2144,q1,0.07844055,134.0,117.0
2514,105,2144,q2,0.19610137,312.0,262.0
2514,105,2144,q3,0.23532165,983.0,830.5
2514,105,2144,q4,0.23532165,3040.0,2100.0
2514,105,2144,q5,0.11766082,15345.0,9245.0
2514,105,2144,q6,0.13715396,68800.0,46440.0
2514,105,2144,q1+q2,0.27454192,257.0,169.0
2514,105,2144,q1+q3,0.3137622,711.0,377.0
2514,105,2144,q1+q4,0.3137622,902.0,377.0
2514,105,2144,q1+q5,0.19610137,189.0,146.0
2514,105,2144,q1+q6,0.21559451,200.0,152.0
2514,105,2144,q2+q3,0.43142302,458.0,317.5
2514,105,2144,q2+q4,0.43142302,458.0,317.5
2514,105,2144,q2+q5,0.3137622,403.0,293.0
2514,105,2144,q2+q6,0.33325533,422.0,295.0
2514,105,2144,q3+q4,0.47064329,1461.0,949.5
2514,105,2144,q3+q5,0.35298247,1313.0,900.0
2514,105,2144,q3+q6,0.37247561,1313.0,923.0
2514,105,2144,q4+q5,0.35298247,3920.0,2184.6667
2514,105,2144,q4+q6,0.37247561,3960.0,2214.0
2514,105,2144,q5+q6,0.25481479,29025.0,12400.0
2514,105,2144,q1+q2+q3,0.50986357,345.0,262.0
2514,105,2144,q1+q2+q4,0.50986357,345.0,262.0
2514,105,2144,q1+q2+q5,0.39220274,293.0,201.5
2514,105,2144,q1+q2+q6,0.41169588,295.0,221.5
2514,105,2144,q1+q3+q4,0.54908384,983.0,823.5
2514,105,2144,q1+q3+q5,0.43142302,855.0,596.25
2514,105,2144,q1+q3+q6,0.45091616,923.0,645.8333
2514,105,2144,q1+q4+q5,0.43142302,2400.0,1845.0
2514,105,2144,q1+q4+q6,0.45091616,2460.0,1890.0
2514,105,2144,q1+q5+q6,0.33325533,9245.0,6457.5
2514,105,2144,q2+q3+q4,0.66674467,804.0,424.0
2514,105,2144,q2+q3+q5,0.54908384,635.0,397.0
2514,105,2144,q2+q3+q6,0.56857698,654.0,402.0
2514,105,2144,q2+q4+q5,0.54908384,635.0,402.0
2514,105,2144,q2+q4+q6,0.56857698,654.0,403.0
2514,105,2144,q2+q5+q6,0.45091616,466.0,327.0
2514,105,2144,q3+q4+q5,0.58830412,2052.0,1029.5
2514,105,2144,q3+q4+q6,0.60779726,2100.0,1050.0
2514,105,2144,q3+q5+q6,0.49013643,1470.0,968.0
2514,105,2144,q4+q5+q6,0.49013643,5076.0,2470.0
2514,105,2144,q1+q2+q3+q4,0.74518521,466.0,317.5
2514,105,2144,q1+q2+q3+q5,0.62752439,422.0,293.0
2514,105,2144,q1+q2+q3+q6,0.64701753,430.0,295.0
2514,105,2144,q1+q2+q4+q5,0.62752439,422.0,293.0
2514,105,2144,q1+q2+q4+q6,0.64701753,430.0,295.0
2514,105,2144,q1+q2+q5+q6,0.52935671,346.0,262.0
2514,105,2144,q1+q3+q4+q5,0.66674467,1313.0,887.75
2514,105,2144,q1+q3+q4+q6,0.6862378,1313.0,923.0
2514,105,2144,q1+q3+q5+q6,0.56857698,983.0,840.0
2514,105,2144,q1+q4+q5+q6,0.56857698,3454.0,2100.0
2514,105,2144,q2+q3+q4+q5,0.78440549,855.0,480.0
2514,105,2144,q2+q3+q4+q6,0.80389863,886.0,490.0
2514,105,2144,q2+q3+q5+q6,0.6862378,810.0,430.0
2514,105,2144,q2+q4+q5+q6,0.6862378,979.0,466.0
2514,105,2144,q3+q4+q5+q6,0.72545808,2214.0,1300.0
2514,105,2144,q1+q2+q3+q4+q5,0.86284604,635.0,397.0
2514,105,2144,q1+q2+q3+q4+q6,0.88233918,654.0,402.0
2514,105,2144,q1+q2+q3+q5+q6,0.76467835,473.0,327.0
2514,105,2144,q1+q2+q4+q5+q6,0.76467835,473.0,327.0
2514,105,2144,q1+q3+q4+q5+q6,0.80389863,1470.0,963.75
2514,105,2144,q2+q3+q4+q5+q6,0.92155945,983.0,711.0
2514,105,2144,q1+q2+q3+q4+q5+q6,1.0,810.0,430.0
2514,105,2144,all,1.0,810.0,430.0
2515,105,2145,q1,0.0784649,126.0,103.5
2515,105,2145,q2,0.19616224,295.0,252.0
2515,105,2145,q3,0.23539469,1260.0,876.8333
2515,105,2145,q4,0.23539469,3650.0,2170.0
2515,105,2145,q5,0.11769735,15345.0,7987.5
2515,105,2145,q6,0.13688614,85623.0,40050.0
2515,105,2145,q1+q2,0.27462714,252.0,146.0
2515,105,2145,q1+q3,0.31385959,711.0,377.0
2515,105,2145,q1+q4,0.31385959,902.0,377.0
2515,105,2145,q1+q5,0.19616224,189.0,138.0
2515,105,2145,q1+q6,0.21535103,200.0,146.0
2515,105,2145,q2+q3,0.43155693,466.0,295.0
2515,105,2145,q2+q4,0.43155693,466.0,295.0
2515,105,2145,q2+q5,0.31385959,441.0,257.0
2515,105,2145,q2+q6,0.33304838,441.0,262.0
2515,105,2145,q3+q4,0.47078938,1780.0,1039.5
2515,105,2145,q3+q5,0.35309204,1450.0,955.5
2515,105,2145,q3+q6,0.37228083,1461.0,977.2667
2515,105,2145,q4+q5,0.35309204,4624.0,2394.0
2515,105,2145,q4+q6,0.37228083,4828.0,2400.0
2515,105,2145,q5+q6,0.25458348,29025.0,12217.5
2515,105,2145,q1+q2+q3,0.51002183,319.0,252.0
2515,105,2145,q1+q2+q4,0.51002183,319.0,252.0
2515,105,2145,q1+q2+q5,0.39232448,269.0,189.0
2515,105,2145,q1+q2+q6,0.41151327,288.0,198.0
2515,105,2145,q1+q3+q4,0.54925428,1260.0,855.0
2515,105,2145,q1+q3+q5,0.43155693,938.0,653.8889
2515,105,2145,q1+q3+q6,0.45074572,968.0,675.0
2515,105,2145,q1+q4+q5,0.43155693,2600.0,1890.0
2515,105,2145,q1+q4+q6,0.45074572,2720.0,1961.3333
2515,105,2145,q1+q5+q6,0.33304838,9245.0,6393.3333
2515,105,2145,q2+q3+q4,0.66695162,794.0,402.0
2515,105,2145,q2+q3+q5,0.54925428,711.0,343.75
2515,105,2145,q2+q3+q6,0.56844307,718.0,360.5
2515,105,2145,q2+q4+q5,0.54925428,734.0,343.75
2515,105,2145,q2+q4+q6,0.56844307,734.0,360.5
2515,105,2145,q2+q5+q6,0.45074572,480.0,302.5
2515,105,2145,q3+q4+q5,0.58848673,2160.0,1260.0
2515,105,2145,q3+q4+q6,0.60767552,2214.0,1260.0
2515,105,2145,q3+q5+q6,0.48997817,1796.0,1050.0
2515,105,2145,q4+q5+q6,0.48997817,6624.0,2595.0
2515,105,2145,q1+q2+q3+q4,0.74541652,473.0,295.0
2515,105,2145,q1+q2+q3+q5,0.62771917,441.0,261.0
2515,105,2145,q1+q2+q3+q6,0.64690796,446.0,268.0
2515,105,2145,q1+q2+q4+q5,0.62771917,441.0,261.0
2515,105,2145,q1+q2+q4+q6,0.64690796,446.0,268.0
2515,105,2145,q1+q2+q5+q6,0.52921062,319.0,252.0
2515,105,2145,q1+q3+q4+q5,0.66695162,1450.0,938.0
2515,105,2145,q1+q3+q4+q6,0.68614041,1461.0,968.0
2515,105,2145,q1+q3+q5+q6,0.56844307,1300.0,898.0
2515,105,2145,q1+q4+q5+q6,0.56844307,3920.0,2184.6667
2515,105,2145,q2+q3+q4+q5,0.78464897,923.0,546.1111
2515,105,2145,q2+q3+q4+q6,0.80383776,968.0,553.5
2515,105,2145,q2+q3+q5+q6,0.68614041,806.0,420.0
2515,105,2145,q2+q4+q5+q6,0.68614041,1089.0,429.5
2515,105,2145,q3+q4+q5+q6,0.72537286,2560.0,1384.0
2515,105,2145,q1+q2+q3+q4+q5,0.86311386,711.0,352.75
2515,105,2145,q1+q2+q3+q4+q6,0.88230265,718.0,360.5
2515,105,2145,q1+q2+q3+q5+q6,0.76460531,507.0,306.5
2515,105,2145,q1+q2+q4+q5+q6,0.76460531,507.0,306.5
2515,105,2145,q1+q3+q4+q5+q6,0.80383776,1796.0,1050.0
2515,105,2145,q2+q3+q4+q5+q6,0.9215351,1175.0,711.0
2515,105,2145,q1+q2+q3+q4+q5+q6,1.0,806.0,420.0
2515,105,2145,all,1.0,806.0,420.0
2516,105,2146,q1,0.07844208,123.0,114.0
2516,105,2146,q2,0.1961052,346.0,252.0
2516,105,2146,q3,0.23532624,1300.0,830.5
2516,105,2146,q4,0.23532624,3650.0,2160.0
2516,105,2146,q5,0.11766312,15542.0,7800.0
2516,105,2146,q6,0.13713714,88888.0,37210.0
2516,105,2146,q1+q2,0.27454727,257.0,161.0
2516,105,2146,q1+q3,0.31376831,711.0,377.0
2516,105,2146,q1+q4,0.31376831,902.0,377.0
2516,105,2146,q1+q5,0.1961052,192.0,139.0
2516,105,2146,q1+q6,0.21557921,218.0,146.0
2516,105,2146,q2+q3,0.43143143,635.0,315.0
2516,105,2146,q2+q4,0.43143143,635.0,315.0
2516,105,2146,q2+q5,0.31376831,462.0,288.0
2516,105,2146,q2+q6,0.33324233,466.0,295.0
2516,105,2146,q3+q4,0.47065247,1985.0,990.0
2516,105,2146,q3+q5,0.35298935,1530.0,923.0
2516,105,2146,q3+q6,0.37246337,1661.0,923.0
2516,105,2146,q4+q5,0.35298935,4428.0,2312.0
2516,105,2146,q4+q6,0.37246337,4428.0,2394.0
2516,105,2146,q5+q6,0.25480025,29025.0,11307.75
2516,105,2146,q1+q2+q3,0.50987351,377.0,252.0
2516,105,2146,q1+q2+q4,0.50987351,377.0,252.0
2516,105,2146,q1+q2+q5,0.39221039,301.0,200.0
2516,105,2146,q1+q2+q6,0.41168441,312.0,219.5
2516,105,2146,q1+q3+q4,0.54909455,1300.0,830.5
2516,105,2146,q1+q3+q5,0.43143143,923.0,641.25
2516,105,2146,q1+q3+q6,0.45090545,968.0,651.0
2516,105,2146,q1+q4+q5,0.43143143,2560.0,1868.0
2516,105,2146,q1+q4+q6,0.45090545,2600.0,1890.0
2516,105,2146,q1+q5+q6,0.33324233,9245.0,6228.75
2516,105,2146,q2+q3+q4,0.66675767,855.0,420.0
2516,105,2146,q2+q3+q5,0.54909455,760.0,370.25
2516,105,2146,q2+q3+q6,0.56856857,770.0,380.0
2516,105,2146,q2+q4+q5,0.54909455,786.0,370.25
2516,105,2146,q2+q4+q6,0.56856857,786.0,380.0
2516,105,2146,q2+q5+q6,0.45090545,718.0,319.0
2516,105,2146,q3+q4+q5,0.58831559,2385.0,1085.75
2516,105,2146,q3+q4+q6,0.60778961,2460.0,1125.0
2516,105,2146,q3+q5+q6,0.49012649,2079.0,992.5
2516,105,2146,q4+q5+q6,0.49012649,6780.0,2560.0
2516,105,2146,q1+q2+q3+q4,0.74519975,654.0,315.0
2516,105,2146,q1+q2+q3+q5,0.62753663,466.0,291.5
2516,105,2146,q1+q2+q3+q6,0.64701065,473.0,295.0
2516,105,2146,q1+q2+q4+q5,0.62753663,466.0,291.5
2516,105,2146,q1+q2+q4+q6,0.64701065,473.0,295.0
2516,105,2146,q1+q2+q5+q6,0.52934753,420.0,257.0
2516,105,2146,q1+q3+q4+q5,0.66675767,1530.0,923.0
2516,105,2146,q1+q3+q4+q6,0.68623169,1661.0,923.0
2516,105,2146,q1+q3+q5+q6,0.56856857,1350.0,855.0
2516,105,2146,q1+q4+q5+q6,0.56856857,3650.0,2170.0
2516,105,2146,q2+q3+q4+q5,0.78442079,968.0,490.0
2516,105,2146,q2+q3+q4+q6,0.8038948,983.0,546.1111
2516,105,2146,q2+q3+q5+q6,0.68623169,886.0,424.0
2516,105,2146,q2+q4+q5+q6,0.68623169,1119.0,458.0
2516,105,2146,q3+q4+q5+q6,0.72545273,2600.0,1373.0
2516,105,2146,q1+q2+q3+q4+q5,0.86286286,760.0,373.0
2516,105,2146,q1+q2+q3+q4+q6,0.88233688,786.0,380.0
2516,105,2146,q1+q2+q3+q5+q6,0.76467376,711.0,319.0
2516,105,2146,q1+q2+q4+q5+q6,0.76467376,718.0,319.0
2516,105,2146,q1+q3+q4+q5+q6,0.8038948,2079.0,992.5
2516,105,2146,q2+q3+q4+q5+q6,0.92155792,1210.0,675.0
2516,105,2146,q1+q2+q3+q4+q5+q6,1.0,886.0,424.0
2516,105,2146,all,1.0,886.0,424.0
2517,105,2147,q1,0.07844208,126.0,115.0
2517,105,2147,q2,0.1961052,288.0,252.0
2517,105,2147,q3,0.23532624,1260.0,898.0
2517,105,2147,q4,0.23532624,3640.0,2160.0
2517,105,2147,q5,0.11766312,14520.0,8606.25
2517,105,2147,q6,0.13713714,71500.0,45000.0
2517,105,2147,q1+q2,0.27454727,252.0,139.0
2517,105,2147,q1+q3,0.31376831,711.0,377.0
2517,105,2147,q1+q4,0.31376831,902.0,377.0
2517,105,2147,q1+q5,0.1961052,186.0,146.0
2517,105,2147,q1+q6,0.21557921,192.0,150.0
2517,105,2147,q2+q3,0.43143143,458.0,293.0
2517,105,2147,q2+q4,0.43143143,458.0,293.0
2517,105,2147,q2+q5,0.31376831,360.0,252.0
2517,105,2147,q2+q6,0.33324233,403.0,252.0
2517,105,2147,q3+q4,0.47065247,1530.0,1066.5
2517,105,2147,q3+q5,0.35298935,1388.0,968.0
2517,105,2147,q3+q6,0.37246337,1450.0,983.0
2517,105,2147,q4+q5,0.35298935,4428.0,2394.0
2517,105,2147,q4+q6,0.37246337,4428.0,2400.0
2517,105,2147,q5+q6,0.25480025,27675.0,12400.0
2517,105,2147,q1+q2+q3,0.50987351,301.0,252.0
2517,105,2147,q1+q2+q4,0.50987351,301.0,252.0
2517,105,2147,q1+q2+q5,0.39221039,262.0,184.0
2517,105,2147,q1+q2+q6,0.41168441,265.0,189.0
2517,105,2147,q1+q3+q4,0.54909455,1260.0,872.0
2517,105,2147,q1+q3+q5,0.43143143,923.0,651.0
2517,105,2147,q1+q3+q6,0.45090545,968.0,711.0
2517,105,2147,q1+q4+q5,0.43143143,2560.0,1890.0
2517,105,2147,q1+q4+q6,0.45090545,2600.0,2028.75
2517,105,2147,q1+q5+q6,0.33324233,9245.0,6228.75
2517,105,2147,q2+q3+q4,0.66675767,804.0,420.0
2517,105,2147,q2+q3+q5,0.54909455,536.0,319.0
2517,105,2147,q2+q3+q6,0.56856857,654.0,358.25
2517,105,2147,q2+q4+q5,0.54909455,536.0,319.0
2517,105,2147,q2+q4+q6,0.56856857,654.0,358.25
2517,105,2147,q2+q5+q6,0.45090545,458.0,295.0
2517,105,2147,q3+q4+q5,0.58831559,1863.0,1300.0
2517,105,2147,q3+q4+q6,0.60778961,2052.0,1300.0
2517,105,2147,q3+q5+q6,0.49012649,1530.0,1178.0
2517,105,2147,q4+q5+q6,0.49012649,6152.0,2595.0
2517,105,2147,q1+q2+q3+q4,0.74519975,458.0,293.0
2517,105,2147,q1+q2+q3+q5,0.62753663,403.0,252.0
2517,105,2147,q1+q2+q3+q6,0.64701065,422.0,252.0
2517,105,2147,q1+q2+q4+q5,0.62753663,403.0,252.0
2517,105,2147,q1+q2+q4+q6,0.64701065,422.0,252.0
2517,105,2147,q1+q2+q5+q6,0.52934753,312.0,252.0
2517,105,2147,q1+q3+q4+q5,0.66675767,1388.0,963.75
2517,105,2147,q1+q3+q4+q6,0.68623169,1450.0,977.2667
2517,105,2147,q1+q3+q5+q6,0.56856857,1300.0,923.0
2517,105,2147,q1+q4+q5+q6,0.56856857,3650.0,2170.0
2517,105,2147,q2+q3+q4+q5,0.78442079,923.0,490.0
2517,105,2147,q2+q3+q4+q6,0.8038948,938.0,547.5
2517,105,2147,q2+q3+q5+q6,0.68623169,810.0,424.0
2517,105,2147,q2+q4+q5+q6,0.68623169,979.0,458.0
2517,105,2147,q3+q4+q5+q6,0.72545273,2460.0,1432.5
2517,105,2147,q1+q2+q3+q4+q5,0.86286286,613.0,319.0
2517,105,2147,q1+q2+q3+q4+q6,0.88233688,661.0,358.25
2517,105,2147,q1+q2+q3+q5+q6,0.76467376,458.0,295.0
2517,105,2147,q1+q2+q4+q5+q6,0.76467376,458.0,295.0
2517,105,2147,q1+q3+q4+q5+q6,0.8038948,1530.0,1175.0
2517,105,2147,q2+q3+q4+q5+q6,0.92155792,1175.0,755.0
2517,105,2147,q1+q2+q3+q4+q5+q6,1.0,848.0,424.0
2517,105,2147,all,1.0,848.0,424.0
2518,105,2148,q1,0.07844208,134.0,115.0
2518,105,2148,q2,0.1961052,312.0,261.0
2518,105,2148,q3,0.23532624,1050.0,830.5
2518,105,2148,q4,0.23532624,3180.0,2100.0
2518,105,2148,q5,0.11766312,15542.0,8633.5
2518,105,2148,q6,0.13713714,71500.0,43194.1667
2518,105,2148,q1+q2,0.27454727,252.0,168.0
2518,105,2148,q1+q3,0.31376831,711.0,377.0
2518,105,2148,q1+q4,0.31376831,902.0,377.0
2518,105,2148,q1+q5,0.1961052,186.0,146.0
2518,105,2148,q1+q6,0.21557921,200.0,149.0
2518,105,2148,q2+q3,0.43143143,466.0,315.0
2518,105,2148,q2+q4,0.43143143,466.0,315.0
2518,105,2148,q2+q5,0.31376831,403.0,293.0
2518,105,2148,q2+q6,0.33324233,422.0,295.0
2518,105,2148,q3+q4,0.47065247,1530.0,949.5
2518,105,2148,q3+q5,0.35298935,1313.0,876.8333
2518,105,2148,q3+q6,0.37246337,1373.0,905.75
2518,105,2148,q4+q5,0.35298935,3960.0,2214.0
2518,105,2148,q4+q6,0.37246337,3960.0,2214.0
2518,105,2148,q5+q6,0.25480025,30159.0,12217.5
2518,105,2148,q1+q2+q3,0.50987351,319.0,262.0
2518,105,2148,q1+q2+q4,0.50987351,319.0,262.0
2518,105,2148,q1+q2+q5,0.39221039,293.0,206.6667
2518,105,2148,q1+q2+q6,0.41168441,295.0,221.5
2518,105,2148,q1+q3+q4,0.54909455,1050.0,823.5
2518,105,2148,q1+q3+q5,0.43143143,855.0,645.8333
2518,105,2148,q1+q3+q6,0.45090545,923.0,711.0
2518,105,2148,q1+q4+q5,0.43143143,2514.0,1868.0
2518,105,2148,q1+q4+q6,0.45090545,2514.0,1890.0
2518,105,2148,q1+q5+q6,0.33324233,9245.0,6228.75
2518,105,2148,q2+q3+q4,0.66675767,810.0,424.0
2518,105,2148,q2+q3+q5,0.54909455,661.0,393.0
2518,105,2148,q2+q3+q6,0.56856857,711.0,401.0
2518,105,2148,q2+q4+q5,0.54909455,661.0,393.0
2518,105,2148,q2+q4+q6,0.56856857,718.0,402.0
2518,105,2148,q2+q5+q6,0.45090545,473.0,318.5
2518,105,2148,q3+q4+q5,0.58831559,2100.0,1050.0
2518,105,2148,q3+q4+q6,0.60778961,2160.0,1052.0
2518,105,2148,q3+q5+q6,0.49012649,1661.0,968.0
2518,105,2148,q4+q5+q6,0.49012649,5724.0,2490.0
2518,105,2148,q1+q2+q3+q4,0.74519975,466.0,315.0
2518,105,2148,q1+q2+q3+q5,0.62753663,422.0,293.0
2518,105,2148,q1+q2+q3+q6,0.64701065,422.0,295.0
2518,105,2148,q1+q2+q4+q5,0.62753663,422.0,293.0
2518,105,2148,q1+q2+q4+q6,0.64701065,422.0,295.0
2518,105,2148,q1+q2+q5+q6,0.52934753,346.0,269.0
2518,105,2148,q1+q3+q4+q5,0.66675767,1313.0,872.0
2518,105,2148,q1+q3+q4+q6,0.68623169,1373.0,898.0
2518,105,2148,q1+q3+q5+q6,0.56856857,1125.0,840.0
2518,105,2148,q1+q4+q5+q6,0.56856857,3454.0,2121.7778
2518,105,2148,q2+q3+q4+q5,0.78442079,907.0,490.0
2518,105,2148,q2+q3+q4+q6,0.8038948,923.0,547.5
2518,105,2148,q2+q3+q5+q6,0.68623169,848.0,430.0
2518,105,2148,q2+q4+q5+q6,0.68623169,1044.0,458.75
2518,105,2148,q3+q4+q5+q6,0.72545273,2385.0,1313.0
2518,105,2148,q1+q2+q3+q4+q5,0.86286286,661.0,393.0
2518,105,2148,q1+q2+q3+q4+q6,0.88233688,711.0,401.0
2518,105,2148,q1+q2+q3+q5+q6,0.76467376,475.0,319.0
2518,105,2148,q1+q2+q4+q5+q6,0.76467376,475.0,319.0
2518,105,2148,q1+q3+q4+q5+q6,0.8038948,1661.0,968.0
2518,105,2148,q2+q3+q4+q5+q6,0.92155792,1050.0,734.0
2518,105,2148,q1+q2+q3+q4+q5+q6,1.0,848.0,430.0
2518,105,2148,all,1.0,848.0,430.0
2519,105,2149,q1,0.07844208,127.0,120.75
2519,105,2149,q2,0.1961052,312.0,252.0
2519,105,2149,q3,0.23532624,1125.0,830.5
2519,105,2149,q4,0.23532624,2720.0,2060.0
2519,105,2149,q5,0.11766312,12825.0,7793.3333
2519,105,2149,q6,0.13713714,88888.0,42519.1667
2519,105,2149,q1+q2,0.27454727,252.0,168.0
2519,105,2149,q1+q3,0.31376831,711.0,377.0
2519,105,2149,q1+q4,0.31376831,902.0,377.0
2519,105,2149,q1+q5,0.1961052,185.0,146.0
2519,105,2149,q1+q6,0.21557921,200.0,150.0
2519,105,2149,q2+q3,0.43143143,466.0,312.0
2519,105,2149,q2+q4,0.43143143,466.0,312.0
2519,105,2149,q2+q5,0.31376831,403.0,293.0
2519,105,2149,q2+q6,0.33324233,430.0,295.0
2519,105,2149,q3+q4,0.47065247,1767.0,968.0
2519,105,2149,q3+q5,0.35298935,1388.0,923.0
2519,105,2149,q3+q6,0.37246337,1450.0,938.0
2519,105,2149,q4+q5,0.35298935,3920.0,2214.0
2519,105,2149,q4+q6,0.37246337,3940.0,2235.0
2519,105,2149,q5+q6,0.25480025,30159.0,11175.0
2519,105,2149,q1+q2+q3,0.50987351,319.0,252.0
2519,105,2149,q1+q2+q4,0.50987351,319.0,252.0
2519,105,2149,q1+q2+q5,0.39221039,301.0,219.5
2519,105,2149,q1+q2+q6,0.41168441,301.0,221.0
2519,105,2149,q1+q3+q4,0.54909455,1125.0,795.0
2519,105,2149,q1+q3+q5,0.43143143,923.0,579.5
2519,105,2149,q1+q3+q6,0.45090545,968.0,641.25
2519,105,2149,q1+q4+q5,0.43143143,2560.0,1680.0
2519,105,2149,q1+q4+q6,0.45090545,2600.0,1727.0
2519,105,2149,q1+q5+q6,0.33324233,9245.0,6225.0
2519,105,2149,q2+q3+q4,0.66675767,855.0,424.0
2519,105,2149,q2+q3+q5,0.54909455,711.0,367.0
2519,105,2149,q2+q3+q6,0.56856857,721.0,367.0
2519,105,2149,q2+q4+q5,0.54909455,734.0,367.0
2519,105,2149,q2+q4+q6,0.56856857,760.0,367.0
2519,105,2149,q2+q5+q6,0.45090545,466.0,314.5
2519,105,2149,q3+q4+q5,0.58831559,2160.0,1026.0
2519,105,2149,q3+q4+q6,0.60778961,2214.0,1029.5
2519,105,2149,q3+q5+q6,0.49012649,1796.0,983.0
2519,105,2149,q4+q5+q6,0.49012649,5724.0,2514.0
2519,105,2149,q1+q2+q3+q4,0.74519975,466.0,312.0
2519,105,2149,q1+q2+q3+q5,0.62753663,430.0,295.0
2519,105,2149,q1+q2+q3+q6,0.64701065,445.0,295.0
2519,105,2149,q1+q2+q4+q5,0.62753663,430.0,295.0
2519,105,2149,q1+q2+q4+q6,0.64701065,445.0,295.0
2519,105,2149,q1+q2+q5+q6,0.52934753,346.0,261.0
2519,105,2149,q1+q3+q4+q5,0.66675767,1388.0,923.0
2519,105,2149,q1+q3+q4+q6,0.68623169,1450.0,923.0
2519,105,2149,q1+q3+q5+q6,0.56856857,1175.0,855.0
2519,105,2149,q1+q4+q5+q6,0.56856857,3040.0,2100.0
2519,105,2149,q2+q3+q4+q5,0.78442079,968.0,490.0
2519,105,2149,q2+q3+q4+q6,0.8038948,968.0,546.1111
2519,105,2149,q2+q3+q5+q6,0.68623169,870.0,429.5
2519,105,2149,q2+q4+q5+q6,0.68623169,1130.0,466.0
2519,105,2149,q3+q4+q5+q6,0.72545273,2541.0,1260.0
2519,105,2149,q1+q2+q3+q4+q5,0.86286286,711.0,367.0
2519,105,2149,q1+q2+q3+q4+q6,0.88233688,734.0,367.0
2519,105,2149,q1+q2+q3+q5+q6,0.76467376,473.0,315.0
2519,105,2149,q1+q2+q4+q5+q6,0.76467376,473.0,315.0
2519,105,2149,q1+q3+q4+q5+q6,0.8038948,1796.0,968.0
2519,105,2149,q2+q3+q4+q5+q6,0.92155792,1125.0,711.0
2519,105,2149,q1+q2+q3+q4+q5+q6,1.0,870.0,429.5
2519,105,2149,all,1.0,870.0,429.5
2520,105,2150,q1,0.07844208,127.0,120.0
2520,105,2150,q2,0.1961052,319.0,252.5
2520,105,2150,q3,0.23532624,1005.0,840.0
2520,105,2150,q4,0.23532624,3120.0,2100.0
2520,105,2150,q5,0.11766312,12825.0,7987.5
2520,105,2150,q6,0.13713714,68800.0,42590.5
2520,105,2150,q1+q2,0.27454727,252.0,168.0
2520,105,2150,q1+q3,0.31376831,711.0,377.0
2520,105,2150,q1+q4,0.31376831,902.0,377.0
2520,105,2150,q1+q5,0.1961052,185.0,149.75
2520,105,2150,q1+q6,0.21557921,200.0,161.0
2520,105,2150,q2+q3,0.43143143,505.0,316.75
2520,105,2150,q2+q4,0.43143143,505.0,316.75
2520,105,2150,q2+q5,0.31376831,445.0,295.0
2520,105,2150,q2+q6,0.33324233,458.0,295.0
2520,105,2150,q3+q4,0.47065247,1530.0,983.0
2520,105,2150,q3+q5,0.35298935,1350.0,923.0
2520,105,2150,q3+q6,0.37246337,1373.0,923.0
2520,105,2150,q4+q5,0.35298935,3920.0,2235.0
2520,105,2150,q4+q6,0.37246337,3940.0,2312.0
2520,105,2150,q5+q6,0.25480025,29025.0,11175.0
2520,105,2150,q1+q2+q3,0.50987351,360.0,252.5
2520,105,2150,q1+q2+q4,0.50987351,360.0,252.5
2520,105,2150,q1+q2+q5,0.39221039,299.0,206.6667
2520,105,2150,q1+q2+q6,0.41168441,312.0,221.25
2520,105,2150,q1+q3+q4,0.54909455,1005.0,823.5
2520,105,2150,q1+q3+q5,0.43143143,923.0,641.25
2520,105,2150,q1+q3+q6,0.45090545,923.0,675.0
2520,105,2150,q1+q4+q5,0.43143143,2514.0,1742.2222
2520,105,2150,q1+q4+q6,0.45090545,2560.0,1785.0
2520,105,2150,q1+q5+q6,0.33324233,7800.0,6228.75
2520,105,2150,q2+q3+q4,0.66675767,810.0,445.0
2520,105,2150,q2+q3+q5,0.54909455,718.0,401.0
2520,105,2150,q2+q3+q6,0.56856857,738.0,401.0
2520,105,2150,q2+q4+q5,0.54909455,738.0,401.0
2520,105,2150,q2+q4+q6,0.56856857,770.0,402.0
2520,105,2150,q2+q5+q6,0.45090545,532.0,319.0
2520,105,2150,q3+q4+q5,0.58831559,2052.0,1052.0
2520,105,2150,q3+q4+q6,0.60778961,2100.0,1085.75
2520,105,2150,q3+q5+q6,0.49012649,1651.0,1005.0
2520,105,2150,q4+q5+q6,0.49012649,5076.0,2514.0
2520,105,2150,q1+q2+q3+q4,0.74519975,505.0,317.5
2520,105,2150,q1+q2+q3+q5,0.62753663,446.0,295.0
2520,105,2150,q1+q2+q3+q6,0.64701065,458.0,295.0
2520,105,2150,q1+q2+q4+q5,0.62753663,446.0,295.0
2520,105,2150,q1+q2+q4+q6,0.64701065,458.0,295.0
2520,105,2150,q1+q2+q5+q6,0.52934753,401.0,262.0
2520,105,2150,q1+q3+q4+q5,0.66675767,1350.0,923.0
2520,105,2150,q1+q3+q4+q6,0.68623169,1373.0,923.0
2520,105,2150,q1+q3+q5+q6,0.56856857,1050.0,855.0
2520,105,2150,q1+q4+q5+q6,0.56856857,3120.0,2110.0
2520,105,2150,q2+q3+q4+q5,0.78442079,923.0,553.0
2520,105,2150,q2+q3+q4+q6,0.8038948,923.0,553.5
2520,105,2150,q2+q3+q5+q6,0.68623169,848.0,458.75
2520,105,2150,q2+q4+q5+q6,0.68623169,1106.0,466.0
2520,105,2150,q3+q4+q5+q6,0.72545273,2400.0,1300.0
2520,105,2150,q1+q2+q3+q4+q5,0.86286286,718.0,401.0
2520,105,2150,q1+q2+q3+q4+q6,0.88233688,738.0,401.0
2520,105,2150,q1+q2+q3+q5+q6,0.76467376,532.0,327.0
2520,105,2150,q1+q2+q4+q5+q6,0.76467376,532.0,327.0
2520,105,2150,q1+q3+q4+q5+q6,0.8038948,1651.0,1005.0
2520,105,2150,q2+q3+q4+q5+q6,0.92155792,1045.0,765.6667
2520,105,2150,q1+q2+q3+q4+q5+q6,1.0,848.0,458.75
2520,105,2150,all,1.0,848.0,458.75
2601,106,2051,q1,0.01030928,134.0,117.0
2601,106,2051,q2,0.10309278,319.0,262.0
2601,106,2051,q3,0.20618557,938.0,855.0
2601,106,2051,q4,0.24742268,3180.0,2100.0
2601,106,2051,q5,0.22680412,13332.0,8622.5
2601,106,2051,q6,0.20618557,68400.0,45000.0
2601,106,2051,q1+q2,0.11340206,312.0,239.3333
2601,106,2051,q1+q3,0.21649485,923.0,810.0
2601,106,2051,q1+q4,0.25773196,3120.0,2090.0
2601,106,2051,q1+q5,0.2371134,12825.0,8602.0
2601,106,2051,q1+q6,0.21649485,68100.0,43126.6667
2601,106,2051,q2+q3,0.30927835,711.0,396.625
2601,106,2051,q2+q4,0.35051546,914.0,430.0
2601,106,2051,q2+q5,0.32989691,794.0,403.0
2601,106,2051,q2+q6,0.30927835,734.0,401.0
2601,106,2051,q3+q4,0.45360825,1661.0,973.25
2601,106,2051,q3+q5,0.43298969,1530.0,968.0
2601,106,2051,q3+q6,0.41237113,1461.0,968.0
2601,106,2051,q4+q5,0.4742268,5724.0,2451.5556
2601,106,2051,q4+q6,0.45360825,5160.0,2400.0
2601,106,2051,q5+q6,0.43298969,24435.0,10631.25
2601,106,2051,q1+q2+q3,0.31958763,635.0,363.0
2601,106,2051,q1+q2+q4,0.36082474,760.0,402.0
2601,106,2051,q1+q2+q5,0.34020619,718.0,380.0
2601,106,2051,q1+q2+q6,0.31958763,635.0,363.0
2601,106,2051,q1+q3+q4,0.46391753,1470.0,968.0
2601,106,2051,q1+q3+q5,0.44329897,1450.0,962.75
2601,106,2051,q1+q3+q6,0.42268041,1388.0,938.0
2601,106,2051,q1+q4+q5,0.48453608,5076.0,2400.0
2601,106,2051,q1+q4+q6,0.46391753,5040.0,2394.0
2601,106,2051,q1+q5+q6,0.44329897,21840.0,10057.0
2601,106,2051,q2+q3+q4,0.55670103,938.0,774.0
2601,106,2051,q2+q3+q5,0.53608247,923.0,719.3333
2601,106,2051,q2+q3+q6,0.51546392,923.0,675.0
2601,106,2051,q2+q4+q5,0.57731959,2720.0,1890.0
2601,106,2051,q2+q4+q6,0.55670103,2600.0,1785.0
2601,106,2051,q2+q5+q6,0.53608247,12600.0,7256.25
2601,106,2051,q3+q4+q5,0.68041237,2460.0,1313.0
2601,106,2051,q3+q4+q6,0.65979381,2400.0,1300.0
2601,106,2051,q3+q5+q6,0.63917526,2700.0,1294.0
2601,106,2051,q4+q5+q6,0.68041237,8680.0,2862.0
2601,106,2051,q1+q2+q3+q4,0.56701031,923.0,711.0
2601,106,2051,q1+q2+q3+q5,0.54639175,923.0,651.0
2601,106,2051,q1+q2+q3+q6,0.5257732,923.0,635.25
2601,106,2051,q1+q2+q4+q5,0.58762887,2560.0,1742.2222
2601,106,2051,q1+q2+q4+q6,0.56701031,2514.0,1727.0
2601,106,2051,q1+q2+q5+q6,0.54639175,12400.0,6918.75
2601,106,2051,q1+q3+q4+q5,0.69072165,2385.0,1294.0
2601,106,2051,q1+q3+q4+q6,0.67010309,2318.0,1260.0
2601,106,2051,q1+q3+q5+q6,0.64948454,2552.0,1260.0
2601,106,2051,q1+q4+q5+q6,0.69072165,8240.0,2720.0
2601,106,2051,q2+q3+q4+q5,0.78350515,1433.0,923.0
2601,106,2051,q2+q3+q4+q6,0.7628866,1373.0,923.0
2601,106,2051,q2+q3+q5+q6,0.74226804,1346.0,923.0
2601,106,2051,q2+q4+q5+q6,0.78350515,4428.0,2214.0
2601,106,2051,q3+q4+q5+q6,0.88659794,3120.0,1680.0
2601,106,2051,q1+q2+q3+q4+q5,0.79381443,1350.0,923.0
2601,106,2051,q1+q2+q3+q4+q6,0.77319588,1313.0,923.0
2601,106,2051,q1+q2+q3+q5+q6,0.75257732,1300.0,923.0
2601,106,2051,q1+q2+q4+q5+q6,0.79381443,4240.0,2184.6667
2601,106,2051,q1+q3+q4+q5+q6,0.89690722,3040.0,1655.0
2601,106,2051,q2+q3+q4+q5+q6,0.98969072,2100.0,1125.0
2601,106,2051,q1+q2+q3+q4+q5+q6,1.0,2100.0,1050.0
2601,106,2051,all,1.0,2100.0,1050.0
4401,104,2031,q1,0.08081539,127.0,114.0
4401,104,2031,q2,0.18183462,312.0,252.0
4401,104,2031,q3,0.34346539,1125.0,849.3333
4401,104,2031,q4,0.24244616,3180.0,2100.0
4401,104,2031,q5,0.10101923,14850.0,7987.5
4401,104,2031,q6,0.05041921,85623.0,41950.0
4401,104,2031,q1+q2,0.26265001,252.0,149.0
4401,104,2031,q1+q3,0.42428078,855.0,553.5
4401,104,2031,q1+q4,0.32326155,902.0,377.0
4401,104,2031,q1+q5,0.18183462,170.0,138.0
4401,104,2031,q1+q6,0.1312346,146.0,123.5
4401,104,2031,q2+q3,0.52530001,711.0,373.0
4401,104,2031,q2+q4,0.42428078,480.0,315.0
4401,104,2031,q2+q5,0.28285385,420.0,277.0
4401,104,2031,q2+q6,0.23225383,346.0,261.0
4401,104,2031,q3+q4,0.58591155,1461.0,949.5
4401,104,2031,q3+q5,0.44448462,1313.0,905.75
4401,104,2031,q3+q6,0.3938846,1260.0,872.0
4401,104,2031,q4+q5,0.34346539,3940.0,2214.0
4401,104,2031,q4+q6,0.29286537,3650.0,2170.0
4401,104,2031,q5+q6,0.15143844,19600.0,9245.0
4401,104,2031,q1+q2+q3,0.6061154,430.0,277.0
4401,104,2031,q1+q2+q4,0.50509616,338.0,252.0
4401,104,2031,q1+q2+q5,0.36366924,288.0,186.0
4401,104,2031,q1+q2+q6,0.31306922,262.0,173.0
4401,104,2031,q1+q3+q4,0.66672694,1125.0,830.5
4401,104,2031,q1+q3+q5,0.52530001,923.0,675.0
4401,104,2031,q1+q3+q6,0.47469999,923.0,641.25
4401,104,2031,q1+q4+q5,0.42428078,2514.0,1727.0
4401,104,2031,q1+q4+q6,0.37368076,2400.0,1635.0
4401,104,2031,q1+q5+q6,0.23225383,207.0,160.0
4401,104,2031,q2+q3+q4,0.76774617,923.0,549.0
4401,104,2031,q2+q3+q5,0.62631924,806.0,424.0
4401,104,2031,q2+q3+q6,0.57571922,755.0,401.0
4401,104,2031,q2+q4+q5,0.52530001,738.0,373.0
4401,104,2031,q2+q4+q6,0.47469999,619.0,343.75
4401,104,2031,q2+q5+q6,0.33327306,458.0,295.0
4401,104,2031,q3+q4+q5,0.68693078,1661.0,990.0
4401,104,2031,q3+q4+q6,0.63633076,1530.0,968.0
4401,104,2031,q3+q5+q6,0.49490384,1373.0,923.0
4401,104,2031,q4+q5+q6,0.3938846,4428.0,2360.0
4401,104,2031,q1+q2+q3+q4,0.84856156,711.0,373.0
4401,104,2031,q1+q2+q3+q5,0.70713463,466.0,312.0
4401,104,2031,q1+q2+q3+q6,0.65653461,458.0,295.0
4401,104,2031,q1+q2+q4+q5,0.6061154,430.0,277.0
4401,104,2031,q1+q2+q4+q6,0.55551538,377.0,262.0
4401,104,2031,q1+q2+q5+q6,0.41408845,295.0,220.5
4401,104,2031,q1+q3+q4+q5,0.76774617,1313.0,898.0
4401,104,2031,q1+q3+q4+q6,0.71714615,1260.0,855.0
4401,104,2031,q1+q3+q5+q6,0.57571922,968.0,719.3333
4401,104,2031,q1+q4+q5+q6,0.47469999,2600.0,1890.0
4401,104,2031,q2+q3+q4+q5,0.8687654,968.0,641.25
4401,104,2031,q2+q3+q4+q6,0.81816538,923.0,579.5
4401,104,2031,q2+q3+q5+q6,0.67673845,855.0,458.75
4401,104,2031,q2+q4+q5+q6,0.57571922,804.0,402.0
4401,104,2031,q3+q4+q5+q6,0.73734999,1796.0,1022.5
4401,104,2031,q1+q2+q3+q4+q5,0.94958079,806.0,424.0
4401,104,2031,q1+q2+q3+q4+q6,0.89898077,760.0,401.0
4401,104,2031,q1+q2+q3+q5+q6,0.75755384,514.0,317.5
4401,104,2031,q1+q2+q4+q5+q6,0.65653461,458.0,295.0
4401,104,2031,q1+q3+q4+q5+q6,0.81816538,1373.0,923.0
4401,104,2031,q2+q3+q4+q5+q6,0.91918461,1005.0,711.0
4401,104,2031,q1+q2+q3+q4+q5+q6,1.0,855.0,458.75
4401,104,2031,all,1.0,855.0,458.75
4402,104,2032,q1,0.08081173,127.0,117.0
4402,104,2032,q2,0.1818264,295.0,252.0
4402,104,2032,q3,0.34344987,1005.0,830.5
4402,104,2032,q4,0.2424352,2600.0,2100.0
4402,104,2032,q5,0.10101467,12600.0,7800.0
4402,104,2032,q6,0.05046213,85623.0,42590.5
4402,104,2032,q1+q2,0.26263813,252.0,152.5
4402,104,2032,q1+q3,0.4242616,855.0,553.5
4402,104,2032,q1+q4,0.32324693,902.0,377.0
4402,104,2032,q1+q5,0.1818264,169.0,146.0
4402,104,2032,q1+q6,0.13127387,146.0,125.0
4402,104,2032,q2+q3,0.52527627,711.0,360.5
4402,104,2032,q2+q4,0.4242616,532.0,312.0
4402,104,2032,q2+q5,0.28284107,367.0,288.0
4402,104,2032,q2+q6,0.23228853,315.0,269.0
4402,104,2032,q3+q4,0.58588507,1450.0,923.0
4402,104,2032,q3+q5,0.44446453,1178.0,898.0
4402,104,2032,q3+q6,0.393912,1125.0,855.0
4402,104,2032,q4+q5,0.34344987,3650.0,2214.0
4402,104,2032,q4+q6,0.29289733,3120.0,2207.5
4402,104,2032,q5+q6,0.1514768,15542.0,9245.0
4402,104,2032,q1+q2+q3,0.606088,420.0,288.0
4402,104,2032,q1+q2+q4,0.50507333,315.0,252.0
4402,104,2032,q1+q2+q5,0.3636528,288.0,184.5
4402,104,2032,q1+q2+q6,0.31310027,269.0,173.0
4402,104,2032,q1+q3+q4,0.6666968,1005.0,830.5
4402,104,2032,q1+q3+q5,0.52527627,923.0,645.8333
4402,104,2032,q1+q3+q6,0.47472373,923.0,579.5
4402,104,2032,q1+q4+q5,0.4242616,2460.0,1727.0
4402,104,2032,q1+q4+q6,0.37370907,2400.0,1656.375
4402,104,2032,q1+q5+q6,0.23228853,207.0,161.0
4402,104,2032,q2+q3+q4,0.76771147,923.0,549.0
4402,104,2032,q2+q3+q5,0.62629093,810.0,424.0
4402,104,2032,q2+q3+q6,0.5757384,738.0,401.0
4402,104,2032,q2+q4+q5,0.52527627,738.0,360.5
4402,104,2032,q2+q4+q6,0.47472373,708.0,317.5
4402,104,2032,q2+q5+q6,0.3333032,446.0,295.0
4402,104,2032,q3+q4+q5,0.68689973,1661.0,955.5
4402,104,2032,q3+q4+q6,0.6363472,1470.0,923.0
4402,104,2032,q3+q5+q6,0.49492667,1313.0,923.0
4402,104,2032,q4+q5+q6,0.393912,3960.0,2244.0
4402,104,2032,q1+q2+q3+q4,0.8485232,711.0,360.5
4402,104,2032,q1+q2+q3+q5,0.70710267,473.0,295.0
4402,104,2032,q1+q2+q3+q6,0.65655013,458.0,295.0
4402,104,2032,q1+q2+q4+q5,0.606088,420.0,288.0
4402,104,2032,q1+q2+q4+q6,0.55553547,346.0,269.0
4402,104,2032,q1+q2+q5+q6,0.41411493,295.0,206.6667
4402,104,2032,q1+q3+q4+q5,0.76771147,1178.0,887.75
4402,104,2032,q1+q3+q4+q6,0.71715893,1125.0,849.3333
4402,104,2032,q1+q3+q5+q6,0.5757384,923.0,711.0
4402,104,2032,q1+q4+q5+q6,0.47472373,2514.0,1845.0
4402,104,2032,q2+q3+q4+q5,0.86872613,923.0,635.25
4402,104,2032,q2+q3+q4+q6,0.8181736,923.0,553.5
4402,104,2032,q2+q3+q5+q6,0.67675307,859.0,458.75
4402,104,2032,q2+q4+q5+q6,0.5757384,859.0,402.0
4402,104,2032,q3+q4+q5+q6,0.73736187,1661.0,983.0
4402,104,2032,q1+q2+q3+q4+q5,0.94953787,810.0,424.0
4402,104,2032,q1+q2+q3+q4+q6,0.89898533,755.0,401.0
4402,104,2032,q1+q2+q3+q5+q6,0.7575648,532.0,315.0
4402,104,2032,q1+q2+q4+q5+q6,0.65655013,458.0,295.0
4402,104,2032,q1+q3+q4+q5+q6,0.8181736,1313.0,923.0
4402,104,2032,q2+q3+q4+q5+q6,0.91918827,968.0,653.8889
4402,104,2032,q1+q2+q3+q4+q5+q6,1.0,859.0,458.75
4402,104,2032,all,1.0,859.0,458.75
4403,104,2033,q1,0.0808114,127.0,121.5
4403,104,2033,q2,0.18182565,319.0,252.5
4403,104,2033,q3,0.34344846,1125.0,830.5
4403,104,2033,q4,0.2424342,3040.0,2095.0
4403,104,2033,q5,0.10101425,12825.0,7800.0
4403,104,2033,q6,0.05046603,71500.0,41950.0
4403,104,2033,q1+q2,0.26263705,252.0,161.0
4403,104,2033,q1+q3,0.42425986,902.0,547.5
4403,104,2033,q1+q4,0.32324561,902.0,377.0
4403,104,2033,q1+q5,0.18182565,178.0,139.0
4403,104,2033,q1+q6,0.13127744,146.0,126.0
4403,104,2033,q2+q3,0.52527411,794.0,396.625
4403,104,2033,q2+q4,0.42425986,613.0,330.5
4403,104,2033,q2+q5,0.2828399,445.0,295.0
4403,104,2033,q2+q6,0.23229169,401.0,282.5
4403,104,2033,q3+q4,0.58588266,1470.0,938.0
4403,104,2033,q3+q5,0.44446271,1350.0,923.0
4403,104,2033,q3+q6,0.39391449,1260.0,876.8333
4403,104,2033,q4+q5,0.34344846,3650.0,2214.0
4403,104,2033,q4+q6,0.29290024,3180.0,2160.0
4403,104,2033,q5+q6,0.15148029,19600.0,8726.6667
4403,104,2033,q1+q2+q3,0.60608551,458.0,295.0
4403,104,2033,q1+q2+q4,0.50507126,367.0,257.0
4403,104,2033,q1+q2+q5,0.36365131,295.0,200.0
4403,104,2033,q1+q2+q6,0.31310309,277.0,178.0
4403,104,2033,q1+q3+q4,0.66669406,1125.0,810.0
4403,104,2033,q1+q3+q5,0.52527411,938.0,641.25
4403,104,2033,q1+q3+q6,0.47472589,923.0,556.5
4403,104,2033,q1+q4+q5,0.42425986,2560.0,1680.0
4403,104,2033,q1+q4+q6,0.37371164,2400.0,1469.0
4403,104,2033,q1+q5+q6,0.23229169,207.0,168.0
4403,104,2033,q2+q3+q4,0.76770831,923.0,546.1111
4403,104,2033,q2+q3+q5,0.62628836,848.0,429.5
4403,104,2033,q2+q3+q6,0.57574014,810.0,403.0
4403,104,2033,q2+q4+q5,0.52527411,804.0,402.0
4403,104,2033,q2+q4+q6,0.47472589,734.0,367.0
4403,104,2033,q2+q5+q6,0.33330594,466.0,306.5
4403,104,2033,q3+q4+q5,0.68689691,1661.0,973.25
4403,104,2033,q3+q4+q6,0.63634869,1470.0,968.0
4403,104,2033,q3+q5+q6,0.49492874,1388.0,923.0
4403,104,2033,q4+q5+q6,0.39391449,3940.0,2312.0
4403,104,2033,q1+q2+q3+q4,0.84851971,794.0,396.625
4403,104,2033,q1+q2+q3+q5,0.70709976,505.0,314.5
4403,104,2033,q1+q2+q3+q6,0.65655154,466.0,306.5
4403,104,2033,q1+q2+q4+q5,0.60608551,458.0,295.0
4403,104,2033,q1+q2+q4+q6,0.55553729,420.0,282.5
4403,104,2033,q1+q2+q5+q6,0.41411734,312.0,221.5
4403,104,2033,q1+q3+q4+q5,0.76770831,1350.0,898.0
4403,104,2033,q1+q3+q4+q6,0.7171601,1260.0,855.0
4403,104,2033,q1+q3+q5+q6,0.57574014,968.0,711.0
4403,104,2033,q1+q4+q5+q6,0.47472589,2600.0,1757.0
4403,104,2033,q2+q3+q4+q5,0.86872256,983.0,635.25
4403,104,2033,q2+q3+q4+q6,0.81817435,968.0,553.5
4403,104,2033,q2+q3+q5+q6,0.67675439,914.0,466.0
4403,104,2033,q2+q4+q5+q6,0.57574014,914.0,429.5
4403,104,2033,q3+q4+q5+q6,0.73736295,1796.0,1005.0
4403,104,2033,q1+q2+q3+q4+q5,0.94953397,848.0,429.5
4403,104,2033,q1+q2+q3+q4+q6,0.89898575,810.0,403.0
4403,104,2033,q1+q2+q3+q5+q6,0.7575658,619.0,352.75
4403,104,2033,q1+q2+q4+q5+q6,0.65655154,466.0,306.5
4403,104,2033,q1+q3+q4+q5+q6,0.81817435,1388.0,923.0
4403,104,2033,q2+q3+q4+q5+q6,0.9191886,1044.0,711.0
4403,104,2033,q1+q2+q3+q4+q5+q6,1.0,914.0,466.0
4403,104,2033,all,1.0,914.0,466.0
4404,104,2034,q1,0.08081156,134.0,117.0
4404,104,2034,q2,0.18182601,312.0,262.0
4404,104,2034,q3,0.34344913,983.0,830.5
4404,104,2034,q4,0.24243468,3040.0,2100.0
4404,104,2034,q5,0.10101445,15345.0,9245.0
4404,104,2034,q6,0.05046418,68800.0,46440.0
4404,104,2034,q1+q2,0.26263757,252.0,160.0
4404,104,2034,q1+q3,0.42426069,855.0,546.1111
4404,104,2034,q1+q4,0.32324624,902.0,377.0
4404,104,2034,q1+q5,0.18182601,178.0,143.0
4404,104,2034,q1+q6,0.13127574,146.0,126.75
4404,104,2034,q2+q3,0.52527514,654.0,402.0
4404,104,2034,q2+q4,0.42426069,466.0,327.0
4404,104,2034,q2+q5,0.28284046,403.0,293.0
4404,104,2034,q2+q6,0.23229019,346.0,277.0
4404,104,2034,q3+q4,0.58588381,1350.0,923.0
4404,104,2034,q3+q5,0.44446358,1125.0,855.0
4404,104,2034,q3+q6,0.3939133,1050.0,855.0
4404,104,2034,q4+q5,0.34344913,3920.0,2160.0
4404,104,2034,q4+q6,0.29289885,3650.0,2160.0
4404,104,2034,q5+q6,0.15147863,16200.0,10057.0
4404,104,2034,q1+q2+q3,0.6060867,422.0,293.0
4404,104,2034,q1+q2+q4,0.50507225,346.0,262.0
4404,104,2034,q1+q2+q5,0.36365202,288.0,192.0
4404,104,2034,q1+q2+q6,0.31310174,269.0,173.0
4404,104,2034,q1+q3+q4,0.66669537,983.0,823.5
4404,104,2034,q1+q3+q5,0.52527514,923.0,645.8333
4404,104,2034,q1+q3+q6,0.47472486,855.0,573.0
4404,104,2034,q1+q4+q5,0.42426069,2160.0,1740.0
4404,104,2034,q1+q4+q6,0.37371041,2100.0,1673.5
4404,104,2034,q1+q5+q6,0.23229019,207.0,161.0
4404,104,2034,q2+q3+q4,0.76770981,855.0,490.0
4404,104,2034,q2+q3+q5,0.62628959,804.0,424.0
4404,104,2034,q2+q3+q6,0.57573931,718.0,422.0
4404,104,2034,q2+q4+q5,0.52527514,654.0,403.0
4404,104,2034,q2+q4+q6,0.47472486,480.0,360.5
4404,104,2034,q2+q5+q6,0.33330463,430.0,301.0
4404,104,2034,q3+q4+q5,0.68689826,1461.0,949.5
4404,104,2034,q3+q4+q6,0.63634798,1388.0,938.0
4404,104,2034,q3+q5+q6,0.49492775,1300.0,876.8333
4404,104,2034,q4+q5+q6,0.3939133,3960.0,2214.0
4404,104,2034,q1+q2+q3+q4,0.84852137,654.0,402.0
4404,104,2034,q1+q2+q3+q5,0.70710115,458.0,315.0
4404,104,2034,q1+q2+q3+q6,0.65655087,441.0,301.0
4404,104,2034,q1+q2+q4+q5,0.6060867,422.0,293.0
4404,104,2034,q1+q2+q4+q6,0.55553642,367.0,277.0
4404,104,2034,q1+q2+q5+q6,0.41411619,295.0,221.5
4404,104,2034,q1+q3+q4+q5,0.76770981,1125.0,855.0
4404,104,2034,q1+q3+q4+q6,0.71715954,1050.0,855.0
4404,104,2034,q1+q3+q5+q6,0.57573931,923.0,770.75
4404,104,2034,q1+q4+q5+q6,0.47472486,2514.0,1890.0
4404,104,2034,q2+q3+q4+q5,0.86872426,923.0,596.25
4404,104,2034,q2+q3+q4+q6,0.81817399,907.0,547.5
4404,104,2034,q2+q3+q5+q6,0.67675376,848.0,458.0
4404,104,2034,q2+q4+q5+q6,0.57573931,760.0,429.5
4404,104,2034,q3+q4+q5+q6,0.73736243,1661.0,983.0
4404,104,2034,q1+q2+q3+q4+q5,0.94953582,804.0,424.0
4404,104,2034,q1+q2+q3+q4+q6,0.89898555,718.0,422.0
4404,104,2034,q1+q2+q3+q5+q6,0.75756532,475.0,330.5
4404,104,2034,q1+q2+q4+q5+q6,0.65655087,441.0,301.0
4404,104,2034,q1+q3+q4+q5+q6,0.81817399,1300.0,872.0
4404,104,2034,q2+q3+q4+q5+q6,0.91918844,938.0,675.0
4404,104,2034,q1+q2+q3+q4+q5+q6,1.0,848.0,458.0
4404,104,2034,all,1.0,848.0,458.0
4405,104,2035,q1,0.08082079,126.0,103.5
4405,104,2035,q2,0.18184677,295.0,252.0
4405,104,2035,q3,0.34348834,1260.0,876.8333
4405,104,2035,q4,0.24246236,3650.0,2170.0
4405,104,2035,q5,0.10102598,15345.0,7987.5
4405,104,2035,q6,0.05035575,85623.0,40050.0
4405,104,2035,q1+q2,0.26266756,252.0,137.0
4405,104,2035,q1+q3,0.42430913,855.0,579.5
4405,104,2035,q1+q4,0.32328315,902.0,377.0
4405,104,2035,q1+q5,0.18184677,170.0,134.0
4405,104,2035,q1+q6,0.13117654,146.0,123.0
4405,104,2035,q2+q3,0.52533512,711.0,360.5
4405,104,2035,q2+q4,0.42430913,514.0,311.5
4405,104,2035,q2+q5,0.28287275,422.0,257.0
4405,104,2035,q2+q6,0.23220252,319.0,252.0
4405,104,2035,q3+q4,0.58595071,1530.0,990.0
4405,104,2035,q3+q5,0.44451433,1350.0,923.0
4405,104,2035,q3+q6,0.3938441,1300.0,905.75
4405,104,2035,q4+q5,0.34348834,4428.0,2312.0
4405,104,2035,q4+q6,0.29281811,3960.0,2214.0
4405,104,2035,q5+q6,0.15138174,21840.0,9245.0
4405,104,2035,q1+q2+q3,0.6061559,441.0,257.0
4405,104,2035,q1+q2+q4,0.50512992,319.0,252.0
4405,104,2035,q1+q2+q5,0.36369354,262.0,183.5
4405,104,2035,q1+q2+q6,0.31302331,252.0,158.4444
4405,104,2035,q1+q3+q4,0.66677149,1260.0,872.0
4405,104,2035,q1+q3+q5,0.52533512,968.0,675.0
4405,104,2035,q1+q3+q6,0.47466488,923.0,641.25
4405,104,2035,q1+q4+q5,0.42430913,2560.0,1868.0
4405,104,2035,q1+q4+q6,0.3736389,2460.0,1673.5
4405,104,2035,q1+q5+q6,0.23220252,209.0,149.0
4405,104,2035,q2+q3+q4,0.76779748,923.0,553.0
4405,104,2035,q2+q3+q5,0.6263611,786.0,402.0
4405,104,2035,q2+q3+q6,0.57569087,734.0,380.0
4405,104,2035,q2+q4+q5,0.52533512,734.0,360.5
4405,104,2035,q2+q4+q6,0.47466488,619.0,319.0
4405,104,2035,q2+q5+q6,0.33322851,458.0,269.0
4405,104,2035,q3+q4+q5,0.68697669,1780.0,1039.5
4405,104,2035,q3+q4+q6,0.63630646,1661.0,1005.0
4405,104,2035,q3+q5+q6,0.49487008,1450.0,938.0
4405,104,2035,q4+q5+q6,0.3938441,4828.0,2460.0
4405,104,2035,q1+q2+q3+q4,0.84861826,711.0,360.5
4405,104,2035,q1+q2+q3+q5,0.70718189,466.0,295.0
4405,104,2035,q1+q2+q3+q6,0.65651166,458.0,269.0
4405,104,2035,q1+q2+q4+q5,0.6061559,441.0,257.0
4405,104,2035,q1+q2+q4+q6,0.55548567,360.0,252.0
4405,104,2035,q1+q2+q5+q6,0.41404929,293.0,200.0
4405,104,2035,q1+q3+q4+q5,0.76779748,1350.0,923.0
4405,104,2035,q1+q3+q4+q6,0.71712725,1300.0,898.0
4405,104,2035,q1+q3+q5+q6,0.57569087,1050.0,711.0
4405,104,2035,q1+q4+q5+q6,0.47466488,3040.0,2049.3333
4405,104,2035,q2+q3+q4+q5,0.86882346,1050.0,651.0
4405,104,2035,q2+q3+q4+q6,0.81815323,968.0,596.25
4405,104,2035,q2+q3+q5+q6,0.67671685,848.0,444.0
4405,104,2035,q2+q4+q5+q6,0.57569087,794.0,380.0
4405,104,2035,q3+q4+q5+q6,0.73733244,1863.0,1052.0
4405,104,2035,q1+q2+q3+q4+q5,0.94964425,794.0,402.0
4405,104,2035,q1+q2+q3+q4+q6,0.89897402,734.0,380.0
4405,104,2035,q1+q2+q3+q5+q6,0.75753764,514.0,312.0
4405,104,2035,q1+q2+q4+q5+q6,0.65651166,458.0,269.0
4405,104,2035,q1+q3+q4+q5+q6,0.81815323,1450.0,938.0
4405,104,2035,q2+q3+q4+q5+q6,0.91917921,1119.0,711.0
4405,104,2035,q1+q2+q3+q4+q5+q6,1.0,848.0,444.0
4405,104,2035,all,1.0,848.0,444.0
4406,104,2036,q1,0.08081214,123.0,114.0
4406,104,2036,q2,0.18182731,346.0,252.0
4406,104,2036,q3,0.34345159,1300.0,830.5
4406,104,2036,q4,0.24243642,3650.0,2160.0
4406,104,2036,q5,0.10101517,15542.0,7800.0
4406,104,2036,q6,0.05045736,88888.0,37210.0
4406,104,2036,q1+q2,0.26263945,252.0,152.5
4406,104,2036,q1+q3,0.42426373,923.0,553.5
4406,104,2036,q1+q4,0.32324856,902.0,377.0
4406,104,2036,q1+q5,0.18182731,184.0,137.0
4406,104,2036,q1+q6,0.1312695,146.0,123.0
4406,104,2036,q2+q3,0.52527891,760.0,380.0
4406,104,2036,q2+q4,0.42426373,721.0,319.0
4406,104,2036,q2+q5,0.28284249,458.0,288.0
4406,104,2036,q2+q6,0.23228468,441.0,268.0
4406,104,2036,q3+q4,0.58588801,1780.0,938.0
4406,104,2036,q3+q5,0.44446677,1450.0,898.0
4406,104,2036,q3+q6,0.39390896,1373.0,887.75
4406,104,2036,q4+q5,0.34345159,4240.0,2235.0
4406,104,2036,q4+q6,0.29289378,3780.0,2214.0
4406,104,2036,q5+q6,0.15147254,24435.0,9245.0
4406,104,2036,q1+q2+q3,0.60609104,462.0,288.0
4406,104,2036,q1+q2+q4,0.50507587,386.0,252.0
4406,104,2036,q1+q2+q5,0.36365463,295.0,184.5
4406,104,2036,q1+q2+q6,0.31309682,277.0,173.0
4406,104,2036,q1+q3+q4,0.66670015,1300.0,830.5
4406,104,2036,q1+q3+q5,0.52527891,968.0,651.0
4406,104,2036,q1+q3+q6,0.47472109,923.0,641.25
4406,104,2036,q1+q4+q5,0.42426373,2514.0,1785.0
4406,104,2036,q1+q4+q6,0.37370592,2400.0,1680.0
4406,104,2036,q1+q5+q6,0.23228468,221.0,152.0
4406,104,2036,q2+q3+q4,0.76771532,938.0,546.1111
4406,104,2036,q2+q3+q5,0.62629408,848.0,422.0
4406,104,2036,q2+q3+q6,0.57573627,804.0,396.625
4406,104,2036,q2+q4+q5,0.52527891,786.0,380.0
4406,104,2036,q2+q4+q6,0.47472109,738.0,360.5
4406,104,2036,q2+q5+q6,0.33329985,480.0,295.0
4406,104,2036,q3+q4+q5,0.68690318,1985.0,990.0
4406,104,2036,q3+q4+q6,0.63634537,1796.0,968.0
4406,104,2036,q3+q5+q6,0.49492413,1470.0,923.0
4406,104,2036,q4+q5+q6,0.39390896,4624.0,2400.0
4406,104,2036,q1+q2+q3+q4,0.84852746,760.0,380.0
4406,104,2036,q1+q2+q3+q5,0.70710622,599.0,312.0
4406,104,2036,q1+q2+q3+q6,0.65654841,505.0,295.0
4406,104,2036,q1+q2+q4+q5,0.60609104,462.0,288.0
4406,104,2036,q1+q2+q4+q6,0.55553323,441.0,268.0
4406,104,2036,q1+q2+q5+q6,0.41411199,312.0,219.5
4406,104,2036,q1+q3+q4+q5,0.76771532,1450.0,898.0
4406,104,2036,q1+q3+q4+q6,0.71715751,1373.0,872.0
4406,104,2036,q1+q3+q5+q6,0.57573627,1050.0,711.0
4406,104,2036,q1+q4+q5+q6,0.47472109,2600.0,1939.5
4406,104,2036,q2+q3+q4+q5,0.8687305,1050.0,641.25
4406,104,2036,q2+q3+q4+q6,0.81817269,983.0,556.5
4406,104,2036,q2+q3+q5+q6,0.67675144,907.0,444.0
4406,104,2036,q2+q4+q5+q6,0.57573627,878.0,397.0
4406,104,2036,q3+q4+q5+q6,0.73736055,2079.0,1005.0
4406,104,2036,q1+q2+q3+q4+q5,0.94954264,848.0,422.0
4406,104,2036,q1+q2+q3+q4+q6,0.89898483,804.0,396.625
4406,104,2036,q1+q2+q3+q5+q6,0.75756358,711.0,336.0
4406,104,2036,q1+q2+q4+q5+q6,0.65654841,505.0,295.0
4406,104,2036,q1+q3+q4+q5+q6,0.81817269,1470.0,923.0
4406,104,2036,q2+q3+q4+q5+q6,0.91918786,1125.0,675.0
4406,104,2036,q1+q2+q3+q4+q5+q6,1.0,907.0,444.0
4406,104,2036,all,1.0,907.0,444.0
4407,104,2037,q1,0.08081214,126.0,115.0
4407,104,2037,q2,0.18182731,288.0,252.0
4407,104,2037,q3,0.34345159,1260.0,898.0
4407,104,2037,q4,0.24243642,3640.0,2160.0
4407,104,2037,q5,0.10101517,14520.0,8606.25
4407,104,2037,q6,0.05045736,71500.0,45000.0
4407,104,2037,q1+q2,0.26263945,252.0,137.0
4407,104,2037,q1+q3,0.42426373,923.0,553.5
4407,104,2037,q1+q4,0.32324856,902.0,377.0
4407,104,2037,q1+q5,0.18182731,178.0,138.0
4407,104,2037,q1+q6,0.1312695,146.0,124.0
4407,104,2037,q2+q3,0.52527891,635.0,352.75
4407,104,2037,q2+q4,0.42426373,458.0,295.0
4407,104,2037,q2+q5,0.28284249,346.0,252.0
4407,104,2037,q2+q6,0.23228468,301.0,252.0
4407,104,2037,q3+q4,0.58588801,1450.0,1005.0
4407,104,2037,q3+q5,0.44446677,1300.0,923.0
4407,104,2037,q3+q6,0.39390896,1300.0,923.0
4407,104,2037,q4+q5,0.34345159,4240.0,2312.0
4407,104,2037,q4+q6,0.29289378,3940.0,2214.0
4407,104,2037,q5+q6,0.15147254,16200.0,9900.0
4407,104,2037,q1+q2+q3,0.60609104,401.0,252.0
4407,104,2037,q1+q2+q4,0.50507587,308.0,252.0
4407,104,2037,q1+q2+q5,0.36365463,252.0,173.0
4407,104,2037,q1+q2+q6,0.31309682,252.0,152.0
4407,104,2037,q1+q3+q4,0.66670015,1260.0,876.8333
4407,104,2037,q1+q3+q5,0.52527891,968.0,711.0
4407,104,2037,q1+q3+q6,0.47472109,923.0,641.25
4407,104,2037,q1+q4+q5,0.42426373,2514.0,1785.0
4407,104,2037,q1+q4+q6,0.37370592,2400.0,1680.0
4407,104,2037,q1+q5+q6,0.23228468,205.0,160.0
4407,104,2037,q2+q3+q4,0.76771532,923.0,546.1111
4407,104,2037,q2+q3+q5,0.62629408,804.0,422.0
4407,104,2037,q2+q3+q6,0.57573627,718.0,396.625
4407,104,2037,q2+q4+q5,0.52527891,635.0,352.75
4407,104,2037,q2+q4+q6,0.47472109,475.0,312.0
4407,104,2037,q2+q5+q6,0.33329985,430.0,262.0
4407,104,2037,q3+q4+q5,0.68690318,1530.0,1085.75
4407,104,2037,q3+q4+q6,0.63634537,1470.0,1039.5
4407,104,2037,q3+q5+q6,0.49492413,1373.0,962.75
4407,104,2037,q4+q5+q6,0.39390896,4624.0,2460.0
4407,104,2037,q1+q2+q3+q4,0.84852746,661.0,352.75
4407,104,2037,q1+q2+q3+q5,0.70710622,458.0,288.0
4407,104,2037,q1+q2+q3+q6,0.65654841,446.0,262.0
4407,104,2037,q1+q2+q4+q5,0.60609104,401.0,252.0
4407,104,2037,q1+q2+q4+q6,0.55553323,341.0,252.0
4407,104,2037,q1+q2+q5+q6,0.41411199,269.0,192.0
4407,104,2037,q1+q3+q4+q5,0.76771532,1300.0,923.0
4407,104,2037,q1+q3+q4+q6,0.71715751,1300.0,923.0
4407,104,2037,q1+q3+q5+q6,0.57573627,1050.0,810.0
4407,104,2037,q1+q4+q5+q6,0.47472109,2600.0,2049.3333
4407,104,2037,q2+q3+q4+q5,0.8687305,983.0,651.0
4407,104,2037,q2+q3+q4+q6,0.81817269,938.0,573.0
4407,104,2037,q2+q3+q5+q6,0.67675144,848.0,445.0
4407,104,2037,q2+q4+q5+q6,0.57573627,770.0,397.0
4407,104,2037,q3+q4+q5+q6,0.73736055,1530.0,1178.0
4407,104,2037,q1+q2+q3+q4+q5,0.94954264,804.0,422.0
4407,104,2037,q1+q2+q3+q4+q6,0.89898483,721.0,396.625
4407,104,2037,q1+q2+q3+q5+q6,0.75756358,466.0,295.0
4407,104,2037,q1+q2+q4+q5+q6,0.65654841,446.0,262.0
4407,104,2037,q1+q3+q4+q5+q6,0.81817269,1373.0,949.5
4407,104,2037,q2+q3+q4+q5+q6,0.91918786,1106.0,711.0
4407,104,2037,q1+q2+q3+q4+q5+q6,1.0,855.0,445.0
4407,104,2037,all,1.0,855.0,445.0
4408,104,2038,q1,0.08081214,134.0,115.0
4408,104,2038,q2,0.18182731,312.0,261.0
4408,104,2038,q3,0.34345159,1050.0,830.5
4408,104,2038,q4,0.24243642,3180.0,2100.0
4408,104,2038,q5,0.10101517,15542.0,8633.5
4408,104,2038,q6,0.05045736,71500.0,43194.1667
4408,104,2038,q1+q2,0.26263945,252.0,158.4444
4408,104,2038,q1+q3,0.42426373,855.0,553.5
4408,104,2038,q1+q4,0.32324856,902.0,377.0
4408,104,2038,q1+q5,0.18182731,169.0,139.0
4408,104,2038,q1+q6,0.1312695,146.0,124.0
4408,104,2038,q2+q3,0.52527891,711.0,396.625
4408,104,2038,q2+q4,0.42426373,475.0,319.0
4408,104,2038,q2+q5,0.28284249,403.0,293.0
4408,104,2038,q2+q6,0.23228468,319.0,277.0
4408,104,2038,q3+q4,0.58588801,1433.0,923.0
4408,104,2038,q3+q5,0.44446677,1300.0,855.0
4408,104,2038,q3+q6,0.39390896,1175.0,855.0
4408,104,2038,q4+q5,0.34345159,3920.0,2207.5
4408,104,2038,q4+q6,0.29289378,3650.0,2160.0
4408,104,2038,q5+q6,0.15147254,16200.0,10057.0
4408,104,2038,q1+q2+q3,0.60609104,420.0,293.0
4408,104,2038,q1+q2+q4,0.50507587,331.0,262.0
4408,104,2038,q1+q2+q5,0.36365463,288.0,192.0
4408,104,2038,q1+q2+q6,0.31309682,276.0,173.0
4408,104,2038,q1+q3+q4,0.66670015,1050.0,823.5
4408,104,2038,q1+q3+q5,0.52527891,923.0,711.0
4408,104,2038,q1+q3+q6,0.47472109,855.0,635.25
4408,104,2038,q1+q4+q5,0.42426373,2460.0,1742.2222
4408,104,2038,q1+q4+q6,0.37370592,2160.0,1680.0
4408,104,2038,q1+q5+q6,0.23228468,207.0,157.5
4408,104,2038,q2+q3+q4,0.76771532,855.0,546.1111
4408,104,2038,q2+q3+q5,0.62629408,806.0,424.0
4408,104,2038,q2+q3+q6,0.57573627,738.0,403.0
4408,104,2038,q2+q4+q5,0.52527891,718.0,402.0
4408,104,2038,q2+q4+q6,0.47472109,613.0,360.0
4408,104,2038,q2+q5+q6,0.33329985,441.0,295.0
4408,104,2038,q3+q4+q5,0.68690318,1530.0,949.5
4408,104,2038,q3+q4+q6,0.63634537,1461.0,923.0
4408,104,2038,q3+q5+q6,0.49492413,1313.0,855.0
4408,104,2038,q4+q5+q6,0.39390896,4240.0,2243.5
4408,104,2038,q1+q2+q3+q4,0.84852746,711.0,396.625
4408,104,2038,q1+q2+q3+q5,0.70710622,466.0,312.0
4408,104,2038,q1+q2+q3+q6,0.65654841,445.0,295.0
4408,104,2038,q1+q2+q4+q5,0.60609104,420.0,293.0
4408,104,2038,q1+q2+q4+q6,0.55553323,384.0,277.0
4408,104,2038,q1+q2+q5+q6,0.41411199,295.0,221.5
4408,104,2038,q1+q3+q4+q5,0.76771532,1300.0,855.0
4408,104,2038,q1+q3+q4+q6,0.71715751,1175.0,840.0
4408,104,2038,q1+q3+q5+q6,0.57573627,923.0,770.75
4408,104,2038,q1+q4+q5+q6,0.47472109,2560.0,1890.0
4408,104,2038,q2+q3+q4+q5,0.8687305,923.0,641.25
4408,104,2038,q2+q3+q4+q6,0.81817269,923.0,579.5
4408,104,2038,q2+q3+q5+q6,0.67675144,855.0,458.0
4408,104,2038,q2+q4+q5+q6,0.57573627,804.0,422.0
4408,104,2038,q3+q4+q5+q6,0.73736055,1767.0,983.0
4408,104,2038,q1+q2+q3+q4+q5,0.94954264,810.0,424.0
4408,104,2038,q1+q2+q3+q4+q6,0.89898483,755.0,403.0
4408,104,2038,q1+q2+q3+q5+q6,0.75756358,480.0,327.0
4408,104,2038,q1+q2+q4+q5+q6,0.65654841,445.0,295.0
4408,104,2038,q1+q3+q4+q5+q6,0.81817269,1313.0,855.0
4408,104,2038,q2+q3+q4+q5+q6,0.91918786,968.0,711.0
4408,104,2038,q1+q2+q3+q4+q5+q6,1.0,855.0,458.0
4408,104,2038,all,1.0,855.0,458.0
4409,104,2039,q1,0.08081214,127.0,120.75
4409,104,2039,q2,0.18182731,312.0,252.0
4409,104,2039,q3,0.34345159,1125.0,830.5
4409,104,2039,q4,0.24243642,2720.0,2060.0
4409,104,2039,q5,0.10101517,12825.0,7793.3333
4409,104,2039,q6,0.05045736,88888.0,42519.1667
4409,104,2039,q1+q2,0.26263945,252.0,158.4444
4409,104,2039,q1+q3,0.42426373,923.0,549.0
4409,104,2039,q1+q4,0.32324856,902.0,377.0
4409,104,2039,q1+q5,0.18182731,170.0,138.0
4409,104,2039,q1+q6,0.1312695,146.0,125.0
4409,104,2039,q2+q3,0.52527891,711.0,367.0
4409,104,2039,q2+q4,0.42426373,473.0,315.0
4409,104,2039,q2+q5,0.28284249,401.0,293.0
4409,104,2039,q2+q6,0.23228468,346.0,269.0
4409,104,2039,q3+q4,0.58588801,1470.0,938.0
4409,104,2039,q3+q5,0.44446677,1350.0,923.0
4409,104,2039,q3+q6,0.39390896,1260.0,887.75
4409,104,2039,q4+q5,0.34345159,3650.0,2214.0
4409,104,2039,q4+q6,0.29289378,3180.0,2160.0
4409,104,2039,q5+q6,0.15147254,19600.0,9030.0
4409,104,2039,q1+q2+q3,0.60609104,422.0,293.0
4409,104,2039,q1+q2+q4,0.50507587,340.0,252.0
4409,104,2039,q1+q2+q5,0.36365463,295.0,192.5
4409,104,2039,q1+q2+q6,0.31309682,276.0,177.0
4409,104,2039,q1+q3+q4,0.66670015,1125.0,810.0
4409,104,2039,q1+q3+q5,0.52527891,968.0,641.25
4409,104,2039,q1+q3+q6,0.47472109,923.0,556.5
4409,104,2039,q1+q4+q5,0.42426373,2514.0,1655.0
4409,104,2039,q1+q4+q6,0.37370592,2400.0,1469.0
4409,104,2039,q1+q5+q6,0.23228468,218.0,160.0
4409,104,2039,q2+q3+q4,0.76771532,923.0,546.1111
4409,104,2039,q2+q3+q5,0.62629408,848.0,424.0
4409,104,2039,q2+q3+q6,0.57573627,804.0,396.625
4409,104,2039,q2+q4+q5,0.52527891,755.0,367.0
4409,104,2039,q2+q4+q6,0.47472109,619.0,352.75
4409,104,2039,q2+q5+q6,0.33329985,458.0,301.0
4409,104,2039,q3+q4+q5,0.68690318,1767.0,968.0
4409,104,2039,q3+q4+q6,0.63634537,1530.0,963.75
4409,104,2039,q3+q5+q6,0.49492413,1373.0,923.0
4409,104,2039,q4+q5+q6,0.39390896,3960.0,2244.0
4409,104,2039,q1+q2+q3+q4,0.84852746,718.0,367.0
4409,104,2039,q1+q2+q3+q5,0.70710622,466.0,312.0
4409,104,2039,q1+q2+q3+q6,0.65654841,458.0,301.0
4409,104,2039,q1+q2+q4+q5,0.60609104,422.0,293.0
4409,104,2039,q1+q2+q4+q6,0.55553323,367.0,269.0
4409,104,2039,q1+q2+q5+q6,0.41411199,301.0,221.0
4409,104,2039,q1+q3+q4+q5,0.76771532,1350.0,898.0
4409,104,2039,q1+q3+q4+q6,0.71715751,1260.0,849.3333
4409,104,2039,q1+q3+q5+q6,0.57573627,968.0,711.0
4409,104,2039,q1+q4+q5+q6,0.47472109,2600.0,1740.0
4409,104,2039,q2+q3+q4+q5,0.8687305,968.0,596.25
4409,104,2039,q2+q3+q4+q6,0.81817269,968.0,553.5
4409,104,2039,q2+q3+q5+q6,0.67675144,878.0,458.0
4409,104,2039,q2+q4+q5+q6,0.57573627,859.0,402.0
4409,104,2039,q3+q4+q5+q6,0.73736055,1985.0,968.0
4409,104,2039,q1+q2+q3+q4+q5,0.94954264,848.0,424.0
4409,104,2039,q1+q2+q3+q4+q6,0.89898483,804.0,396.625
4409,104,2039,q1+q2+q3+q5+q6,0.75756358,483.0,316.75
4409,104,2039,q1+q2+q4+q5+q6,0.65654841,458.0,301.0
4409,104,2039,q1+q3+q4+q5+q6,0.81817269,1373.0,923.0
4409,104,2039,q2+q3+q4+q5+q6,0.91918786,983.0,651.0
4409,104,2039,q1+q2+q3+q4+q5+q6,1.0,878.0,458.0
4409,104,2039,all,1.0,878.0,458.0
4410,104,2040,q1,0.08081214,127.0,120.0
4410,104,2040,q2,0.18182731,319.0,252.5
4410,104,2040,q3,0.34345159,1005.0,840.0
4410,104,2040,q4,0.24243642,3120.0,2100.0
4410,104,2040,q5,0.10101517,12825.0,7987.5
4410,104,2040,q6,0.05045736,68800.0,42590.5
4410,104,2040,q1+q2,0.26263945,252.0,161.0
4410,104,2040,q1+q3,0.42426373,848.0,553.5
4410,104,2040,q1+q4,0.32324856,902.0,377.0
4410,104,2040,q1+q5,0.18182731,170.0,146.0
4410,104,2040,q1+q6,0.1312695,146.0,126.0
4410,104,2040,q2+q3,0.52527891,718.0,401.0
4410,104,2040,q2+q4,0.42426373,532.0,330.5
4410,104,2040,q2+q5,0.28284249,445.0,295.0
4410,104,2040,q2+q6,0.23228468,401.0,269.0
4410,104,2040,q3+q4,0.58588801,1388.0,938.0
4410,104,2040,q3+q5,0.44446677,1178.0,923.0
4410,104,2040,q3+q6,0.39390896,1125.0,876.8333
4410,104,2040,q4+q5,0.34345159,3780.0,2214.0
4410,104,2040,q4+q6,0.29289378,3180.0,2160.0
4410,104,2040,q5+q6,0.15147254,16200.0,9245.0
4410,104,2040,q1+q2+q3,0.60609104,445.0,295.0
4410,104,2040,q1+q2+q4,0.50507587,360.0,252.5
4410,104,2040,q1+q2+q5,0.36365463,295.0,192.5
4410,104,2040,q1+q2+q6,0.31309682,269.0,178.0
4410,104,2040,q1+q3+q4,0.66670015,1005.0,830.5
4410,104,2040,q1+q3+q5,0.52527891,923.0,675.0
4410,104,2040,q1+q3+q6,0.47472109,923.0,635.25
4410,104,2040,q1+q4+q5,0.42426373,2514.0,1727.0
4410,104,2040,q1+q4+q6,0.37370592,2400.0,1655.0
4410,104,2040,q1+q5+q6,0.23228468,200.0,168.0
4410,104,2040,q2+q3+q4,0.76771532,923.0,553.5
4410,104,2040,q2+q3+q5,0.62629408,810.0,445.0
4410,104,2040,q2+q3+q6,0.57573627,804.0,420.0
4410,104,2040,q2+q4+q5,0.52527891,760.0,402.0
4410,104,2040,q2+q4+q6,0.47472109,661.0,367.0
4410,104,2040,q2+q5+q6,0.33329985,462.0,306.5
4410,104,2040,q3+q4+q5,0.68690318,1530.0,984.5
4410,104,2040,q3+q4+q6,0.63634537,1461.0,968.0
4410,104,2040,q3+q5+q6,0.49492413,1300.0,923.0
4410,104,2040,q4+q5+q6,0.39390896,3940.0,2360.0
4410,104,2040,q1+q2+q3+q4,0.84852746,721.0,401.0
4410,104,2040,q1+q2+q3+q5,0.70710622,505.0,315.0
4410,104,2040,q1+q2+q3+q6,0.65654841,466.0,306.5
4410,104,2040,q1+q2+q4+q5,0.60609104,445.0,295.0
4410,104,2040,q1+q2+q4+q6,0.55553323,414.0,277.0
4410,104,2040,q1+q2+q5+q6,0.41411199,312.0,221.5
4410,104,2040,q1+q3+q4+q5,0.76771532,1178.0,905.75
4410,104,2040,q1+q3+q4+q6,0.71715751,1125.0,855.0
4410,104,2040,q1+q3+q5+q6,0.57573627,923.0,774.0
4410,104,2040,q1+q4+q5+q6,0.47472109,2600.0,1845.0
4410,104,2040,q2+q3+q4+q5,0.8687305,938.0,645.8333
4410,104,2040,q2+q3+q4+q6,0.81817269,923.0,619.0
4410,104,2040,q2+q3+q5+q6,0.67675144,848.0,466.0
4410,104,2040,q2+q4+q5+q6,0.57573627,870.0,430.0
4410,104,2040,q3+q4+q5+q6,0.73736055,1661.0,1005.0
4410,104,2040,q1+q2+q3+q4+q5,0.94954264,810.0,445.0
4410,104,2040,q1+q2+q3+q4+q6,0.89898483,804.0,420.0
4410,104,2040,q1+q2+q3+q5+q6,0.75756358,613.0,336.5
4410,104,2040,q1+q2+q4+q5+q6,0.65654841,466.0,306.5
4410,104,2040,q1+q3+q4+q5+q6,0.81817269,1300.0,923.0
4410,104,2040,q2+q3+q4+q5+q6,0.91918786,983.0,711.0
4410,104,2040,q1+q2+q3+q4+q5+q6,1.0,848.0,466.0
4410,104,2040,all,1.0,848.0,466.0
4501,105,2041,q1,0.08422163,127.0,114.0
4501,105,2041,q2,0.21055408,312.0,252.0
4501,105,2041,q3,0.2526649,1125.0,849.3333
4501,105,2041,q4,0.2526649,3180.0,2100.0
4501,105,2041,q5,0.12633245,14850.0,7987.5
4501,105,2041,q6,0.07356203,85623.0,41950.0
4501,105,2041,q1+q2,0.29477572,252.0,158.4444
4501,105,2041,q1+q3,0.33688654,711.0,377.0
4501,105,2041,q1+q4,0.33688654,902.0,377.0
4501,105,2041,q1+q5,0.21055408,186.0,146.0
4501,105,2041,q1+q6,0.15778366,150.0,127.0
4501,105,2041,q2+q3,0.46321899,466.0,312.0
4501,105,2041,q2+q4,0.46321899,466.0,312.0
4501,105,2041,q2+q5,0.33688654,422.0,282.5
4501,105,2041,q2+q6,0.28411611,367.0,262.0
4501,105,2041,q3+q4,0.5053298,1661.0,984.5
4501,105,2041,q3+q5,0.37899735,1388.0,923.0
4501,105,2041,q3+q6,0.32622693,1300.0,905.75
4501,105,2041,q4+q5,0.37899735,4240.0,2243.5
4501,105,2041,q4+q6,0.32622693,3780.0,2214.0
4501,105,2041,q5+q6,0.19989448,21201.0,9450.0
4501,105,2041,q1+q2+q3,0.54744062,319.0,252.0
4501,105,2041,q1+q2+q4,0.54744062,319.0,252.0
4501,105,2041,q1+q2+q5,0.42110817,295.0,201.5
4501,105,2041,q1+q2+q6,0.36833775,276.0,184.0
4501,105,2041,q1+q3+q4,0.58955144,1125.0,830.5
4501,105,2041,q1+q3+q5,0.46321899,923.0,641.25
4501,105,2041,q1+q3+q6,0.41044856,855.0,553.5
4501,105,2041,q1+q4+q5,0.46321899,2560.0,1785.0
4501,105,2041,q1+q4+q6,0.41044856,2460.0,1680.0
4501,105,2041,q1+q5+q6,0.28411611,315.0,180.0
4501,105,2041,q2+q3+q4,0.71588389,810.0,424.0
4501,105,2041,q2+q3+q5,0.58955144,711.0,367.0
4501,105,2041,q2+q3+q6,0.53678101,613.0,327.0
4501,105,2041,q2+q4+q5,0.58955144,721.0,367.0
4501,105,2041,q2+q4+q6,0.53678101,613.0,327.0
4501,105,2041,q2+q5+q6,0.41044856,458.0,295.0
4501,105,2041,q3+q4+q5,0.63166225,2100.0,1085.75
4501,105,2041,q3+q4+q6,0.57889183,2045.0,1039.5
4501,105,2041,q3+q5+q6,0.45255938,1470.0,968.0
4501,105,2041,q4+q5+q6,0.45255938,4828.0,2401.0
4501,105,2041,q1+q2+q3+q4,0.80010552,473.0,312.0
4501,105,2041,q1+q2+q3+q5,0.67377307,438.0,288.0
4501,105,2041,q1+q2+q3+q6,0.62100265,401.0,268.0
4501,105,2041,q1+q2+q4+q5,0.67377307,438.0,288.0
4501,105,2041,q1+q2+q4+q6,0.62100265,401.0,268.0
4501,105,2041,q1+q2+q5+q6,0.4946702,312.0,231.0
4501,105,2041,q1+q3+q4+q5,0.71588389,1388.0,923.0
4501,105,2041,q1+q3+q4+q6,0.66311346,1300.0,898.0
4501,105,2041,q1+q3+q5+q6,0.53678101,983.0,774.0
4501,105,2041,q1+q4+q5+q6,0.53678101,2720.0,2049.3333
4501,105,2041,q2+q3+q4+q5,0.84221634,923.0,546.1111
4501,105,2041,q2+q3+q4+q6,0.78944592,886.0,466.0
4501,105,2041,q2+q3+q5+q6,0.66311346,770.0,402.0
4501,105,2041,q2+q4+q5+q6,0.66311346,804.0,402.0
4501,105,2041,q3+q4+q5+q6,0.70522428,2322.0,1260.0
4501,105,2041,q1+q2+q3+q4+q5,0.92643797,711.0,367.0
4501,105,2041,q1+q2+q3+q4+q6,0.87366755,613.0,330.5
4501,105,2041,q1+q2+q3+q5+q6,0.7473351,458.0,301.0
4501,105,2041,q1+q2+q4+q5+q6,0.7473351,458.0,301.0
4501,105,2041,q1+q3+q4+q5+q6,0.78944592,1470.0,963.75
4501,105,2041,q2+q3+q4+q5+q6,0.91577837,983.0,635.25
4501,105,2041,q1+q2+q3+q4+q5+q6,1.0,786.0,402.0
4501,105,2041,all,1.0,786.0,402.0
4502,105,2042,q1,0.08421608,127.0,117.0
4502,105,2042,q2,0.2105402,295.0,252.0
4502,105,2042,q3,0.25264824,1005.0,830.5
4502,105,2042,q4,0.25264824,2600.0,2100.0
4502,105,2042,q5,0.12632412,12600.0,7800.0
4502,105,2042,q6,0.07362312,85623.0,42590.5
4502,105,2042,q1+q2,0.29475628,252.0,160.0
4502,105,2042,q1+q3,0.33686432,711.0,377.0
4502,105,2042,q1+q4,0.33686432,902.0,377.0
4502,105,2042,q1+q5,0.2105402,186.0,146.0
4502,105,2042,q1+q6,0.1578392,156.0,134.0
4502,105,2042,q2+q3,0.46318844,475.0,301.0
4502,105,2042,q2+q4,0.46318844,475.0,301.0
4502,105,2042,q2+q5,0.33686432,403.0,288.0
4502,105,2042,q2+q6,0.28416332,315.0,269.0
4502,105,2042,q3+q4,0.50529648,1661.0,949.5
4502,105,2042,q3+q5,0.37897236,1350.0,923.0
4502,105,2042,q3+q6,0.32627136,1178.0,898.0
4502,105,2042,q4+q5,0.37897236,3920.0,2214.0
4502,105,2042,q4+q6,0.32627136,3454.0,2214.0
4502,105,2042,q5+q6,0.19994724,16200.0,9245.0
4502,105,2042,q1+q2+q3,0.54740452,315.0,252.0
4502,105,2042,q1+q2+q4,0.54740452,315.0,252.0
4502,105,2042,q1+q2+q5,0.4210804,295.0,200.0
4502,105,2042,q1+q2+q6,0.3683794,288.0,183.5
4502,105,2042,q1+q3+q4,0.58951256,1005.0,830.5
4502,105,2042,q1+q3+q5,0.46318844,923.0,635.25
4502,105,2042,q1+q3+q6,0.41048744,855.0,553.5
4502,105,2042,q1+q4+q5,0.46318844,2514.0,1742.2222
4502,105,2042,q1+q4+q6,0.41048744,2460.0,1695.0
4502,105,2042,q1+q5+q6,0.28416332,305.0,184.0
4502,105,2042,q2+q3+q4,0.71583668,848.0,424.0
4502,105,2042,q2+q3+q5,0.58951256,711.0,360.0
4502,105,2042,q2+q3+q6,0.53681156,635.0,315.0
4502,105,2042,q2+q4+q5,0.58951256,734.0,360.0
4502,105,2042,q2+q4+q6,0.53681156,635.0,315.0
4502,105,2042,q2+q5+q6,0.41048744,458.0,295.0
4502,105,2042,q3+q4+q5,0.6316206,2079.0,1050.0
4502,105,2042,q3+q4+q6,0.5789196,1780.0,1022.5
4502,105,2042,q3+q5+q6,0.45259548,1461.0,923.0
4502,105,2042,q4+q5+q6,0.45259548,4428.0,2400.0
4502,105,2042,q1+q2+q3+q4,0.80005276,480.0,302.5
4502,105,2042,q1+q2+q3+q5,0.67372864,420.0,290.4
4502,105,2042,q1+q2+q3+q6,0.62102764,360.0,277.0
4502,105,2042,q1+q2+q4+q5,0.67372864,420.0,290.4
4502,105,2042,q1+q2+q4+q6,0.62102764,360.0,277.0
4502,105,2042,q1+q2+q5+q6,0.49470352,295.0,226.75
4502,105,2042,q1+q3+q4+q5,0.71583668,1350.0,923.0
4502,105,2042,q1+q3+q4+q6,0.66313568,1178.0,887.75
4502,105,2042,q1+q3+q5+q6,0.53681156,923.0,711.0
4502,105,2042,q1+q4+q5+q6,0.53681156,2560.0,2028.75
4502,105,2042,q2+q3+q4+q5,0.8421608,923.0,546.1111
4502,105,2042,q2+q3+q4+q6,0.7894598,923.0,466.0
4502,105,2042,q2+q3+q5+q6,0.66313568,770.0,402.0
4502,105,2042,q2+q4+q5+q6,0.66313568,859.0,402.0
4502,105,2042,q3+q4+q5+q6,0.70524372,2214.0,1178.0
4502,105,2042,q1+q2+q3+q4+q5,0.92637688,711.0,360.0
4502,105,2042,q1+q2+q3+q4+q6,0.87367588,635.0,315.0
4502,105,2042,q1+q2+q3+q5+q6,0.74735176,462.0,295.0
4502,105,2042,q1+q2+q4+q5+q6,0.74735176,462.0,295.0
4502,105,2042,q1+q3+q4+q5+q6,0.7894598,1461.0,923.0
4502,105,2042,q2+q3+q4+q5+q6,0.91578392,938.0,579.5
4502,105,2042,q1+q2+q3+q4+q5+q6,1.0,786.0,402.0
4502,105,2042,all,1.0,786.0,402.0
4503,105,2043,q1,0.08421557,127.0,121.5
4503,105,2043,q2,0.21053894,319.0,252.5
4503,105,2043,q3,0.25264672,1125.0,830.5
4503,105,2043,q4,0.25264672,3040.0,2095.0
4503,105,2043,q5,0.12632336,12825.0,7800.0
4503,105,2043,q6,0.07362868,71500.0,41950.0
4503,105,2043,q1+q2,0.29475451,257.0,169.0
4503,105,2043,q1+q3,0.3368623,711.0,377.0
4503,105,2043,q1+q4,0.3368623,902.0,377.0
4503,105,2043,q1+q5,0.21053894,185.0,149.0
4503,105,2043,q1+q6,0.15784425,161.0,135.0
4503,105,2043,q2+q3,0.46318566,505.0,316.75
4503,105,2043,q2+q4,0.46318566,505.0,316.75
4503,105,2043,q2+q5,0.3368623,458.0,295.0
4503,105,2043,q2+q6,0.28416761,420.0,288.0
4503,105,2043,q3+q4,0.50529345,1661.0,968.0
4503,105,2043,q3+q5,0.37897009,1388.0,923.0
4503,105,2043,q3+q6,0.3262754,1350.0,923.0
4503,105,2043,q4+q5,0.37897009,3920.0,2235.0
4503,105,2043,q4+q6,0.3262754,3180.0,2184.6667
4503,105,2043,q5+q6,0.19995204,19845.0,9193.3333
4503,105,2043,q1+q2+q3,0.54740124,367.0,257.0
4503,105,2043,q1+q2+q4,0.54740124,367.0,257.0
4503,105,2043,q1+q2+q5,0.42107787,308.0,209.0
4503,105,2043,q1+q2+q6,0.36838319,295.0,186.0
4503,105,2043,q1+q3+q4,0.58950902,1125.0,810.0
4503,105,2043,q1+q3+q5,0.46318566,923.0,635.25
4503,105,2043,q1+q3+q6,0.41049098,855.0,547.5
4503,105,2043,q1+q4+q5,0.46318566,2600.0,1727.0
4503,105,2043,q1+q4+q6,0.41049098,2460.0,1635.0
4503,105,2043,q1+q5+q6,0.28416761,308.0,184.0
4503,105,2043,q2+q3+q4,0.71583239,859.0,445.0
4503,105,2043,q2+q3+q5,0.58950902,770.0,396.625
4503,105,2043,q2+q3+q6,0.53681434,711.0,367.0
4503,105,2043,q2+q4+q5,0.58950902,804.0,401.0
4503,105,2043,q2+q4+q6,0.53681434,718.0,367.0
4503,105,2043,q2+q5+q6,0.41049098,466.0,312.0
4503,105,2043,q3+q4+q5,0.63161681,2160.0,1050.0
4503,105,2043,q3+q4+q6,0.57892213,2052.0,1022.5
4503,105,2043,q3+q5+q6,0.45259876,1470.0,968.0
4503,105,2043,q4+q5+q6,0.45259876,4428.0,2400.0
4503,105,2043,q1+q2+q3+q4,0.80004796,514.0,316.75
4503,105,2043,q1+q2+q3+q5,0.6737246,458.0,295.0
4503,105,2043,q1+q2+q3+q6,0.62102991,422.0,288.0
4503,105,2043,q1+q2+q4+q5,0.6737246,458.0,295.0
4503,105,2043,q1+q2+q4+q6,0.62102991,422.0,288.0
4503,105,2043,q1+q2+q5+q6,0.49470655,319.0,239.3333
4503,105,2043,q1+q3+q4+q5,0.71583239,1388.0,923.0
4503,105,2043,q1+q3+q4+q6,0.6631377,1350.0,876.8333
4503,105,2043,q1+q3+q5+q6,0.53681434,968.0,770.75
4503,105,2043,q1+q4+q5+q6,0.53681434,2720.0,1890.0
4503,105,2043,q2+q3+q4+q5,0.84215575,968.0,546.1111
4503,105,2043,q2+q3+q4+q6,0.78946106,923.0,466.0
4503,105,2043,q2+q3+q5+q6,0.6631377,810.0,420.0
4503,105,2043,q2+q4+q5+q6,0.6631377,914.0,429.5
4503,105,2043,q3+q4+q5+q6,0.70524549,2400.0,1178.0
4503,105,2043,q1+q2+q3+q4+q5,0.92637132,770.0,396.625
4503,105,2043,q1+q2+q3+q4+q6,0.87367664,711.0,367.0
4503,105,2043,q1+q2+q3+q5+q6,0.74735328,466.0,312.0
4503,105,2043,q1+q2+q4+q5+q6,0.74735328,466.0,312.0
4503,105,2043,q1+q3+q4+q5+q6,0.78946106,1470.0,962.75
4503,105,2043,q2+q3+q4+q5+q6,0.91578443,1005.0,619.0
4503,105,2043,q1+q2+q3+q4+q5+q6,1.0,810.0,420.0
4503,105,2043,all,1.0,810.0,420.0
4504,105,2044,q1,0.08421582,134.0,117.0
4504,105,2044,q2,0.21053954,312.0,262.0
4504,105,2044,q3,0.25264745,983.0,830.5
4504,105,2044,q4,0.25264745,3040.0,2100.0
4504,105,2044,q5,0.12632372,15345.0,9245.0
4504,105,2044,q6,0.07362603,68800.0,46440.0
4504,105,2044,q1+q2,0.29475535,257.0,169.0
4504,105,2044,q1+q3,0.33686326,711.0,377.0
4504,105,2044,q1+q4,0.33686326,902.0,377.0
4504,105,2044,q1+q5,0.21053954,189.0,146.0
4504,105,2044,q1+q6,0.15784185,150.0,134.0
4504,105,2044,q2+q3,0.46318698,458.0,317.5
4504,105,2044,q2+q4,0.46318698,458.0,317.5
4504,105,2044,q2+q5,0.33686326,403.0,293.0
4504,105,2044,q2+q6,0.28416557,360.0,277.0
4504,105,2044,q3+q4,0.50529489,1461.0,949.5
4504,105,2044,q3+q5,0.37897117,1313.0,900.0
4504,105,2044,q3+q6,0.32627348,1125.0,855.0
4504,105,2044,q4+q5,0.37897117,3920.0,2184.6667
4504,105,2044,q4+q6,0.32627348,3780.0,2160.0
4504,105,2044,q5+q6,0.19994975,18600.0,10096.25
4504,105,2044,q1+q2+q3,0.5474028,345.0,262.0
4504,105,2044,q1+q2+q4,0.5474028,345.0,262.0
4504,105,2044,q1+q2+q5,0.42107908,293.0,201.5
4504,105,2044,q1+q2+q6,0.36838139,277.0,186.0
4504,105,2044,q1+q3+q4,0.58951071,983.0,823.5
4504,105,2044,q1+q3+q5,0.46318698,855.0,596.25
4504,105,2044,q1+q3+q6,0.41048929,855.0,546.1111
4504,105,2044,q1+q4+q5,0.46318698,2400.0,1845.0
4504,105,2044,q1+q4+q6,0.41048929,2160.0,1695.0
4504,105,2044,q1+q5+q6,0.28416557,331.0,184.0
4504,105,2044,q2+q3+q4,0.71583443,804.0,424.0
4504,105,2044,q2+q3+q5,0.58951071,635.0,397.0
4504,105,2044,q2+q3+q6,0.53681302,480.0,360.0
4504,105,2044,q2+q4+q5,0.58951071,635.0,402.0
4504,105,2044,q2+q4+q6,0.53681302,480.0,360.0
4504,105,2044,q2+q5+q6,0.41048929,446.0,312.0
4504,105,2044,q3+q4+q5,0.63161861,2052.0,1029.5
4504,105,2044,q3+q4+q6,0.57892092,1780.0,983.0
4504,105,2044,q3+q5+q6,0.4525972,1388.0,931.5
4504,105,2044,q4+q5+q6,0.4525972,4428.0,2360.0
4504,105,2044,q1+q2+q3+q4,0.80005025,466.0,317.5
4504,105,2044,q1+q2+q3+q5,0.67372652,422.0,293.0
4504,105,2044,q1+q2+q3+q6,0.62102883,388.0,277.0
4504,105,2044,q1+q2+q4+q5,0.67372652,422.0,293.0
4504,105,2044,q1+q2+q4+q6,0.62102883,388.0,277.0
4504,105,2044,q1+q2+q5+q6,0.49470511,312.0,252.0
4504,105,2044,q1+q3+q4+q5,0.71583443,1313.0,887.75
4504,105,2044,q1+q3+q4+q6,0.66313674,1125.0,855.0
4504,105,2044,q1+q3+q5+q6,0.53681302,938.0,770.75
4504,105,2044,q1+q4+q5+q6,0.53681302,2600.0,1961.3333
4504,105,2044,q2+q3+q4+q5,0.84215815,855.0,480.0
4504,105,2044,q2+q3+q4+q6,0.78946046,855.0,466.0
4504,105,2044,q2+q3+q5+q6,0.66313674,721.0,422.0
4504,105,2044,q2+q4+q5+q6,0.66313674,755.0,422.0
4504,105,2044,q3+q4+q5+q6,0.70524465,2160.0,1175.0
4504,105,2044,q1+q2+q3+q4+q5,0.92637397,635.0,397.0
4504,105,2044,q1+q2+q3+q4+q6,0.87367628,480.0,360.0
4504,105,2044,q1+q2+q3+q5+q6,0.74735255,446.0,312.0
4504,105,2044,q1+q2+q4+q5+q6,0.74735255,446.0,312.0
4504,105,2044,q1+q3+q4+q5+q6,0.78946046,1388.0,931.5
4504,105,2044,q2+q3+q4+q5+q6,0.91578418,923.0,556.5
4504,105,2044,q1+q2+q3+q4+q5+q6,1.0,734.0,422.0
4504,105,2044,all,1.0,734.0,422.0
4505,105,2045,q1,0.08422985,126.0,103.5
4505,105,2045,q2,0.21057461,295.0,252.0
4505,105,2045,q3,0.25268954,1260.0,876.8333
4505,105,2045,q4,0.25268954,3650.0,2170.0
4505,105,2045,q5,0.12634477,15345.0,7987.5
4505,105,2045,q6,0.0734717,85623.0,40050.0
4505,105,2045,q1+q2,0.29480446,252.0,146.0
4505,105,2045,q1+q3,0.33691938,711.0,377.0
4505,105,2045,q1+q4,0.33691938,902.0,377.0
4505,105,2045,q1+q5,0.21057461,189.0,138.0
4505,105,2045,q1+q6,0.15770154,149.0,124.0
4505,105,2045,q2+q3,0.46326415,466.0,295.0
4505,105,2045,q2+q4,0.46326415,466.0,295.0
4505,105,2045,q2+q5,0.33691938,441.0,257.0
4505,105,2045,q2+q6,0.28404631,346.0,252.0
4505,105,2045,q3+q4,0.50537907,1780.0,1039.5
4505,105,2045,q3+q5,0.37903431,1450.0,955.5
4505,105,2045,q3+q6,0.32616123,1350.0,923.0
4505,105,2045,q4+q5,0.37903431,4624.0,2394.0
4505,105,2045,q4+q6,0.32616123,4240.0,2235.0
4505,105,2045,q5+q6,0.19981646,24435.0,9450.0
4505,105,2045,q1+q2+q3,0.547494,319.0,252.0
4505,105,2045,q1+q2+q4,0.547494,319.0,252.0
4505,105,2045,q1+q2+q5,0.42114923,269.0,189.0
4505,105,2045,q1+q2+q6,0.36827616,252.0,173.0
4505,105,2045,q1+q3+q4,0.58960892,1260.0,855.0
4505,105,2045,q1+q3+q5,0.46326415,938.0,653.8889
4505,105,2045,q1+q3+q6,0.41039108,855.0,573.0
4505,105,2045,q1+q4+q5,0.46326415,2600.0,1890.0
4505,105,2045,q1+q4+q6,0.41039108,2460.0,1727.0
4505,105,2045,q1+q5+q6,0.28404631,317.0,184.0
4505,105,2045,q2+q3+q4,0.71595369,794.0,402.0
4505,105,2045,q2+q3+q5,0.58960892,711.0,343.75
4505,105,2045,q2+q3+q6,0.53673585,536.0,318.5
4505,105,2045,q2+q4+q5,0.58960892,734.0,343.75
4505,105,2045,q2+q4+q6,0.53673585,536.0,318.5
4505,105,2045,q2+q5+q6,0.41039108,458.0,277.0
4505,105,2045,q3+q4+q5,0.63172384,2160.0,1260.0
4505,105,2045,q3+q4+q6,0.57885077,2052.0,1175.0
4505,105,2045,q3+q5+q6,0.452506,1530.0,992.5
4505,105,2045,q4+q5+q6,0.452506,5160.0,2514.0
4505,105,2045,q1+q2+q3+q4,0.80018354,473.0,295.0
4505,105,2045,q1+q2+q3+q5,0.67383877,441.0,261.0
4505,105,2045,q1+q2+q3+q6,0.62096569,384.0,252.0
4505,105,2045,q1+q2+q4+q5,0.67383877,441.0,261.0
4505,105,2045,q1+q2+q4+q6,0.62096569,384.0,252.0
4505,105,2045,q1+q2+q5+q6,0.49462093,301.0,221.0
4505,105,2045,q1+q3+q4+q5,0.71595369,1450.0,938.0
4505,105,2045,q1+q3+q4+q6,0.66308062,1350.0,923.0
4505,105,2045,q1+q3+q5+q6,0.53673585,1125.0,774.0
4505,105,2045,q1+q4+q5+q6,0.53673585,3640.0,2100.0
4505,105,2045,q2+q3+q4+q5,0.84229846,923.0,546.1111
4505,105,2045,q2+q3+q4+q6,0.78942539,907.0,458.75
4505,105,2045,q2+q3+q5+q6,0.66308062,738.0,380.0
4505,105,2045,q2+q4+q5+q6,0.66308062,794.0,380.0
4505,105,2045,q3+q4+q5+q6,0.70519554,2460.0,1300.0
4505,105,2045,q1+q2+q3+q4+q5,0.9265283,711.0,352.75
4505,105,2045,q1+q2+q3+q4+q6,0.87365523,536.0,318.5
4505,105,2045,q1+q2+q3+q5+q6,0.74731046,458.0,282.5
4505,105,2045,q1+q2+q4+q5+q6,0.74731046,458.0,282.5
4505,105,2045,q1+q3+q4+q5+q6,0.78942539,1530.0,992.5
4505,105,2045,q2+q3+q4+q5+q6,0.91577015,1050.0,641.25
4505,105,2045,q1+q2+q3+q4+q5+q6,1.0,738.0,380.0
4505,105,2045,all,1.0,738.0,380.0
4506,105,2046,q1,0.0842167,123.0,114.0
4506,105,2046,q2,0.21054174,346.0,252.0
4506,105,2046,q3,0.25265009,1300.0,830.5
4506,105,2046,q4,0.25265009,3650.0,2160.0
4506,105,2046,q5,0.12632505,15542.0,7800.0
4506,105,2046,q6,0.07361633,88888.0,37210.0
4506,105,2046,q1+q2,0.29475844,257.0,161.0
4506,105,2046,q1+q3,0.33686679,711.0,377.0
4506,105,2046,q1+q4,0.33686679,902.0,377.0
4506,105,2046,q1+q5,0.21054174,192.0,139.0
4506,105,2046,q1+q6,0.15783303,150.0,125.0
4506,105,2046,q2+q3,0.46319183,635.0,315.0
4506,105,2046,q2+q4,0.46319183,635.0,315.0
4506,105,2046,q2+q5,0.33686679,462.0,288.0
4506,105,2046,q2+q6,0.28415808,441.0,268.0
4506,105,2046,q3+q4,0.50530018,1985.0,990.0
4506,105,2046,q3+q5,0.37897514,1530.0,923.0
4506,105,2046,q3+q6,0.32626643,1450.0,898.0
4506,105,2046,q4+q5,0.37897514,4428.0,2312.0
4506,105,2046,q4+q6,0.32626643,3940.0,2214.0
4506,105,2046,q5+q6,0.19994138,24435.0,9245.0
4506,105,2046,q1+q2+q3,0.54740853,377.0,252.0
4506,105,2046,q1+q2+q4,0.54740853,377.0,252.0
4506,105,2046,q1+q2+q5,0.42108348,301.0,200.0
4506,105,2046,q1+q2+q6,0.36837477,293.0,184.0
4506,105,2046,q1+q3+q4,0.58951688,1300.0,830.5
4506,105,2046,q1+q3+q5,0.46319183,923.0,641.25
4506,105,2046,q1+q3+q6,0.41048312,923.0,553.5
4506,105,2046,q1+q4+q5,0.46319183,2560.0,1868.0
4506,105,2046,q1+q4+q6,0.41048312,2460.0,1727.0
4506,105,2046,q1+q5+q6,0.28415808,317.0,184.0
4506,105,2046,q2+q3+q4,0.71584192,855.0,420.0
4506,105,2046,q2+q3+q5,0.58951688,760.0,370.25
4506,105,2046,q2+q3+q6,0.53680817,734.0,360.5
4506,105,2046,q2+q4+q5,0.58951688,786.0,370.25
4506,105,2046,q2+q4+q6,0.53680817,734.0,360.5
4506,105,2046,q2+q5+q6,0.41048312,532.0,302.5
4506,105,2046,q3+q4+q5,0.63162523,2385.0,1085.75
4506,105,2046,q3+q4+q6,0.57891652,2160.0,1039.5
4506,105,2046,q3+q5+q6,0.45259147,1796.0,968.0
4506,105,2046,q4+q5+q6,0.45259147,5160.0,2470.0
4506,105,2046,q1+q2+q3+q4,0.80005862,654.0,315.0
4506,105,2046,q1+q2+q3+q5,0.67373357,466.0,291.5
4506,105,2046,q1+q2+q3+q6,0.62102486,445.0,268.0
4506,105,2046,q1+q2+q4+q5,0.67373357,466.0,291.5
4506,105,2046,q1+q2+q4+q6,0.62102486,445.0,268.0
4506,105,2046,q1+q2+q5+q6,0.49469982,341.0,226.75
4506,105,2046,q1+q3+q4+q5,0.71584192,1530.0,923.0
4506,105,2046,q1+q3+q4+q6,0.66313321,1450.0,898.0
4506,105,2046,q1+q3+q5+q6,0.53680817,1125.0,711.0
4506,105,2046,q1+q4+q5+q6,0.53680817,3040.0,2090.0
4506,105,2046,q2+q3+q4+q5,0.84216697,968.0,490.0
4506,105,2046,q2+q3+q4+q6,0.78945826,923.0,466.0
4506,105,2046,q2+q3+q5+q6,0.66313321,804.0,396.625
4506,105,2046,q2+q4+q5+q6,0.66313321,870.0,397.0
4506,105,2046,q3+q4+q5+q6,0.70524156,2541.0,1260.0
4506,105,2046,q1+q2+q3+q4+q5,0.92638367,760.0,373.0
4506,105,2046,q1+q2+q3+q4+q6,0.87367495,734.0,360.5
4506,105,2046,q1+q2+q3+q5+q6,0.74734991,536.0,306.5
4506,105,2046,q1+q2+q4+q5+q6,0.74734991,536.0,306.5
4506,105,2046,q1+q3+q4+q5+q6,0.78945826,1796.0,962.75
4506,105,2046,q2+q3+q4+q5+q6,0.9157833,1089.0,635.25
4506,105,2046,q1+q2+q3+q4+q5+q6,1.0,804.0,396.625
4506,105,2046,all,1.0,804.0,396.625
4507,105,2047,q1,0.0842167,126.0,115.0
4507,105,2047,q2,0.21054174,288.0,252.0
4507,105,2047,q3,0.25265009,1260.0,898.0
4507,105,2047,q4,0.25265009,3640.0,2160.0
4507,105,2047,q5,0.12632505,14520.0,8606.25
4507,105,2047,q6,0.07361633,71500.0,45000.0
4507,105,2047,q1+q2,0.29475844,252.0,139.0
4507,105,2047,q1+q3,0.33686679,711.0,377.0
4507,105,2047,q1+q4,0.33686679,902.0,377.0
4507,105,2047,q1+q5,0.21054174,186.0,146.0
4507,105,2047,q1+q6,0.15783303,150.0,126.75
4507,105,2047,q2+q3,0.46319183,458.0,293.0
4507,105,2047,q2+q4,0.46319183,458.0,293.0
4507,105,2047,q2+q5,0.33686679,360.0,252.0
4507,105,2047,q2+q6,0.28415808,312.0,252.0
4507,105,2047,q3+q4,0.50530018,1530.0,1066.5
4507,105,2047,q3+q5,0.37897514,1388.0,968.0
4507,105,2047,q3+q6,0.32626643,1300.0,923.0
4507,105,2047,q4+q5,0.37897514,4428.0,2394.0
4507,105,2047,q4+q6,0.32626643,3960.0,2214.0
4507,105,2047,q5+q6,0.19994138,18600.0,10057.0
4507,105,2047,q1+q2+q3,0.54740853,301.0,252.0
4507,105,2047,q1+q2+q4,0.54740853,301.0,252.0
4507,105,2047,q1+q2+q5,0.42108348,262.0,184.0
4507,105,2047,q1+q2+q6,0.36837477,252.0,169.0
4507,105,2047,q1+q3+q4,0.58951688,1260.0,872.0
4507,105,2047,q1+q3+q5,0.46319183,923.0,651.0
4507,105,2047,q1+q3+q6,0.41048312,923.0,553.5
4507,105,2047,q1+q4+q5,0.46319183,2560.0,1890.0
4507,105,2047,q1+q4+q6,0.41048312,2460.0,1727.0
4507,105,2047,q1+q5+q6,0.28415808,317.0,184.0
4507,105,2047,q2+q3+q4,0.71584192,804.0,420.0
4507,105,2047,q2+q3+q5,0.58951688,536.0,319.0
4507,105,2047,q2+q3+q6,0.53680817,466.0,312.0
4507,105,2047,q2+q4+q5,0.58951688,536.0,319.0
4507,105,2047,q2+q4+q6,0.53680817,466.0,312.0
4507,105,2047,q2+q5+q6,0.41048312,458.0,269.0
4507,105,2047,q3+q4+q5,0.63162523,1863.0,1300.0
4507,105,2047,q3+q4+q6,0.57891652,1661.0,1260.0
4507,105,2047,q3+q5+q6,0.45259147,1450.0,1029.5
4507,105,2047,q4+q5+q6,0.45259147,5040.0,2514.0
4507,105,2047,q1+q2+q3+q4,0.80005862,458.0,293.0
4507,105,2047,q1+q2+q3+q5,0.67373357,403.0,252.0
4507,105,2047,q1+q2+q3+q6,0.62102486,346.0,252.0
4507,105,2047,q1+q2+q4+q5,0.67373357,403.0,252.0
4507,105,2047,q1+q2+q4+q6,0.62102486,346.0,252.0
4507,105,2047,q1+q2+q5+q6,0.49469982,293.0,220.5
4507,105,2047,q1+q3+q4+q5,0.71584192,1388.0,963.75
4507,105,2047,q1+q3+q4+q6,0.66313321,1300.0,923.0
4507,105,2047,q1+q3+q5+q6,0.53680817,1125.0,830.5
4507,105,2047,q1+q4+q5+q6,0.53680817,3040.0,2100.0
4507,105,2047,q2+q3+q4+q5,0.84216697,923.0,490.0
4507,105,2047,q2+q3+q4+q6,0.78945826,886.0,466.0
4507,105,2047,q2+q3+q5+q6,0.66313321,734.0,393.0
4507,105,2047,q2+q4+q5+q6,0.66313321,760.0,393.0
4507,105,2047,q3+q4+q5+q6,0.70524156,2160.0,1320.0
4507,105,2047,q1+q2+q3+q4+q5,0.92638367,613.0,319.0
4507,105,2047,q1+q2+q3+q4+q6,0.87367495,475.0,312.0
4507,105,2047,q1+q2+q3+q5+q6,0.74734991,458.0,269.0
4507,105,2047,q1+q2+q4+q5+q6,0.74734991,458.0,269.0
4507,105,2047,q1+q3+q4+q5+q6,0.78945826,1450.0,1026.0
4507,105,2047,q2+q3+q4+q5+q6,0.9157833,1005.0,635.25
4507,105,2047,q1+q2+q3+q4+q5+q6,1.0,734.0,393.0
4507,105,2047,all,1.0,734.0,393.0
4508,105,2048,q1,0.0842167,134.0,115.0
4508,105,2048,q2,0.21054174,312.0,261.0
4508,105,2048,q3,0.25265009,1050.0,830.5
4508,105,2048,q4,0.25265009,3180.0,2100.0
4508,105,2048,q5,0.12632505,15542.0,8633.5
4508,105,2048,q6,0.07361633,71500.0,43194.1667
4508,105,2048,q1+q2,0.29475844,252.0,168.0
4508,105,2048,q1+q3,0.33686679,711.0,377.0
4508,105,2048,q1+q4,0.33686679,902.0,377.0
4508,105,2048,q1+q5,0.21054174,186.0,146.0
4508,105,2048,q1+q6,0.15783303,149.0,134.0
4508,105,2048,q2+q3,0.46319183,466.0,315.0
4508,105,2048,q2+q4,0.46319183,466.0,315.0
4508,105,2048,q2+q5,0.33686679,403.0,293.0
4508,105,2048,q2+q6,0.28415808,360.0,277.0
4508,105,2048,q3+q4,0.50530018,1530.0,949.5
4508,105,2048,q3+q5,0.37897514,1313.0,876.8333
4508,105,2048,q3+q6,0.32626643,1300.0,855.0
4508,105,2048,q4+q5,0.37897514,3960.0,2214.0
4508,105,2048,q4+q6,0.32626643,3780.0,2160.0
4508,105,2048,q5+q6,0.19994138,19600.0,10096.25
4508,105,2048,q1+q2+q3,0.54740853,319.0,262.0
4508,105,2048,q1+q2+q4,0.54740853,319.0,262.0
4508,105,2048,q1+q2+q5,0.42108348,293.0,206.6667
4508,105,2048,q1+q2+q6,0.36837477,277.0,184.5
4508,105,2048,q1+q3+q4,0.58951688,1050.0,823.5
4508,105,2048,q1+q3+q5,0.46319183,855.0,645.8333
4508,105,2048,q1+q3+q6,0.41048312,855.0,553.5
4508,105,2048,q1+q4+q5,0.46319183,2514.0,1868.0
4508,105,2048,q1+q4+q6,0.41048312,2160.0,1695.0
4508,105,2048,q1+q5+q6,0.28415808,331.0,173.0
4508,105,2048,q2+q3+q4,0.71584192,810.0,424.0
4508,105,2048,q2+q3+q5,0.58951688,661.0,393.0
4508,105,2048,q2+q3+q6,0.53680817,532.0,358.25
4508,105,2048,q2+q4+q5,0.58951688,661.0,393.0
4508,105,2048,q2+q4+q6,0.53680817,532.0,358.25
4508,105,2048,q2+q5+q6,0.41048312,458.0,302.5
4508,105,2048,q3+q4+q5,0.63162523,2100.0,1050.0
4508,105,2048,q3+q4+q6,0.57891652,1985.0,1005.0
4508,105,2048,q3+q5+q6,0.45259147,1450.0,923.0
4508,105,2048,q4+q5+q6,0.45259147,4428.0,2394.0
4508,105,2048,q1+q2+q3+q4,0.80005862,466.0,315.0
4508,105,2048,q1+q2+q3+q5,0.67373357,422.0,293.0
4508,105,2048,q1+q2+q3+q6,0.62102486,401.0,277.0
4508,105,2048,q1+q2+q4+q5,0.67373357,422.0,293.0
4508,105,2048,q1+q2+q4+q6,0.62102486,401.0,277.0
4508,105,2048,q1+q2+q5+q6,0.49469982,312.0,252.0
4508,105,2048,q1+q3+q4+q5,0.71584192,1313.0,872.0
4508,105,2048,q1+q3+q4+q6,0.66313321,1300.0,855.0
4508,105,2048,q1+q3+q5+q6,0.53680817,938.0,774.0
4508,105,2048,q1+q4+q5+q6,0.53680817,2600.0,2028.75
4508,105,2048,q2+q3+q4+q5,0.84216697,907.0,490.0
4508,105,2048,q2+q3+q4+q6,0.78945826,855.0,466.0
4508,105,2048,q2+q3+q5+q6,0.66313321,760.0,403.0
4508,105,2048,q2+q4+q5+q6,0.66313321,804.0,422.0
4508,105,2048,q3+q4+q5+q6,0.70524156,2160.0,1181.5
4508,105,2048,q1+q2+q3+q4+q5,0.92638367,661.0,393.0
4508,105,2048,q1+q2+q3+q4+q6,0.87367495,536.0,358.25
4508,105,2048,q1+q2+q3+q5+q6,0.74734991,458.0,306.5
4508,105,2048,q1+q2+q4+q5+q6,0.74734991,458.0,306.5
4508,105,2048,q1+q3+q4+q5+q6,0.78945826,1450.0,923.0
4508,105,2048,q2+q3+q4+q5+q6,0.9157833,938.0,596.25
4508,105,2048,q1+q2+q3+q4+q5+q6,1.0,770.0,403.0
4508,105,2048,all,1.0,770.0,403.0
4509,105,2049,q1,0.0842167,127.0,120.75
4509,105,2049,q2,0.21054174,312.0,252.0
4509,105,2049,q3,0.25265009,1125.0,830.5
4509,105,2049,q4,0.25265009,2720.0,2060.0
4509,105,2049,q5,0.12632505,12825.0,7793.3333
4509,105,2049,q6,0.07361633,88888.0,42519.1667
4509,105,2049,q1+q2,0.29475844,252.0,168.0
4509,105,2049,q1+q3,0.33686679,711.0,377.0
4509,105,2049,q1+q4,0.33686679,902.0,377.0
4509,105,2049,q1+q5,0.21054174,185.0,146.0
4509,105,2049,q1+q6,0.15783303,149.0,134.0
4509,105,2049,q2+q3,0.46319183,466.0,312.0
4509,105,2049,q2+q4,0.46319183,466.0,312.0
4509,105,2049,q2+q5,0.33686679,403.0,293.0
4509,105,2049,q2+q6,0.28415808,367.0,277.0
4509,105,2049,q3+q4,0.50530018,1767.0,968.0
4509,105,2049,q3+q5,0.37897514,1388.0,923.0
4509,105,2049,q3+q6,0.32626643,1313.0,923.0
4509,105,2049,q4+q5,0.37897514,3920.0,2214.0
4509,105,2049,q4+q6,0.32626643,3180.0,2170.0
4509,105,2049,q5+q6,0.19994138,21201.0,9245.0
4509,105,2049,q1+q2+q3,0.54740853,319.0,252.0
4509,105,2049,q1+q2+q4,0.54740853,319.0,252.0
4509,105,2049,q1+q2+q5,0.42108348,301.0,219.5
4509,105,2049,q1+q2+q6,0.36837477,293.0,185.0
4509,105,2049,q1+q3+q4,0.58951688,1125.0,795.0
4509,105,2049,q1+q3+q5,0.46319183,923.0,579.5
4509,105,2049,q1+q3+q6,0.41048312,923.0,549.0
4509,105,2049,q1+q4+q5,0.46319183,2560.0,1680.0
4509,105,2049,q1+q4+q6,0.41048312,2460.0,1573.0
4509,105,2049,q1+q5+q6,0.28415808,315.0,184.0
4509,105,2049,q2+q3+q4,0.71584192,855.0,424.0
4509,105,2049,q2+q3+q5,0.58951688,711.0,367.0
4509,105,2049,q2+q3+q6,0.53680817,532.0,330.5
4509,105,2049,q2+q4+q5,0.58951688,734.0,367.0
4509,105,2049,q2+q4+q6,0.53680817,532.0,330.5
4509,105,2049,q2+q5+q6,0.41048312,458.0,302.5
4509,105,2049,q3+q4+q5,0.63162523,2160.0,1026.0
4509,105,2049,q3+q4+q6,0.57891652,2052.0,983.0
4509,105,2049,q3+q5+q6,0.45259147,1470.0,968.0
4509,105,2049,q4+q5+q6,0.45259147,4428.0,2394.0
4509,105,2049,q1+q2+q3+q4,0.80005862,466.0,312.0
4509,105,2049,q1+q2+q3+q5,0.67373357,430.0,295.0
4509,105,2049,q1+q2+q3+q6,0.62102486,367.0,277.0
4509,105,2049,q1+q2+q4+q5,0.67373357,430.0,295.0
4509,105,2049,q1+q2+q4+q6,0.62102486,367.0,277.0
4509,105,2049,q1+q2+q5+q6,0.49469982,312.0,231.0
4509,105,2049,q1+q3+q4+q5,0.71584192,1388.0,923.0
4509,105,2049,q1+q3+q4+q6,0.66313321,1313.0,872.0
4509,105,2049,q1+q3+q5+q6,0.53680817,968.0,719.3333
4509,105,2049,q1+q4+q5+q6,0.53680817,2720.0,1845.0
4509,105,2049,q2+q3+q4+q5,0.84216697,968.0,490.0
4509,105,2049,q2+q3+q4+q6,0.78945826,923.0,466.0
4509,105,2049,q2+q3+q5+q6,0.66313321,804.0,401.0
4509,105,2049,q2+q4+q5+q6,0.66313321,859.0,402.0
4509,105,2049,q3+q4+q5+q6,0.70524156,2400.0,1125.0
4509,105,2049,q1+q2+q3+q4+q5,0.92638367,711.0,367.0
4509,105,2049,q1+q2+q3+q4+q6,0.87367495,536.0,336.0
4509,105,2049,q1+q2+q3+q5+q6,0.74734991,462.0,302.5
4509,105,2049,q1+q2+q4+q5+q6,0.74734991,462.0,302.5
4509,105,2049,q1+q3+q4+q5+q6,0.78945826,1470.0,938.0
4509,105,2049,q2+q3+q4+q5+q6,0.9157833,979.0,556.5
4509,105,2049,q1+q2+q3+q4+q5+q6,1.0,804.0,401.0
4509,105,2049,all,1.0,804.0,401.0
4510,105,2050,q1,0.0842167,127.0,120.0
4510,105,2050,q2,0.21054174,319.0,252.5
4510,105,2050,q3,0.25265009,1005.0,840.0
4510,105,2050,q4,0.25265009,3120.0,2100.0
4510,105,2050,q5,0.12632505,12825.0,7987.5
4510,105,2050,q6,0.07361633,68800.0,42590.5
4510,105,2050,q1+q2,0.29475844,252.0,168.0
4510,105,2050,q1+q3,0.33686679,711.0,377.0
4510,105,2050,q1+q4,0.33686679,902.0,377.0
4510,105,2050,q1+q5,0.21054174,185.0,149.75
4510,105,2050,q1+q6,0.15783303,161.0,134.0
4510,105,2050,q2+q3,0.46319183,505.0,316.75
4510,105,2050,q2+q4,0.46319183,505.0,316.75
4510,105,2050,q2+q5,0.33686679,445.0,295.0
4510,105,2050,q2+q6,0.28415808,420.0,282.5
4510,105,2050,q3+q4,0.50530018,1530.0,983.0
4510,105,2050,q3+q5,0.37897514,1350.0,923.0
4510,105,2050,q3+q6,0.32626643,1178.0,923.0
4510,105,2050,q4+q5,0.37897514,3920.0,2235.0
4510,105,2050,q4+q6,0.32626643,3454.0,2184.6667
4510,105,2050,q5+q6,0.19994138,19600.0,9245.0
4510,105,2050,q1+q2+q3,0.54740853,360.0,252.5
4510,105,2050,q1+q2+q4,0.54740853,360.0,252.5
4510,105,2050,q1+q2+q5,0.42108348,299.0,206.6667
4510,105,2050,q1+q2+q6,0.36837477,288.0,185.0
4510,105,2050,q1+q3+q4,0.58951688,1005.0,823.5
4510,105,2050,q1+q3+q5,0.46319183,923.0,641.25
4510,105,2050,q1+q3+q6,0.41048312,848.0,553.5
4510,105,2050,q1+q4+q5,0.46319183,2514.0,1742.2222
4510,105,2050,q1+q4+q6,0.41048312,2400.0,1695.0
4510,105,2050,q1+q5+q6,0.28415808,308.0,180.0
4510,105,2050,q2+q3+q4,0.71584192,810.0,445.0
4510,105,2050,q2+q3+q5,0.58951688,718.0,401.0
4510,105,2050,q2+q3+q6,0.53680817,635.0,360.5
4510,105,2050,q2+q4+q5,0.58951688,738.0,401.0
4510,105,2050,q2+q4+q6,0.53680817,635.0,360.5
4510,105,2050,q2+q5+q6,0.41048312,466.0,312.0
4510,105,2050,q3+q4+q5,0.63162523,2052.0,1052.0
4510,105,2050,q3+q4+q6,0.57891652,1780.0,1026.0
4510,105,2050,q3+q5+q6,0.45259147,1450.0,968.0
4510,105,2050,q4+q5+q6,0.45259147,4428.0,2400.0
4510,105,2050,q1+q2+q3+q4,0.80005862,505.0,317.5
4510,105,2050,q1+q2+q3+q5,0.67373357,446.0,295.0
4510,105,2050,q1+q2+q3+q6,0.62102486,420.0,288.0
4510,105,2050,q1+q2+q4+q5,0.67373357,446.0,295.0
4510,105,2050,q1+q2+q4+q6,0.62102486,420.0,288.0
4510,105,2050,q1+q2+q5+q6,0.49469982,315.0,252.0
4510,105,2050,q1+q3+q4+q5,0.71584192,1350.0,923.0
4510,105,2050,q1+q3+q4+q6,0.66313321,1178.0,898.0
4510,105,2050,q1+q3+q5+q6,0.53680817,938.0,810.0
4510,105,2050,q1+q4+q5+q6,0.53680817,2720.0,2028.75
4510,105,2050,q2+q3+q4+q5,0.84216697,923.0,553.0
4510,105,2050,q2+q3+q4+q6,0.78945826,914.0,475.0
4510,105,2050,q2+q3+q5+q6,0.66313321,804.0,422.0
4510,105,2050,q2+q4+q5+q6,0.66313321,859.0,429.5
4510,105,2050,q3+q4+q5+q6,0.70524156,2160.0,1178.0
4510,105,2050,q1+q2+q3+q4+q5,0.92638367,718.0,401.0
4510,105,2050,q1+q2+q3+q4+q6,0.87367495,635.0,360.5
4510,105,2050,q1+q2+q3+q5+q6,0.74734991,466.0,312.0
4510,105,2050,q1+q2+q4+q5+q6,0.74734991,466.0,312.0
4510,105,2050,q1+q3+q4+q5+q6,0.78945826,1450.0,949.5
4510,105,2050,q2+q3+q4+q5+q6,0.9157833,968.0,641.25
4510,105,2050,q1+q2+q3+q4+q5+q6,1.0,804.0,422.0
4510,105,2050,all,1.0,804.0,422.0
4511,105,2141,q1,0.07845065,127.0,114.0
4511,105,2141,q2,0.19612661,312.0,252.0
4511,105,2141,q3,0.23535194,1125.0,849.3333
4511,105,2141,q4,0.23535194,3180.0,2100.0
4511,105,2141,q5,0.11767597,14850.0,7987.5
4511,105,2141,q6,0.1370429,85623.0,41950.0
4511,105,2141,q1+q2,0.27457726,252.0,158.4444
4511,105,2141,q1+q3,0.31380258,711.0,377.0
4511,105,2141,q1+q4,0.31380258,902.0,377.0
4511,105,2141,q1+q5,0.19612661,186.0,146.0
4511,105,2141,q1+q6,0.21549355,200.0,149.0
4511,105,2141,q2+q3,0.43147855,466.0,312.0
4511,105,2141,q2+q4,0.43147855,466.0,312.0
4511,105,2141,q2+q5,0.31380258,422.0,282.5
4511,105,2141,q2+q6,0.33316951,441.0,290.4
4511,105,2141,q3+q4,0.47070387,1661.0,984.5
4511,105,2141,q3+q5,0.3530279,1388.0,923.0
4511,105,2141,q3+q6,0.37239484,1433.0,938.0
4511,105,2141,q4+q5,0.3530279,4240.0,2243.5
4511,105,2141,q4+q6,0.37239484,4428.0,2312.0
4511,105,2141,q5+q6,0.25471887,29500.0,11307.75
4511,105,2141,q1+q2+q3,0.5099292,319.0,252.0
4511,105,2141,q1+q2+q4,0.5099292,319.0,252.0
4511,105,2141,q1+q2+q5,0.39225323,295.0,201.5
4511,105,2141,q1+q2+q6,0.41162016,295.0,220.5
4511,105,2141,q1+q3+q4,0.54915452,1125.0,830.5
4511,105,2141,q1+q3+q5,0.43147855,923.0,641.25
4511,105,2141,q1+q3+q6,0.45084548,923.0,675.0
4511,105,2141,q1+q4+q5,0.43147855,2560.0,1785.0
4511,105,2141,q1+q4+q6,0.45084548,2600.0,1868.0
4511,105,2141,q1+q5+q6,0.33316951,9245.0,6225.0
4511,105,2141,q2+q3+q4,0.66683049,810.0,424.0
4511,105,2141,q2+q3+q5,0.54915452,711.0,367.0
4511,105,2141,q2+q3+q6,0.56852145,718.0,373.0
4511,105,2141,q2+q4+q5,0.54915452,721.0,367.0
4511,105,2141,q2+q4+q6,0.56852145,738.0,373.0
4511,105,2141,q2+q5+q6,0.45084548,480.0,315.0
4511,105,2141,q3+q4+q5,0.58837984,2100.0,1085.75
4511,105,2141,q3+q4+q6,0.60774677,2160.0,1175.0
4511,105,2141,q3+q5+q6,0.4900708,1780.0,1022.5
4511,105,2141,q4+q5+q6,0.4900708,6152.0,2520.0
4511,105,2141,q1+q2+q3+q4,0.74528113,473.0,312.0
4511,105,2141,q1+q2+q3+q5,0.62760516,438.0,288.0
4511,105,2141,q1+q2+q3+q6,0.6469721,445.0,291.5
4511,105,2141,q1+q2+q4+q5,0.62760516,438.0,288.0
4511,105,2141,q1+q2+q4+q6,0.6469721,445.0,291.5
4511,105,2141,q1+q2+q5+q6,0.52929613,346.0,252.0
4511,105,2141,q1+q3+q4+q5,0.66683049,1388.0,923.0
4511,105,2141,q1+q3+q4+q6,0.68619742,1433.0,923.0
4511,105,2141,q1+q3+q5+q6,0.56852145,1178.0,855.0
4511,105,2141,q1+q4+q5+q6,0.56852145,3640.0,2160.0
4511,105,2141,q2+q3+q4+q5,0.78450645,923.0,546.1111
4511,105,2141,q2+q3+q4+q6,0.80387339,923.0,553.0
4511,105,2141,q2+q3+q5+q6,0.68619742,848.0,430.0
4511,105,2141,q2+q4+q5+q6,0.68619742,1089.0,458.75
4511,105,2141,q3+q4+q5+q6,0.72542274,2514.0,1313.0
4511,105,2141,q1+q2+q3+q4+q5,0.8629571,711.0,367.0
4511,105,2141,q1+q2+q3+q4+q6,0.88232403,718.0,373.0
4511,105,2141,q1+q2+q3+q5+q6,0.76464806,486.0,315.0
4511,105,2141,q1+q2+q4+q5+q6,0.76464806,486.0,315.0
4511,105,2141,q1+q3+q4+q5+q6,0.80387339,1780.0,992.5
4511,105,2141,q2+q3+q4+q5+q6,0.92154935,1125.0,711.0
4511,105,2141,q1+q2+q3+q4+q5+q6,1.0,848.0,430.0
4511,105,2141,all,1.0,848.0,430.0
4512,105,2142,q1,0.07844101,127.0,117.0
4512,105,2142,q2,0.19610252,295.0,252.0
4512,105,2142,q3,0.23532302,1005.0,830.5
4512,105,2142,q4,0.23532302,2600.0,2100.0
4512,105,2142,q5,0.11766151,12600.0,7800.0
4512,105,2142,q6,0.13714891,85623.0,42590.5
4512,105,2142,q1+q2,0.27454353,252.0,160.0
4512,105,2142,q1+q3,0.31376403,711.0,377.0
4512,105,2142,q1+q4,0.31376403,902.0,377.0
4512,105,2142,q1+q5,0.19610252,186.0,146.0
4512,105,2142,q1+q6,0.21558992,200.0,152.5
4512,105,2142,q2+q3,0.43142554,475.0,301.0
4512,105,2142,q2+q4,0.43142554,475.0,301.0
4512,105,2142,q2+q5,0.31376403,403.0,288.0
4512,105,2142,q2+q6,0.33325143,422.0,293.0
4512,105,2142,q3+q4,0.47064605,1661.0,949.5
4512,105,2142,q3+q5,0.35298454,1350.0,923.0
4512,105,2142,q3+q6,0.37247194,1373.0,923.0
4512,105,2142,q4+q5,0.35298454,3920.0,2214.0
4512,105,2142,q4+q6,0.37247194,3940.0,2243.5
4512,105,2142,q5+q6,0.25481043,26605.0,11175.0
4512,105,2142,q1+q2+q3,0.50986655,315.0,252.0
4512,105,2142,q1+q2+q4,0.50986655,315.0,252.0
4512,105,2142,q1+q2+q5,0.39220504,295.0,200.0
4512,105,2142,q1+q2+q6,0.41169244,295.0,206.6667
4512,105,2142,q1+q3+q4,0.54908705,1005.0,830.5
4512,105,2142,q1+q3+q5,0.43142554,923.0,635.25
4512,105,2142,q1+q3+q6,0.45091295,923.0,645.8333
4512,105,2142,q1+q4+q5,0.43142554,2514.0,1742.2222
4512,105,2142,q1+q4+q6,0.45091295,2514.0,1845.0
4512,105,2142,q1+q5+q6,0.33325143,7800.0,6087.875
4512,105,2142,q2+q3+q4,0.66674857,848.0,424.0
4512,105,2142,q2+q3+q5,0.54908705,711.0,360.0
4512,105,2142,q2+q3+q6,0.56857446,718.0,363.0
4512,105,2142,q2+q4+q5,0.54908705,734.0,360.0
4512,105,2142,q2+q4+q6,0.56857446,755.0,363.0
4512,105,2142,q2+q5+q6,0.45091295,514.0,312.0
4512,105,2142,q3+q4+q5,0.58830756,2079.0,1050.0
4512,105,2142,q3+q4+q6,0.60779496,2100.0,1052.0
4512,105,2142,q3+q5+q6,0.49013345,1661.0,977.2667
4512,105,2142,q4+q5+q6,0.49013345,4624.0,2460.0
4512,105,2142,q1+q2+q3+q4,0.74518957,480.0,302.5
4512,105,2142,q1+q2+q3+q5,0.62752806,420.0,290.4
4512,105,2142,q1+q2+q3+q6,0.64701546,441.0,295.0
4512,105,2142,q1+q2+q4+q5,0.62752806,420.0,290.4
4512,105,2142,q1+q2+q4+q6,0.64701546,441.0,295.0
4512,105,2142,q1+q2+q5+q6,0.52935395,315.0,257.0
4512,105,2142,q1+q3+q4+q5,0.66674857,1350.0,923.0
4512,105,2142,q1+q3+q4+q6,0.68623597,1373.0,923.0
4512,105,2142,q1+q3+q5+q6,0.56857446,1050.0,830.5
4512,105,2142,q1+q4+q5+q6,0.56857446,2720.0,2160.0
4512,105,2142,q2+q3+q4+q5,0.78441008,923.0,546.1111
4512,105,2142,q2+q3+q4+q6,0.80389748,923.0,553.5
4512,105,2142,q2+q3+q5+q6,0.68623597,855.0,430.0
4512,105,2142,q2+q4+q5+q6,0.68623597,1166.0,458.75
4512,105,2142,q3+q4+q5+q6,0.72545647,2460.0,1294.0
4512,105,2142,q1+q2+q3+q4+q5,0.86285109,711.0,360.0
4512,105,2142,q1+q2+q3+q4+q6,0.88233849,718.0,363.0
4512,105,2142,q1+q2+q3+q5+q6,0.76467698,532.0,312.0
4512,105,2142,q1+q2+q4+q5+q6,0.76467698,532.0,312.0
4512,105,2142,q1+q3+q4+q5+q6,0.80389748,1661.0,968.0
4512,105,2142,q2+q3+q4+q5+q6,0.92155899,1050.0,711.0
4512,105,2142,q1+q2+q3+q4+q5+q6,1.0,855.0,430.0
4512,105,2142,all,1.0,855.0,430.0
4513,105,2143,q1,0.07844013,127.0,121.5
4513,105,2143,q2,0.19610033,319.0,252.5
4513,105,2143,q3,0.2353204,1125.0,830.5
4513,105,2143,q4,0.2353204,3040.0,2095.0
4513,105,2143,q5,0.1176602,12825.0,7800.0
4513,105,2143,q6,0.13715855,71500.0,41950.0
4513,105,2143,q1+q2,0.27454046,257.0,169.0
4513,105,2143,q1+q3,0.31376053,711.0,377.0
4513,105,2143,q1+q4,0.31376053,902.0,377.0
4513,105,2143,q1+q5,0.19610033,185.0,149.0
4513,105,2143,q1+q6,0.21559868,200.0,161.0
4513,105,2143,q2+q3,0.43142072,505.0,316.75
4513,105,2143,q2+q4,0.43142072,505.0,316.75
4513,105,2143,q2+q5,0.31376053,458.0,295.0
4513,105,2143,q2+q6,0.33325888,462.0,301.0
4513,105,2143,q3+q4,0.47064079,1661.0,968.0
4513,105,2143,q3+q5,0.35298059,1388.0,923.0
4513,105,2143,q3+q6,0.37247895,1433.0,938.0
4513,105,2143,q4+q5,0.35298059,3920.0,2235.0
4513,105,2143,q4+q6,0.37247895,3940.0,2244.0
4513,105,2143,q5+q6,0.25481875,30600.0,10631.25
4513,105,2143,q1+q2+q3,0.50986086,367.0,257.0
4513,105,2143,q1+q2+q4,0.50986086,367.0,257.0
4513,105,2143,q1+q2+q5,0.39220066,308.0,209.0
4513,105,2143,q1+q2+q6,0.41169901,312.0,221.0
4513,105,2143,q1+q3+q4,0.54908092,1125.0,810.0
4513,105,2143,q1+q3+q5,0.43142072,923.0,635.25
4513,105,2143,q1+q3+q6,0.45091908,938.0,641.25
4513,105,2143,q1+q4+q5,0.43142072,2600.0,1727.0
4513,105,2143,q1+q4+q6,0.45091908,2600.0,1742.2222
4513,105,2143,q1+q5+q6,0.33325888,7800.0,6225.0
4513,105,2143,q2+q3+q4,0.66674112,859.0,445.0
4513,105,2143,q2+q3+q5,0.54908092,770.0,396.625
4513,105,2143,q2+q3+q6,0.56857928,804.0,401.0
4513,105,2143,q2+q4+q5,0.54908092,804.0,401.0
4513,105,2143,q2+q4+q6,0.56857928,804.0,402.0
4513,105,2143,q2+q5+q6,0.45091908,536.0,327.0
4513,105,2143,q3+q4+q5,0.58830099,2160.0,1050.0
4513,105,2143,q3+q4+q6,0.60779934,2214.0,1052.0
4513,105,2143,q3+q5+q6,0.49013914,1767.0,1005.0
4513,105,2143,q4+q5+q6,0.49013914,5724.0,2520.0
4513,105,2143,q1+q2+q3+q4,0.74518125,514.0,316.75
4513,105,2143,q1+q2+q3+q5,0.62752105,458.0,295.0
4513,105,2143,q1+q2+q3+q6,0.64701941,462.0,301.0
4513,105,2143,q1+q2+q4+q5,0.62752105,458.0,295.0
4513,105,2143,q1+q2+q4+q6,0.64701941,462.0,301.0
4513,105,2143,q1+q2+q5+q6,0.52935921,369.0,262.0
4513,105,2143,q1+q3+q4+q5,0.66674112,1388.0,923.0
4513,105,2143,q1+q3+q4+q6,0.68623947,1433.0,923.0
4513,105,2143,q1+q3+q5+q6,0.56857928,1175.0,872.0
4513,105,2143,q1+q4+q5+q6,0.56857928,3120.0,2100.0
4513,105,2143,q2+q3+q4+q5,0.78440132,968.0,546.1111
4513,105,2143,q2+q3+q4+q6,0.80389967,968.0,549.0
4513,105,2143,q2+q3+q5+q6,0.68623947,907.0,458.75
4513,105,2143,q2+q4+q5+q6,0.68623947,1210.0,466.0
4513,105,2143,q3+q4+q5+q6,0.72545954,2552.0,1294.0
4513,105,2143,q1+q2+q3+q4+q5,0.86284145,770.0,396.625
4513,105,2143,q1+q2+q3+q4+q6,0.8823398,804.0,401.0
4513,105,2143,q1+q2+q3+q5+q6,0.7646796,599.0,330.5
4513,105,2143,q1+q2+q4+q5+q6,0.7646796,599.0,330.5
4513,105,2143,q1+q3+q4+q5+q6,0.80389967,1767.0,983.0
4513,105,2143,q2+q3+q4+q5+q6,0.92155987,1166.0,719.3333
4513,105,2143,q1+q2+q3+q4+q5+q6,1.0,907.0,458.75
4513,105,2143,all,1.0,907.0,458.75
4514,105,2144,q1,0.07844055,134.0,117.0
4514,105,2144,q2,0.19610137,312.0,262.0
4514,105,2144,q3,0.23532165,983.0,830.5
4514,105,2144,q4,0.23532165,3040.0,2100.0
4514,105,2144,q5,0.11766082,15345.0,9245.0
4514,105,2144,q6,0.13715396,68800.0,46440.0
4514,105,2144,q1+q2,0.27454192,257.0,169.0
4514,105,2144,q1+q3,0.3137622,711.0,377.0
4514,105,2144,q1+q4,0.3137622,902.0,377.0
4514,105,2144,q1+q5,0.19610137,189.0,146.0
4514,105,2144,q1+q6,0.21559451,200.0,152.0
4514,105,2144,q2+q3,0.43142302,458.0,317.5
4514,105,2144,q2+q4,0.43142302,458.0,317.5
4514,105,2144,q2+q5,0.3137622,403.0,293.0
4514,105,2144,q2+q6,0.33325533,422.0,295.0
4514,105,2144,q3+q4,0.47064329,1461.0,949.5
4514,105,2144,q3+q5,0.35298247,1313.0,900.0
4514,105,2144,q3+q6,0.37247561,1313.0,923.0
4514,105,2144,q4+q5,0.35298247,3920.0,2184.6667
4514,105,2144,q4+q6,0.37247561,3960.0,2214.0
4514,105,2144,q5+q6,0.25481479,29025.0,12400.0
4514,105,2144,q1+q2+q3,0.50986357,345.0,262.0
4514,105,2144,q1+q2+q4,0.50986357,345.0,262.0
4514,105,2144,q1+q2+q5,0.39220274,293.0,201.5
4514,105,2144,q1+q2+q6,0.41169588,295.0,221.5
4514,105,2144,q1+q3+q4,0.54908384,983.0,823.5
4514,105,2144,q1+q3+q5,0.43142302,855.0,596.25
4514,105,2144,q1+q3+q6,0.45091616,923.0,645.8333
4514,105,2144,q1+q4+q5,0.43142302,2400.0,1845.0
4514,105,2144,q1+q4+q6,0.45091616,2460.0,1890.0
4514,105,2144,q1+q5+q6,0.33325533,9245.0,6457.5
4514,105,2144,q2+q3+q4,0.66674467,804.0,424.0
4514,105,2144,q2+q3+q5,0.54908384,635.0,397.0
4514,105,2144,q2+q3+q6,0.56857698,654.0,402.0
4514,105,2144,q2+q4+q5,0.54908384,635.0,402.0
4514,105,2144,q2+q4+q6,0.56857698,654.0,403.0
4514,105,2144,q2+q5+q6,0.45091616,466.0,327.0
4514,105,2144,q3+q4+q5,0.58830412,2052.0,1029.5
4514,105,2144,q3+q4+q6,0.60779726,2100.0,1050.0
4514,105,2144,q3+q5+q6,0.49013643,1470.0,968.0
4514,105,2144,q4+q5+q6,0.49013643,5076.0,2470.0
4514,105,2144,q1+q2+q3+q4,0.74518521,466.0,317.5
4514,105,2144,q1+q2+q3+q5,0.62752439,422.0,293.0
4514,105,2144,q1+q2+q3+q6,0.64701753,430.0,295.0
4514,105,2144,q1+q2+q4+q5,0.62752439,422.0,293.0
4514,105,2144,q1+q2+q4+q6,0.64701753,430.0,295.0
4514,105,2144,q1+q2+q5+q6,0.52935671,346.0,262.0
4514,105,2144,q1+q3+q4+q5,0.66674467,1313.0,887.75
4514,105,2144,q1+q3+q4+q6,0.6862378,1313.0,923.0
4514,105,2144,q1+q3+q5+q6,0.56857698,983.0,840.0
4514,105,2144,q1+q4+q5+q6,0.56857698,3454.0,2100.0
4514,105,2144,q2+q3+q4+q5,0.78440549,855.0,480.0
4514,105,2144,q2+q3+q4+q6,0.80389863,886.0,490.0
4514,105,2144,q2+q3+q5+q6,0.6862378,810.0,430.0
4514,105,2144,q2+q4+q5+q6,0.6862378,979.0,466.0
4514,105,2144,q3+q4+q5+q6,0.72545808,2214.0,1300.0
4514,105,2144,q1+q2+q3+q4+q5,0.86284604,635.0,397.0
4514,105,2144,q1+q2+q3+q4+q6,0.88233918,654.0,402.0
4514,105,2144,q1+q2+q3+q5+q6,0.76467835,473.0,327.0
4514,105,2144,q1+q2+q4+q5+q6,0.76467835,473.0,327.0
4514,105,2144,q1+q3+q4+q5+q6,0.80389863,1470.0,963.75
4514,105,2144,q2+q3+q4+q5+q6,0.92155945,983.0,711.0
4514,105,2144,q1+q2+q3+q4+q5+q6,1.0,810.0,430.0
4514,105,2144,all,1.0,810.0,430.0
4515,105,2145,q1,0.0784649,126.0,103.5
4515,105,2145,q2,0.19616224,295.0,252.0
4515,105,2145,q3,0.23539469,1260.0,876.8333
4515,105,2145,q4,0.23539469,3650.0,2170.0
4515,105,2145,q5,0.11769735,15345.0,7987.5
4515,105,2145,q6,0.13688614,85623.0,40050.0
4515,105,2145,q1+q2,0.27462714,252.0,146.0
4515,105,2145,q1+q3,0.31385959,711.0,377.0
4515,105,2145,q1+q4,0.31385959,902.0,377.0
4515,105,2145,q1+q5,0.19616224,189.0,138.0
4515,105,2145,q1+q6,0.21535103,200.0,146.0
4515,105,2145,q2+q3,0.43155693,466.0,295.0
4515,105,2145,q2+q4,0.43155693,466.0,295.0
4515,105,2145,q2+q5,0.31385959,441.0,257.0
4515,105,2145,q2+q6,0.33304838,441.0,262.0
4515,105,2145,q3+q4,0.47078938,1780.0,1039.5
4515,105,2145,q3+q5,0.35309204,1450.0,955.5
4515,105,2145,q3+q6,0.37228083,1461.0,977.2667
4515,105,2145,q4+q5,0.35309204,4624.0,2394.0
4515,105,2145,q4+q6,0.37228083,4828.0,2400.0
4515,105,2145,q5+q6,0.25458348,29025.0,12217.5
4515,105,2145,q1+q2+q3,0.51002183,319.0,252.0
4515,105,2145,q1+q2+q4,0.51002183,319.0,252.0
4515,105,2145,q1+q2+q5,0.39232448,269.0,189.0
4515,105,2145,q1+q2+q6,0.41151327,288.0,198.0
4515,105,2145,q1+q3+q4,0.54925428,1260.0,855.0
4515,105,2145,q1+q3+q5,0.43155693,938.0,653.8889
4515,105,2145,q1+q3+q6,0.45074572,968.0,675.0
4515,105,2145,q1+q4+q5,0.43155693,2600.0,1890.0
4515,105,2145,q1+q4+q6,0.45074572,2720.0,1961.3333
4515,105,2145,q1+q5+q6,0.33304838,9245.0,6393.3333
4515,105,2145,q2+q3+q4,0.66695162,794.0,402.0
4515,105,2145,q2+q3+q5,0.54925428,711.0,343.75
4515,105,2145,q2+q3+q6,0.56844307,718.0,360.5
4515,105,2145,q2+q4+q5,0.54925428,734.0,343.75
4515,105,2145,q2+q4+q6,0.56844307,734.0,360.5
4515,105,2145,q2+q5+q6,0.45074572,480.0,302.5
4515,105,2145,q3+q4+q5,0.58848673,2160.0,1260.0
4515,105,2145,q3+q4+q6,0.60767552,2214.0,1260.0
4515,105,2145,q3+q5+q6,0.48997817,1796.0,1050.0
4515,105,2145,q4+q5+q6,0.48997817,6624.0,2595.0
4515,105,2145,q1+q2+q3+q4,0.74541652,473.0,295.0
4515,105,2145,q1+q2+q3+q5,0.62771917,441.0,261.0
4515,105,2145,q1+q2+q3+q6,0.64690796,446.0,268.0
4515,105,2145,q1+q2+q4+q5,0.62771917,441.0,261.0
4515,105,2145,q1+q2+q4+q6,0.64690796,446.0,268.0
4515,105,2145,q1+q2+q5+q6,0.52921062,319.0,252.0
4515,105,2145,q1+q3+q4+q5,0.66695162,1450.0,938.0
4515,105,2145,q1+q3+q4+q6,0.68614041,1461.0,968.0
4515,105,2145,q1+q3+q5+q6,0.56844307,1300.0,898.0
4515,105,2145,q1+q4+q5+q6,0.56844307,3920.0,2184.6667
4515,105,2145,q2+q3+q4+q5,0.78464897,923.0,546.1111
4515,105,2145,q2+q3+q4+q6,0.80383776,968.0,553.5
4515,105,2145,q2+q3+q5+q6,0.68614041,806.0,420.0
4515,105,2145,q2+q4+q5+q6,0.68614041,1089.0,429.5
4515,105,2145,q3+q4+q5+q6,0.72537286,2560.0,1384.0
4515,105,2145,q1+q2+q3+q4+q5,0.86311386,711.0,352.75
4515,105,2145,q1+q2+q3+q4+q6,0.88230265,718.0,360.5
4515,105,2145,q1+q2+q3+q5+q6,0.76460531,507.0,306.5
4515,105,2145,q1+q2+q4+q5+q6,0.76460531,507.0,306.5
4515,105,2145,q1+q3+q4+q5+q6,0.80383776,1796.0,1050.0
4515,105,2145,q2+q3+q4+q5+q6,0.9215351,1175.0,711.0
4515,105,2145,q1+q2+q3+q4+q5+q6,1.0,806.0,420.0
4515,105,2145,all,1.0,806.0,420.0
4516,105,2146,q1,0.07844208,123.0,114.0
4516,105,2146,q2,0.1961052,346.0,252.0
4516,105,2146,q3,0.23532624,1300.0,830.5
4516,105,2146,q4,0.23532624,3650.0,2160.0
4516,105,2146,q5,0.11766312,15542.0,7800.0
4516,105,2146,q6,0.13713714,88888.0,37210.0
4516,105,2146,q1+q2,0.27454727,257.0,161.0
4516,105,2146,q1+q3,0.31376831,711.0,377.0
4516,105,2146,q1+q4,0.31376831,902.0,377.0
4516,105,2146,q1+q5,0.1961052,192.0,139.0
4516,105,2146,q1+q6,0.21557921,218.0,146.0
4516,105,2146,q2+q3,0.43143143,635.0,315.0
4516,105,2146,q2+q4,0.43143143,635.0,315.0
4516,105,2146,q2+q5,0.31376831,462.0,288.0
4516,105,2146,q2+q6,0.33324233,466.0,295.0
4516,105,2146,q3+q4,0.47065247,1985.0,990.0
4516,105,2146,q3+q5,0.35298935,1530.0,923.0
4516,105,2146,q3+q6,0.37246337,1661.0,923.0
4516,105,2146,q4+q5,0.35298935,4428.0,2312.0
4516,105,2146,q4+q6,0.37246337,4428.0,2394.0
4516,105,2146,q5+q6,0.25480025,29025.0,11307.75
4516,105,2146,q1+q2+q3,0.50987351,377.0,252.0
4516,105,2146,q1+q2+q4,0.50987351,377.0,252.0
4516,105,2146,q1+q2+q5,0.39221039,301.0,200.0
4516,105,2146,q1+q2+q6,0.41168441,312.0,219.5
4516,105,2146,q1+q3+q4,0.54909455,1300.0,830.5
4516,105,2146,q1+q3+q5,0.43143143,923.0,641.25
4516,105,2146,q1+q3+q6,0.45090545,968.0,651.0
4516,105,2146,q1+q4+q5,0.43143143,2560.0,1868.0
4516,105,2146,q1+q4+q6,0.45090545,2600.0,1890.0
4516,105,2146,q1+q5+q6,0.33324233,9245.0,6228.75
4516,105,2146,q2+q3+q4,0.66675767,855.0,420.0
4516,105,2146,q2+q3+q5,0.54909455,760.0,370.25
4516,105,2146,q2+q3+q6,0.56856857,770.0,380.0
4516,105,2146,q2+q4+q5,0.54909455,786.0,370.25
4516,105,2146,q2+q4+q6,0.56856857,786.0,380.0
4516,105,2146,q2+q5+q6,0.45090545,718.0,319.0
4516,105,2146,q3+q4+q5,0.58831559,2385.0,1085.75
4516,105,2146,q3+q4+q6,0.60778961,2460.0,1125.0
4516,105,2146,q3+q5+q6,0.49012649,2079.0,992.5
4516,105,2146,q4+q5+q6,0.49012649,6780.0,2560.0
4516,105,2146,q1+q2+q3+q4,0.74519975,654.0,315.0
4516,105,2146,q1+q2+q3+q5,0.62753663,466.0,291.5
4516,105,2146,q1+q2+q3+q6,0.64701065,473.0,295.0
4516,105,2146,q1+q2+q4+q5,0.62753663,466.0,291.5
4516,105,2146,q1+q2+q4+q6,0.64701065,473.0,295.0
4516,105,2146,q1+q2+q5+q6,0.52934753,420.0,257.0
4516,105,2146,q1+q3+q4+q5,0.66675767,1530.0,923.0
4516,105,2146,q1+q3+q4+q6,0.68623169,1661.0,923.0
4516,105,2146,q1+q3+q5+q6,0.56856857,1350.0,855.0
4516,105,2146,q1+q4+q5+q6,0.56856857,3650.0,2170.0
4516,105,2146,q2+q3+q4+q5,0.78442079,968.0,490.0
4516,105,2146,q2+q3+q4+q6,0.8038948,983.0,546.1111
4516,105,2146,q2+q3+q5+q6,0.68623169,886.0,424.0
4516,105,2146,q2+q4+q5+q6,0.68623169,1119.0,458.0
4516,105,2146,q3+q4+q5+q6,0.72545273,2600.0,1373.0
4516,105,2146,q1+q2+q3+q4+q5,0.86286286,760.0,373.0
4516,105,2146,q1+q2+q3+q4+q6,0.88233688,786.0,380.0
4516,105,2146,q1+q2+q3+q5+q6,0.76467376,711.0,319.0
4516,105,2146,q1+q2+q4+q5+q6,0.76467376,718.0,319.0
4516,105,2146,q1+q3+q4+q5+q6,0.8038948,2079.0,992.5
4516,105,2146,q2+q3+q4+q5+q6,0.92155792,1210.0,675.0
4516,105,2146,q1+q2+q3+q4+q5+q6,1.0,886.0,424.0
4516,105,2146,all,1.0,886.0,424.0
4517,105,2147,q1,0.07844208,126.0,115.0
4517,105,2147,q2,0.1961052,288.0,252.0
4517,105,2147,q3,0.23532624,1260.0,898.0
4517,105,2147,q4,0.23532624,3640.0,2160.0
4517,105,2147,q5,0.11766312,14520.0,8606.25
4517,105,2147,q6,0.13713714,71500.0,45000.0
4517,105,2147,q1+q2,0.27454727,252.0,139.0
4517,105,2147,q1+q3,0.31376831,711.0,377.0
4517,105,2147,q1+q4,0.31376831,902.0,377.0
4517,105,2147,q1+q5,0.1961052,186.0,146.0
4517,105,2147,q1+q6,0.21557921,192.0,150.0
4517,105,2147,q2+q3,0.43143143,458.0,293.0
4517,105,2147,q2+q4,0.43143143,458.0,293.0
4517,105,2147,q2+q5,0.31376831,360.0,252.0
4517,105,2147,q2+q6,0.33324233,403.0,252.0
4517,105,2147,q3+q4,0.47065247,1530.0,1066.5
4517,105,2147,q3+q5,0.35298935,1388.0,968.0
4517,105,2147,q3+q6,0.37246337,1450.0,983.0
4517,105,2147,q4+q5,0.35298935,4428.0,2394.0
4517,105,2147,q4+q6,0.37246337,4428.0,2400.0
4517,105,2147,q5+q6,0.25480025,27675.0,12400.0
4517,105,2147,q1+q2+q3,0.50987351,301.0,252.0
4517,105,2147,q1+q2+q4,0.50987351,301.0,252.0
4517,105,2147,q1+q2+q5,0.39221039,262.0,184.0
4517,105,2147,q1+q2+q6,0.41168441,265.0,189.0
4517,105,2147,q1+q3+q4,0.54909455,1260.0,872.0
4517,105,2147,q1+q3+q5,0.43143143,923.0,651.0
4517,105,2147,q1+q3+q6,0.45090545,968.0,711.0
4517,105,2147,q1+q4+q5,0.43143143,2560.0,1890.0
4517,105,2147,q1+q4+q6,0.45090545,2600.0,2028.75
4517,105,2147,q1+q5+q6,0.33324233,9245.0,6228.75
4517,105,2147,q2+q3+q4,0.66675767,804.0,420.0
4517,105,2147,q2+q3+q5,0.54909455,536.0,319.0
4517,105,2147,q2+q3+q6,0.56856857,654.0,358.25
4517,105,2147,q2+q4+q5,0.54909455,536.0,319.0
4517,105,2147,q2+q4+q6,0.56856857,654.0,358.25
4517,105,2147,q2+q5+q6,0.45090545,458.0,295.0
4517,105,2147,q3+q4+q5,0.58831559,1863.0,1300.0
4517,105,2147,q3+q4+q6,0.60778961,2052.0,1300.0
4517,105,2147,q3+q5+q6,0.49012649,1530.0,1178.0
4517,105,2147,q4+q5+q6,0.49012649,6152.0,2595.0
4517,105,2147,q1+q2+q3+q4,0.74519975,458.0,293.0
4517,105,2147,q1+q2+q3+q5,0.62753663,403.0,252.0
4517,105,2147,q1+q2+q3+q6,0.64701065,422.0,252.0
4517,105,2147,q1+q2+q4+q5,0.62753663,403.0,252.0
4517,105,2147,q1+q2+q4+q6,0.64701065,422.0,252.0
4517,105,2147,q1+q2+q5+q6,0.52934753,312.0,252.0
4517,105,2147,q1+q3+q4+q5,0.66675767,1388.0,963.75
4517,105,2147,q1+q3+q4+q6,0.68623169,1450.0,977.2667
4517,105,2147,q1+q3+q5+q6,0.56856857,1300.0,923.0
4517,105,2147,q1+q4+q5+q6,0.56856857,3650.0,2170.0
4517,105,2147,q2+q3+q4+q5,0.78442079,923.0,490.0
4517,105,2147,q2+q3+q4+q6,0.8038948,938.0,547.5
4517,105,2147,q2+q3+q5+q6,0.68623169,810.0,424.0
4517,105,2147,q2+q4+q5+q6,0.68623169,979.0,458.0
4517,105,2147,q3+q4+q5+q6,0.72545273,2460.0,1432.5
4517,105,2147,q1+q2+q3+q4+q5,0.86286286,613.0,319.0
4517,105,2147,q1+q2+q3+q4+q6,0.88233688,661.0,358.25
4517,105,2147,q1+q2+q3+q5+q6,0.76467376,458.0,295.0
4517,105,2147,q1+q2+q4+q5+q6,0.76467376,458.0,295.0
4517,105,2147,q1+q3+q4+q5+q6,0.8038948,1530.0,1175.0
4517,105,2147,q2+q3+q4+q5+q6,0.92155792,1175.0,755.0
4517,105,2147,q1+q2+q3+q4+q5+q6,1.0,848.0,424.0
4517,105,2147,all,1.0,848.0,424.0
4518,105,2148,q1,0.07844208,134.0,115.0
4518,105,2148,q2,0.1961052,312.0,261.0
4518,105,2148,q3,0.23532624,1050.0,830.5
4518,105,2148,q4,0.23532624,3180.0,2100.0
4518,105,2148,q5,0.11766312,15542.0,8633.5
4518,105,2148,q6,0.13713714,71500.0,43194.1667
4518,105,2148,q1+q2,0.27454727,252.0,168.0
4518,105,2148,q1+q3,0.31376831,711.0,377.0
4518,105,2148,q1+q4,0.31376831,902.0,377.0
4518,105,2148,q1+q5,0.1961052,186.0,146.0
4518,105,2148,q1+q6,0.21557921,200.0,149.0
4518,105,2148,q2+q3,0.43143143,466.0,315.0
4518,105,2148,q2+q4,0.43143143,466.0,315.0
4518,105,2148,q2+q5,0.31376831,403.0,293.0
4518,105,2148,q2+q6,0.33324233,422.0,295.0
4518,105,2148,q3+q4,0.47065247,1530.0,949.5
4518,105,2148,q3+q5,0.35298935,1313.0,876.8333
4518,105,2148,q3+q6,0.37246337,1373.0,905.75
4518,105,2148,q4+q5,0.35298935,3960.0,2214.0
4518,105,2148,q4+q6,0.37246337,3960.0,2214.0
4518,105,2148,q5+q6,0.25480025,30159.0,12217.5
4518,105,2148,q1+q2+q3,0.50987351,319.0,262.0
4518,105,2148,q1+q2+q4,0.50987351,319.0,262.0
4518,105,2148,q1+q2+q5,0.39221039,293.0,206.6667
4518,105,2148,q1+q2+q6,0.41168441,295.0,221.5
4518,105,2148,q1+q3+q4,0.54909455,1050.0,823.5
4518,105,2148,q1+q3+q5,0.43143143,855.0,645.8333
4518,105,2148,q1+q3+q6,0.45090545,923.0,711.0
4518,105,2148,q1+q4+q5,0.43143143,2514.0,1868.0
4518,105,2148,q1+q4+q6,0.45090545,2514.0,1890.0
4518,105,2148,q1+q5+q6,0.33324233,9245.0,6228.75
4518,105,2148,q2+q3+q4,0.66675767,810.0,424.0
4518,105,2148,q2+q3+q5,0.54909455,661.0,393.0
4518,105,2148,q2+q3+q6,0.56856857,711.0,401.0
4518,105,2148,q2+q4+q5,0.54909455,661.0,393.0
4518,105,2148,q2+q4+q6,0.56856857,718.0,402.0
4518,105,2148,q2+q5+q6,0.45090545,473.0,318.5
4518,105,2148,q3+q4+q5,0.58831559,2100.0,1050.0
4518,105,2148,q3+q4+q6,0.60778961,2160.0,1052.0
4518,105,2148,q3+q5+q6,0.49012649,1661.0,968.0
4518,105,2148,q4+q5+q6,0.49012649,5724.0,2490.0
4518,105,2148,q1+q2+q3+q4,0.74519975,466.0,315.0
4518,105,2148,q1+q2+q3+q5,0.62753663,422.0,293.0
4518,105,2148,q1+q2+q3+q6,0.64701065,422.0,295.0
4518,105,2148,q1+q2+q4+q5,0.62753663,422.0,293.0
4518,105,2148,q1+q2+q4+q6,0.64701065,422.0,295.0
4518,105,2148,q1+q2+q5+q6,0.52934753,346.0,269.0
4518,105,2148,q1+q3+q4+q5,0.66675767,1313.0,872.0
4518,105,2148,q1+q3+q4+q6,0.68623169,1373.0,898.0
4518,105,2148,q1+q3+q5+q6,0.56856857,1125.0,840.0
4518,105,2148,q1+q4+q5+q6,0.56856857,3454.0,2121.7778
4518,105,2148,q2+q3+q4+q5,0.78442079,907.0,490.0
4518,105,2148,q2+q3+q4+q6,0.8038948,923.0,547.5
4518,105,2148,q2+q3+q5+q6,0.68623169,848.0,430.0
4518,105,2148,q2+q4+q5+q6,0.68623169,1044.0,458.75
4518,105,2148,q3+q4+q5+q6,0.72545273,2385.0,1313.0
4518,105,2148,q1+q2+q3+q4+q5,0.86286286,661.0,393.0
4518,105,2148,q1+q2+q3+q4+q6,0.88233688,711.0,401.0
4518,105,2148,q1+q2+q3+q5+q6,0.76467376,475.0,319.0
4518,105,2148,q1+q2+q4+q5+q6,0.76467376,475.0,319.0
4518,105,2148,q1+q3+q4+q5+q6,0.8038948,1661.0,968.0
4518,105,2148,q2+q3+q4+q5+q6,0.92155792,1050.0,734.0
4518,105,2148,q1+q2+q3+q4+q5+q6,1.0,848.0,430.0
4518,105,2148,all,1.0,848.0,430.0
4519,105,2149,q1,0.07844208,127.0,120.75
4519,105,2149,q2,0.1961052,312.0,252.0
4519,105,2149,q3,0.23532624,1125.0,830.5
4519,105,2149,q4,0.23532624,2720.0,2060.0
4519,105,2149,q5,0.11766312,12825.0,7793.3333
4519,105,2149,q6,0.13713714,88888.0,42519.1667
4519,105,2149,q1+q2,0.27454727,252.0,168.0
4519,105,2149,q1+q3,0.31376831,711.0,377.0
4519,105,2149,q1+q4,0.31376831,902.0,377.0
4519,105,2149,q1+q5,0.1961052,185.0,146.0
4519,105,2149,q1+q6,0.21557921,200.0,150.0
4519,105,2149,q2+q3,0.43143143,466.0,312.0
4519,105,2149,q2+q4,0.43143143,466.0,312.0
4519,105,2149,q2+q5,0.31376831,403.0,293.0
4519,105,2149,q2+q6,0.33324233,430.0,295.0
4519,105,2149,q3+q4,0.47065247,1767.0,968.0
4519,105,2149,q3+q5,0.35298935,1388.0,923.0
4519,105,2149,q3+q6,0.37246337,1450.0,938.0
4519,105,2149,q4+q5,0.35298935,3920.0,2214.0
4519,105,2149,q4+q6,0.37246337,3940.0,2235.0
4519,105,2149,q5+q6,0.25480025,30159.0,11175.0
4519,105,2149,q1+q2+q3,0.50987351,319.0,252.0
4519,105,2149,q1+q2+q4,0.50987351,319.0,252.0
4519,105,2149,q1+q2+q5,0.39221039,301.0,219.5
4519,105,2149,q1+q2+q6,0.41168441,301.0,221.0
4519,105,2149,q1+q3+q4,0.54909455,1125.0,795.0
4519,105,2149,q1+q3+q5,0.43143143,923.0,579.5
4519,105,2149,q1+q3+q6,0.45090545,968.0,641.25
4519,105,2149,q1+q4+q5,0.43143143,2560.0,1680.0
4519,105,2149,q1+q4+q6,0.45090545,2600.0,1727.0
4519,105,2149,q1+q5+q6,0.33324233,9245.0,6225.0
4519,105,2149,q2+q3+q4,0.66675767,855.0,424.0
4519,105,2149,q2+q3+q5,0.54909455,711.0,367.0
4519,105,2149,q2+q3+q6,0.56856857,721.0,367.0
4519,105,2149,q2+q4+q5,0.54909455,734.0,367.0
4519,105,2149,q2+q4+q6,0.56856857,760.0,367.0
4519,105,2149,q2+q5+q6,0.45090545,466.0,314.5
4519,105,2149,q3+q4+q5,0.58831559,2160.0,1026.0
4519,105,2149,q3+q4+q6,0.60778961,2214.0,1029.5
4519,105,2149,q3+q5+q6,0.49012649,1796.0,983.0
4519,105,2149,q4+q5+q6,0.49012649,5724.0,2514.0
4519,105,2149,q1+q2+q3+q4,0.74519975,466.0,312.0
4519,105,2149,q1+q2+q3+q5,0.62753663,430.0,295.0
4519,105,2149,q1+q2+q3+q6,0.64701065,445.0,295.0
4519,105,2149,q1+q2+q4+q5,0.62753663,430.0,295.0
4519,105,2149,q1+q2+q4+q6,0.64701065,445.0,295.0
4519,105,2149,q1+q2+q5+q6,0.52934753,346.0,261.0
4519,105,2149,q1+q3+q4+q5,0.66675767,1388.0,923.0
4519,105,2149,q1+q3+q4+q6,0.68623169,1450.0,923.0
4519,105,2149,q1+q3+q5+q6,0.56856857,1175.0,855.0
4519,105,2149,q1+q4+q5+q6,0.56856857,3040.0,2100.0
4519,105,2149,q2+q3+q4+q5,0.78442079,968.0,490.0
4519,105,2149,q2+q3+q4+q6,0.8038948,968.0,546.1111
4519,105,2149,q2+q3+q5+q6,0.68623169,870.0,429.5
4519,105,2149,q2+q4+q5+q6,0.68623169,1130.0,466.0
4519,105,2149,q3+q4+q5+q6,0.72545273,2541.0,1260.0
4519,105,2149,q1+q2+q3+q4+q5,0.86286286,711.0,367.0
4519,105,2149,q1+q2+q3+q4+q6,0.88233688,734.0,367.0
4519,105,2149,q1+q2+q3+q5+q6,0.76467376,473.0,315.0
4519,105,2149,q1+q2+q4+q5+q6,0.76467376,473.0,315.0
4519,105,2149,q1+q3+q4+q5+q6,0.8038948,1796.0,968.0
4519,105,2149,q2+q3+q4+q5+q6,0.92155792,1125.0,711.0
4519,105,2149,q1+q2+q3+q4+q5+q6,1.0,870.0,429.5
4519,105,2149,all,1.0,870.0,429.5
4520,105,2150,q1,0.07844208,127.0,120.0
4520,105,2150,q2,0.1961052,319.0,252.5
4520,105,2150,q3,0.23532624,1005.0,840.0
4520,105,2150,q4,0.23532624,3120.0,2100.0
4520,105,2150,q5,0.11766312,12825.0,7987.5
4520,105,2150,q6,0.13713714,68800.0,42590.5
4520,105,2150,q1+q2,0.27454727,252.0,168.0
4520,105,2150,q1+q3,0.31376831,711.0,377.0
4520,105,2150,q1+q4,0.31376831,902.0,377.0
4520,105,2150,q1+q5,0.1961052,185.0,149.75
4520,105,2150,q1+q6,0.21557921,200.0,161.0
4520,105,2150,q2+q3,0.43143143,505.0,316.75
4520,105,2150,q2+q4,0.43143143,505.0,316.75
4520,105,2150,q2+q5,0.31376831,445.0,295.0
4520,105,2150,q2+q6,0.33324233,458.0,295.0
4520,105,2150,q3+q4,0.47065247,1530.0,983.0
4520,105,2150,q3+q5,0.35298935,1350.0,923.0
4520,105,2150,q3+q6,0.37246337,1373.0,923.0
4520,105,2150,q4+q5,0.35298935,3920.0,2235.0
4520,105,2150,q4+q6,0.37246337,3940.0,2312.0
4520,105,2150,q5+q6,0.25480025,29025.0,11175.0
4520,105,2150,q1+q2+q3,0.50987351,360.0,252.5
4520,105,2150,q1+q2+q4,0.50987351,360.0,252.5
4520,105,2150,q1+q2+q5,0.39221039,299.0,206.6667
4520,105,2150,q1+q2+q6,0.41168441,312.0,221.25
4520,105,2150,q1+q3+q4,0.54909455,1005.0,823.5
4520,105,2150,q1+q3+q5,0.43143143,923.0,641.25
4520,105,2150,q1+q3+q6,0.45090545,923.0,675.0
4520,105,2150,q1+q4+q5,0.43143143,2514.0,1742.2222
4520,105,2150,q1+q4+q6,0.45090545,2560.0,1785.0
4520,105,2150,q1+q5+q6,0.33324233,7800.0,6228.75
4520,105,2150,q2+q3+q4,0.66675767,810.0,445.0
4520,105,2150,q2+q3+q5,0.54909455,718.0,401.0
4520,105,2150,q2+q3+q6,0.56856857,738.0,401.0
4520,105,2150,q2+q4+q5,0.54909455,738.0,401.0
4520,105,2150,q2+q4+q6,0.56856857,770.0,402.0
4520,105,2150,q2+q5+q6,0.45090545,532.0,319.0
4520,105,2150,q3+q4+q5,0.58831559,2052.0,1052.0
4520,105,2150,q3+q4+q6,0.60778961,2100.0,1085.75
4520,105,2150,q3+q5+q6,0.49012649,1651.0,1005.0
4520,105,2150,q4+q5+q6,0.49012649,5076.0,2514.0
4520,105,2150,q1+q2+q3+q4,0.74519975,505.0,317.5
4520,105,2150,q1+q2+q3+q5,0.62753663,446.0,295.0
4520,105,2150,q1+q2+q3+q6,0.64701065,458.0,295.0
4520,105,2150,q1+q2+q4+q5,0.62753663,446.0,295.0
4520,105,2150,q1+q2+q4+q6,0.64701065,458.0,295.0
4520,105,2150,q1+q2+q5+q6,0.52934753,401.0,262.0
4520,105,2150,q1+q3+q4+q5,0.66675767,1350.0,923.0
4520,105,2150,q1+q3+q4+q6,0.68623169,1373.0,923.0
4520,105,2150,q1+q3+q5+q6,0.56856857,1050.0,855.0
4520,105,2150,q1+q4+q5+q6,0.56856857,3120.0,2110.0
4520,105,2150,q2+q3+q4+q5,0.78442079,923.0,553.0
4520,105,2150,q2+q3+q4+q6,0.8038948,923.0,553.5
4520,105,2150,q2+q3+q5+q6,0.68623169,848.0,458.75
4520,105,2150,q2+q4+q5+q6,0.68623169,1106.0,466.0
4520,105,2150,q3+q4+q5+q6,0.72545273,2400.0,1300.0
4520,105,2150,q1+q2+q3+q4+q5,0.86286286,718.0,401.0
4520,105,2150,q1+q2+q3+q4+q6,0.88233688,738.0,401.0
4520,105,2150,q1+q2+q3+q5+q6,0.76467376,532.0,327.0
4520,105,2150,q1+q2+q4+q5+q6,0.76467376,532.0,327.0
4520,105,2150,q1+q3+q4+q5+q6,0.8038948,1651.0,1005.0
4520,105,2150,q2+q3+q4+q5+q6,0.92155792,1045.0,765.6667
4520,105,2150,q1+q2+q3+q4+q5+q6,1.0,848.0,458.75
4520,105,2150,all,1.0,848.0,458.75
