map_id,tier,nest_drop_id,quality_group,prob_in_group,p50_price_per_item,p50_price_per_cell
2101,101,2001,q1,0.29365701,160.0,134.0
2101,101,2001,q2,0.31323414,458.0,301.0
2101,101,2001,q3,0.29365701,1661.0,992.5
2101,101,2001,q4,0.07830854,5724.0,2514.0
2101,101,2001,q5,0.01957713,27675.0,11175.0
2101,101,2001,q6,0.00156617,68400.0,68100.0
2101,101,2001,q1+q2,0.60689115,295.0,192.0
2101,101,2001,q1+q3,0.58731402,711.0,377.0
2101,101,2001,q1+q4,0.37196554,186.0,146.0
2101,101,2001,q1+q5,0.31323414,168.0,137.0
2101,101,2001,q1+q6,0.29522318,160.0,134.0
2101,101,2001,q2+q3,0.60689115,923.0,480.0
2101,101,2001,q2+q4,0.39154268,536.0,319.0
2101,101,2001,q2+q5,0.33281128,466.0,312.0
2101,101,2001,q2+q6,0.31480031,458.0,301.0
2101,101,2001,q3+q4,0.37196554,2214.0,1175.0
2101,101,2001,q3+q5,0.31323414,1796.0,1026.0
2101,101,2001,q3+q6,0.29522318,1661.0,992.5
2101,101,2001,q4+q5,0.09788567,7655.0,2720.0
2101,101,2001,q4+q6,0.07987471,6012.0,2514.0
2101,101,2001,q5+q6,0.0211433,29500.0,11307.75
2101,101,2001,q1+q2+q3,0.90054816,466.0,302.5
2101,101,2001,q1+q2+q4,0.68519969,319.0,223.0
2101,101,2001,q1+q2+q5,0.62646829,304.0,200.0
2101,101,2001,q1+q2+q6,0.60845732,299.0,192.0
2101,101,2001,q1+q3+q4,0.66562255,923.0,651.0
2101,101,2001,q1+q3+q5,0.60689115,810.0,490.0
2101,101,2001,q1+q3+q6,0.58888019,711.0,396.625
2101,101,2001,q1+q4+q5,0.39154268,192.0,146.0
2101,101,2001,q1+q4+q6,0.37353171,189.0,146.0
2101,101,2001,q1+q5+q6,0.31480031,169.0,137.0
2101,101,2001,q2+q3+q4,0.68519969,1089.0,675.0
2101,101,2001,q2+q3+q5,0.62646829,938.0,547.5
2101,101,2001,q2+q3+q6,0.60845732,923.0,480.0
2101,101,2001,q2+q4+q5,0.41111981,635.0,343.75
2101,101,2001,q2+q4+q6,0.39310885,536.0,319.0
2101,101,2001,q2+q5+q6,0.33437745,466.0,312.0
2101,101,2001,q3+q4+q5,0.39154268,2363.0,1242.0
2101,101,2001,q3+q4+q6,0.37353171,2214.0,1175.0
2101,101,2001,q3+q5+q6,0.31480031,1796.0,1026.0
2101,101,2001,q4+q5+q6,0.09945184,7655.0,2720.0
2101,101,2001,q1+q2+q3+q4,0.9788567,599.0,327.0
2101,101,2001,q1+q2+q3+q5,0.92012529,473.0,312.0
2101,101,2001,q1+q2+q3+q6,0.90211433,466.0,306.5
2101,101,2001,q1+q2+q4+q5,0.70477682,340.0,239.3333
2101,101,2001,q1+q2+q4+q6,0.68676586,319.0,226.75
2101,101,2001,q1+q2+q5+q6,0.62803446,305.0,200.0
2101,101,2001,q1+q3+q4+q5,0.68519969,938.0,711.0
2101,101,2001,q1+q3+q4+q6,0.66718872,923.0,651.0
2101,101,2001,q1+q3+q5+q6,0.60845732,810.0,490.0
2101,101,2001,q1+q4+q5+q6,0.39310885,192.0,146.0
2101,101,2001,q2+q3+q4+q5,0.70477682,1130.0,711.0
2101,101,2001,q2+q3+q4+q6,0.68676586,1089.0,675.0
2101,101,2001,q2+q3+q5+q6,0.62803446,968.0,549.0
2101,101,2001,q2+q4+q5+q6,0.41268598,635.0,352.75
2101,101,2001,q3+q4+q5+q6,0.39310885,2363.0,1260.0
2101,101,2001,q1+q2+q3+q4+q5,0.99843383,654.0,352.75
2101,101,2001,q1+q2+q3+q4+q6,0.98042287,609.0,327.0
2101,101,2001,q1+q2+q3+q5+q6,0.92169146,473.0,312.0
2101,101,2001,q1+q2+q4+q5+q6,0.70634299,341.0,239.3333
2101,101,2001,q1+q3+q4+q5+q6,0.68676586,968.0,711.0
2101,101,2001,q2+q3+q4+q5+q6,0.70634299,1130.0,711.0
2101,101,2001,q1+q2+q3+q4+q5+q6,1.0,654.0,358.25
2101,101,2001,all,1.0,654.0,358.25
2102,101,2002,q1,0.29358995,156.0,134.0
2102,101,2002,q2,0.31316262,445.0,312.0
2102,101,2002,q3,0.29358995,1530.0,949.5
2102,101,2002,q4,0.07829065,5724.0,2460.0
2102,101,2002,q5,0.01957266,29025.0,12217.5
2102,101,2002,q6,0.00179416,54675.0,54675.0
2102,101,2002,q1+q2,0.60675257,295.0,200.0
2102,101,2002,q1+q3,0.58717991,711.0,377.0
2102,101,2002,q1+q4,0.37188061,189.0,143.0
2102,101,2002,q1+q5,0.31316262,168.0,137.0
2102,101,2002,q1+q6,0.29538411,156.0,134.0
2102,101,2002,q2+q3,0.60675257,855.0,475.0
2102,101,2002,q2+q4,0.39145327,475.0,360.0
2102,101,2002,q2+q5,0.33273528,458.0,317.5
2102,101,2002,q2+q6,0.31495678,445.0,312.0
2102,101,2002,q3+q4,0.37188061,2160.0,1050.0
2102,101,2002,q3+q5,0.31316262,1767.0,968.0
2102,101,2002,q3+q6,0.29538411,1530.0,949.5
2102,101,2002,q4+q5,0.09786332,6624.0,2600.0
2102,101,2002,q4+q6,0.08008481,5724.0,2470.0
2102,101,2002,q5+q6,0.02136682,33000.0,12480.0
2102,101,2002,q1+q2+q3,0.90034252,458.0,315.0
2102,101,2002,q1+q2+q4,0.68504322,331.0,257.0
2102,101,2002,q1+q2+q5,0.62632523,312.0,219.5
2102,101,2002,q1+q2+q6,0.60854673,299.0,200.0
2102,101,2002,q1+q3+q4,0.66547056,855.0,711.0
2102,101,2002,q1+q3+q5,0.60675257,848.0,490.0
2102,101,2002,q1+q3+q6,0.58897407,711.0,396.625
2102,101,2002,q1+q4+q5,0.39145327,200.0,146.0
2102,101,2002,q1+q4+q6,0.37367477,192.0,146.0
2102,101,2002,q1+q5+q6,0.31495678,169.0,137.0
2102,101,2002,q2+q3+q4,0.68504322,1044.0,675.0
2102,101,2002,q2+q3+q5,0.62632523,886.0,522.5
2102,101,2002,q2+q3+q6,0.60854673,855.0,475.0
2102,101,2002,q2+q4+q5,0.41102593,514.0,370.25
2102,101,2002,q2+q4+q6,0.39324743,475.0,360.0
2102,101,2002,q2+q5+q6,0.33452944,458.0,318.5
2102,101,2002,q3+q4+q5,0.39145327,2322.0,1125.0
2102,101,2002,q3+q4+q6,0.37367477,2160.0,1050.0
2102,101,2002,q3+q5+q6,0.31495678,1767.0,973.25
2102,101,2002,q4+q5+q6,0.09965748,6780.0,2655.0
2102,101,2002,q1+q2+q3+q4,0.97863318,480.0,360.0
2102,101,2002,q1+q2+q3+q5,0.91991519,458.0,327.0
2102,101,2002,q1+q2+q3+q6,0.90213668,458.0,315.0
2102,101,2002,q1+q2+q4+q5,0.70461589,346.0,262.0
2102,101,2002,q1+q2+q4+q6,0.68683738,331.0,257.0
2102,101,2002,q1+q2+q5+q6,0.62811939,312.0,219.5
2102,101,2002,q1+q3+q4+q5,0.68504322,923.0,770.75
2102,101,2002,q1+q3+q4+q6,0.66726472,855.0,711.0
2102,101,2002,q1+q3+q5+q6,0.60854673,848.0,490.0
2102,101,2002,q1+q4+q5+q6,0.39324743,200.0,146.0
2102,101,2002,q2+q3+q4+q5,0.70461589,1089.0,770.75
2102,101,2002,q2+q3+q4+q6,0.68683738,1044.0,711.0
2102,101,2002,q2+q3+q5+q6,0.62811939,907.0,546.1111
2102,101,2002,q2+q4+q5+q6,0.41282009,514.0,373.0
2102,101,2002,q3+q4+q5+q6,0.39324743,2322.0,1175.0
2102,101,2002,q1+q2+q3+q4+q5,0.99820584,532.0,373.0
2102,101,2002,q1+q2+q3+q4+q6,0.98042734,480.0,360.0
2102,101,2002,q1+q2+q3+q5+q6,0.92170935,458.0,327.0
2102,101,2002,q1+q2+q4+q5+q6,0.70641005,346.0,262.0
2102,101,2002,q1+q3+q4+q5+q6,0.68683738,923.0,770.75
2102,101,2002,q2+q3+q4+q5+q6,0.70641005,1089.0,770.75
2102,101,2002,q1+q2+q3+q4+q5+q6,1.0,536.0,377.0
2102,101,2002,all,1.0,536.0,377.0
2103,101,2003,q1,0.29359203,168.0,139.0
2103,101,2003,q2,0.31316484,458.0,295.0
2103,101,2003,q3,0.29359203,1470.0,962.75
2103,101,2003,q4,0.07829121,4428.0,2400.0
2103,101,2003,q5,0.0195728,24332.0,11175.0
2103,101,2003,q6,0.00178708,68800.0,68100.0
2103,101,2003,q1+q2,0.60675687,295.0,192.0
2103,101,2003,q1+q3,0.58718407,711.0,377.0
2103,101,2003,q1+q4,0.37188324,189.0,150.0
2103,101,2003,q1+q5,0.31316484,169.0,146.0
2103,101,2003,q1+q6,0.29537912,168.0,139.0
2103,101,2003,q2+q3,0.60675687,923.0,480.0
2103,101,2003,q2+q4,0.39145605,532.0,317.5
2103,101,2003,q2+q5,0.33273764,466.0,301.0
2103,101,2003,q2+q6,0.31495192,458.0,295.0
2103,101,2003,q3+q4,0.37188324,2045.0,1050.0
2103,101,2003,q3+q5,0.31316484,1661.0,983.0
2103,101,2003,q3+q6,0.29537912,1530.0,963.75
2103,101,2003,q4+q5,0.09786401,6540.0,2538.0
2103,101,2003,q4+q6,0.08007829,4428.0,2460.0
2103,101,2003,q5+q6,0.02135988,26605.0,11266.6667
2103,101,2003,q1+q2+q3,0.90034891,466.0,295.0
2103,101,2003,q1+q2+q4,0.68504808,315.0,221.5
2103,101,2003,q1+q2+q5,0.62632967,295.0,200.0
2103,101,2003,q1+q2+q6,0.60854395,295.0,192.0
2103,101,2003,q1+q3+q4,0.66547528,923.0,579.5
2103,101,2003,q1+q3+q5,0.60675687,810.0,424.0
2103,101,2003,q1+q3+q6,0.58897115,711.0,396.625
2103,101,2003,q1+q4+q5,0.39145605,192.0,152.5
2103,101,2003,q1+q4+q6,0.37367033,189.0,150.0
2103,101,2003,q1+q5+q6,0.31495192,169.0,146.0
2103,101,2003,q2+q3+q4,0.68504808,983.0,641.25
2103,101,2003,q2+q3+q5,0.62632967,923.0,508.6667
2103,101,2003,q2+q3+q6,0.60854395,923.0,480.0
2103,101,2003,q2+q4+q5,0.41102885,536.0,336.5
2103,101,2003,q2+q4+q6,0.39324313,532.0,317.5
2103,101,2003,q2+q5+q6,0.33452472,466.0,302.5
2103,101,2003,q3+q4+q5,0.39145605,2100.0,1125.0
2103,101,2003,q3+q4+q6,0.37367033,2045.0,1050.0
2103,101,2003,q3+q5+q6,0.31495192,1661.0,983.0
2103,101,2003,q4+q5+q6,0.09965109,6554.0,2538.0
2103,101,2003,q1+q2+q3+q4,0.97864012,532.0,317.5
2103,101,2003,q1+q2+q3+q5,0.91992171,473.0,302.5
2103,101,2003,q1+q2+q3+q6,0.90213599,466.0,295.0
2103,101,2003,q1+q2+q4+q5,0.70462088,317.0,226.75
2103,101,2003,q1+q2+q4+q6,0.68683516,315.0,221.5
2103,101,2003,q1+q2+q5+q6,0.62811676,295.0,200.0
2103,101,2003,q1+q3+q4+q5,0.68504808,923.0,651.0
2103,101,2003,q1+q3+q4+q6,0.66726236,923.0,579.5
2103,101,2003,q1+q3+q5+q6,0.60854395,848.0,424.0
2103,101,2003,q1+q4+q5+q6,0.39324313,198.0,152.5
2103,101,2003,q2+q3+q4+q5,0.70462088,1005.0,653.8889
2103,101,2003,q2+q3+q4+q6,0.68683516,983.0,641.25
2103,101,2003,q2+q3+q5+q6,0.62811676,923.0,522.5
2103,101,2003,q2+q4+q5+q6,0.41281593,613.0,343.75
2103,101,2003,q3+q4+q5+q6,0.39324313,2133.0,1125.0
2103,101,2003,q1+q2+q3+q4+q5,0.99821292,619.0,343.75
2103,101,2003,q1+q2+q3+q4+q6,0.9804272,532.0,318.5
2103,101,2003,q1+q2+q3+q5+q6,0.92170879,473.0,306.5
2103,101,2003,q1+q2+q4+q5+q6,0.70640797,317.0,228.5
2103,101,2003,q1+q3+q4+q5+q6,0.68683516,923.0,651.0
2103,101,2003,q2+q3+q4+q5+q6,0.70640797,1044.0,675.0
2103,101,2003,q1+q2+q3+q4+q5+q6,1.0,619.0,343.75
2103,101,2003,all,1.0,619.0,343.75
2104,101,2004,q1,0.2936773,168.0,128.5
2104,101,2004,q2,0.31325579,532.0,312.0
2104,101,2004,q3,0.2936773,1796.0,1005.0
2104,101,2004,q4,0.07831395,6554.0,2560.0
2104,101,2004,q5,0.01957849,29025.0,10096.25
2104,101,2004,q6,0.00149718,68100.0,54675.0
2104,101,2004,q1+q2,0.60693309,312.0,200.0
2104,101,2004,q1+q3,0.5873546,711.0,377.0
2104,101,2004,q1+q4,0.37199125,186.0,146.0
2104,101,2004,q1+q5,0.31325579,168.0,137.0
2104,101,2004,q1+q6,0.29517448,168.0,128.5
2104,101,2004,q2+q3,0.60693309,968.0,547.5
2104,101,2004,q2+q4,0.39156973,734.0,363.0
2104,101,2004,q2+q5,0.33283427,536.0,319.0
2104,101,2004,q2+q6,0.31475297,532.0,312.0
2104,101,2004,q3+q4,0.37199125,2363.0,1175.0
2104,101,2004,q3+q5,0.31325579,1985.0,1026.0
2104,101,2004,q3+q6,0.29517448,1796.0,1005.0
2104,101,2004,q4+q5,0.09789243,7800.0,2880.0
2104,101,2004,q4+q6,0.07981113,6624.0,2565.0
2104,101,2004,q5+q6,0.02107567,29700.0,11059.125
2104,101,2004,q1+q2+q3,0.90061039,536.0,312.0
2104,101,2004,q1+q2+q4,0.68524703,360.0,231.0
2104,101,2004,q1+q2+q5,0.62651157,317.0,201.5
2104,101,2004,q1+q2+q6,0.60843027,312.0,200.0
2104,101,2004,q1+q3+q4,0.66566855,923.0,675.0
2104,101,2004,q1+q3+q5,0.60693309,810.0,508.6667
2104,101,2004,q1+q3+q6,0.58885178,711.0,396.625
2104,101,2004,q1+q4+q5,0.39156973,200.0,150.0
2104,101,2004,q1+q4+q6,0.37348843,189.0,146.0
2104,101,2004,q1+q5+q6,0.31475297,168.0,137.0
2104,101,2004,q2+q3+q4,0.68524703,1125.0,711.0
2104,101,2004,q2+q3+q5,0.62651157,983.0,579.5
2104,101,2004,q2+q3+q6,0.60843027,968.0,549.0
2104,101,2004,q2+q4+q5,0.41114822,738.0,373.0
2104,101,2004,q2+q4+q6,0.39306691,734.0,363.0
2104,101,2004,q2+q5+q6,0.33433145,613.0,319.0
2104,101,2004,q3+q4+q5,0.39156973,2541.0,1242.0
2104,101,2004,q3+q4+q6,0.37348843,2363.0,1175.0
2104,101,2004,q3+q5+q6,0.31475297,1985.0,1029.0
2104,101,2004,q4+q5+q6,0.09938961,8115.0,2940.0
2104,101,2004,q1+q2+q3+q4,0.97892433,721.0,363.0
2104,101,2004,q1+q2+q3+q5,0.92018887,613.0,319.0
2104,101,2004,q1+q2+q3+q6,0.90210757,536.0,312.0
2104,101,2004,q1+q2+q4+q5,0.70482552,386.0,252.0
2104,101,2004,q1+q2+q4+q6,0.68674421,360.0,231.0
2104,101,2004,q1+q2+q5+q6,0.62800875,319.0,201.5
2104,101,2004,q1+q3+q4+q5,0.68524703,968.0,719.3333
2104,101,2004,q1+q3+q4+q6,0.66716573,923.0,675.0
2104,101,2004,q1+q3+q5+q6,0.60843027,810.0,546.1111
2104,101,2004,q1+q4+q5+q6,0.39306691,200.0,152.0
2104,101,2004,q2+q3+q4+q5,0.70482552,1175.0,755.0
2104,101,2004,q2+q3+q4+q6,0.68674421,1125.0,711.0
2104,101,2004,q2+q3+q5+q6,0.62800875,1005.0,596.25
2104,101,2004,q2+q4+q5+q6,0.4126454,755.0,380.0
2104,101,2004,q3+q4+q5+q6,0.39306691,2541.0,1260.0
2104,101,2004,q1+q2+q3+q4+q5,0.99850282,738.0,377.0
2104,101,2004,q1+q2+q3+q4+q6,0.98042151,721.0,363.0
2104,101,2004,q1+q2+q3+q5+q6,0.92168605,613.0,319.0
2104,101,2004,q1+q2+q4+q5+q6,0.7063227,388.0,252.0
2104,101,2004,q1+q3+q4+q5+q6,0.68674421,968.0,719.3333
2104,101,2004,q2+q3+q4+q5+q6,0.7063227,1175.0,765.6667
2104,101,2004,q1+q2+q3+q4+q5+q6,1.0,738.0,380.0
2104,101,2004,all,1.0,738.0,380.0
2105,101,2005,q1,0.29360255,168.0,137.0
2105,101,2005,q2,0.31317606,466.0,301.0
2105,101,2005,q3,0.29360255,1661.0,983.0
2105,101,2005,q4,0.07829401,4624.0,2460.0
2105,101,2005,q5,0.0195735,24969.0,10743.75
2105,101,2005,q6,0.00175131,68400.0,68100.0
2105,101,2005,q1+q2,0.60677861,295.0,198.0
2105,101,2005,q1+q3,0.58720511,711.0,377.0
2105,101,2005,q1+q4,0.37189657,189.0,149.75
2105,101,2005,q1+q5,0.31317606,169.0,139.0
2105,101,2005,q1+q6,0.29535387,168.0,138.0
2105,101,2005,q2+q3,0.60677861,923.0,490.0
2105,101,2005,q2+q4,0.39147007,613.0,330.5
2105,101,2005,q2+q5,0.33274956,466.0,312.0
2105,101,2005,q2+q6,0.31492737,466.0,302.5
2105,101,2005,q3+q4,0.37189657,2100.0,1085.75
2105,101,2005,q3+q5,0.31317606,1661.0,1005.0
2105,101,2005,q3+q6,0.29535387,1661.0,983.0
2105,101,2005,q4+q5,0.09786752,6824.0,2560.0
2105,101,2005,q4+q6,0.08004533,4788.0,2460.0
2105,101,2005,q5+q6,0.02132482,27675.0,11175.0
2105,101,2005,q1+q2+q3,0.90038117,466.0,306.5
2105,101,2005,q1+q2+q4,0.68507263,315.0,223.0
2105,101,2005,q1+q2+q5,0.62635212,301.0,200.0
2105,101,2005,q1+q2+q6,0.60852993,295.0,198.0
2105,101,2005,q1+q3+q4,0.66549912,923.0,641.25
2105,101,2005,q1+q3+q5,0.60677861,810.0,424.0
2105,101,2005,q1+q3+q6,0.58895642,711.0,396.625
2105,101,2005,q1+q4+q5,0.39147007,198.0,152.5
2105,101,2005,q1+q4+q6,0.37364788,189.0,149.75
2105,101,2005,q1+q5+q6,0.31492737,169.0,139.0
2105,101,2005,q2+q3+q4,0.68507263,1050.0,645.8333
2105,101,2005,q2+q3+q5,0.62635212,938.0,547.5
2105,101,2005,q2+q3+q6,0.60852993,923.0,490.0
2105,101,2005,q2+q4+q5,0.41104358,654.0,360.0
2105,101,2005,q2+q4+q6,0.39322139,613.0,330.5
2105,101,2005,q2+q5+q6,0.33450088,466.0,312.0
2105,101,2005,q3+q4+q5,0.39147007,2214.0,1175.0
2105,101,2005,q3+q4+q6,0.37364788,2100.0,1125.0
2105,101,2005,q3+q5+q6,0.31492737,1661.0,1005.0
2105,101,2005,q4+q5+q6,0.09961883,6960.0,2560.0
2105,101,2005,q1+q2+q3+q4,0.97867518,613.0,331.0
2105,101,2005,q1+q2+q3+q5,0.91995467,480.0,312.0
2105,101,2005,q1+q2+q3+q6,0.90213248,466.0,306.5
2105,101,2005,q1+q2+q4+q5,0.70464613,331.0,239.3333
2105,101,2005,q1+q2+q4+q6,0.68682394,317.0,223.0
2105,101,2005,q1+q2+q5+q6,0.62810343,301.0,200.0
2105,101,2005,q1+q3+q4+q5,0.68507263,923.0,653.8889
2105,101,2005,q1+q3+q4+q6,0.66725044,923.0,641.25
2105,101,2005,q1+q3+q5+q6,0.60852993,810.0,424.0
2105,101,2005,q1+q4+q5+q6,0.39322139,198.0,157.5
2105,101,2005,q2+q3+q4+q5,0.70464613,1125.0,711.0
2105,101,2005,q2+q3+q4+q6,0.68682394,1050.0,651.0
2105,101,2005,q2+q3+q5+q6,0.62810343,938.0,547.5
2105,101,2005,q2+q4+q5+q6,0.41279489,661.0,360.0
2105,101,2005,q3+q4+q5+q6,0.39322139,2214.0,1175.0
2105,101,2005,q1+q2+q3+q4+q5,0.99824869,661.0,360.0
2105,101,2005,q1+q2+q3+q4+q6,0.9804265,619.0,336.0
2105,101,2005,q1+q2+q3+q5+q6,0.92170599,480.0,312.0
2105,101,2005,q1+q2+q4+q5+q6,0.70639745,338.0,239.3333
2105,101,2005,q1+q3+q4+q5+q6,0.68682394,923.0,675.0
2105,101,2005,q2+q3+q4+q5+q6,0.70639745,1125.0,711.0
2105,101,2005,q1+q2+q3+q4+q5+q6,1.0,708.0,360.0
2105,101,2005,all,1.0,708.0,360.0
2106,101,2006,q1,0.29368001,160.0,137.0
2106,101,2006,q2,0.31325867,466.0,302.5
2106,101,2006,q3,0.29368001,1530.0,968.0
2106,101,2006,q4,0.07831467,4624.0,2460.0
2106,101,2006,q5,0.01957867,27675.0,9922.5
2106,101,2006,q6,0.00148798,68800.0,68400.0
2106,101,2006,q1+q2,0.60693868,301.0,192.0
2106,101,2006,q1+q3,0.58736001,711.0,377.0
2106,101,2006,q1+q4,0.37199467,184.0,146.0
2106,101,2006,q1+q5,0.31325867,168.0,138.0
2106,101,2006,q1+q6,0.29516798,161.0,137.0
2106,101,2006,q2+q3,0.60693868,923.0,546.1111
2106,101,2006,q2+q4,0.39157334,613.0,317.5
2106,101,2006,q2+q5,0.33283734,466.0,312.0
2106,101,2006,q2+q6,0.31474665,466.0,302.5
2106,101,2006,q3+q4,0.37199467,2133.0,1039.5
2106,101,2006,q3+q5,0.31325867,1661.0,984.5
2106,101,2006,q3+q6,0.29516798,1651.0,968.0
2106,101,2006,q4+q5,0.09789334,7655.0,2655.0
2106,101,2006,q4+q6,0.07980265,4828.0,2490.0
2106,101,2006,q5+q6,0.02106665,29500.0,10342.5
2106,101,2006,q1+q2+q3,0.90061869,466.0,306.5
2106,101,2006,q1+q2+q4,0.68525335,315.0,231.0
2106,101,2006,q1+q2+q5,0.62651735,304.0,200.0
2106,101,2006,q1+q2+q6,0.60842666,301.0,192.0
2106,101,2006,q1+q3+q4,0.66567468,923.0,645.8333
2106,101,2006,q1+q3+q5,0.60693868,754.0,508.6667
2106,101,2006,q1+q3+q6,0.58884799,711.0,396.625
2106,101,2006,q1+q4+q5,0.39157334,186.0,149.0
2106,101,2006,q1+q4+q6,0.37348265,184.0,146.0
2106,101,2006,q1+q5+q6,0.31474665,168.0,138.0
2106,101,2006,q2+q3+q4,0.68525335,983.0,711.0
2106,101,2006,q2+q3+q5,0.62651735,923.0,553.5
2106,101,2006,q2+q3+q6,0.60842666,923.0,546.1111
2106,101,2006,q2+q4+q5,0.41115201,661.0,330.5
2106,101,2006,q2+q4+q6,0.39306132,613.0,318.5
2106,101,2006,q2+q5+q6,0.33432532,466.0,312.0
2106,101,2006,q3+q4+q5,0.39157334,2214.0,1052.0
2106,101,2006,q3+q4+q6,0.37348265,2133.0,1050.0
2106,101,2006,q3+q5+q6,0.31474665,1661.0,990.0
2106,101,2006,q4+q5+q6,0.09938131,7758.0,2655.0
2106,101,2006,q1+q2+q3+q4,0.97893335,613.0,319.0
2106,101,2006,q1+q2+q3+q5,0.92019735,483.0,312.0
2106,101,2006,q1+q2+q3+q6,0.90210666,466.0,306.5
2106,101,2006,q1+q2+q4+q5,0.70483202,319.0,239.3333
2106,101,2006,q1+q2+q4+q6,0.68674133,315.0,231.0
2106,101,2006,q1+q2+q5+q6,0.62800533,304.0,201.5
2106,101,2006,q1+q3+q4+q5,0.68525335,923.0,711.0
2106,101,2006,q1+q3+q4+q6,0.66716266,923.0,651.0
2106,101,2006,q1+q3+q5+q6,0.60842666,810.0,546.1111
2106,101,2006,q1+q4+q5+q6,0.39306132,186.0,149.0
2106,101,2006,q2+q3+q4+q5,0.70483202,1044.0,711.0
2106,101,2006,q2+q3+q4+q6,0.68674133,983.0,711.0
2106,101,2006,q2+q3+q5+q6,0.62800533,923.0,553.5
2106,101,2006,q2+q4+q5+q6,0.41263999,661.0,330.5
2106,101,2006,q3+q4+q5+q6,0.39306132,2318.0,1052.0
2106,101,2006,q1+q2+q3+q4+q5,0.99851202,661.0,331.0
2106,101,2006,q1+q2+q3+q4+q6,0.98042133,613.0,319.0
2106,101,2006,q1+q2+q3+q5+q6,0.92168533,483.0,312.0
2106,101,2006,q1+q2+q4+q5+q6,0.70631999,319.0,239.3333
2106,101,2006,q1+q3+q4+q5+q6,0.68674133,923.0,711.0
2106,101,2006,q2+q3+q4+q5+q6,0.70631999,1044.0,713.0
2106,101,2006,q1+q2+q3+q4+q5+q6,1.0,708.0,336.5
2106,101,2006,all,1.0,708.0,336.5
2107,101,2007,q1,0.29369108,156.0,124.0
2107,101,2007,q2,0.31327049,458.0,269.0
2107,101,2007,q3,0.29369108,1796.0,1050.0
2107,101,2007,q4,0.07831762,6624.0,2600.0
2107,101,2007,q5,0.01957941,28450.0,12217.5
2107,101,2007,q6,0.00145033,68400.0,68400.0
2107,101,2007,q1+q2,0.60696157,277.0,184.0
2107,101,2007,q1+q3,0.58738216,711.0,377.0
2107,101,2007,q1+q4,0.3720087,189.0,137.0
2107,101,2007,q1+q5,0.31327049,156.0,125.0
2107,101,2007,q1+q6,0.29514141,156.0,124.0
2107,101,2007,q2+q3,0.60696157,923.0,473.0
2107,101,2007,q2+q4,0.39158811,514.0,312.0
2107,101,2007,q2+q5,0.33284989,458.0,277.0
2107,101,2007,q2+q6,0.31472081,458.0,269.0
2107,101,2007,q3+q4,0.3720087,2363.0,1276.0
2107,101,2007,q3+q5,0.31327049,1985.0,1125.0
2107,101,2007,q3+q6,0.29514141,1796.0,1050.0
2107,101,2007,q4+q5,0.09789703,8440.0,3076.0
2107,101,2007,q4+q6,0.07976795,6824.0,2655.0
2107,101,2007,q5+q6,0.02102973,29700.0,12225.0
2107,101,2007,q1+q2+q3,0.90065265,458.0,269.0
2107,101,2007,q1+q2+q4,0.68527919,315.0,220.5
2107,101,2007,q1+q2+q5,0.62654097,295.0,189.0
2107,101,2007,q1+q2+q6,0.60841189,277.0,184.0
2107,101,2007,q1+q3+q4,0.66569978,968.0,711.0
2107,101,2007,q1+q3+q5,0.60696157,711.0,547.5
2107,101,2007,q1+q3+q6,0.58883249,711.0,396.625
2107,101,2007,q1+q4+q5,0.39158811,192.0,138.0
2107,101,2007,q1+q4+q6,0.37345903,189.0,137.0
2107,101,2007,q1+q5+q6,0.31472081,156.0,125.0
2107,101,2007,q2+q3+q4,0.68527919,1175.0,711.0
2107,101,2007,q2+q3+q5,0.62654097,979.0,553.5
2107,101,2007,q2+q3+q6,0.60841189,923.0,475.0
2107,101,2007,q2+q4+q5,0.41116751,536.0,315.0
2107,101,2007,q2+q4+q6,0.39303843,514.0,312.0
2107,101,2007,q2+q5+q6,0.33430022,458.0,277.0
2107,101,2007,q3+q4+q5,0.39158811,2552.0,1300.0
2107,101,2007,q3+q4+q6,0.37345903,2385.0,1276.0
2107,101,2007,q3+q5+q6,0.31472081,1985.0,1175.0
2107,101,2007,q4+q5+q6,0.09934735,8440.0,3076.0
2107,101,2007,q1+q2+q3+q4,0.97897027,532.0,312.0
2107,101,2007,q1+q2+q3+q5,0.92023205,462.0,288.0
2107,101,2007,q1+q2+q3+q6,0.90210297,458.0,269.0
2107,101,2007,q1+q2+q4+q5,0.70485859,319.0,221.0
2107,101,2007,q1+q2+q4+q6,0.68672951,315.0,220.5
2107,101,2007,q1+q2+q5+q6,0.6279913,295.0,189.0
2107,101,2007,q1+q3+q4+q5,0.68527919,1050.0,711.0
2107,101,2007,q1+q3+q4+q6,0.66715011,968.0,711.0
2107,101,2007,q1+q3+q5+q6,0.60841189,711.0,549.0
2107,101,2007,q1+q4+q5+q6,0.39303843,192.0,138.0
2107,101,2007,q2+q3+q4+q5,0.70485859,1240.0,711.0
2107,101,2007,q2+q3+q4+q6,0.68672951,1175.0,711.0
2107,101,2007,q2+q3+q5+q6,0.6279913,979.0,553.5
2107,101,2007,q2+q4+q5+q6,0.41261784,536.0,315.0
2107,101,2007,q3+q4+q5+q6,0.39303843,2552.0,1300.0
2107,101,2007,q1+q2+q3+q4+q5,0.99854967,609.0,316.75
2107,101,2007,q1+q2+q3+q4+q6,0.98042059,536.0,312.0
2107,101,2007,q1+q2+q3+q5+q6,0.92168238,462.0,288.0
2107,101,2007,q1+q2+q4+q5+q6,0.70630892,319.0,221.0
2107,101,2007,q1+q3+q4+q5+q6,0.68672951,1050.0,711.0
2107,101,2007,q2+q3+q4+q5+q6,0.70630892,1246.0,711.0
2107,101,2007,q1+q2+q3+q4+q5+q6,1.0,613.0,317.5
2107,101,2007,all,1.0,613.0,317.5
2201,102,2011,q1,0.19455253,160.0,134.0
2201,102,2011,q2,0.29182879,458.0,301.0
2201,102,2011,q3,0.32101167,1661.0,992.5
2201,102,2011,q4,0.1459144,5724.0,2514.0
2201,102,2011,q5,0.03891051,27675.0,11175.0
2201,102,2011,q6,0.0077821,94500.0,54600.0
2201,102,2011,q1+q2,0.48638132,315.0,226.75
2201,102,2011,q1+q3,0.5155642,983.0,774.0
2201,102,2011,q1+q4,0.34046693,341.0,185.0
2201,102,2011,q1+q5,0.23346304,184.0,139.0
2201,102,2011,q1+q6,0.20233463,168.0,135.0
2201,102,2011,q2+q3,0.61284047,968.0,579.5
2201,102,2011,q2+q4,0.43774319,770.0,397.0
2201,102,2011,q2+q5,0.3307393,475.0,312.0
2201,102,2011,q2+q6,0.29961089,462.0,302.5
2201,102,2011,q3+q4,0.46692607,2541.0,1300.0
2201,102,2011,q3+q5,0.35992218,1985.0,1039.5
2201,102,2011,q3+q6,0.32879377,1767.0,1005.0
2201,102,2011,q4+q5,0.1848249,7655.0,2720.0
2201,102,2011,q4+q6,0.1536965,6152.0,2538.0
2201,102,2011,q5+q6,0.04669261,34344.0,12400.0
2201,102,2011,q1+q2+q3,0.807393,718.0,370.0
2201,102,2011,q1+q2+q4,0.63229572,445.0,290.4
2201,102,2011,q1+q2+q5,0.52529183,345.0,252.0
2201,102,2011,q1+q2+q6,0.49416342,315.0,231.0
2201,102,2011,q1+q3+q4,0.6614786,1461.0,949.5
2201,102,2011,q1+q3+q5,0.55447471,1175.0,855.0
2201,102,2011,q1+q3+q6,0.5233463,1005.0,810.0
2201,102,2011,q1+q4+q5,0.37937743,483.0,221.0
2201,102,2011,q1+q4+q6,0.34824903,346.0,189.0
2201,102,2011,q1+q5+q6,0.24124514,185.0,146.0
2201,102,2011,q2+q3+q4,0.75875486,1313.0,855.0
2201,102,2011,q2+q3+q5,0.65175097,1050.0,675.0
2201,102,2011,q2+q3+q6,0.62062257,979.0,596.25
2201,102,2011,q2+q4+q5,0.4766537,870.0,420.0
2201,102,2011,q2+q4+q6,0.44552529,786.0,401.0
2201,102,2011,q2+q5+q6,0.3385214,480.0,315.0
2201,102,2011,q3+q4+q5,0.50583658,2700.0,1373.0
2201,102,2011,q3+q4+q6,0.47470817,2552.0,1300.0
2201,102,2011,q3+q5+q6,0.36770428,2045.0,1050.0
2201,102,2011,q4+q5+q6,0.192607,8240.0,2862.0
2201,102,2011,q1+q2+q3+q4,0.95330739,923.0,475.0
2201,102,2011,q1+q2+q3+q5,0.8463035,786.0,401.0
2201,102,2011,q1+q2+q3+q6,0.8151751,721.0,380.0
2201,102,2011,q1+q2+q4+q5,0.67120623,458.0,301.0
2201,102,2011,q1+q2+q4+q6,0.64007782,458.0,293.0
2201,102,2011,q1+q2+q5+q6,0.53307393,346.0,252.0
2201,102,2011,q1+q3+q4+q5,0.70038911,1661.0,983.0
2201,102,2011,q1+q3+q4+q6,0.6692607,1470.0,963.75
2201,102,2011,q1+q3+q5+q6,0.56225681,1178.0,855.0
2201,102,2011,q1+q4+q5+q6,0.38715953,885.0,331.0
2201,102,2011,q2+q3+q4+q5,0.79766537,1411.0,923.0
2201,102,2011,q2+q3+q4+q6,0.76653696,1350.0,872.0
2201,102,2011,q2+q3+q5+q6,0.65953307,1050.0,711.0
2201,102,2011,q2+q4+q5+q6,0.4844358,886.0,422.0
2201,102,2011,q3+q4+q5+q6,0.51361868,2720.0,1373.0
2201,102,2011,q1+q2+q3+q4+q5,0.9922179,968.0,553.5
2201,102,2011,q1+q2+q3+q4+q6,0.96108949,923.0,490.0
2201,102,2011,q1+q2+q3+q5+q6,0.8540856,794.0,402.0
2201,102,2011,q1+q2+q4+q5+q6,0.67898833,462.0,301.0
2201,102,2011,q1+q3+q4+q5+q6,0.70817121,1661.0,990.0
2201,102,2011,q2+q3+q4+q5+q6,0.80544747,1426.0,923.0
2201,102,2011,q1+q2+q3+q4+q5+q6,1.0,968.0,573.0
2201,102,2011,all,1.0,968.0,573.0
2202,102,2012,q1,0.19455253,160.0,135.0
2202,102,2012,q2,0.29182879,458.0,295.0
2202,102,2012,q3,0.32101167,1661.0,938.0
2202,102,2012,q4,0.1459144,4428.0,2460.0
2202,102,2012,q5,0.03891051,24332.0,10342.5
2202,102,2012,q6,0.0077821,88888.0,54675.0
2202,102,2012,q1+q2,0.48638132,295.0,221.5
2202,102,2012,q1+q3,0.5155642,923.0,711.0
2202,102,2012,q1+q4,0.34046693,317.0,184.0
2202,102,2012,q1+q5,0.23346304,179.0,146.0
2202,102,2012,q1+q6,0.20233463,168.0,137.0
2202,102,2012,q2+q3,0.61284047,923.0,573.0
2202,102,2012,q2+q4,0.43774319,760.0,360.0
2202,102,2012,q2+q5,0.3307393,480.0,301.0
2202,102,2012,q2+q6,0.29961089,458.0,295.0
2202,102,2012,q3+q4,0.46692607,2385.0,1260.0
2202,102,2012,q3+q5,0.35992218,1767.0,992.5
2202,102,2012,q3+q6,0.32879377,1661.0,962.75
2202,102,2012,q4+q5,0.1848249,7140.0,2560.0
2202,102,2012,q4+q6,0.1536965,4428.0,2460.0
2202,102,2012,q5+q6,0.04669261,28450.0,12225.0
2202,102,2012,q1+q2+q3,0.807393,711.0,331.0
2202,102,2012,q1+q2+q4,0.63229572,420.0,293.0
2202,102,2012,q1+q2+q5,0.52529183,312.0,252.0
2202,102,2012,q1+q2+q6,0.49416342,299.0,223.0
2202,102,2012,q1+q3+q4,0.6614786,1450.0,923.0
2202,102,2012,q1+q3+q5,0.55447471,1005.0,830.5
2202,102,2012,q1+q3+q6,0.5233463,923.0,770.75
2202,102,2012,q1+q4+q5,0.37937743,470.0,221.0
2202,102,2012,q1+q4+q6,0.34824903,340.0,189.0
2202,102,2012,q1+q5+q6,0.24124514,184.0,146.0
2202,102,2012,q2+q3+q4,0.75875486,1260.0,849.3333
2202,102,2012,q2+q3+q5,0.65175097,983.0,645.8333
2202,102,2012,q2+q3+q6,0.62062257,923.0,579.5
2202,102,2012,q2+q4+q5,0.4766537,886.0,402.0
2202,102,2012,q2+q4+q6,0.44552529,786.0,367.0
2202,102,2012,q2+q5+q6,0.3385214,532.0,301.0
2202,102,2012,q3+q4+q5,0.50583658,2514.0,1313.0
2202,102,2012,q3+q4+q6,0.47470817,2400.0,1260.0
2202,102,2012,q3+q5+q6,0.36770428,1767.0,1022.5
2202,102,2012,q4+q5+q6,0.192607,7380.0,2560.0
2202,102,2012,q1+q2+q3+q4,0.95330739,923.0,508.6667
2202,102,2012,q1+q2+q3+q5,0.8463035,755.0,370.25
2202,102,2012,q1+q2+q3+q6,0.8151751,718.0,352.75
2202,102,2012,q1+q2+q4+q5,0.67120623,458.0,295.0
2202,102,2012,q1+q2+q4+q6,0.64007782,422.0,293.0
2202,102,2012,q1+q2+q5+q6,0.53307393,315.0,252.0
2202,102,2012,q1+q3+q4+q5,0.70038911,1661.0,923.0
2202,102,2012,q1+q3+q4+q6,0.6692607,1461.0,923.0
2202,102,2012,q1+q3+q5+q6,0.56225681,1050.0,830.5
2202,102,2012,q1+q4+q5+q6,0.38715953,754.0,331.0
2202,102,2012,q2+q3+q4+q5,0.79766537,1373.0,905.75
2202,102,2012,q2+q3+q4+q6,0.76653696,1274.0,855.0
2202,102,2012,q2+q3+q5+q6,0.65953307,1005.0,653.8889
2202,102,2012,q2+q4+q5+q6,0.4844358,886.0,403.0
2202,102,2012,q3+q4+q5+q6,0.51361868,2514.0,1338.3333
2202,102,2012,q1+q2+q3+q4+q5,0.9922179,923.0,553.5
2202,102,2012,q1+q2+q3+q4+q6,0.96108949,923.0,547.5
2202,102,2012,q1+q2+q3+q5+q6,0.8540856,770.0,393.0
2202,102,2012,q1+q2+q4+q5+q6,0.67898833,458.0,295.0
2202,102,2012,q1+q3+q4+q5+q6,0.70817121,1661.0,931.5
2202,102,2012,q2+q3+q4+q5+q6,0.80544747,1388.0,923.0
2202,102,2012,q1+q2+q3+q4+q5+q6,1.0,923.0,556.5
2202,102,2012,all,1.0,923.0,556.5
2203,102,2013,q1,0.19455253,168.0,138.0
2203,102,2013,q2,0.29182879,505.0,312.0
2203,102,2013,q3,0.32101167,1780.0,1005.0
2203,102,2013,q4,0.1459144,6152.0,2595.0
2203,102,2013,q5,0.03891051,31950.0,9922.5
2203,102,2013,q6,0.0077821,85623.0,54600.0
2203,102,2013,q1+q2,0.48638132,360.0,231.0
2203,102,2013,q1+q3,0.5155642,1005.0,774.0
2203,102,2013,q1+q4,0.34046693,340.0,185.0
2203,102,2013,q1+q5,0.23346304,184.0,146.0
2203,102,2013,q1+q6,0.20233463,168.0,138.0
2203,102,2013,q2+q3,0.61284047,1050.0,579.5
2203,102,2013,q2+q4,0.43774319,907.0,420.0
2203,102,2013,q2+q5,0.3307393,619.0,352.75
2203,102,2013,q2+q6,0.29961089,505.0,315.0
2203,102,2013,q3+q4,0.46692607,2720.0,1263.6667
2203,102,2013,q3+q5,0.35992218,2079.0,1029.5
2203,102,2013,q3+q6,0.32879377,1985.0,1022.5
2203,102,2013,q4+q5,0.1848249,8360.0,2720.0
2203,102,2013,q4+q6,0.1536965,6780.0,2600.0
2203,102,2013,q5+q6,0.04669261,34490.0,11175.0
2203,102,2013,q1+q2+q3,0.807393,806.0,401.0
2203,102,2013,q1+q2+q4,0.63229572,466.0,308.0
2203,102,2013,q1+q2+q5,0.52529183,401.0,257.0
2203,102,2013,q1+q2+q6,0.49416342,367.0,252.0
2203,102,2013,q1+q3+q4,0.6614786,1470.0,968.0
2203,102,2013,q1+q3+q5,0.55447471,1260.0,855.0
2203,102,2013,q1+q3+q6,0.5233463,1005.0,810.0
2203,102,2013,q1+q4+q5,0.37937743,483.0,221.0
2203,102,2013,q1+q4+q6,0.34824903,346.0,185.0
2203,102,2013,q1+q5+q6,0.24124514,184.0,149.0
2203,102,2013,q2+q3+q4,0.75875486,1426.0,872.0
2203,102,2013,q2+q3+q5,0.65175097,1178.0,675.0
2203,102,2013,q2+q3+q6,0.62062257,1106.0,619.0
2203,102,2013,q2+q4+q5,0.4766537,1089.0,458.75
2203,102,2013,q2+q4+q6,0.44552529,914.0,422.0
2203,102,2013,q2+q5+q6,0.3385214,661.0,360.0
2203,102,2013,q3+q4+q5,0.50583658,3040.0,1373.0
2203,102,2013,q3+q4+q6,0.47470817,2720.0,1294.0
2203,102,2013,q3+q5+q6,0.36770428,2133.0,1050.0
2203,102,2013,q4+q5+q6,0.192607,8830.0,2730.0
2203,102,2013,q1+q2+q3+q4,0.95330739,979.0,508.6667
2203,102,2013,q1+q2+q3+q5,0.8463035,855.0,420.0
2203,102,2013,q1+q2+q3+q6,0.8151751,806.0,402.0
2203,102,2013,q1+q2+q4+q5,0.67120623,505.0,312.0
2203,102,2013,q1+q2+q4+q6,0.64007782,466.0,312.0
2203,102,2013,q1+q2+q5+q6,0.53307393,401.0,261.0
2203,102,2013,q1+q3+q4+q5,0.70038911,1661.0,977.2667
2203,102,2013,q1+q3+q4+q6,0.6692607,1470.0,968.0
2203,102,2013,q1+q3+q5+q6,0.56225681,1300.0,872.0
2203,102,2013,q1+q4+q5+q6,0.38715953,754.0,377.0
2203,102,2013,q2+q3+q4+q5,0.79766537,1452.0,923.0
2203,102,2013,q2+q3+q4+q6,0.76653696,1426.0,898.0
2203,102,2013,q2+q3+q5+q6,0.65953307,1210.0,711.0
2203,102,2013,q2+q4+q5+q6,0.4844358,1130.0,466.0
2203,102,2013,q3+q4+q5+q6,0.51361868,3120.0,1388.0
2203,102,2013,q1+q2+q3+q4+q5,0.9922179,1044.0,553.5
2203,102,2013,q1+q2+q3+q4+q6,0.96108949,979.0,546.1111
2203,102,2013,q1+q2+q3+q5+q6,0.8540856,859.0,424.0
2203,102,2013,q1+q2+q4+q5+q6,0.67898833,505.0,312.0
2203,102,2013,q1+q3+q4+q5+q6,0.70817121,1780.0,990.0
2203,102,2013,q2+q3+q4+q5+q6,0.80544747,1461.0,923.0
2203,102,2013,q1+q2+q3+q4+q5+q6,1.0,1045.0,579.5
2203,102,2013,all,1.0,1045.0,579.5
2204,102,2014,q1,0.19455253,156.0,123.0
2204,102,2014,q2,0.29182879,458.0,268.0
2204,102,2014,q3,0.32101167,1796.0,1085.75
2204,102,2014,q4,0.1459144,6824.0,2720.0
2204,102,2014,q5,0.03891051,28450.0,12217.5
2204,102,2014,q6,0.0077821,120600.0,52200.0
2204,102,2014,q1+q2,0.48638132,312.0,220.5
2204,102,2014,q1+q3,0.5155642,1260.0,830.5
2204,102,2014,q1+q4,0.34046693,345.0,184.0
2204,102,2014,q1+q5,0.23346304,184.0,129.3333
2204,102,2014,q1+q6,0.20233463,156.0,124.0
2204,102,2014,q2+q3,0.61284047,1050.0,641.25
2204,102,2014,q2+q4,0.43774319,738.0,360.5
2204,102,2014,q2+q5,0.3307393,466.0,288.0
2204,102,2014,q2+q6,0.29961089,458.0,268.0
2204,102,2014,q3+q4,0.46692607,2700.0,1384.0
2204,102,2014,q3+q5,0.35992218,2079.0,1260.0
2204,102,2014,q3+q6,0.32879377,1796.0,1125.0
2204,102,2014,q4+q5,0.1848249,8680.0,3312.0
2204,102,2014,q4+q6,0.1536965,7140.0,2880.0
2204,102,2014,q5+q6,0.04669261,34344.0,12937.5
2204,102,2014,q1+q2+q3,0.807393,711.0,319.0
2204,102,2014,q1+q2+q4,0.63229572,441.0,252.0
2204,102,2014,q1+q2+q5,0.52529183,319.0,252.0
2204,102,2014,q1+q2+q6,0.49416342,315.0,220.5
2204,102,2014,q1+q3+q4,0.6614786,1530.0,1026.0
2204,102,2014,q1+q3+q5,0.55447471,1300.0,898.0
2204,102,2014,q1+q3+q6,0.5233463,1260.0,855.0
2204,102,2014,q1+q4+q5,0.37937743,486.0,221.0
2204,102,2014,q1+q4+q6,0.34824903,360.0,189.0
2204,102,2014,q1+q5+q6,0.24124514,186.0,134.0
2204,102,2014,q2+q3+q4,0.75875486,1388.0,905.75
2204,102,2014,q2+q3+q5,0.65175097,1175.0,711.0
2204,102,2014,q2+q3+q6,0.62062257,1050.0,641.25
2204,102,2014,q2+q4+q5,0.4766537,794.0,373.0
2204,102,2014,q2+q4+q6,0.44552529,755.0,360.5
2204,102,2014,q2+q5+q6,0.3385214,475.0,293.0
2204,102,2014,q3+q4+q5,0.50583658,3040.0,1450.0
2204,102,2014,q3+q4+q6,0.47470817,2700.0,1384.0
2204,102,2014,q3+q5+q6,0.36770428,2079.0,1260.0
2204,102,2014,q4+q5+q6,0.192607,8700.0,3412.0
2204,102,2014,q1+q2+q3+q4,0.95330739,923.0,466.0
2204,102,2014,q1+q2+q3+q5,0.8463035,734.0,363.0
2204,102,2014,q1+q2+q3+q6,0.8151751,711.0,336.0
2204,102,2014,q1+q2+q4+q5,0.67120623,458.0,268.0
2204,102,2014,q1+q2+q4+q6,0.64007782,458.0,257.0
2204,102,2014,q1+q2+q5+q6,0.53307393,319.0,252.0
2204,102,2014,q1+q3+q4+q5,0.70038911,1796.0,1050.0
2204,102,2014,q1+q3+q4+q6,0.6692607,1651.0,1039.5
2204,102,2014,q1+q3+q5+q6,0.56225681,1300.0,905.75
2204,102,2014,q1+q4+q5+q6,0.38715953,902.0,308.0
2204,102,2014,q2+q3+q4+q5,0.79766537,1450.0,968.0
2204,102,2014,q2+q3+q4+q6,0.76653696,1426.0,923.0
2204,102,2014,q2+q3+q5+q6,0.65953307,1175.0,711.0
2204,102,2014,q2+q4+q5+q6,0.4844358,794.0,380.0
2204,102,2014,q3+q4+q5+q6,0.51361868,3173.0,1450.0
2204,102,2014,q1+q2+q3+q4+q5,0.9922179,1050.0,619.0
2204,102,2014,q1+q2+q3+q4+q6,0.96108949,923.0,490.0
2204,102,2014,q1+q2+q3+q5+q6,0.8540856,738.0,367.0
2204,102,2014,q1+q2+q4+q5+q6,0.67898833,458.0,268.0
2204,102,2014,q1+q3+q4+q5+q6,0.70817121,1796.0,1066.5
2204,102,2014,q2+q3+q4+q5+q6,0.80544747,1450.0,979.0
2204,102,2014,q1+q2+q3+q4+q5+q6,1.0,1050.0,641.25
2204,102,2014,all,1.0,1050.0,641.25
2205,102,2015,q1,0.19455253,156.0,123.0
2205,102,2015,q2,0.29182879,458.0,268.0
2205,102,2015,q3,0.32101167,1796.0,1085.75
2205,102,2015,q4,0.1459144,6824.0,2720.0
2205,102,2015,q5,0.03891051,28450.0,12217.5
2205,102,2015,q6,0.0077821,120600.0,52200.0
2205,102,2015,q1+q2,0.48638132,312.0,220.5
2205,102,2015,q1+q3,0.5155642,1260.0,830.5
2205,102,2015,q1+q4,0.34046693,345.0,184.0
2205,102,2015,q1+q5,0.23346304,184.0,129.3333
2205,102,2015,q1+q6,0.20233463,156.0,124.0
2205,102,2015,q2+q3,0.61284047,1050.0,641.25
2205,102,2015,q2+q4,0.43774319,738.0,360.5
2205,102,2015,q2+q5,0.3307393,466.0,288.0
2205,102,2015,q2+q6,0.29961089,458.0,268.0
2205,102,2015,q3+q4,0.46692607,2700.0,1384.0
2205,102,2015,q3+q5,0.35992218,2079.0,1260.0
2205,102,2015,q3+q6,0.32879377,1796.0,1125.0
2205,102,2015,q4+q5,0.1848249,8680.0,3312.0
2205,102,2015,q4+q6,0.1536965,7140.0,2880.0
2205,102,2015,q5+q6,0.04669261,34344.0,12937.5
2205,102,2015,q1+q2+q3,0.807393,711.0,319.0
2205,102,2015,q1+q2+q4,0.63229572,441.0,252.0
2205,102,2015,q1+q2+q5,0.52529183,319.0,252.0
2205,102,2015,q1+q2+q6,0.49416342,315.0,220.5
2205,102,2015,q1+q3+q4,0.6614786,1530.0,1026.0
2205,102,2015,q1+q3+q5,0.55447471,1300.0,898.0
2205,102,2015,q1+q3+q6,0.5233463,1260.0,855.0
2205,102,2015,q1+q4+q5,0.37937743,486.0,221.0
2205,102,2015,q1+q4+q6,0.34824903,360.0,189.0
2205,102,2015,q1+q5+q6,0.24124514,186.0,134.0
2205,102,2015,q2+q3+q4,0.75875486,1388.0,905.75
2205,102,2015,q2+q3+q5,0.65175097,1175.0,711.0
2205,102,2015,q2+q3+q6,0.62062257,1050.0,641.25
2205,102,2015,q2+q4+q5,0.4766537,794.0,373.0
2205,102,2015,q2+q4+q6,0.44552529,755.0,360.5
2205,102,2015,q2+q5+q6,0.3385214,475.0,293.0
2205,102,2015,q3+q4+q5,0.50583658,3040.0,1450.0
2205,102,2015,q3+q4+q6,0.47470817,2700.0,1384.0
2205,102,2015,q3+q5+q6,0.36770428,2079.0,1260.0
2205,102,2015,q4+q5+q6,0.192607,8700.0,3412.0
2205,102,2015,q1+q2+q3+q4,0.95330739,923.0,466.0
2205,102,2015,q1+q2+q3+q5,0.8463035,734.0,363.0
2205,102,2015,q1+q2+q3+q6,0.8151751,711.0,336.0
2205,102,2015,q1+q2+q4+q5,0.67120623,458.0,268.0
2205,102,2015,q1+q2+q4+q6,0.64007782,458.0,257.0
2205,102,2015,q1+q2+q5+q6,0.53307393,319.0,252.0
2205,102,2015,q1+q3+q4+q5,0.70038911,1796.0,1050.0
2205,102,2015,q1+q3+q4+q6,0.6692607,1651.0,1039.5
2205,102,2015,q1+q3+q5+q6,0.56225681,1300.0,905.75
2205,102,2015,q1+q4+q5+q6,0.38715953,902.0,308.0
2205,102,2015,q2+q3+q4+q5,0.79766537,1450.0,968.0
2205,102,2015,q2+q3+q4+q6,0.76653696,1426.0,923.0
2205,102,2015,q2+q3+q5+q6,0.65953307,1175.0,711.0
2205,102,2015,q2+q4+q5+q6,0.4844358,794.0,380.0
2205,102,2015,q3+q4+q5+q6,0.51361868,3173.0,1450.0
2205,102,2015,q1+q2+q3+q4+q5,0.9922179,1050.0,619.0
2205,102,2015,q1+q2+q3+q4+q6,0.96108949,923.0,490.0
2205,102,2015,q1+q2+q3+q5+q6,0.8540856,738.0,367.0
2205,102,2015,q1+q2+q4+q5+q6,0.67898833,458.0,268.0
2205,102,2015,q1+q3+q4+q5+q6,0.70817121,1796.0,1066.5
2205,102,2015,q2+q3+q4+q5+q6,0.80544747,1450.0,979.0
2205,102,2015,q1+q2+q3+q4+q5+q6,1.0,1050.0,641.25
2205,102,2015,all,1.0,1050.0,641.25
2301,103,2021,q1,0.10699588,160.0,134.0
2301,103,2021,q2,0.20576132,458.0,301.0
2301,103,2021,q3,0.24691358,1661.0,992.5
2301,103,2021,q4,0.32921811,5724.0,2514.0
2301,103,2021,q5,0.08230453,27675.0,11175.0
2301,103,2021,q6,0.02880658,122600.0,54300.0
2301,103,2021,q1+q2,0.3127572,338.0,252.0
2301,103,2021,q1+q3,0.35390947,1260.0,872.0
2301,103,2021,q1+q4,0.43621399,3920.0,2214.0
2301,103,2021,q1+q5,0.18930041,345.0,186.0
2301,103,2021,q1+q6,0.13580247,189.0,146.0
2301,103,2021,q2+q3,0.4526749,983.0,641.25
2301,103,2021,q2+q4,0.53497942,2720.0,2028.75
2301,103,2021,q2+q5,0.28806584,721.0,367.0
2301,103,2021,q2+q6,0.2345679,475.0,312.0
2301,103,2021,q3+q4,0.57613169,3623.0,1845.0
2301,103,2021,q3+q5,0.32921811,2484.0,1260.0
2301,103,2021,q3+q6,0.27572016,1985.0,1039.5
2301,103,2021,q4+q5,0.41152263,7655.0,2720.0
2301,103,2021,q4+q6,0.35802469,6554.0,2560.0
2301,103,2021,q5+q6,0.11111111,37920.0,12675.0
2301,103,2021,q1+q2+q3,0.55967078,806.0,422.0
2301,103,2021,q1+q2+q4,0.64197531,2160.0,1469.0
2301,103,2021,q1+q2+q5,0.39506173,458.0,295.0
2301,103,2021,q1+q2+q6,0.34156379,369.0,261.0
2301,103,2021,q1+q3+q4,0.68312757,2720.0,1492.5
2301,103,2021,q1+q3+q5,0.43621399,1470.0,968.0
2301,103,2021,q1+q3+q6,0.38271605,1313.0,923.0
2301,103,2021,q1+q4+q5,0.51851852,5040.0,2460.0
2301,103,2021,q1+q4+q6,0.46502058,4240.0,2243.5
2301,103,2021,q1+q5+q6,0.218107,7800.0,6085.1667
2301,103,2021,q2+q3+q4,0.781893,2400.0,1300.0
2301,103,2021,q2+q3+q5,0.53497942,1300.0,855.0
2301,103,2021,q2+q3+q6,0.48148148,1119.0,711.0
2301,103,2021,q2+q4+q5,0.61728395,3780.0,2184.6667
2301,103,2021,q2+q4+q6,0.56378601,3120.0,2100.0
2301,103,2021,q2+q5+q6,0.31687243,794.0,401.0
2301,103,2021,q3+q4+q5,0.65843621,3940.0,2110.0
2301,103,2021,q3+q4+q6,0.60493827,3650.0,1939.5
2301,103,2021,q3+q5+q6,0.35802469,2768.0,1300.0
2301,103,2021,q4+q5+q6,0.44032922,8360.0,2880.0
2301,103,2021,q1+q2+q3+q4,0.88888889,1835.0,1005.0
2301,103,2021,q1+q2+q3+q5,0.64197531,938.0,553.5
2301,103,2021,q1+q2+q3+q6,0.58847737,855.0,458.75
2301,103,2021,q1+q2+q4+q5,0.72427984,2600.0,1868.0
2301,103,2021,q1+q2+q4+q6,0.67078189,2460.0,1673.5
2301,103,2021,q1+q2+q5+q6,0.42386831,466.0,306.5
2301,103,2021,q1+q3+q4+q5,0.7654321,3294.0,1757.0
2301,103,2021,q1+q3+q4+q6,0.71193416,3040.0,1635.0
2301,103,2021,q1+q3+q5+q6,0.46502058,1661.0,1005.0
2301,103,2021,q1+q4+q5+q6,0.5473251,6012.0,2514.0
2301,103,2021,q2+q3+q4+q5,0.86419753,2600.0,1469.0
2301,103,2021,q2+q3+q4+q6,0.81069959,2514.0,1373.0
2301,103,2021,q2+q3+q5+q6,0.56378601,1373.0,900.0
2301,103,2021,q2+q4+q5+q6,0.64609053,3960.0,2214.0
2301,103,2021,q3+q4+q5+q6,0.6872428,4240.0,2170.0
2301,103,2021,q1+q2+q3+q4+q5,0.97119342,2318.0,1260.0
2301,103,2021,q1+q2+q3+q4+q6,0.91769547,2079.0,1050.0
2301,103,2021,q1+q2+q3+q5+q6,0.67078189,1005.0,641.25
2301,103,2021,q1+q2+q4+q5+q6,0.75308642,2720.0,2049.3333
2301,103,2021,q1+q3+q4+q5+q6,0.79423868,3640.0,1868.0
2301,103,2021,q2+q3+q4+q5+q6,0.89300412,2720.0,1573.0
2301,103,2021,q1+q2+q3+q4+q5+q6,1.0,2460.0,1300.0
2301,103,2021,all,1.0,2460.0,1300.0
2302,103,2022,q1,0.10699588,168.0,137.0
2302,103,2022,q2,0.20576132,458.0,295.0
2302,103,2022,q3,0.24691358,1661.0,949.5
2302,103,2022,q4,0.32921811,4428.0,2460.0
2302,103,2022,q5,0.08230453,24435.0,10462.5
2302,103,2022,q6,0.02880658,112500.0,54600.0
2302,103,2022,q1+q2,0.3127572,315.0,252.0
2302,103,2022,q1+q3,0.35390947,1125.0,849.3333
2302,103,2022,q1+q4,0.43621399,3454.0,2214.0
2302,103,2022,q1+q5,0.18930041,338.0,189.0
2302,103,2022,q1+q6,0.13580247,189.0,146.0
2302,103,2022,q2+q3,0.4526749,938.0,619.0
2302,103,2022,q2+q4,0.53497942,2560.0,1939.5
2302,103,2022,q2+q5,0.28806584,721.0,343.75
2302,103,2022,q2+q6,0.2345679,514.0,302.5
2302,103,2022,q3+q4,0.57613169,3120.0,1780.0
2302,103,2022,q3+q5,0.32921811,2214.0,1175.0
2302,103,2022,q3+q6,0.27572016,1767.0,992.5
2302,103,2022,q4+q5,0.41152263,6780.0,2560.0
2302,103,2022,q4+q6,0.35802469,4788.0,2514.0
2302,103,2022,q5+q6,0.11111111,34425.0,12484.5
2302,103,2022,q1+q2+q3,0.55967078,848.0,422.0
2302,103,2022,q1+q2+q4,0.64197531,2160.0,1624.8333
2302,103,2022,q1+q2+q5,0.39506173,445.0,295.0
2302,103,2022,q1+q2+q6,0.34156379,338.0,269.0
2302,103,2022,q1+q3+q4,0.68312757,2552.0,1620.0
2302,103,2022,q1+q3+q5,0.43621399,1470.0,923.0
2302,103,2022,q1+q3+q6,0.38271605,1260.0,923.0
2302,103,2022,q1+q4+q5,0.51851852,4428.0,2400.0
2302,103,2022,q1+q4+q6,0.46502058,3920.0,2214.0
2302,103,2022,q1+q5+q6,0.218107,7800.0,6085.1667
2302,103,2022,q2+q3+q4,0.781893,2400.0,1263.6667
2302,103,2022,q2+q3+q5,0.53497942,1258.0,830.5
2302,103,2022,q2+q3+q6,0.48148148,1050.0,711.0
2302,103,2022,q2+q4+q5,0.61728395,3180.0,2214.0
2302,103,2022,q2+q4+q6,0.56378601,2560.0,2096.8889
2302,103,2022,q2+q5+q6,0.31687243,804.0,393.0
2302,103,2022,q3+q4+q5,0.65843621,3798.0,2110.0
2302,103,2022,q3+q4+q6,0.60493827,3454.0,1890.0
2302,103,2022,q3+q5+q6,0.35802469,2565.0,1260.0
2302,103,2022,q4+q5+q6,0.44032922,7655.0,2560.0
2302,103,2022,q1+q2+q3+q4,0.88888889,1661.0,973.25
2302,103,2022,q1+q2+q3+q5,0.64197531,923.0,553.5
2302,103,2022,q1+q2+q3+q6,0.58847737,886.0,458.75
2302,103,2022,q1+q2+q4+q5,0.72427984,2514.0,1845.0
2302,103,2022,q1+q2+q4+q6,0.67078189,2415.0,1680.0
2302,103,2022,q1+q2+q5+q6,0.42386831,466.0,295.0
2302,103,2022,q1+q3+q4+q5,0.7654321,2720.0,1740.0
2302,103,2022,q1+q3+q4+q6,0.71193416,2560.0,1656.375
2302,103,2022,q1+q3+q5+q6,0.46502058,1661.0,963.75
2302,103,2022,q1+q4+q5+q6,0.5473251,4428.0,2460.0
2302,103,2022,q2+q3+q4+q5,0.86419753,2514.0,1470.0
2302,103,2022,q2+q3+q4+q6,0.81069959,2460.0,1350.0
2302,103,2022,q2+q3+q5+q6,0.56378601,1350.0,887.75
2302,103,2022,q2+q4+q5+q6,0.64609053,3650.0,2214.0
2302,103,2022,q3+q4+q5+q6,0.6872428,3920.0,2207.5
2302,103,2022,q1+q2+q3+q4+q5,0.97119342,2214.0,1178.0
2302,103,2022,q1+q2+q3+q4+q6,0.91769547,1985.0,1026.0
2302,103,2022,q1+q2+q3+q5+q6,0.67078189,968.0,641.25
2302,103,2022,q1+q2+q4+q5+q6,0.75308642,2560.0,2028.75
2302,103,2022,q1+q3+q4+q5+q6,0.79423868,3173.0,1845.0
2302,103,2022,q2+q3+q4+q5+q6,0.89300412,2560.0,1624.8333
2302,103,2022,q1+q2+q3+q4+q5+q6,1.0,2400.0,1263.6667
2302,103,2022,all,1.0,2400.0,1263.6667
2303,103,2023,q1,0.10699588,168.0,138.0
2303,103,2023,q2,0.20576132,480.0,312.0
2303,103,2023,q3,0.24691358,1767.0,1005.0
2303,103,2023,q4,0.32921811,5076.0,2520.0
2303,103,2023,q5,0.08230453,30159.0,10053.0
2303,103,2023,q6,0.02880658,122600.0,54300.0
2303,103,2023,q1+q2,0.3127572,369.0,252.5
2303,103,2023,q1+q3,0.35390947,1313.0,872.0
2303,103,2023,q1+q4,0.43621399,3454.0,2214.0
2303,103,2023,q1+q5,0.18930041,344.0,186.0
2303,103,2023,q1+q6,0.13580247,185.0,152.0
2303,103,2023,q2+q3,0.4526749,1125.0,635.25
2303,103,2023,q2+q4,0.53497942,2720.0,1890.0
2303,103,2023,q2+q5,0.28806584,806.0,402.0
2303,103,2023,q2+q6,0.2345679,619.0,336.5
2303,103,2023,q3+q4,0.57613169,3454.0,1742.2222
2303,103,2023,q3+q5,0.32921811,2700.0,1181.5
2303,103,2023,q3+q6,0.27572016,2052.0,1029.5
2303,103,2023,q4+q5,0.41152263,7655.0,2720.0
2303,103,2023,q4+q6,0.35802469,6620.0,2600.0
2303,103,2023,q5+q6,0.11111111,39600.0,12225.0
2303,103,2023,q1+q2+q3,0.55967078,907.0,445.0
2303,103,2023,q1+q2+q4,0.64197531,2160.0,979.0
2303,103,2023,q1+q2+q5,0.39506173,466.0,306.5
2303,103,2023,q1+q2+q6,0.34156379,430.0,282.5
2303,103,2023,q1+q3+q4,0.68312757,2720.0,1470.0
2303,103,2023,q1+q3+q5,0.43621399,1470.0,968.0
2303,103,2023,q1+q3+q6,0.38271605,1388.0,923.0
2303,103,2023,q1+q4+q5,0.51851852,4428.0,2460.0
2303,103,2023,q1+q4+q6,0.46502058,3940.0,2244.0
2303,103,2023,q1+q5+q6,0.218107,7800.0,5693.3333
2303,103,2023,q2+q3+q4,0.781893,2514.0,1260.0
2303,103,2023,q2+q3+q5,0.53497942,1388.0,872.0
2303,103,2023,q2+q3+q6,0.48148148,1210.0,711.0
2303,103,2023,q2+q4+q5,0.61728395,3180.0,2170.0
2303,103,2023,q2+q4+q6,0.56378601,3040.0,2060.0
2303,103,2023,q2+q5+q6,0.31687243,914.0,429.5
2303,103,2023,q3+q4+q5,0.65843621,3940.0,2096.8889
2303,103,2023,q3+q4+q6,0.60493827,3640.0,1868.0
2303,103,2023,q3+q5+q6,0.35802469,3294.0,1294.0
2303,103,2023,q4+q5+q6,0.44032922,8440.0,2720.0
2303,103,2023,q1+q2+q3+q4,0.88888889,2052.0,984.5
2303,103,2023,q1+q2+q3+q5,0.64197531,1005.0,549.0
2303,103,2023,q1+q2+q3+q6,0.58847737,923.0,466.0
2303,103,2023,q1+q2+q4+q5,0.72427984,2600.0,1742.2222
2303,103,2023,q1+q2+q4+q6,0.67078189,2460.0,1635.0
2303,103,2023,q1+q2+q5+q6,0.42386831,507.0,314.5
2303,103,2023,q1+q3+q4+q5,0.7654321,3180.0,1722.0
2303,103,2023,q1+q3+q4+q6,0.71193416,3040.0,1573.0
2303,103,2023,q1+q3+q5+q6,0.46502058,1780.0,1005.0
2303,103,2023,q1+q4+q5+q6,0.5473251,5160.0,2538.0
2303,103,2023,q2+q3+q4+q5,0.86419753,2720.0,1461.0
2303,103,2023,q2+q3+q4+q6,0.81069959,2588.0,1373.0
2303,103,2023,q2+q3+q5+q6,0.56378601,1426.0,923.0
2303,103,2023,q2+q4+q5+q6,0.64609053,3780.0,2214.0
2303,103,2023,q3+q4+q5+q6,0.6872428,3960.0,2160.0
2303,103,2023,q1+q2+q3+q4+q5,0.97119342,2460.0,1178.0
2303,103,2023,q1+q2+q3+q4+q6,0.91769547,2133.0,1026.0
2303,103,2023,q1+q2+q3+q5+q6,0.67078189,1130.0,641.25
2303,103,2023,q1+q2+q4+q5+q6,0.75308642,2720.0,1904.0
2303,103,2023,q1+q3+q4+q5+q6,0.79423868,3454.0,1767.0
2303,103,2023,q2+q3+q4+q5+q6,0.89300412,3040.0,1470.0
2303,103,2023,q1+q2+q3+q4+q5+q6,1.0,2541.0,1276.0
2303,103,2023,all,1.0,2541.0,1276.0
2304,103,2024,q1,0.10699588,161.0,138.0
2304,103,2024,q2,0.20576132,446.0,312.0
2304,103,2024,q3,0.24691358,1450.0,949.5
2304,103,2024,q4,0.32921811,5040.0,2401.0
2304,103,2024,q5,0.08230453,25875.0,12217.5
2304,103,2024,q6,0.02880658,112896.0,54675.0
2304,103,2024,q1+q2,0.3127572,346.0,262.0
2304,103,2024,q1+q3,0.35390947,1005.0,855.0
2304,103,2024,q1+q4,0.43621399,3780.0,2160.0
2304,103,2024,q1+q5,0.18930041,346.0,189.0
2304,103,2024,q1+q6,0.13580247,192.0,146.0
2304,103,2024,q2+q3,0.4526749,923.0,579.5
2304,103,2024,q2+q4,0.53497942,2560.0,1904.0
2304,103,2024,q2+q5,0.28806584,613.0,402.0
2304,103,2024,q2+q6,0.2345679,466.0,327.0
2304,103,2024,q3+q4,0.57613169,3294.0,1890.0
2304,103,2024,q3+q5,0.32921811,2318.0,1125.0
2304,103,2024,q3+q6,0.27572016,1661.0,983.0
2304,103,2024,q4+q5,0.41152263,6540.0,2560.0
2304,103,2024,q4+q6,0.35802469,5160.0,2490.0
2304,103,2024,q5+q6,0.11111111,39600.0,12825.0
2304,103,2024,q1+q2+q3,0.55967078,786.0,424.0
2304,103,2024,q1+q2+q4,0.64197531,2100.0,1635.0
2304,103,2024,q1+q2+q5,0.39506173,430.0,295.0
2304,103,2024,q1+q2+q6,0.34156379,367.0,277.0
2304,103,2024,q1+q3+q4,0.68312757,2514.0,1470.0
2304,103,2024,q1+q3+q5,0.43621399,1350.0,931.5
2304,103,2024,q1+q3+q6,0.38271605,1175.0,855.0
2304,103,2024,q1+q4+q5,0.51851852,4624.0,2394.0
2304,103,2024,q1+q4+q6,0.46502058,3920.0,2170.0
2304,103,2024,q1+q5+q6,0.218107,9245.0,6087.875
2304,103,2024,q2+q3+q4,0.781893,2160.0,1260.0
2304,103,2024,q2+q3+q5,0.53497942,1125.0,830.5
2304,103,2024,q2+q3+q6,0.48148148,979.0,711.0
2304,103,2024,q2+q4+q5,0.61728395,3780.0,2160.0
2304,103,2024,q2+q4+q6,0.56378601,2720.0,2096.8889
2304,103,2024,q2+q5+q6,0.31687243,718.0,422.0
2304,103,2024,q3+q4+q5,0.65843621,3855.0,2100.0
2304,103,2024,q3+q4+q6,0.60493827,3640.0,1904.0
2304,103,2024,q3+q5+q6,0.35802469,2484.0,1242.0
2304,103,2024,q4+q5+q6,0.44032922,6780.0,2702.0
2304,103,2024,q1+q2+q3+q4,0.88888889,1661.0,968.0
2304,103,2024,q1+q2+q3+q5,0.64197531,885.0,508.6667
2304,103,2024,q1+q2+q3+q6,0.58847737,848.0,458.0
2304,103,2024,q1+q2+q4+q5,0.72427984,2460.0,1890.0
2304,103,2024,q1+q2+q4+q6,0.67078189,2160.0,1695.0
2304,103,2024,q1+q2+q5+q6,0.42386831,458.0,315.0
2304,103,2024,q1+q3+q4+q5,0.7654321,3083.0,1742.2222
2304,103,2024,q1+q3+q4+q6,0.71193416,2565.0,1635.0
2304,103,2024,q1+q3+q5+q6,0.46502058,1450.0,955.5
2304,103,2024,q1+q4+q5+q6,0.5473251,5040.0,2460.0
2304,103,2024,q2+q3+q4+q5,0.86419753,2460.0,1433.0
2304,103,2024,q2+q3+q4+q6,0.81069959,2160.0,1313.0
2304,103,2024,q2+q3+q5+q6,0.56378601,1260.0,855.0
2304,103,2024,q2+q4+q5+q6,0.64609053,3920.0,2160.0
2304,103,2024,q3+q4+q5+q6,0.6872428,3920.0,2160.0
2304,103,2024,q1+q2+q3+q4+q5,0.97119342,2100.0,1125.0
2304,103,2024,q1+q2+q3+q4+q6,0.91769547,1863.0,990.0
2304,103,2024,q1+q2+q3+q5+q6,0.67078189,938.0,596.25
2304,103,2024,q1+q2+q4+q5+q6,0.75308642,2560.0,1939.5
2304,103,2024,q1+q3+q4+q5+q6,0.79423868,3294.0,1890.0
2304,103,2024,q2+q3+q4+q5+q6,0.89300412,2552.0,1530.0
2304,103,2024,q1+q2+q3+q4+q5+q6,1.0,2160.0,1263.6667
2304,103,2024,all,1.0,2160.0,1263.6667
2305,103,2025,q1,0.10699588,156.0,125.0
2305,103,2025,q2,0.20576132,458.0,269.0
2305,103,2025,q3,0.24691358,1796.0,1050.0
2305,103,2025,q4,0.32921811,6624.0,2595.0
2305,103,2025,q5,0.08230453,28450.0,12217.5
2305,103,2025,q6,0.02880658,143100.0,52500.0
2305,103,2025,q1+q2,0.3127572,319.0,252.0
2305,103,2025,q1+q3,0.35390947,1300.0,905.75
2305,103,2025,q1+q4,0.43621399,4428.0,2312.0
2305,103,2025,q1+q5,0.18930041,345.0,186.0
2305,103,2025,q1+q6,0.13580247,189.0,137.0
2305,103,2025,q2+q3,0.4526749,1089.0,651.0
2305,103,2025,q2+q4,0.53497942,3640.0,2100.0
2305,103,2025,q2+q5,0.28806584,721.0,319.0
2305,103,2025,q2+q6,0.2345679,475.0,295.0
2305,103,2025,q3+q4,0.57613169,3920.0,2049.3333
2305,103,2025,q3+q5,0.32921811,2565.0,1300.0
2305,103,2025,q3+q6,0.27572016,2045.0,1175.0
2305,103,2025,q4+q5,0.41152263,8380.0,3076.0
2305,103,2025,q4+q6,0.35802469,6960.0,2820.0
2305,103,2025,q5+q6,0.11111111,35200.0,13302.5
2305,103,2025,q1+q2+q3,0.55967078,786.0,396.625
2305,103,2025,q1+q2+q4,0.64197531,2160.0,1635.0
2305,103,2025,q1+q2+q5,0.39506173,458.0,262.0
2305,103,2025,q1+q2+q6,0.34156379,360.0,252.0
2305,103,2025,q1+q3+q4,0.68312757,3180.0,1620.0
2305,103,2025,q1+q3+q5,0.43621399,1661.0,1029.0
2305,103,2025,q1+q3+q6,0.38271605,1450.0,938.0
2305,103,2025,q1+q4+q5,0.51851852,6540.0,2560.0
2305,103,2025,q1+q4+q6,0.46502058,4828.0,2401.0
2305,103,2025,q1+q5+q6,0.218107,9245.0,6087.875
2305,103,2025,q2+q3+q4,0.781893,2552.0,1373.0
2305,103,2025,q2+q3+q5,0.53497942,1300.0,898.0
2305,103,2025,q2+q3+q6,0.48148148,1178.0,711.0
2305,103,2025,q2+q4+q5,0.61728395,4428.0,2235.0
2305,103,2025,q2+q4+q6,0.56378601,3650.0,2162.6667
2305,103,2025,q2+q5+q6,0.31687243,760.0,363.0
2305,103,2025,q3+q4+q5,0.65843621,4428.0,2207.5
2305,103,2025,q3+q4+q6,0.60493827,4208.0,2100.0
2305,103,2025,q3+q5+q6,0.35802469,2858.0,1350.0
2305,103,2025,q4+q5+q6,0.44032922,8700.0,3312.0
2305,103,2025,q1+q2+q3+q4,0.88888889,1985.0,1085.75
2305,103,2025,q1+q2+q3+q5,0.64197531,983.0,579.5
2305,103,2025,q1+q2+q3+q6,0.58847737,848.0,424.0
2305,103,2025,q1+q2+q4+q5,0.72427984,3180.0,2060.0
2305,103,2025,q1+q2+q4+q6,0.67078189,2460.0,1727.0
2305,103,2025,q1+q2+q5+q6,0.42386831,458.0,269.0
2305,103,2025,q1+q3+q4+q5,0.7654321,3650.0,1868.0
2305,103,2025,q1+q3+q4+q6,0.71193416,3623.0,1680.0
2305,103,2025,q1+q3+q5+q6,0.46502058,1796.0,1052.0
2305,103,2025,q1+q4+q5+q6,0.5473251,6624.0,2600.0
2305,103,2025,q2+q3+q4+q5,0.86419753,3040.0,1530.0
2305,103,2025,q2+q3+q4+q6,0.81069959,2565.0,1433.0
2305,103,2025,q2+q3+q5+q6,0.56378601,1433.0,923.0
2305,103,2025,q2+q4+q5+q6,0.64609053,4788.0,2394.0
2305,103,2025,q3+q4+q5+q6,0.6872428,4828.0,2214.0
2305,103,2025,q1+q2+q3+q4+q5,0.97119342,2460.0,1300.0
2305,103,2025,q1+q2+q3+q4+q6,0.91769547,2100.0,1260.0
2305,103,2025,q1+q2+q3+q5+q6,0.67078189,1119.0,675.0
2305,103,2025,q1+q2+q4+q5+q6,0.75308642,3650.0,2100.0
2305,103,2025,q1+q3+q4+q5+q6,0.79423868,3920.0,2060.0
2305,103,2025,q2+q3+q4+q5+q6,0.89300412,3339.0,1655.0
2305,103,2025,q1+q2+q3+q4+q5+q6,1.0,2552.0,1384.0
2305,103,2025,all,1.0,2552.0,1384.0
2306,103,2026,q1,0.10699588,156.0,123.0
2306,103,2026,q2,0.20576132,635.0,311.5
2306,103,2026,q3,0.24691358,2318.0,992.5
2306,103,2026,q4,0.32921811,6824.0,2565.0
2306,103,2026,q5,0.08230453,29025.0,11175.0
2306,103,2026,q6,0.02880658,160200.0,46725.0
2306,103,2026,q1+q2,0.3127572,422.0,252.0
2306,103,2026,q1+q3,0.35390947,1470.0,898.0
2306,103,2026,q1+q4,0.43621399,4428.0,2235.0
2306,103,2026,q1+q5,0.18930041,344.0,189.0
2306,103,2026,q1+q6,0.13580247,200.0,137.0
2306,103,2026,q2+q3,0.4526749,1166.0,641.25
2306,103,2026,q2+q4,0.53497942,3454.0,2060.0
2306,103,2026,q2+q5,0.28806584,786.0,367.0
2306,103,2026,q2+q6,0.2345679,734.0,319.0
2306,103,2026,q3+q4,0.57613169,3690.0,1939.5
2306,103,2026,q3+q5,0.32921811,2768.0,1181.5
2306,103,2026,q3+q6,0.27572016,2565.0,1039.5
2306,103,2026,q4+q5,0.41152263,8440.0,2940.0
2306,103,2026,q4+q6,0.35802469,7472.0,2720.0
2306,103,2026,q5+q6,0.11111111,37350.0,12484.5
2306,103,2026,q1+q2+q3,0.55967078,859.0,397.0
2306,103,2026,q1+q2+q4,0.64197531,2160.0,1573.0
2306,103,2026,q1+q2+q5,0.39506173,536.0,295.0
2306,103,2026,q1+q2+q6,0.34156379,446.0,268.0
2306,103,2026,q1+q3+q4,0.68312757,3240.0,1620.0
2306,103,2026,q1+q3+q5,0.43621399,2045.0,983.0
2306,103,2026,q1+q3+q6,0.38271605,1780.0,905.75
2306,103,2026,q1+q4+q5,0.51851852,6624.0,2538.0
2306,103,2026,q1+q4+q6,0.46502058,5040.0,2394.0
2306,103,2026,q1+q5+q6,0.218107,9245.0,6087.875
2306,103,2026,q2+q3+q4,0.781893,2700.0,1338.3333
2306,103,2026,q2+q3+q5,0.53497942,1461.0,870.0
2306,103,2026,q2+q3+q6,0.48148148,1260.0,675.0
2306,103,2026,q2+q4+q5,0.61728395,4240.0,2235.0
2306,103,2026,q2+q4+q6,0.56378601,3650.0,2110.0
2306,103,2026,q2+q5+q6,0.31687243,806.0,380.0
2306,103,2026,q3+q4+q5,0.65843621,4388.0,2194.0
2306,103,2026,q3+q4+q6,0.60493827,3940.0,2060.0
2306,103,2026,q3+q5+q6,0.35802469,3240.0,1320.0
2306,103,2026,q4+q5+q6,0.44032922,8940.0,3006.0
2306,103,2026,q1+q2+q3+q4,0.88888889,2214.0,992.5
2306,103,2026,q1+q2+q3+q5,0.64197531,1089.0,553.5
2306,103,2026,q1+q2+q3+q6,0.58847737,923.0,424.0
2306,103,2026,q1+q2+q4+q5,0.72427984,3040.0,1939.5
2306,103,2026,q1+q2+q4+q6,0.67078189,2514.0,1727.0
2306,103,2026,q1+q2+q5+q6,0.42386831,708.0,312.0
2306,103,2026,q1+q3+q4+q5,0.7654321,3650.0,1868.0
2306,103,2026,q1+q3+q4+q6,0.71193416,3488.0,1695.0
2306,103,2026,q1+q3+q5+q6,0.46502058,2322.0,992.5
2306,103,2026,q1+q4+q5+q6,0.5473251,6824.0,2565.0
2306,103,2026,q2+q3+q4+q5,0.86419753,3173.0,1573.0
2306,103,2026,q2+q3+q4+q6,0.81069959,2720.0,1384.0
2306,103,2026,q2+q3+q5+q6,0.56378601,1767.0,898.0
2306,103,2026,q2+q4+q5+q6,0.64609053,4624.0,2244.0
2306,103,2026,q3+q4+q5+q6,0.6872428,4428.0,2235.0
2306,103,2026,q1+q2+q3+q4+q5,0.97119342,2565.0,1260.0
2306,103,2026,q1+q2+q3+q4+q6,0.91769547,2460.0,1039.5
2306,103,2026,q1+q2+q3+q5+q6,0.67078189,1175.0,641.25
2306,103,2026,q1+q2+q4+q5+q6,0.75308642,3640.0,2060.0
2306,103,2026,q1+q3+q4+q5+q6,0.79423868,3780.0,2028.75
2306,103,2026,q2+q3+q4+q5+q6,0.89300412,3240.0,1655.0
2306,103,2026,q1+q2+q3+q4+q5+q6,1.0,2700.0,1350.0
2306,103,2026,all,1.0,2700.0,1350.0
2307,103,2027,q1,0.10699588,156.0,126.75
2307,103,2027,q2,0.20576132,430.0,252.0
2307,103,2027,q3,0.24691358,1530.0,1260.0
2307,103,2027,q4,0.32921811,6152.0,2702.0
2307,103,2027,q5,0.08230453,24969.0,12484.5
2307,103,2027,q6,0.02880658,94500.0,56000.0
2307,103,2027,q1+q2,0.3127572,295.0,228.5
2307,103,2027,q1+q3,0.35390947,1300.0,938.0
2307,103,2027,q1+q4,0.43621399,4428.0,2360.0
2307,103,2027,q1+q5,0.18930041,345.0,186.0
2307,103,2027,q1+q6,0.13580247,186.0,146.0
2307,103,2027,q2+q3,0.4526749,1050.0,653.8889
2307,103,2027,q2+q4,0.53497942,3454.0,2110.0
2307,103,2027,q2+q5,0.28806584,466.0,312.0
2307,103,2027,q2+q6,0.2345679,458.0,262.0
2307,103,2027,q3+q4,0.57613169,3875.0,2049.3333
2307,103,2027,q3+q5,0.32921811,2045.0,1373.0
2307,103,2027,q3+q6,0.27572016,1530.0,1300.0
2307,103,2027,q4+q5,0.41152263,8440.0,3076.0
2307,103,2027,q4+q6,0.35802469,6780.0,2880.0
2307,103,2027,q5+q6,0.11111111,34408.0,13332.0
2307,103,2027,q1+q2+q3,0.55967078,738.0,396.625
2307,103,2027,q1+q2+q4,0.64197531,2160.0,1573.0
2307,103,2027,q1+q2+q5,0.39506173,414.0,252.0
2307,103,2027,q1+q2+q6,0.34156379,312.0,252.0
2307,103,2027,q1+q3+q4,0.68312757,2768.0,1530.0
2307,103,2027,q1+q3+q5,0.43621399,1450.0,1181.5
2307,103,2027,q1+q3+q6,0.38271605,1350.0,984.5
2307,103,2027,q1+q4+q5,0.51851852,6012.0,2595.0
2307,103,2027,q1+q4+q6,0.46502058,4828.0,2460.0
2307,103,2027,q1+q5+q6,0.218107,9245.0,6087.875
2307,103,2027,q2+q3+q4,0.781893,2318.0,1450.0
2307,103,2027,q2+q3+q5,0.53497942,1300.0,923.0
2307,103,2027,q2+q3+q6,0.48148148,1246.0,774.0
2307,103,2027,q2+q4+q5,0.61728395,4240.0,2235.0
2307,103,2027,q2+q4+q6,0.56378601,3650.0,2170.0
2307,103,2027,q2+q5+q6,0.31687243,613.0,327.0
2307,103,2027,q3+q4+q5,0.65843621,4428.0,2170.0
2307,103,2027,q3+q4+q6,0.60493827,4118.0,2110.0
2307,103,2027,q3+q5+q6,0.35802469,2484.0,1450.0
2307,103,2027,q4+q5+q6,0.44032922,8680.0,3640.0
2307,103,2027,q1+q2+q3+q4,0.88888889,1530.0,1260.0
2307,103,2027,q1+q2+q3+q5,0.64197531,968.0,553.5
2307,103,2027,q1+q2+q3+q6,0.58847737,848.0,424.0
2307,103,2027,q1+q2+q4+q5,0.72427984,3040.0,2096.8333
2307,103,2027,q1+q2+q4+q6,0.67078189,2514.0,1727.0
2307,103,2027,q1+q2+q5+q6,0.42386831,458.0,252.0
2307,103,2027,q1+q3+q4+q5,0.7654321,3640.0,1845.0
2307,103,2027,q1+q3+q4+q6,0.71193416,3180.0,1673.5
2307,103,2027,q1+q3+q5+q6,0.46502058,1530.0,1260.0
2307,103,2027,q1+q4+q5+q6,0.5473251,6152.0,2720.0
2307,103,2027,q2+q3+q4+q5,0.86419753,2720.0,1530.0
2307,103,2027,q2+q3+q4+q6,0.81069959,2484.0,1450.0
2307,103,2027,q2+q3+q5+q6,0.56378601,1373.0,968.0
2307,103,2027,q2+q4+q5+q6,0.64609053,4624.0,2400.0
2307,103,2027,q3+q4+q5+q6,0.6872428,4828.0,2214.0
2307,103,2027,q1+q2+q3+q4+q5,0.97119342,2100.0,1384.0
2307,103,2027,q1+q2+q3+q4+q6,0.91769547,1780.0,1300.0
2307,103,2027,q1+q2+q3+q5+q6,0.67078189,1089.0,653.8889
2307,103,2027,q1+q2+q4+q5+q6,0.75308642,3640.0,2110.0
2307,103,2027,q1+q3+q4+q5+q6,0.79423868,3906.0,2090.0
2307,103,2027,q2+q3+q4+q5+q6,0.89300412,3040.0,1635.0
2307,103,2027,q1+q2+q3+q4+q5+q6,1.0,2363.0,1450.0
2307,103,2027,all,1.0,2363.0,1450.0
2308,103,2028,q1,0.10699588,149.0,134.0
2308,103,2028,q2,0.20576132,441.0,312.0
2308,103,2028,q3,0.24691358,1530.0,938.0
2308,103,2028,q4,0.32921811,5724.0,2460.0
2308,103,2028,q5,0.08230453,29500.0,11307.75
2308,103,2028,q6,0.02880658,120600.0,54675.0
2308,103,2028,q1+q2,0.3127572,319.0,269.0
2308,103,2028,q1+q3,0.35390947,1175.0,840.0
2308,103,2028,q1+q4,0.43621399,3780.0,2160.0
2308,103,2028,q1+q5,0.18930041,346.0,184.0
2308,103,2028,q1+q6,0.13580247,186.0,143.0
2308,103,2028,q2+q3,0.4526749,923.0,641.25
2308,103,2028,q2+q4,0.53497942,2720.0,1904.0
2308,103,2028,q2+q5,0.28806584,654.0,393.0
2308,103,2028,q2+q6,0.2345679,458.0,319.0
2308,103,2028,q3+q4,0.57613169,3488.0,1890.0
2308,103,2028,q3+q5,0.32921811,2322.0,1085.75
2308,103,2028,q3+q6,0.27572016,1985.0,983.0
2308,103,2028,q4+q5,0.41152263,6780.0,2655.0
2308,103,2028,q4+q6,0.35802469,6012.0,2514.0
2308,103,2028,q5+q6,0.11111111,40385.0,13302.5
2308,103,2028,q1+q2+q3,0.55967078,794.0,422.0
2308,103,2028,q1+q2+q4,0.64197531,2160.0,1573.0
2308,103,2028,q1+q2+q5,0.39506173,422.0,295.0
2308,103,2028,q1+q2+q6,0.34156379,367.0,277.0
2308,103,2028,q1+q3+q4,0.68312757,2600.0,1461.0
2308,103,2028,q1+q3+q5,0.43621399,1433.0,923.0
2308,103,2028,q1+q3+q6,0.38271605,1313.0,855.0
2308,103,2028,q1+q4+q5,0.51851852,5040.0,2394.0
2308,103,2028,q1+q4+q6,0.46502058,3960.0,2207.5
2308,103,2028,q1+q5+q6,0.218107,9245.0,6087.875
2308,103,2028,q2+q3+q4,0.781893,2297.0,1276.0
2308,103,2028,q2+q3+q5,0.53497942,1260.0,830.5
2308,103,2028,q2+q3+q6,0.48148148,1005.0,765.6667
2308,103,2028,q2+q4+q5,0.61728395,3780.0,2160.0
2308,103,2028,q2+q4+q6,0.56378601,3120.0,2090.0
2308,103,2028,q2+q5+q6,0.31687243,734.0,403.0
2308,103,2028,q3+q4+q5,0.65843621,3870.0,2100.0
2308,103,2028,q3+q4+q6,0.60493827,3640.0,1904.0
2308,103,2028,q3+q5+q6,0.35802469,2565.0,1260.0
2308,103,2028,q4+q5+q6,0.44032922,7655.0,2862.0
2308,103,2028,q1+q2+q3+q4,0.88888889,1796.0,962.75
2308,103,2028,q1+q2+q3+q5,0.64197531,878.0,553.5
2308,103,2028,q1+q2+q3+q6,0.58847737,855.0,458.0
2308,103,2028,q1+q2+q4+q5,0.72427984,2560.0,1890.0
2308,103,2028,q1+q2+q4+q6,0.67078189,2160.0,1695.0
2308,103,2028,q1+q2+q5+q6,0.42386831,458.0,312.0
2308,103,2028,q1+q3+q4+q5,0.7654321,3294.0,1742.2222
2308,103,2028,q1+q3+q4+q6,0.71193416,2720.0,1624.8333
2308,103,2028,q1+q3+q5+q6,0.46502058,1651.0,949.5
2308,103,2028,q1+q4+q5+q6,0.5473251,5724.0,2460.0
2308,103,2028,q2+q3+q4+q5,0.86419753,2560.0,1433.0
2308,103,2028,q2+q3+q4+q6,0.81069959,2385.0,1313.0
2308,103,2028,q2+q3+q5+q6,0.56378601,1313.0,855.0
2308,103,2028,q2+q4+q5+q6,0.64609053,3940.0,2162.6667
2308,103,2028,q3+q4+q5+q6,0.6872428,3960.0,2160.0
2308,103,2028,q1+q2+q3+q4+q5,0.97119342,2160.0,1175.0
2308,103,2028,q1+q2+q3+q4+q6,0.91769547,2052.0,992.5
2308,103,2028,q1+q2+q3+q5+q6,0.67078189,938.0,651.0
2308,103,2028,q1+q2+q4+q5+q6,0.75308642,2720.0,1904.0
2308,103,2028,q1+q3+q4+q5+q6,0.79423868,3600.0,1890.0
2308,103,2028,q2+q3+q4+q5+q6,0.89300412,2700.0,1470.0
2308,103,2028,q1+q2+q3+q4+q5+q6,1.0,2318.0,1290.0
2308,103,2028,all,1.0,2318.0,1290.0
2309,103,2029,q1,0.10699588,150.0,138.0
2309,103,2029,q2,0.20576132,458.0,312.0
2309,103,2029,q3,0.24691358,1863.0,968.0
2309,103,2029,q4,0.32921811,5160.0,2460.0
2309,103,2029,q5,0.08230453,29500.0,10342.5
2309,103,2029,q6,0.02880658,143100.0,52200.0
2309,103,2029,q1+q2,0.3127572,319.0,252.0
2309,103,2029,q1+q3,0.35390947,1260.0,898.0
2309,103,2029,q1+q4,0.43621399,3180.0,2170.0
2309,103,2029,q1+q5,0.18930041,346.0,185.0
2309,103,2029,q1+q6,0.13580247,185.0,146.0
2309,103,2029,q2+q3,0.4526749,983.0,579.5
2309,103,2029,q2+q4,0.53497942,2720.0,1727.0
2309,103,2029,q2+q5,0.28806584,708.0,367.0
2309,103,2029,q2+q6,0.2345679,466.0,312.0
2309,103,2029,q3+q4,0.57613169,3180.0,1661.0
2309,103,2029,q3+q5,0.32921811,2565.0,1052.0
2309,103,2029,q3+q6,0.27572016,2052.0,992.5
2309,103,2029,q4+q5,0.41152263,8115.0,2720.0
2309,103,2029,q4+q6,0.35802469,6624.0,2520.0
2309,103,2029,q5+q6,0.11111111,38745.0,12400.0
2309,103,2029,q1+q2+q3,0.55967078,855.0,402.5
2309,103,2029,q1+q2+q4,0.64197531,2160.0,795.0
2309,103,2029,q1+q2+q5,0.39506173,441.0,301.0
2309,103,2029,q1+q2+q6,0.34156379,367.0,269.0
2309,103,2029,q1+q3+q4,0.68312757,2720.0,1388.0
2309,103,2029,q1+q3+q5,0.43621399,1530.0,968.0
2309,103,2029,q1+q3+q6,0.38271605,1373.0,923.0
2309,103,2029,q1+q4+q5,0.51851852,4624.0,2360.0
2309,103,2029,q1+q4+q6,0.46502058,3780.0,2214.0
2309,103,2029,q1+q5+q6,0.218107,9245.0,6087.875
2309,103,2029,q2+q3+q4,0.781893,2514.0,1085.75
2309,103,2029,q2+q3+q5,0.53497942,1350.0,855.0
2309,103,2029,q2+q3+q6,0.48148148,1089.0,711.0
2309,103,2029,q2+q4+q5,0.61728395,3180.0,2110.0
2309,103,2029,q2+q4+q6,0.56378601,2720.0,1845.0
2309,103,2029,q2+q5+q6,0.31687243,806.0,370.0
2309,103,2029,q3+q4+q5,0.65843621,3780.0,1939.5
2309,103,2029,q3+q4+q6,0.60493827,3339.0,1727.0
2309,103,2029,q3+q5+q6,0.35802469,3285.0,1181.5
2309,103,2029,q4+q5+q6,0.44032922,8830.0,2720.0
2309,103,2029,q1+q2+q3+q4,0.88888889,2052.0,968.0
2309,103,2029,q1+q2+q3+q5,0.64197531,968.0,549.0
2309,103,2029,q1+q2+q3+q6,0.58847737,923.0,445.0
2309,103,2029,q1+q2+q4+q5,0.72427984,2720.0,1673.5
2309,103,2029,q1+q2+q4+q6,0.67078189,2514.0,1469.0
2309,103,2029,q1+q2+q5+q6,0.42386831,462.0,312.0
2309,103,2029,q1+q3+q4+q5,0.7654321,3180.0,1573.0
2309,103,2029,q1+q3+q4+q6,0.71193416,2720.0,1469.0
2309,103,2029,q1+q3+q5+q6,0.46502058,1985.0,968.0
2309,103,2029,q1+q4+q5+q6,0.5473251,5724.0,2460.0
2309,103,2029,q2+q3+q4+q5,0.86419753,2720.0,1373.0
2309,103,2029,q2+q3+q4+q6,0.81069959,2565.0,1181.5
2309,103,2029,q2+q3+q5+q6,0.56378601,1388.0,905.75
2309,103,2029,q2+q4+q5+q6,0.64609053,3640.0,2207.5
2309,103,2029,q3+q4+q5+q6,0.6872428,3920.0,2100.0
2309,103,2029,q1+q2+q3+q4+q5,0.97119342,2400.0,1026.0
2309,103,2029,q1+q2+q3+q4+q6,0.91769547,2133.0,968.0
2309,103,2029,q1+q2+q3+q5+q6,0.67078189,983.0,596.25
2309,103,2029,q1+q2+q4+q5+q6,0.75308642,2720.0,1740.0
2309,103,2029,q1+q3+q4+q5+q6,0.79423868,3180.0,1673.5
2309,103,2029,q2+q3+q4+q5+q6,0.89300412,2720.0,1450.0
2309,103,2029,q1+q2+q3+q4+q5+q6,1.0,2514.0,1125.0
2309,103,2029,all,1.0,2514.0,1125.0
2310,103,2030,q1,0.10699588,168.0,137.0
2310,103,2030,q2,0.20576132,466.0,312.0
2310,103,2030,q3,0.24691358,1470.0,1005.0
2310,103,2030,q4,0.32921811,4788.0,2460.0
2310,103,2030,q5,0.08230453,26605.0,10053.0
2310,103,2030,q6,0.02880658,120600.0,54300.0
2310,103,2030,q1+q2,0.3127572,367.0,252.5
2310,103,2030,q1+q3,0.35390947,1005.0,898.0
2310,103,2030,q1+q4,0.43621399,3454.0,2207.5
2310,103,2030,q1+q5,0.18930041,331.0,185.0
2310,103,2030,q1+q6,0.13580247,184.0,152.0
2310,103,2030,q2+q3,0.4526749,968.0,711.0
2310,103,2030,q2+q4,0.53497942,2720.0,1904.0
2310,103,2030,q2+q5,0.28806584,734.0,401.0
2310,103,2030,q2+q6,0.2345679,514.0,330.5
2310,103,2030,q3+q4,0.57613169,3120.0,1767.0
2310,103,2030,q3+q5,0.32921811,2133.0,1178.0
2310,103,2030,q3+q6,0.27572016,1661.0,1026.0
2310,103,2030,q4+q5,0.41152263,7140.0,2625.0
2310,103,2030,q4+q6,0.35802469,6012.0,2520.0
2310,103,2030,q5+q6,0.11111111,37800.0,12480.0
2310,103,2030,q1+q2+q3,0.55967078,810.0,445.0
2310,103,2030,q1+q2+q4,0.64197531,2160.0,888.0
2310,103,2030,q1+q2+q5,0.39506173,462.0,306.5
2310,103,2030,q1+q2+q6,0.34156379,414.0,288.0
2310,103,2030,q1+q3+q4,0.68312757,2588.0,1470.0
2310,103,2030,q1+q3+q5,0.43621399,1433.0,977.2667
2310,103,2030,q1+q3+q6,0.38271605,1178.0,923.0
2310,103,2030,q1+q4+q5,0.51851852,4428.0,2400.0
2310,103,2030,q1+q4+q6,0.46502058,3920.0,2243.5
2310,103,2030,q1+q5+q6,0.218107,7800.0,6087.875
2310,103,2030,q2+q3+q4,0.781893,2363.0,1260.0
2310,103,2030,q2+q3+q5,0.53497942,1175.0,872.0
2310,103,2030,q2+q3+q6,0.48148148,1005.0,810.0
2310,103,2030,q2+q4+q5,0.61728395,3180.0,2162.6667
2310,103,2030,q2+q4+q6,0.56378601,3040.0,2090.0
2310,103,2030,q2+q5+q6,0.31687243,806.0,422.0
2310,103,2030,q3+q4+q5,0.65843621,3650.0,2096.8333
2310,103,2030,q3+q4+q6,0.60493827,3180.0,1868.0
2310,103,2030,q3+q5+q6,0.35802469,2484.0,1276.0
2310,103,2030,q4+q5+q6,0.44032922,7800.0,2730.0
2310,103,2030,q1+q2+q3+q4,0.88888889,1661.0,1005.0
2310,103,2030,q1+q2+q3+q5,0.64197531,923.0,619.0
2310,103,2030,q1+q2+q3+q6,0.58847737,859.0,473.0
2310,103,2030,q1+q2+q4+q5,0.72427984,2600.0,1785.0
2310,103,2030,q1+q2+q4+q6,0.67078189,2400.0,1656.375
2310,103,2030,q1+q2+q5+q6,0.42386831,480.0,312.0
2310,103,2030,q1+q3+q4+q5,0.7654321,3120.0,1727.0
2310,103,2030,q1+q3+q4+q6,0.71193416,2700.0,1635.0
2310,103,2030,q1+q3+q5+q6,0.46502058,1470.0,1005.0
2310,103,2030,q1+q4+q5+q6,0.5473251,4788.0,2460.0
2310,103,2030,q2+q3+q4+q5,0.86419753,2560.0,1450.0
2310,103,2030,q2+q3+q4+q6,0.81069959,2400.0,1300.0
2310,103,2030,q2+q3+q5+q6,0.56378601,1260.0,923.0
2310,103,2030,q2+q4+q5+q6,0.64609053,3640.0,2214.0
2310,103,2030,q3+q4+q5+q6,0.6872428,3893.0,2160.0
2310,103,2030,q1+q2+q3+q4+q5,0.97119342,2160.0,1175.0
2310,103,2030,q1+q2+q3+q4+q6,0.91769547,1835.0,1026.0
2310,103,2030,q1+q2+q3+q5+q6,0.67078189,979.0,711.0
2310,103,2030,q1+q2+q4+q5+q6,0.75308642,3040.0,1939.5
2310,103,2030,q1+q3+q4+q5+q6,0.79423868,3120.0,1767.0
2310,103,2030,q2+q3+q4+q5+q6,0.89300412,2600.0,1530.0
2310,103,2030,q1+q2+q3+q4+q5+q6,1.0,2385.0,1260.0
2310,103,2030,all,1.0,2385.0,1260.0
2401,104,2031,q1,0.08081539,160.0,134.0
2401,104,2031,q2,0.18183462,458.0,301.0
2401,104,2031,q3,0.34346539,1661.0,992.5
2401,104,2031,q4,0.24244616,5724.0,2514.0
2401,104,2031,q5,0.10101923,27675.0,11175.0
2401,104,2031,q6,0.05041921,141300.0,54600.0
2401,104,2031,q1+q2,0.26265001,346.0,252.0
2401,104,2031,q1+q3,0.42428078,1388.0,923.0
2401,104,2031,q1+q4,0.32326155,3920.0,2214.0
2401,104,2031,q1+q5,0.18183462,12225.0,6862.5
2401,104,2031,q1+q6,0.1312346,299.0,173.0
2401,104,2031,q2+q3,0.52530001,1246.0,840.0
2401,104,2031,q2+q4,0.42428078,2560.0,1785.0
2401,104,2031,q2+q5,0.28285385,804.0,402.0
2401,104,2031,q2+q6,0.23225383,613.0,330.5
2401,104,2031,q3+q4,0.58591155,2720.0,1433.0
2401,104,2031,q3+q5,0.44448462,2322.0,1178.0
2401,104,2031,q3+q6,0.3938846,2045.0,1050.0
2401,104,2031,q4+q5,0.34346539,8700.0,3006.0
2401,104,2031,q4+q6,0.29286537,7380.0,2655.0
2401,104,2031,q5+q6,0.15143844,42525.0,13304.1667
2401,104,2031,q1+q2+q3,0.6061154,983.0,653.8889
2401,104,2031,q1+q2+q4,0.50509616,1426.0,522.5
2401,104,2031,q1+q2+q5,0.36366924,475.0,312.0
2401,104,2031,q1+q2+q6,0.31306922,441.0,290.4
2401,104,2031,q1+q3+q4,0.66672694,2484.0,1300.0
2401,104,2031,q1+q3+q5,0.52530001,1780.0,1026.0
2401,104,2031,q1+q3+q6,0.47469999,1530.0,968.0
2401,104,2031,q1+q4+q5,0.42428078,6554.0,2560.0
2401,104,2031,q1+q4+q6,0.37368076,4624.0,2400.0
2401,104,2031,q1+q5+q6,0.23225383,16200.0,9210.25
2401,104,2031,q2+q3+q4,0.76774617,2052.0,1050.0
2401,104,2031,q2+q3+q5,0.62631924,1440.0,931.5
2401,104,2031,q2+q3+q6,0.57571922,1350.0,900.0
2401,104,2031,q2+q4+q5,0.52530001,3920.0,2214.0
2401,104,2031,q2+q4+q6,0.47469999,3120.0,2096.8889
2401,104,2031,q2+q5+q6,0.33327306,1246.0,473.0
2401,104,2031,q3+q4+q5,0.68693078,3623.0,1661.0
2401,104,2031,q3+q4+q6,0.63633076,3180.0,1492.5
2401,104,2031,q3+q5+q6,0.49490384,2768.0,1300.0
2401,104,2031,q4+q5+q6,0.3938846,10260.0,3640.0
2401,104,2031,q1+q2+q3+q4,0.84856156,1651.0,977.2667
2401,104,2031,q1+q2+q3+q5,0.70713463,1300.0,855.0
2401,104,2031,q1+q2+q3+q6,0.65653461,1125.0,774.0
2401,104,2031,q1+q2+q4+q5,0.6061154,2720.0,1890.0
2401,104,2031,q1+q2+q4+q6,0.55551538,2400.0,1656.375
2401,104,2031,q1+q2+q5+q6,0.41408845,721.0,363.0
2401,104,2031,q1+q3+q4+q5,0.76774617,3040.0,1450.0
2401,104,2031,q1+q3+q4+q6,0.71714615,2600.0,1384.0
2401,104,2031,q1+q3+q5+q6,0.57571922,2079.0,1085.75
2401,104,2031,q1+q4+q5+q6,0.47469999,7800.0,2730.0
2401,104,2031,q2+q3+q4+q5,0.8687654,2484.0,1300.0
2401,104,2031,q2+q3+q4+q6,0.81816538,2297.0,1178.0
2401,104,2031,q2+q3+q5+q6,0.67673845,1530.0,977.2667
2401,104,2031,q2+q4+q5+q6,0.57571922,4624.0,2400.0
2401,104,2031,q3+q4+q5+q6,0.73734999,3870.0,1845.0
2401,104,2031,q1+q2+q3+q4+q5,0.94958079,2100.0,1085.75
2401,104,2031,q1+q2+q3+q4+q6,0.89898077,1863.0,1026.0
2401,104,2031,q1+q2+q3+q5+q6,0.75755384,1388.0,923.0
2401,104,2031,q1+q2+q4+q5+q6,0.65653461,3640.0,2160.0
2401,104,2031,q1+q3+q4+q5+q6,0.81816538,3294.0,1573.0
2401,104,2031,q2+q3+q4+q5+q6,0.91918461,2600.0,1384.0
2401,104,2031,q1+q2+q3+q4+q5+q6,1.0,2385.0,1260.0
2401,104,2031,all,1.0,2385.0,1260.0
2402,104,2032,q1,0.08081173,168.0,137.0
2402,104,2032,q2,0.1818264,462.0,295.0
2402,104,2032,q3,0.34344987,1661.0,963.75
2402,104,2032,q4,0.2424352,4428.0,2460.0
2402,104,2032,q5,0.10101467,24969.0,10631.25
2402,104,2032,q6,0.05046213,148840.0,68100.0
2402,104,2032,q1+q2,0.26263813,315.0,257.0
2402,104,2032,q1+q3,0.4242616,1373.0,923.0
2402,104,2032,q1+q4,0.32324693,3454.0,2214.0
2402,104,2032,q1+q5,0.1818264,9245.0,6457.5
2402,104,2032,q1+q6,0.13127387,276.0,172.0
2402,104,2032,q2+q3,0.52527627,1175.0,830.5
2402,104,2032,q2+q4,0.4242616,2514.0,1742.2222
2402,104,2032,q2+q5,0.28284107,806.0,402.0
2402,104,2032,q2+q6,0.23228853,635.0,315.0
2402,104,2032,q3+q4,0.58588507,2560.0,1429.0
2402,104,2032,q3+q5,0.44446453,2214.0,1085.75
2402,104,2032,q3+q6,0.393912,1780.0,1026.0
2402,104,2032,q4+q5,0.34344987,8115.0,2600.0
2402,104,2032,q4+q6,0.29289733,6554.0,2520.0
2402,104,2032,q5+q6,0.1514768,38745.0,13056.0
2402,104,2032,q1+q2+q3,0.606088,938.0,641.25
2402,104,2032,q1+q2+q4,0.50507333,1426.0,553.0
2402,104,2032,q1+q2+q5,0.3636528,486.0,302.5
2402,104,2032,q1+q2+q6,0.31310027,430.0,293.0
2402,104,2032,q1+q3+q4,0.6666968,2400.0,1260.0
2402,104,2032,q1+q3+q5,0.52527627,1661.0,983.0
2402,104,2032,q1+q3+q6,0.47472373,1470.0,923.0
2402,104,2032,q1+q4+q5,0.4242616,4828.0,2514.0
2402,104,2032,q1+q4+q6,0.37370907,4428.0,2394.0
2402,104,2032,q1+q5+q6,0.23228853,15345.0,9210.25
2402,104,2032,q2+q3+q4,0.76771147,1863.0,1026.0
2402,104,2032,q2+q3+q5,0.62629093,1426.0,923.0
2402,104,2032,q2+q3+q6,0.5757384,1300.0,887.75
2402,104,2032,q2+q4+q5,0.52527627,3454.0,2214.0
2402,104,2032,q2+q4+q6,0.47472373,2600.0,2096.8889
2402,104,2032,q2+q5+q6,0.3333032,1274.0,473.0
2402,104,2032,q3+q4+q5,0.68689973,3339.0,1680.0
2402,104,2032,q3+q4+q6,0.6363472,2720.0,1530.0
2402,104,2032,q3+q5+q6,0.49492667,2565.0,1260.0
2402,104,2032,q4+q5+q6,0.393912,9245.0,3040.0
2402,104,2032,q1+q2+q3+q4,0.8485232,1661.0,931.5
2402,104,2032,q1+q2+q3+q5,0.70710267,1210.0,830.5
2402,104,2032,q1+q2+q3+q6,0.65655013,1050.0,734.0
2402,104,2032,q1+q2+q4+q5,0.606088,2514.0,1890.0
2402,104,2032,q1+q2+q4+q6,0.55553547,2400.0,1680.0
2402,104,2032,q1+q2+q5+q6,0.41411493,721.0,358.25
2402,104,2032,q1+q3+q4+q5,0.76771147,2565.0,1461.0
2402,104,2032,q1+q3+q4+q6,0.71715893,2514.0,1373.0
2402,104,2032,q1+q3+q5+q6,0.5757384,2045.0,1039.5
2402,104,2032,q1+q4+q5+q6,0.47472373,7380.0,2560.0
2402,104,2032,q2+q3+q4+q5,0.86872613,2400.0,1260.0
2402,104,2032,q2+q3+q4+q6,0.8181736,2214.0,1125.0
2402,104,2032,q2+q3+q5+q6,0.67675307,1530.0,923.0
2402,104,2032,q2+q4+q5+q6,0.5757384,4428.0,2394.0
2402,104,2032,q3+q4+q5+q6,0.73736187,3780.0,1780.0
2402,104,2032,q1+q2+q3+q4+q5,0.94953787,2079.0,1050.0
2402,104,2032,q1+q2+q3+q4+q6,0.89898533,1767.0,983.0
2402,104,2032,q1+q2+q3+q5+q6,0.7575648,1373.0,923.0
2402,104,2032,q1+q2+q4+q5+q6,0.65655013,2720.0,2160.0
2402,104,2032,q1+q3+q4+q5+q6,0.8181736,3040.0,1624.8333
2402,104,2032,q2+q3+q4+q5+q6,0.91918827,2514.0,1373.0
2402,104,2032,q1+q2+q3+q4+q5+q6,1.0,2214.0,1178.0
2402,104,2032,all,1.0,2214.0,1178.0
2403,104,2033,q1,0.0808114,168.0,138.0
2403,104,2033,q2,0.18182565,466.0,312.0
2403,104,2033,q3,0.34344846,1661.0,990.0
2403,104,2033,q4,0.2424342,5040.0,2514.0
2403,104,2033,q5,0.10101425,29500.0,10057.0
2403,104,2033,q6,0.05046603,143100.0,54300.0
2403,104,2033,q1+q2,0.26263705,388.0,262.0
2403,104,2033,q1+q3,0.42425986,1388.0,931.5
2403,104,2033,q1+q4,0.32324561,3454.0,2207.5
2403,104,2033,q1+q5,0.18182565,11175.0,6615.0
2403,104,2033,q1+q6,0.13127744,277.0,178.0
2403,104,2033,q2+q3,0.52527411,1260.0,830.5
2403,104,2033,q2+q4,0.42425986,2600.0,1727.0
2403,104,2033,q2+q5,0.2828399,886.0,422.0
2403,104,2033,q2+q6,0.23229169,718.0,367.0
2403,104,2033,q3+q4,0.58588266,2720.0,1388.0
2403,104,2033,q3+q5,0.44446271,2385.0,1175.0
2403,104,2033,q3+q6,0.39391449,2052.0,1029.5
2403,104,2033,q4+q5,0.34344846,8940.0,2880.0
2403,104,2033,q4+q6,0.29290024,7472.0,2625.0
2403,104,2033,q5+q6,0.15148029,42525.0,12600.0
2403,104,2033,q1+q2+q3,0.60608551,1005.0,641.25
2403,104,2033,q1+q2+q4,0.50507126,1433.0,713.0
2403,104,2033,q1+q2+q5,0.36365131,532.0,317.5
2403,104,2033,q1+q2+q6,0.31310309,462.0,301.0
2403,104,2033,q1+q3+q4,0.66669406,2541.0,1260.0
2403,104,2033,q1+q3+q5,0.52527411,1780.0,1005.0
2403,104,2033,q1+q3+q6,0.47472589,1470.0,968.0
2403,104,2033,q1+q4+q5,0.42425986,6554.0,2560.0
2403,104,2033,q1+q4+q6,0.37371164,4240.0,2400.0
2403,104,2033,q1+q5+q6,0.23229169,16200.0,8622.5
2403,104,2033,q2+q3+q4,0.76770831,2100.0,1026.0
2403,104,2033,q2+q3+q5,0.62628836,1450.0,938.0
2403,104,2033,q2+q3+q6,0.57574014,1388.0,923.0
2403,104,2033,q2+q4+q5,0.52527411,3454.0,2207.5
2403,104,2033,q2+q4+q6,0.47472589,3040.0,2049.3333
2403,104,2033,q2+q5+q6,0.33330594,1426.0,480.0
2403,104,2033,q3+q4+q5,0.68689691,3454.0,1651.0
2403,104,2033,q3+q4+q6,0.63634869,3173.0,1470.0
2403,104,2033,q3+q5+q6,0.49492874,3173.0,1263.6667
2403,104,2033,q4+q5+q6,0.39391449,10542.0,3120.0
2403,104,2033,q1+q2+q3+q4,0.84851971,1661.0,968.0
2403,104,2033,q1+q2+q3+q5,0.70709976,1346.0,872.0
2403,104,2033,q1+q2+q3+q6,0.65655154,1175.0,810.0
2403,104,2033,q1+q2+q4+q5,0.60608551,2720.0,1785.0
2403,104,2033,q1+q2+q4+q6,0.55553729,2460.0,1573.0
2403,104,2033,q1+q2+q5+q6,0.41411734,804.0,401.0
2403,104,2033,q1+q3+q4+q5,0.76770831,3040.0,1433.0
2403,104,2033,q1+q3+q4+q6,0.7171601,2700.0,1373.0
2403,104,2033,q1+q3+q5+q6,0.57574014,2214.0,1052.0
2403,104,2033,q1+q4+q5+q6,0.47472589,7800.0,2720.0
2403,104,2033,q2+q3+q4+q5,0.86872256,2552.0,1260.0
2403,104,2033,q2+q3+q4+q6,0.81817435,2363.0,1125.0
2403,104,2033,q2+q3+q5+q6,0.67675439,1530.0,968.0
2403,104,2033,q2+q4+q5+q6,0.57574014,4428.0,2400.0
2403,104,2033,q3+q4+q5+q6,0.73736295,3851.0,1742.2222
2403,104,2033,q1+q2+q3+q4+q5,0.94953397,2160.0,1050.0
2403,104,2033,q1+q2+q3+q4+q6,0.89898575,2016.0,1005.0
2403,104,2033,q1+q2+q3+q5+q6,0.7575658,1388.0,923.0
2403,104,2033,q1+q2+q4+q5+q6,0.65655154,3120.0,2100.0
2403,104,2033,q1+q3+q4+q5+q6,0.81817435,3180.0,1470.0
2403,104,2033,q2+q3+q4+q5+q6,0.9191886,2700.0,1373.0
2403,104,2033,q1+q2+q3+q4+q5+q6,1.0,2400.0,1178.0
2403,104,2033,all,1.0,2400.0,1178.0
2404,104,2034,q1,0.08081156,161.0,138.0
2404,104,2034,q2,0.18182601,446.0,312.0
2404,104,2034,q3,0.34344913,1461.0,955.5
2404,104,2034,q4,0.24243468,5040.0,2460.0
2404,104,2034,q5,0.10101445,25875.0,11307.75
2404,104,2034,q6,0.05046418,127260.0,54675.0
2404,104,2034,q1+q2,0.26263757,346.0,262.0
2404,104,2034,q1+q3,0.42426069,1313.0,923.0
2404,104,2034,q1+q4,0.32324624,3780.0,2160.0
2404,104,2034,q1+q5,0.18182601,12225.0,7112.5
2404,104,2034,q1+q6,0.13127574,308.0,173.0
2404,104,2034,q2+q3,0.52527514,1050.0,823.5
2404,104,2034,q2+q4,0.42426069,2400.0,1845.0
2404,104,2034,q2+q5,0.28284046,734.0,422.0
2404,104,2034,q2+q6,0.23229019,480.0,360.0
2404,104,2034,q3+q4,0.58588381,2560.0,1373.0
2404,104,2034,q3+q5,0.44446358,2214.0,1052.0
2404,104,2034,q3+q6,0.3939133,1780.0,992.5
2404,104,2034,q4+q5,0.34344913,7655.0,2862.0
2404,104,2034,q4+q6,0.29289885,6012.0,2538.0
2404,104,2034,q5+q6,0.15147863,42975.0,14850.0
2404,104,2034,q1+q2+q3,0.6060867,923.0,641.25
2404,104,2034,q1+q2+q4,0.50507225,1375.0,480.0
2404,104,2034,q1+q2+q5,0.36365202,466.0,318.5
2404,104,2034,q1+q2+q6,0.31310174,422.0,295.0
2404,104,2034,q1+q3+q4,0.66669537,2214.0,1260.0
2404,104,2034,q1+q3+q5,0.52527514,1530.0,983.0
2404,104,2034,q1+q3+q6,0.47472486,1388.0,938.0
2404,104,2034,q1+q4+q5,0.42426069,5160.0,2514.0
2404,104,2034,q1+q4+q6,0.37371041,4428.0,2244.0
2404,104,2034,q1+q5+q6,0.23229019,16200.0,9922.5
2404,104,2034,q2+q3+q4,0.76770981,1863.0,1005.0
2404,104,2034,q2+q3+q5,0.62628959,1350.0,923.0
2404,104,2034,q2+q3+q6,0.57573931,1258.0,855.0
2404,104,2034,q2+q4+q5,0.52527514,3780.0,2160.0
2404,104,2034,q2+q4+q6,0.47472486,2720.0,2096.8333
2404,104,2034,q2+q5+q6,0.33330463,1166.0,475.0
2404,104,2034,q3+q4+q5,0.68689826,3294.0,1661.0
2404,104,2034,q3+q4+q6,0.63634798,3040.0,1461.0
2404,104,2034,q3+q5+q6,0.49492775,2541.0,1242.0
2404,104,2034,q4+q5+q6,0.3939133,9600.0,3120.0
2404,104,2034,q1+q2+q3+q4,0.84852137,1440.0,938.0
2404,104,2034,q1+q2+q3+q5,0.70710115,1125.0,840.0
2404,104,2034,q1+q2+q3+q6,0.65655087,983.0,770.75
2404,104,2034,q1+q2+q4+q5,0.6060867,2514.0,1890.0
2404,104,2034,q1+q2+q4+q6,0.55553642,2160.0,1695.0
2404,104,2034,q1+q2+q5+q6,0.41411619,635.0,401.0
2404,104,2034,q1+q3+q4+q5,0.76770981,2600.0,1429.0
2404,104,2034,q1+q3+q4+q6,0.71715954,2460.0,1313.0
2404,104,2034,q1+q3+q5+q6,0.57573931,1863.0,1026.0
2404,104,2034,q1+q4+q5+q6,0.47472486,6780.0,2600.0
2404,104,2034,q2+q3+q4+q5,0.86872426,2214.0,1260.0
2404,104,2034,q2+q3+q4+q6,0.81817399,2100.0,1125.0
2404,104,2034,q2+q3+q5+q6,0.67675376,1433.0,938.0
2404,104,2034,q2+q4+q5+q6,0.57573931,4428.0,2244.0
2404,104,2034,q3+q4+q5+q6,0.73736243,3780.0,1845.0
2404,104,2034,q1+q2+q3+q4+q5,0.94953582,2052.0,1029.0
2404,104,2034,q1+q2+q3+q4+q6,0.89898555,1661.0,983.0
2404,104,2034,q1+q2+q3+q5+q6,0.75756532,1313.0,855.0
2404,104,2034,q1+q2+q4+q5+q6,0.65655087,3454.0,2100.0
2404,104,2034,q1+q3+q4+q5+q6,0.81817399,3120.0,1530.0
2404,104,2034,q2+q3+q4+q5+q6,0.91918844,2460.0,1313.0
2404,104,2034,q1+q2+q3+q4+q5+q6,1.0,2160.0,1125.0
2404,104,2034,all,1.0,2160.0,1125.0
2405,104,2035,q1,0.08082079,156.0,125.0
2405,104,2035,q2,0.18184677,458.0,288.0
2405,104,2035,q3,0.34348834,1780.0,1039.5
2405,104,2035,q4,0.24246236,6620.0,2560.0
2405,104,2035,q5,0.10102598,28450.0,11307.75
2405,104,2035,q6,0.05035575,148840.0,54600.0
2405,104,2035,q1+q2,0.26266756,341.0,252.0
2405,104,2035,q1+q3,0.42430913,1450.0,968.0
2405,104,2035,q1+q4,0.32328315,4428.0,2235.0
2405,104,2035,q1+q5,0.18184677,12225.0,6862.5
2405,104,2035,q1+q6,0.13117654,299.0,170.0
2405,104,2035,q2+q3,0.52533512,1300.0,870.0
2405,104,2035,q2+q4,0.42430913,2600.0,1890.0
2405,104,2035,q2+q5,0.28287275,786.0,380.0
2405,104,2035,q2+q6,0.23220252,536.0,318.5
2405,104,2035,q3+q4,0.58595071,3040.0,1450.0
2405,104,2035,q3+q5,0.44451433,2552.0,1276.0
2405,104,2035,q3+q6,0.3938441,2052.0,1175.0
2405,104,2035,q4+q5,0.34348834,8940.0,3312.0
2405,104,2035,q4+q6,0.29281811,7655.0,2880.0
2405,104,2035,q5+q6,0.15138174,40385.0,14520.0
2405,104,2035,q1+q2+q3,0.6061559,1050.0,675.0
2405,104,2035,q1+q2+q4,0.50512992,1375.0,475.0
2405,104,2035,q1+q2+q5,0.36369354,475.0,301.0
2405,104,2035,q1+q2+q6,0.31302331,445.0,262.0
2405,104,2035,q1+q3+q4,0.66677149,2560.0,1320.0
2405,104,2035,q1+q3+q5,0.52533512,1796.0,1052.0
2405,104,2035,q1+q3+q6,0.47466488,1651.0,1005.0
2405,104,2035,q1+q4+q5,0.42430913,6824.0,2600.0
2405,104,2035,q1+q4+q6,0.3736389,5160.0,2470.0
2405,104,2035,q1+q5+q6,0.23220252,21201.0,9082.5
2405,104,2035,q2+q3+q4,0.76779748,2079.0,1175.0
2405,104,2035,q2+q3+q5,0.6263611,1461.0,968.0
2405,104,2035,q2+q3+q6,0.57569087,1388.0,923.0
2405,104,2035,q2+q4+q5,0.52533512,4428.0,2235.0
2405,104,2035,q2+q4+q6,0.47466488,3650.0,2110.0
2405,104,2035,q2+q5+q6,0.33322851,1240.0,466.0
2405,104,2035,q3+q4+q5,0.68697669,3780.0,1740.0
2405,104,2035,q3+q4+q6,0.63630646,3623.0,1530.0
2405,104,2035,q3+q5+q6,0.49487008,2768.0,1313.0
2405,104,2035,q4+q5+q6,0.3938441,10380.0,3827.5
2405,104,2035,q1+q2+q3+q4,0.84861826,1767.0,1026.0
2405,104,2035,q1+q2+q3+q5,0.70718189,1300.0,898.0
2405,104,2035,q1+q2+q3+q6,0.65651166,1240.0,774.0
2405,104,2035,q1+q2+q4+q5,0.6061559,3040.0,2060.0
2405,104,2035,q1+q2+q4+q6,0.55548567,2460.0,1695.0
2405,104,2035,q1+q2+q5+q6,0.41404929,721.0,336.0
2405,104,2035,q1+q3+q4+q5,0.76779748,3240.0,1492.5
2405,104,2035,q1+q3+q4+q6,0.71712725,2720.0,1432.5
2405,104,2035,q1+q3+q5+q6,0.57569087,2214.0,1260.0
2405,104,2035,q1+q4+q5+q6,0.47466488,8380.0,3040.0
2405,104,2035,q2+q3+q4+q5,0.86882346,2560.0,1320.0
2405,104,2035,q2+q3+q4+q6,0.81815323,2400.0,1276.0
2405,104,2035,q2+q3+q5+q6,0.67671685,1661.0,1005.0
2405,104,2035,q2+q4+q5+q6,0.57569087,5160.0,2470.0
2405,104,2035,q3+q4+q5+q6,0.73733244,4118.0,1904.0
2405,104,2035,q1+q2+q3+q4+q5,0.94964425,2160.0,1260.0
2405,104,2035,q1+q2+q3+q4+q6,0.89897402,1985.0,1052.0
2405,104,2035,q1+q2+q3+q5+q6,0.75753764,1440.0,923.0
2405,104,2035,q1+q2+q4+q5+q6,0.65651166,3920.0,2207.5
2405,104,2035,q1+q3+q4+q5+q6,0.81815323,3650.0,1651.0
2405,104,2035,q2+q3+q4+q5+q6,0.91917921,2720.0,1432.5
2405,104,2035,q1+q2+q3+q4+q5+q6,1.0,2484.0,1300.0
2405,104,2035,all,1.0,2484.0,1300.0
2406,104,2036,q1,0.08081214,168.0,127.0
2406,104,2036,q2,0.18182731,536.0,311.5
2406,104,2036,q3,0.34345159,1985.0,990.0
2406,104,2036,q4,0.24243642,6624.0,2538.0
2406,104,2036,q5,0.10101517,28450.0,11175.0
2406,104,2036,q6,0.05045736,160200.0,52777.7778
2406,104,2036,q1+q2,0.26263945,420.0,261.0
2406,104,2036,q1+q3,0.42426373,1661.0,923.0
2406,104,2036,q1+q4,0.32324856,3940.0,2235.0
2406,104,2036,q1+q5,0.18182731,12225.0,6733.3333
2406,104,2036,q1+q6,0.1312695,308.0,172.0
2406,104,2036,q2+q3,0.52527891,1350.0,830.5
2406,104,2036,q2+q4,0.42426373,2560.0,1868.0
2406,104,2036,q2+q5,0.28284249,806.0,397.0
2406,104,2036,q2+q6,0.23228468,734.0,360.5
2406,104,2036,q3+q4,0.58588801,3120.0,1450.0
2406,104,2036,q3+q5,0.44446677,2700.0,1175.0
2406,104,2036,q3+q6,0.39390896,2363.0,1039.5
2406,104,2036,q4+q5,0.34345159,8940.0,3040.0
2406,104,2036,q4+q6,0.29289378,7655.0,2720.0
2406,104,2036,q5+q6,0.15147254,40385.0,12937.5
2406,104,2036,q1+q2+q3,0.60609104,1089.0,641.25
2406,104,2036,q1+q2+q4,0.50507587,1426.0,480.0
2406,104,2036,q1+q2+q5,0.36365463,661.0,315.0
2406,104,2036,q1+q2+q6,0.31309682,466.0,295.0
2406,104,2036,q1+q3+q4,0.66670015,2600.0,1313.0
2406,104,2036,q1+q3+q5,0.52527891,2079.0,1005.0
2406,104,2036,q1+q3+q6,0.47472109,1796.0,968.0
2406,104,2036,q1+q4+q5,0.42426373,6824.0,2565.0
2406,104,2036,q1+q4+q6,0.37370592,5076.0,2460.0
2406,104,2036,q1+q5+q6,0.23228468,24435.0,8925.0
2406,104,2036,q2+q3+q4,0.76771532,2318.0,1050.0
2406,104,2036,q2+q3+q5,0.62629408,1661.0,923.0
2406,104,2036,q2+q3+q6,0.57573627,1450.0,898.0
2406,104,2036,q2+q4+q5,0.52527891,3940.0,2235.0
2406,104,2036,q2+q4+q6,0.47472109,3454.0,2100.0
2406,104,2036,q2+q5+q6,0.33329985,1246.0,466.0
2406,104,2036,q3+q4+q5,0.68690318,3690.0,1742.2222
2406,104,2036,q3+q4+q6,0.63634537,3488.0,1620.0
2406,104,2036,q3+q5+q6,0.49492413,3240.0,1300.0
2406,104,2036,q4+q5+q6,0.39390896,10260.0,3640.0
2406,104,2036,q1+q2+q3+q4,0.84852746,1985.0,983.0
2406,104,2036,q1+q2+q3+q5,0.70710622,1388.0,872.0
2406,104,2036,q1+q2+q3+q6,0.65654841,1258.0,734.0
2406,104,2036,q1+q2+q4+q5,0.60609104,2720.0,2049.3333
2406,104,2036,q1+q2+q4+q6,0.55553323,2460.0,1722.0
2406,104,2036,q1+q2+q5+q6,0.41411199,770.0,370.0
2406,104,2036,q1+q3+q4+q5,0.76771532,3240.0,1470.0
2406,104,2036,q1+q3+q4+q6,0.71715751,2768.0,1388.0
2406,104,2036,q1+q3+q5+q6,0.57573627,2565.0,1052.0
2406,104,2036,q1+q4+q5+q6,0.47472109,8240.0,2880.0
2406,104,2036,q2+q3+q4+q5,0.8687305,2600.0,1313.0
2406,104,2036,q2+q3+q4+q6,0.81817269,2514.0,1178.0
2406,104,2036,q2+q3+q5+q6,0.67675144,1796.0,979.0
2406,104,2036,q2+q4+q5+q6,0.57573627,5076.0,2460.0
2406,104,2036,q3+q4+q5+q6,0.73736055,3940.0,1890.0
2406,104,2036,q1+q2+q3+q4+q5,0.94954264,2400.0,1085.75
2406,104,2036,q1+q2+q3+q4+q6,0.89898483,2100.0,1022.5
2406,104,2036,q1+q2+q3+q5+q6,0.75756358,1470.0,923.0
2406,104,2036,q1+q2+q4+q5+q6,0.65654841,3650.0,2170.0
2406,104,2036,q1+q3+q4+q5+q6,0.81817269,3650.0,1655.0
2406,104,2036,q2+q3+q4+q5+q6,0.91918786,2768.0,1388.0
2406,104,2036,q1+q2+q3+q4+q5+q6,1.0,2565.0,1260.0
2406,104,2036,all,1.0,2565.0,1260.0
2407,104,2037,q1,0.08081214,161.0,132.5
2407,104,2037,q2,0.18182731,458.0,277.0
2407,104,2037,q3,0.34345159,1530.0,1125.0
2407,104,2037,q4,0.24243642,6012.0,2560.0
2407,104,2037,q5,0.10101517,25875.0,12217.5
2407,104,2037,q6,0.05045736,112896.0,63630.0
2407,104,2037,q1+q2,0.26263945,315.0,252.0
2407,104,2037,q1+q3,0.42426373,1388.0,973.25
2407,104,2037,q1+q4,0.32324856,4240.0,2214.0
2407,104,2037,q1+q5,0.18182731,12225.0,6862.5
2407,104,2037,q1+q6,0.1312695,277.0,179.0
2407,104,2037,q2+q3,0.52527891,1300.0,876.8333
2407,104,2037,q2+q4,0.42426373,2560.0,1890.0
2407,104,2037,q2+q5,0.28284249,755.0,380.0
2407,104,2037,q2+q6,0.23228468,473.0,312.0
2407,104,2037,q3+q4,0.58588801,2720.0,1470.0
2407,104,2037,q3+q5,0.44446677,2052.0,1300.0
2407,104,2037,q3+q6,0.39390896,1661.0,1260.0
2407,104,2037,q4+q5,0.34345159,8680.0,3312.0
2407,104,2037,q4+q6,0.29289378,7472.0,2880.0
2407,104,2037,q5+q6,0.15147254,39168.0,14520.0
2407,104,2037,q1+q2+q3,0.60609104,1044.0,653.8889
2407,104,2037,q1+q2+q4,0.50507587,1426.0,480.0
2407,104,2037,q1+q2+q5,0.36365463,458.0,295.0
2407,104,2037,q1+q2+q6,0.31309682,420.0,252.0
2407,104,2037,q1+q3+q4,0.66670015,2385.0,1388.0
2407,104,2037,q1+q3+q5,0.52527891,1530.0,1178.0
2407,104,2037,q1+q3+q6,0.47472109,1461.0,1039.5
2407,104,2037,q1+q4+q5,0.42426373,6540.0,2600.0
2407,104,2037,q1+q4+q6,0.37370592,4828.0,2514.0
2407,104,2037,q1+q5+q6,0.23228468,15542.0,9300.0
2407,104,2037,q2+q3+q4,0.76771532,1780.0,1260.0
2407,104,2037,q2+q3+q5,0.62629408,1450.0,979.0
2407,104,2037,q2+q3+q6,0.57573627,1346.0,923.0
2407,104,2037,q2+q4+q5,0.52527891,4240.0,2214.0
2407,104,2037,q2+q4+q6,0.47472109,3454.0,2110.0
2407,104,2037,q2+q5+q6,0.33329985,1210.0,466.0
2407,104,2037,q3+q4+q5,0.68690318,3650.0,1727.0
2407,104,2037,q3+q4+q6,0.63634537,3285.0,1530.0
2407,104,2037,q3+q5+q6,0.49492413,2565.0,1384.0
2407,104,2037,q4+q5+q6,0.39390896,10380.0,3940.0
2407,104,2037,q1+q2+q3+q4,0.84852746,1530.0,1050.0
2407,104,2037,q1+q2+q3+q5,0.70710622,1300.0,923.0
2407,104,2037,q1+q2+q3+q6,0.65654841,1240.0,830.5
2407,104,2037,q1+q2+q4+q5,0.60609104,2720.0,2095.0
2407,104,2037,q1+q2+q4+q6,0.55553323,2460.0,1722.0
2407,104,2037,q1+q2+q5+q6,0.41411199,599.0,319.0
2407,104,2037,q1+q3+q4+q5,0.76771532,3040.0,1530.0
2407,104,2037,q1+q3+q4+q6,0.71715751,2560.0,1450.0
2407,104,2037,q1+q3+q5+q6,0.57573627,1780.0,1290.0
2407,104,2037,q1+q4+q5+q6,0.47472109,8240.0,3040.0
2407,104,2037,q2+q3+q4+q5,0.8687305,2400.0,1388.0
2407,104,2037,q2+q3+q4+q6,0.81817269,2100.0,1300.0
2407,104,2037,q2+q3+q5+q6,0.67675144,1470.0,1039.5
2407,104,2037,q2+q4+q5+q6,0.57573627,4828.0,2514.0
2407,104,2037,q3+q4+q5+q6,0.73736055,3940.0,1890.0
2407,104,2037,q1+q2+q3+q4+q5,0.94954264,1863.0,1300.0
2407,104,2037,q1+q2+q3+q4+q6,0.89898483,1661.0,1242.0
2407,104,2037,q1+q2+q3+q5+q6,0.75756358,1388.0,938.0
2407,104,2037,q1+q2+q4+q5+q6,0.65654841,3650.0,2170.0
2407,104,2037,q1+q3+q4+q5+q6,0.81817269,3488.0,1635.0
2407,104,2037,q2+q3+q4+q5+q6,0.91918786,2560.0,1450.0
2407,104,2037,q1+q2+q3+q4+q5+q6,1.0,2160.0,1320.0
2407,104,2037,all,1.0,2160.0,1320.0
2408,104,2038,q1,0.08081214,160.0,134.0
2408,104,2038,q2,0.18182731,458.0,312.0
2408,104,2038,q3,0.34345159,1530.0,962.75
2408,104,2038,q4,0.24243642,5160.0,2470.0
2408,104,2038,q5,0.10101517,27675.0,11175.0
2408,104,2038,q6,0.05045736,130296.0,54675.0
2408,104,2038,q1+q2,0.26263945,346.0,269.0
2408,104,2038,q1+q3,0.42426373,1350.0,898.0
2408,104,2038,q1+q4,0.32324856,3780.0,2162.6667
2408,104,2038,q1+q5,0.18182731,12225.0,6918.75
2408,104,2038,q1+q6,0.1312695,304.0,170.0
2408,104,2038,q2+q3,0.52527891,1175.0,823.5
2408,104,2038,q2+q4,0.42426373,2514.0,1868.0
2408,104,2038,q2+q5,0.28284249,786.0,420.0
2408,104,2038,q2+q6,0.23228468,532.0,358.25
2408,104,2038,q3+q4,0.58588801,2600.0,1388.0
2408,104,2038,q3+q5,0.44446677,2322.0,1125.0
2408,104,2038,q3+q6,0.39390896,1985.0,1026.0
2408,104,2038,q4+q5,0.34345159,8240.0,2862.0
2408,104,2038,q4+q6,0.29289378,6624.0,2600.0
2408,104,2038,q5+q6,0.15147254,45231.0,15325.0
2408,104,2038,q1+q2+q3,0.60609104,938.0,651.0
2408,104,2038,q1+q2+q4,0.50507587,1426.0,480.0
2408,104,2038,q1+q2+q5,0.36365463,466.0,315.0
2408,104,2038,q1+q2+q6,0.31309682,422.0,295.0
2408,104,2038,q1+q3+q4,0.66670015,2385.0,1290.0
2408,104,2038,q1+q3+q5,0.52527891,1661.0,983.0
2408,104,2038,q1+q3+q6,0.47472109,1450.0,923.0
2408,104,2038,q1+q4+q5,0.42426373,6012.0,2514.0
2408,104,2038,q1+q4+q6,0.37370592,4428.0,2394.0
2408,104,2038,q1+q5+q6,0.23228468,16200.0,9922.5
2408,104,2038,q2+q3+q4,0.76771532,2052.0,1026.0
2408,104,2038,q2+q3+q5,0.62629408,1388.0,898.0
2408,104,2038,q2+q3+q6,0.57573627,1313.0,855.0
2408,104,2038,q2+q4+q5,0.52527891,3780.0,2162.6667
2408,104,2038,q2+q4+q6,0.47472109,3040.0,2096.8333
2408,104,2038,q2+q5+q6,0.33329985,1240.0,473.0
2408,104,2038,q3+q4+q5,0.68690318,3488.0,1661.0
2408,104,2038,q3+q4+q6,0.63634537,3083.0,1470.0
2408,104,2038,q3+q5+q6,0.49492413,2700.0,1276.0
2408,104,2038,q4+q5+q6,0.39390896,9880.0,3312.0
2408,104,2038,q1+q2+q3+q4,0.84852746,1470.0,938.0
2408,104,2038,q1+q2+q3+q5,0.70710622,1260.0,840.0
2408,104,2038,q1+q2+q3+q6,0.65654841,1050.0,774.0
2408,104,2038,q1+q2+q4+q5,0.60609104,2560.0,1904.0
2408,104,2038,q1+q2+q4+q6,0.55553323,2160.0,1695.0
2408,104,2038,q1+q2+q5+q6,0.41411199,661.0,380.0
2408,104,2038,q1+q3+q4+q5,0.76771532,2768.0,1433.0
2408,104,2038,q1+q3+q4+q6,0.71715751,2552.0,1320.0
2408,104,2038,q1+q3+q5+q6,0.57573627,2052.0,1029.5
2408,104,2038,q1+q4+q5+q6,0.47472109,7380.0,2720.0
2408,104,2038,q2+q3+q4+q5,0.8687305,2385.0,1290.0
2408,104,2038,q2+q3+q4+q6,0.81817269,2160.0,1125.0
2408,104,2038,q2+q3+q5+q6,0.67675144,1470.0,931.5
2408,104,2038,q2+q4+q5+q6,0.57573627,4428.0,2394.0
2408,104,2038,q3+q4+q5+q6,0.73736055,3780.0,1845.0
2408,104,2038,q1+q2+q3+q4+q5,0.94954264,2100.0,1039.5
2408,104,2038,q1+q2+q3+q4+q6,0.89898483,1796.0,983.0
2408,104,2038,q1+q2+q3+q5+q6,0.75756358,1313.0,855.0
2408,104,2038,q1+q2+q4+q5+q6,0.65654841,3640.0,2121.7778
2408,104,2038,q1+q3+q4+q5+q6,0.81817269,3240.0,1530.0
2408,104,2038,q2+q3+q4+q5+q6,0.91918786,2552.0,1320.0
2408,104,2038,q1+q2+q3+q4+q5+q6,1.0,2297.0,1181.5
2408,104,2038,all,1.0,2297.0,1181.5
2409,104,2039,q1,0.08081214,160.0,138.0
2409,104,2039,q2,0.18182731,462.0,306.5
2409,104,2039,q3,0.34345159,1767.0,968.0
2409,104,2039,q4,0.24243642,5040.0,2460.0
2409,104,2039,q5,0.10101517,29025.0,10631.25
2409,104,2039,q6,0.05045736,143100.0,52500.0
2409,104,2039,q1+q2,0.26263945,346.0,261.0
2409,104,2039,q1+q3,0.42426373,1388.0,931.5
2409,104,2039,q1+q4,0.32324856,3454.0,2184.6667
2409,104,2039,q1+q5,0.18182731,12225.0,6615.0
2409,104,2039,q1+q6,0.1312695,299.0,173.0
2409,104,2039,q2+q3,0.52527891,1260.0,830.5
2409,104,2039,q2+q4,0.42426373,2560.0,1680.0
2409,104,2039,q2+q5,0.28284249,806.0,402.0
2409,104,2039,q2+q6,0.23228468,536.0,336.0
2409,104,2039,q3+q4,0.58588801,2720.0,1373.0
2409,104,2039,q3+q5,0.44446677,2385.0,1066.5
2409,104,2039,q3+q6,0.39390896,2052.0,1026.0
2409,104,2039,q4+q5,0.34345159,8940.0,2720.0
2409,104,2039,q4+q6,0.29289378,7380.0,2600.0
2409,104,2039,q5+q6,0.15147254,42525.0,12600.0
2409,104,2039,q1+q2+q3,0.60609104,968.0,641.25
2409,104,2039,q1+q2+q4,0.50507587,1426.0,480.0
2409,104,2039,q1+q2+q5,0.36365463,466.0,312.0
2409,104,2039,q1+q2+q6,0.31309682,441.0,295.0
2409,104,2039,q1+q3+q4,0.66670015,2514.0,1181.5
2409,104,2039,q1+q3+q5,0.52527891,1863.0,983.0
2409,104,2039,q1+q3+q6,0.47472109,1530.0,968.0
2409,104,2039,q1+q4+q5,0.42426373,6540.0,2520.0
2409,104,2039,q1+q4+q6,0.37370592,4428.0,2312.0
2409,104,2039,q1+q5+q6,0.23228468,16200.0,8633.3333
2409,104,2039,q2+q3+q4,0.76771532,2100.0,1022.5
2409,104,2039,q2+q3+q5,0.62629408,1450.0,931.5
2409,104,2039,q2+q3+q6,0.57573627,1373.0,900.0
2409,104,2039,q2+q4+q5,0.52527891,3454.0,2184.6667
2409,104,2039,q2+q4+q6,0.47472109,2720.0,1961.3333
2409,104,2039,q2+q5+q6,0.33329985,1346.0,466.0
2409,104,2039,q3+q4+q5,0.68690318,3339.0,1573.0
2409,104,2039,q3+q4+q6,0.63634537,3173.0,1469.0
2409,104,2039,q3+q5+q6,0.49492413,3173.0,1260.0
2409,104,2039,q4+q5+q6,0.39390896,10500.0,3076.0
2409,104,2039,q1+q2+q3+q4,0.84852746,1661.0,968.0
2409,104,2039,q1+q2+q3+q5,0.70710622,1300.0,870.0
2409,104,2039,q1+q2+q3+q6,0.65654841,1125.0,719.3333
2409,104,2039,q1+q2+q4+q5,0.60609104,2720.0,1742.2222
2409,104,2039,q1+q2+q4+q6,0.55553323,2460.0,1469.0
2409,104,2039,q1+q2+q5+q6,0.41411199,721.0,367.0
2409,104,2039,q1+q3+q4+q5,0.76771532,2858.0,1388.0
2409,104,2039,q1+q3+q4+q6,0.71715751,2700.0,1313.0
2409,104,2039,q1+q3+q5+q6,0.57573627,2214.0,1029.5
2409,104,2039,q1+q4+q5+q6,0.47472109,7800.0,2720.0
2409,104,2039,q2+q3+q4+q5,0.8687305,2541.0,1181.5
2409,104,2039,q2+q3+q4+q6,0.81817269,2363.0,1052.0
2409,104,2039,q2+q3+q5+q6,0.67675144,1651.0,968.0
2409,104,2039,q2+q4+q5+q6,0.57573627,4428.0,2312.0
2409,104,2039,q3+q4+q5+q6,0.73736055,3780.0,1727.0
2409,104,2039,q1+q2+q3+q4+q5,0.94954264,2160.0,1026.0
2409,104,2039,q1+q2+q3+q4+q6,0.89898483,2052.0,979.0
2409,104,2039,q1+q2+q3+q5+q6,0.75756358,1388.0,923.0
2409,104,2039,q1+q2+q4+q5+q6,0.65654841,3040.0,2100.0
2409,104,2039,q1+q3+q4+q5+q6,0.81817269,3180.0,1470.0
2409,104,2039,q2+q3+q4+q5+q6,0.91918786,2700.0,1313.0
2409,104,2039,q1+q2+q3+q4+q5+q6,1.0,2400.0,1125.0
2409,104,2039,all,1.0,2400.0,1125.0
2410,104,2040,q1,0.08081214,168.0,137.0
2410,104,2040,q2,0.18182731,466.0,312.0
2410,104,2040,q3,0.34345159,1530.0,1005.0
2410,104,2040,q4,0.24243642,4788.0,2460.0
2410,104,2040,q5,0.10101517,25875.0,10096.25
2410,104,2040,q6,0.05045736,122600.0,54600.0
2410,104,2040,q1+q2,0.26263945,401.0,262.0
2410,104,2040,q1+q3,0.42426373,1350.0,923.0
2410,104,2040,q1+q4,0.32324856,3640.0,2207.5
2410,104,2040,q1+q5,0.18182731,11175.0,6918.75
2410,104,2040,q1+q6,0.1312695,276.0,178.0
2410,104,2040,q2+q3,0.52527891,1130.0,840.0
2410,104,2040,q2+q4,0.42426373,2514.0,1742.2222
2410,104,2040,q2+q5,0.28284249,806.0,422.0
2410,104,2040,q2+q6,0.23228468,635.0,360.5
2410,104,2040,q3+q4,0.58588801,2588.0,1432.5
2410,104,2040,q3+q5,0.44446677,2133.0,1175.0
2410,104,2040,q3+q6,0.39390896,1780.0,1039.5
2410,104,2040,q4+q5,0.34345159,8360.0,2985.0
2410,104,2040,q4+q6,0.29289378,6824.0,2600.0
2410,104,2040,q5+q6,0.15147254,41850.0,12825.0
2410,104,2040,q1+q2+q3,0.60609104,968.0,675.0
2410,104,2040,q1+q2+q4,0.50507587,1426.0,713.0
2410,104,2040,q1+q2+q5,0.36365463,505.0,317.5
2410,104,2040,q1+q2+q6,0.31309682,458.0,295.0
2410,104,2040,q1+q3+q4,0.66670015,2385.0,1276.0
2410,104,2040,q1+q3+q5,0.52527891,1661.0,1022.5
2410,104,2040,q1+q3+q6,0.47472109,1461.0,973.25
2410,104,2040,q1+q4+q5,0.42426373,5724.0,2520.0
2410,104,2040,q1+q4+q6,0.37370592,4240.0,2400.0
2410,104,2040,q1+q5+q6,0.23228468,15542.0,9082.5
2410,104,2040,q2+q3+q4,0.76771532,1863.0,1039.5
2410,104,2040,q2+q3+q5,0.62629408,1388.0,923.0
2410,104,2040,q2+q3+q6,0.57573627,1267.0,923.0
2410,104,2040,q2+q4+q5,0.52527891,3640.0,2207.5
2410,104,2040,q2+q4+q6,0.47472109,3040.0,2095.0
2410,104,2040,q2+q5+q6,0.33329985,1246.0,522.5
2410,104,2040,q3+q4+q5,0.68690318,3180.0,1661.0
2410,104,2040,q3+q4+q6,0.63634537,3040.0,1470.0
2410,104,2040,q3+q5+q6,0.49492413,2541.0,1276.0
2410,104,2040,q4+q5+q6,0.39390896,9749.0,3120.0
2410,104,2040,q1+q2+q3+q4,0.84852746,1470.0,977.2667
2410,104,2040,q1+q2+q3+q5,0.70710622,1178.0,872.0
2410,104,2040,q1+q2+q3+q6,0.65654841,1045.0,810.0
2410,104,2040,q1+q2+q4+q5,0.60609104,2600.0,1890.0
2410,104,2040,q1+q2+q4+q6,0.55553323,2400.0,1673.5
2410,104,2040,q1+q2+q5+q6,0.41411199,734.0,401.0
2410,104,2040,q1+q3+q4+q5,0.76771532,2600.0,1450.0
2410,104,2040,q1+q3+q4+q6,0.71715751,2541.0,1384.0
2410,104,2040,q1+q3+q5+q6,0.57573627,1985.0,1052.0
2410,104,2040,q1+q4+q5+q6,0.47472109,7655.0,2702.0
2410,104,2040,q2+q3+q4+q5,0.8687305,2400.0,1276.0
2410,104,2040,q2+q3+q4+q6,0.81817269,2133.0,1175.0
2410,104,2040,q2+q3+q5+q6,0.67675144,1461.0,979.0
2410,104,2040,q2+q4+q5+q6,0.57573627,4240.0,2400.0
2410,104,2040,q3+q4+q5+q6,0.73736055,3650.0,1780.0
2410,104,2040,q1+q2+q3+q4+q5,0.94954264,2052.0,1052.0
2410,104,2040,q1+q2+q3+q4+q6,0.89898483,1661.0,1005.0
2410,104,2040,q1+q2+q3+q5+q6,0.75756358,1350.0,923.0
2410,104,2040,q1+q2+q4+q5+q6,0.65654841,3120.0,2110.0
2410,104,2040,q1+q3+q4+q5+q6,0.81817269,3120.0,1624.8333
2410,104,2040,q2+q3+q4+q5+q6,0.91918786,2541.0,1384.0
2410,104,2040,q1+q2+q3+q4+q5+q6,1.0,2214.0,1178.0
2410,104,2040,all,1.0,2214.0,1178.0
2501,105,2041,q1,0.08422163,160.0,134.0
2501,105,2041,q2,0.21055408,458.0,301.0
2501,105,2041,q3,0.2526649,1661.0,992.5
2501,105,2041,q4,0.2526649,5724.0,2514.0
2501,105,2041,q5,0.12633245,27675.0,11175.0
2501,105,2041,q6,0.07356203,141300.0,54600.0
2501,105,2041,q1+q2,0.29477572,360.0,257.0
2501,105,2041,q1+q3,0.33688654,1313.0,923.0
2501,105,2041,q1+q4,0.33688654,3920.0,2214.0
2501,105,2041,q1+q5,0.21055408,12600.0,7375.0
2501,105,2041,q1+q6,0.15778366,386.0,198.0
2501,105,2041,q2+q3,0.46321899,983.0,641.25
2501,105,2041,q2+q4,0.46321899,2460.0,1695.0
2501,105,2041,q2+q5,0.33688654,806.0,403.0
2501,105,2041,q2+q6,0.28411611,661.0,360.0
2501,105,2041,q3+q4,0.5053298,3180.0,1651.0
2501,105,2041,q3+q5,0.37899735,3173.0,1313.0
2501,105,2041,q3+q6,0.32622693,2322.0,1178.0
2501,105,2041,q4+q5,0.37899735,8976.0,3076.0
2501,105,2041,q4+q6,0.32622693,8115.0,2730.0
2501,105,2041,q5+q6,0.19989448,48703.0,14850.0
2501,105,2041,q1+q2+q3,0.54744062,855.0,458.0
2501,105,2041,q1+q2+q4,0.54744062,1166.0,466.0
2501,105,2041,q1+q2+q5,0.42110817,514.0,318.5
2501,105,2041,q1+q2+q6,0.36833775,458.0,295.0
2501,105,2041,q1+q3+q4,0.58955144,2565.0,1388.0
2501,105,2041,q1+q3+q5,0.46321899,2052.0,1050.0
2501,105,2041,q1+q3+q6,0.41044856,1651.0,984.5
2501,105,2041,q1+q4+q5,0.46321899,6824.0,2600.0
2501,105,2041,q1+q4+q6,0.41044856,5076.0,2470.0
2501,105,2041,q1+q5+q6,0.28411611,25875.0,10096.25
2501,105,2041,q2+q3+q4,0.71588389,2052.0,1039.5
2501,105,2041,q2+q3+q5,0.58955144,1388.0,923.0
2501,105,2041,q2+q3+q6,0.53678101,1260.0,830.5
2501,105,2041,q2+q4+q5,0.58955144,3920.0,2214.0
2501,105,2041,q2+q4+q6,0.53678101,3120.0,2096.8889
2501,105,2041,q2+q5+q6,0.41044856,1480.0,755.0
2501,105,2041,q3+q4+q5,0.63166225,4208.0,2160.0
2501,105,2041,q3+q4+q6,0.57889183,3780.0,1890.0
2501,105,2041,q3+q5+q6,0.45255938,4316.0,1470.0
2501,105,2041,q4+q5+q6,0.45255938,11520.0,3940.0
2501,105,2041,q1+q2+q3+q4,0.80010552,1470.0,938.0
2501,105,2041,q1+q2+q3+q5,0.67377307,1166.0,755.0
2501,105,2041,q1+q2+q3+q6,0.62100265,979.0,596.25
2501,105,2041,q1+q2+q4+q5,0.67377307,2720.0,1890.0
2501,105,2041,q1+q2+q4+q6,0.62100265,2400.0,1656.375
2501,105,2041,q1+q2+q5+q6,0.4946702,804.0,402.0
2501,105,2041,q1+q3+q4+q5,0.71588389,3623.0,1767.0
2501,105,2041,q1+q3+q4+q6,0.66311346,3120.0,1620.0
2501,105,2041,q1+q3+q5+q6,0.53678101,2768.0,1300.0
2501,105,2041,q1+q4+q5+q6,0.53678101,8940.0,3040.0
2501,105,2041,q2+q3+q4+q5,0.84221634,2565.0,1388.0
2501,105,2041,q2+q3+q4+q6,0.78944592,2400.0,1290.0
2501,105,2041,q2+q3+q5+q6,0.66311346,1661.0,984.5
2501,105,2041,q2+q4+q5+q6,0.66311346,5129.0,2470.0
2501,105,2041,q3+q4+q5+q6,0.70522428,4915.0,2360.0
2501,105,2041,q1+q2+q3+q4+q5,0.92643797,2214.0,1178.0
2501,105,2041,q1+q2+q3+q4+q6,0.87366755,2016.0,1026.0
2501,105,2041,q1+q2+q3+q5+q6,0.7473351,1373.0,905.75
2501,105,2041,q1+q2+q4+q5+q6,0.7473351,3780.0,2184.6667
2501,105,2041,q1+q3+q4+q5+q6,0.78944592,3960.0,2100.0
2501,105,2041,q2+q3+q4+q5+q6,0.91577837,3173.0,1620.0
2501,105,2041,q1+q2+q3+q4+q5+q6,1.0,2560.0,1373.0
2501,105,2041,all,1.0,2560.0,1373.0
2502,105,2042,q1,0.08421608,168.0,137.0
2502,105,2042,q2,0.2105402,462.0,295.0
2502,105,2042,q3,0.25264824,1661.0,963.75
2502,105,2042,q4,0.25264824,4428.0,2460.0
2502,105,2042,q5,0.12632412,24969.0,10631.25
2502,105,2042,q6,0.07362312,148840.0,68100.0
2502,105,2042,q1+q2,0.29475628,319.0,262.0
2502,105,2042,q1+q3,0.33686432,1260.0,905.75
2502,105,2042,q1+q4,0.33686432,3454.0,2214.0
2502,105,2042,q1+q5,0.2105402,11175.0,7112.5
2502,105,2042,q1+q6,0.1578392,384.0,200.0
2502,105,2042,q2+q3,0.46318844,968.0,619.0
2502,105,2042,q2+q4,0.46318844,2460.0,1722.0
2502,105,2042,q2+q5,0.33686432,870.0,403.0
2502,105,2042,q2+q6,0.28416332,718.0,327.0
2502,105,2042,q3+q4,0.50529648,2720.0,1661.0
2502,105,2042,q3+q5,0.37897236,3083.0,1290.0
2502,105,2042,q3+q6,0.32627136,2214.0,1085.75
2502,105,2042,q4+q5,0.37897236,8700.0,2820.0
2502,105,2042,q4+q6,0.32627136,7380.0,2560.0
2502,105,2042,q5+q6,0.19994724,42975.0,14520.0
2502,105,2042,q1+q2+q3,0.54740452,886.0,458.0
2502,105,2042,q1+q2+q4,0.54740452,1246.0,466.0
2502,105,2042,q1+q2+q5,0.4210804,532.0,315.0
2502,105,2042,q1+q2+q6,0.3683794,458.0,295.0
2502,105,2042,q1+q3+q4,0.58951256,2514.0,1388.0
2502,105,2042,q1+q3+q5,0.46318844,1796.0,1029.0
2502,105,2042,q1+q3+q6,0.41048744,1530.0,938.0
2502,105,2042,q1+q4+q5,0.46318844,6152.0,2514.0
2502,105,2042,q1+q4+q6,0.41048744,4428.0,2400.0
2502,105,2042,q1+q5+q6,0.28416332,21840.0,9900.0
2502,105,2042,q2+q3+q4,0.71583668,1863.0,1026.0
2502,105,2042,q2+q3+q5,0.58951256,1375.0,923.0
2502,105,2042,q2+q3+q6,0.53681156,1210.0,830.5
2502,105,2042,q2+q4+q5,0.58951256,3454.0,2214.0
2502,105,2042,q2+q4+q6,0.53681156,2600.0,2096.8889
2502,105,2042,q2+q5+q6,0.41048744,1776.0,765.6667
2502,105,2042,q3+q4+q5,0.6316206,3920.0,2160.0
2502,105,2042,q3+q4+q6,0.5789196,3623.0,1845.0
2502,105,2042,q3+q5+q6,0.45259548,4208.0,1470.0
2502,105,2042,q4+q5+q6,0.45259548,10332.0,3920.0
2502,105,2042,q1+q2+q3+q4,0.80005276,1470.0,923.0
2502,105,2042,q1+q2+q3+q5,0.67372864,1125.0,711.0
2502,105,2042,q1+q2+q3+q6,0.62102764,923.0,573.0
2502,105,2042,q1+q2+q4+q5,0.67372864,2514.0,1890.0
2502,105,2042,q1+q2+q4+q6,0.62102764,2400.0,1680.0
2502,105,2042,q1+q2+q5+q6,0.49470352,806.0,402.0
2502,105,2042,q1+q3+q4+q5,0.71583668,3285.0,1742.2222
2502,105,2042,q1+q3+q4+q6,0.66313568,2600.0,1655.0
2502,105,2042,q1+q3+q5+q6,0.53681156,2700.0,1260.0
2502,105,2042,q1+q4+q5+q6,0.53681156,8380.0,2720.0
2502,105,2042,q2+q3+q4+q5,0.8421608,2514.0,1388.0
2502,105,2042,q2+q3+q4+q6,0.7894598,2363.0,1260.0
2502,105,2042,q2+q3+q5+q6,0.66313568,1661.0,949.5
2502,105,2042,q2+q4+q5+q6,0.66313568,4428.0,2400.0
2502,105,2042,q3+q4+q5+q6,0.70524372,4428.0,2244.0
2502,105,2042,q1+q2+q3+q4+q5,0.92637688,2160.0,1125.0
2502,105,2042,q1+q2+q3+q4+q6,0.87367588,1796.0,992.5
2502,105,2042,q1+q2+q3+q5+q6,0.74735176,1350.0,898.0
2502,105,2042,q1+q2+q4+q5+q6,0.74735176,3180.0,2214.0
2502,105,2042,q1+q3+q4+q5+q6,0.7894598,3875.0,2100.0
2502,105,2042,q2+q3+q4+q5+q6,0.91578392,2600.0,1655.0
2502,105,2042,q1+q2+q3+q4+q5+q6,1.0,2484.0,1373.0
2502,105,2042,all,1.0,2484.0,1373.0
2503,105,2043,q1,0.08421557,168.0,138.0
2503,105,2043,q2,0.21053894,466.0,312.0
2503,105,2043,q3,0.25264672,1661.0,990.0
2503,105,2043,q4,0.25264672,5040.0,2514.0
2503,105,2043,q5,0.12632336,29500.0,10057.0
2503,105,2043,q6,0.07362868,143100.0,54300.0
2503,105,2043,q1+q2,0.29475451,401.0,269.0
2503,105,2043,q1+q3,0.3368623,1373.0,923.0
2503,105,2043,q1+q4,0.3368623,3454.0,2207.5
2503,105,2043,q1+q5,0.21053894,12400.0,7256.25
2503,105,2043,q1+q6,0.15784425,388.0,200.0
2503,105,2043,q2+q3,0.46318566,1044.0,635.25
2503,105,2043,q2+q4,0.46318566,2514.0,1656.375
2503,105,2043,q2+q5,0.3368623,979.0,430.0
2503,105,2043,q2+q6,0.28416761,760.0,373.0
2503,105,2043,q3+q4,0.50529345,3173.0,1573.0
2503,105,2043,q3+q5,0.37897009,3294.0,1313.0
2503,105,2043,q3+q6,0.3262754,2385.0,1175.0
2503,105,2043,q4+q5,0.37897009,9245.0,3040.0
2503,105,2043,q4+q6,0.3262754,8115.0,2720.0
2503,105,2043,q5+q6,0.19995204,48703.0,12675.0
2503,105,2043,q1+q2+q3,0.54740124,923.0,466.0
2503,105,2043,q1+q2+q4,0.54740124,1274.0,473.0
2503,105,2043,q1+q2+q5,0.42107787,619.0,352.75
2503,105,2043,q1+q2+q6,0.36838319,466.0,312.0
2503,105,2043,q1+q3+q4,0.58950902,2600.0,1388.0
2503,105,2043,q1+q3+q5,0.46318566,2052.0,1039.5
2503,105,2043,q1+q3+q6,0.41049098,1651.0,977.2667
2503,105,2043,q1+q4+q5,0.46318566,7140.0,2600.0
2503,105,2043,q1+q4+q6,0.41049098,4624.0,2460.0
2503,105,2043,q1+q5+q6,0.28416761,26605.0,9800.0
2503,105,2043,q2+q3+q4,0.71583239,2079.0,1026.0
2503,105,2043,q2+q3+q5,0.58950902,1426.0,923.0
2503,105,2043,q2+q3+q6,0.53681434,1313.0,840.0
2503,105,2043,q2+q4+q5,0.58950902,3454.0,2207.5
2503,105,2043,q2+q4+q6,0.53681434,3040.0,2049.3333
2503,105,2043,q2+q5+q6,0.41049098,1835.0,870.0
2503,105,2043,q3+q4+q5,0.63161681,3940.0,2096.8889
2503,105,2043,q3+q4+q6,0.57892213,3640.0,1785.0
2503,105,2043,q3+q5+q6,0.45259876,4343.0,1470.0
2503,105,2043,q4+q5+q6,0.45259876,11752.0,3827.5
2503,105,2043,q1+q2+q3+q4,0.80004796,1470.0,938.0
2503,105,2043,q1+q2+q3+q5,0.6737246,1178.0,765.6667
2503,105,2043,q1+q2+q3+q6,0.62102991,1005.0,579.5
2503,105,2043,q1+q2+q4+q5,0.6737246,2720.0,1785.0
2503,105,2043,q1+q2+q4+q6,0.62102991,2460.0,1573.0
2503,105,2043,q1+q2+q5+q6,0.49470655,878.0,422.0
2503,105,2043,q1+q3+q4+q5,0.71583239,3339.0,1722.0
2503,105,2043,q1+q3+q4+q6,0.6631377,3120.0,1492.5
2503,105,2043,q1+q3+q5+q6,0.53681434,3173.0,1290.0
2503,105,2043,q1+q4+q5+q6,0.53681434,8976.0,2985.0
2503,105,2043,q2+q3+q4+q5,0.84215575,2600.0,1388.0
2503,105,2043,q2+q3+q4+q6,0.78946106,2484.0,1242.0
2503,105,2043,q2+q3+q5+q6,0.6631377,1661.0,979.0
2503,105,2043,q2+q4+q5+q6,0.6631377,4788.0,2460.0
2503,105,2043,q3+q4+q5+q6,0.70524549,4761.0,2312.0
2503,105,2043,q1+q2+q3+q4+q5,0.92637132,2363.0,1085.75
2503,105,2043,q1+q2+q3+q4+q6,0.87367664,2052.0,1005.0
2503,105,2043,q1+q2+q3+q5+q6,0.74735328,1411.0,923.0
2503,105,2043,q1+q2+q4+q5+q6,0.74735328,3180.0,2162.6667
2503,105,2043,q1+q3+q4+q5+q6,0.78946106,3938.0,2090.0
2503,105,2043,q2+q3+q4+q5+q6,0.91578443,3120.0,1492.5
2503,105,2043,q1+q2+q3+q4+q5+q6,1.0,2588.0,1373.0
2503,105,2043,all,1.0,2588.0,1373.0
2504,105,2044,q1,0.08421582,161.0,138.0
2504,105,2044,q2,0.21053954,446.0,312.0
2504,105,2044,q3,0.25264745,1461.0,955.5
2504,105,2044,q4,0.25264745,5040.0,2460.0
2504,105,2044,q5,0.12632372,25875.0,11307.75
2504,105,2044,q6,0.07362603,127260.0,54675.0
2504,105,2044,q1+q2,0.29475535,360.0,269.0
2504,105,2044,q1+q3,0.33686326,1175.0,855.0
2504,105,2044,q1+q4,0.33686326,3780.0,2160.0
2504,105,2044,q1+q5,0.21053954,12825.0,7800.0
2504,105,2044,q1+q6,0.15784185,414.0,200.0
2504,105,2044,q2+q3,0.46318698,938.0,579.5
2504,105,2044,q2+q4,0.46318698,2160.0,1727.0
2504,105,2044,q2+q5,0.33686326,770.0,430.0
2504,105,2044,q2+q6,0.28416557,532.0,373.0
2504,105,2044,q3+q4,0.50529489,3040.0,1635.0
2504,105,2044,q3+q5,0.37897117,2858.0,1290.0
2504,105,2044,q3+q6,0.32627348,2214.0,1052.0
2504,105,2044,q4+q5,0.37897117,8440.0,3000.0
2504,105,2044,q4+q6,0.32627348,6780.0,2600.0
2504,105,2044,q5+q6,0.19994975,49200.0,15542.0
2504,105,2044,q1+q2+q3,0.5474028,848.0,458.0
2504,105,2044,q1+q2+q4,0.5474028,1089.0,473.0
2504,105,2044,q1+q2+q5,0.42107908,475.0,331.0
2504,105,2044,q1+q2+q6,0.36838139,446.0,308.0
2504,105,2044,q1+q3+q4,0.58951071,2400.0,1350.0
2504,105,2044,q1+q3+q5,0.46318698,1796.0,1005.0
2504,105,2044,q1+q3+q6,0.41048929,1433.0,938.0
2504,105,2044,q1+q4+q5,0.46318698,6012.0,2538.0
2504,105,2044,q1+q4+q6,0.41048929,4788.0,2400.0
2504,105,2044,q1+q5+q6,0.28416557,21840.0,11059.125
2504,105,2044,q2+q3+q4,0.71583443,1863.0,992.5
2504,105,2044,q2+q3+q5,0.58951071,1313.0,855.0
2504,105,2044,q2+q3+q6,0.53681302,1125.0,823.5
2504,105,2044,q2+q4+q5,0.58951071,3780.0,2160.0
2504,105,2044,q2+q4+q6,0.53681302,2720.0,2096.8333
2504,105,2044,q2+q5+q6,0.41048929,1452.0,734.0
2504,105,2044,q3+q4+q5,0.63161861,3920.0,2100.0
2504,105,2044,q3+q4+q6,0.57892092,3650.0,1890.0
2504,105,2044,q3+q5+q6,0.4525972,4208.0,1433.0
2504,105,2044,q4+q5+q6,0.4525972,11175.0,3920.0
2504,105,2044,q1+q2+q3+q4,0.80005025,1388.0,923.0
2504,105,2044,q1+q2+q3+q5,0.67372652,983.0,755.0
2504,105,2044,q1+q2+q3+q6,0.62102883,923.0,553.5
2504,105,2044,q1+q2+q4+q5,0.67372652,2514.0,1890.0
2504,105,2044,q1+q2+q4+q6,0.62102883,2160.0,1695.0
2504,105,2044,q1+q2+q5+q6,0.49470511,734.0,422.0
2504,105,2044,q1+q3+q4+q5,0.71583443,3294.0,1742.2222
2504,105,2044,q1+q3+q4+q6,0.66313674,2768.0,1620.0
2504,105,2044,q1+q3+q5+q6,0.53681302,2565.0,1260.0
2504,105,2044,q1+q4+q5+q6,0.53681302,7800.0,2862.0
2504,105,2044,q2+q3+q4+q5,0.84215815,2400.0,1350.0
2504,105,2044,q2+q3+q4+q6,0.78946046,2160.0,1242.0
2504,105,2044,q2+q3+q5+q6,0.66313674,1461.0,938.0
2504,105,2044,q2+q4+q5+q6,0.66313674,4788.0,2400.0
2504,105,2044,q3+q4+q5+q6,0.70524465,4761.0,2214.0
2504,105,2044,q1+q2+q3+q4+q5,0.92637397,2100.0,1125.0
2504,105,2044,q1+q2+q3+q4+q6,0.87367628,1780.0,983.0
2504,105,2044,q1+q2+q3+q5+q6,0.74735255,1300.0,855.0
2504,105,2044,q1+q2+q4+q5+q6,0.74735255,3780.0,2160.0
2504,105,2044,q1+q3+q4+q5+q6,0.78946046,3906.0,2100.0
2504,105,2044,q2+q3+q4+q5+q6,0.91578418,2768.0,1620.0
2504,105,2044,q1+q2+q3+q4+q5+q6,1.0,2385.0,1313.0
2504,105,2044,all,1.0,2385.0,1313.0
2505,105,2045,q1,0.08422985,156.0,125.0
2505,105,2045,q2,0.21057461,458.0,288.0
2505,105,2045,q3,0.25268954,1780.0,1039.5
2505,105,2045,q4,0.25268954,6620.0,2560.0
2505,105,2045,q5,0.12634477,28450.0,11307.75
2505,105,2045,q6,0.0734717,148840.0,54600.0
2505,105,2045,q1+q2,0.29480446,346.0,252.0
2505,105,2045,q1+q3,0.33691938,1388.0,923.0
2505,105,2045,q1+q4,0.33691938,4428.0,2235.0
2505,105,2045,q1+q5,0.21057461,13332.0,7256.25
2505,105,2045,q1+q6,0.15770154,384.0,192.0
2505,105,2045,q2+q3,0.46326415,1050.0,641.25
2505,105,2045,q2+q4,0.46326415,2514.0,1740.0
2505,105,2045,q2+q5,0.33691938,794.0,393.0
2505,105,2045,q2+q6,0.28404631,718.0,319.0
2505,105,2045,q3+q4,0.50537907,3640.0,1680.0
2505,105,2045,q3+q5,0.37903431,3240.0,1384.0
2505,105,2045,q3+q6,0.32616123,2552.0,1263.6667
2505,105,2045,q4+q5,0.37903431,9245.0,3640.0
2505,105,2045,q4+q6,0.32616123,8440.0,3040.0
2505,105,2045,q5+q6,0.19981646,48096.0,15325.0
2505,105,2045,q1+q2+q3,0.547494,848.0,424.0
2505,105,2045,q1+q2+q4,0.547494,1119.0,458.75
2505,105,2045,q1+q2+q5,0.42114923,514.0,312.0
2505,105,2045,q1+q2+q6,0.36827616,458.0,277.0
2505,105,2045,q1+q3+q4,0.58960892,2700.0,1450.0
2505,105,2045,q1+q3+q5,0.46326415,2079.0,1175.0
2505,105,2045,q1+q3+q6,0.41039108,1661.0,1029.5
2505,105,2045,q1+q4+q5,0.46326415,7472.0,2862.0
2505,105,2045,q1+q4+q6,0.41039108,6152.0,2538.0
2505,105,2045,q1+q5+q6,0.28404631,25875.0,11059.125
2505,105,2045,q2+q3+q4,0.71595369,2079.0,1175.0
2505,105,2045,q2+q3+q5,0.58960892,1450.0,923.0
2505,105,2045,q2+q3+q6,0.53673585,1300.0,855.0
2505,105,2045,q2+q4+q5,0.58960892,4428.0,2235.0
2505,105,2045,q2+q4+q6,0.53673585,3650.0,2110.0
2505,105,2045,q2+q5+q6,0.41039108,1480.0,734.0
2505,105,2045,q3+q4+q5,0.63172384,4428.0,2194.0
2505,105,2045,q3+q4+q6,0.57885077,3960.0,2060.0
2505,105,2045,q3+q5+q6,0.452506,4388.0,1530.0
2505,105,2045,q4+q5+q6,0.452506,11752.0,4240.0
2505,105,2045,q1+q2+q3+q4,0.80018354,1530.0,983.0
2505,105,2045,q1+q2+q3+q5,0.67383877,1240.0,734.0
2505,105,2045,q1+q2+q3+q6,0.62096569,1050.0,641.25
2505,105,2045,q1+q2+q4+q5,0.67383877,3040.0,2060.0
2505,105,2045,q1+q2+q4+q6,0.62096569,2460.0,1695.0
2505,105,2045,q1+q2+q5+q6,0.49462093,786.0,373.0
2505,105,2045,q1+q3+q4+q5,0.71595369,3791.0,1868.0
2505,105,2045,q1+q3+q4+q6,0.66308062,3600.0,1655.0
2505,105,2045,q1+q3+q5+q6,0.53673585,2858.0,1320.0
2505,105,2045,q1+q4+q5+q6,0.53673585,8940.0,3412.0
2505,105,2045,q2+q3+q4+q5,0.84229846,2700.0,1450.0
2505,105,2045,q2+q3+q4+q6,0.78942539,2514.0,1313.0
2505,105,2045,q2+q3+q5+q6,0.66308062,1780.0,1029.5
2505,105,2045,q2+q4+q5+q6,0.66308062,6152.0,2538.0
2505,105,2045,q3+q4+q5+q6,0.70519554,5280.0,2451.5556
2505,105,2045,q1+q2+q3+q4+q5,0.9265283,2385.0,1276.0
2505,105,2045,q1+q2+q3+q4+q6,0.87365523,2045.0,1125.0
2505,105,2045,q1+q2+q3+q5+q6,0.74731046,1426.0,923.0
2505,105,2045,q1+q2+q4+q5+q6,0.74731046,4240.0,2214.0
2505,105,2045,q1+q3+q4+q5+q6,0.78942539,4410.0,2162.6667
2505,105,2045,q2+q3+q4+q5+q6,0.91577015,3600.0,1655.0
2505,105,2045,q1+q2+q3+q4+q5+q6,1.0,2600.0,1432.5
2505,105,2045,all,1.0,2600.0,1432.5
2506,105,2046,q1,0.0842167,168.0,127.0
2506,105,2046,q2,0.21054174,536.0,311.5
2506,105,2046,q3,0.25265009,1985.0,990.0
2506,105,2046,q4,0.25265009,6624.0,2538.0
2506,105,2046,q5,0.12632505,28450.0,11175.0
2506,105,2046,q6,0.07361633,160200.0,52777.7778
2506,105,2046,q1+q2,0.29475844,430.0,262.0
2506,105,2046,q1+q3,0.33686679,1461.0,900.0
2506,105,2046,q1+q4,0.33686679,3940.0,2235.0
2506,105,2046,q1+q5,0.21054174,12825.0,7256.25
2506,105,2046,q1+q6,0.15783303,377.0,200.0
2506,105,2046,q2+q3,0.46319183,1119.0,641.25
2506,105,2046,q2+q4,0.46319183,2514.0,1740.0
2506,105,2046,q2+q5,0.33686679,907.0,401.0
2506,105,2046,q2+q6,0.28415808,760.0,363.0
2506,105,2046,q3+q4,0.50530018,3488.0,1722.0
2506,105,2046,q3+q5,0.37897514,3294.0,1373.0
2506,105,2046,q3+q6,0.32626643,2700.0,1175.0
2506,105,2046,q4+q5,0.37897514,9115.0,3312.0
2506,105,2046,q4+q6,0.32626643,8360.0,2880.0
2506,105,2046,q5+q6,0.19994138,48300.0,13304.1667
2506,105,2046,q1+q2+q3,0.54740853,923.0,430.0
2506,105,2046,q1+q2+q4,0.54740853,1240.0,466.0
2506,105,2046,q1+q2+q5,0.42108348,721.0,336.0
2506,105,2046,q1+q2+q6,0.36837477,532.0,302.5
2506,105,2046,q1+q3+q4,0.58951688,2720.0,1429.0
2506,105,2046,q1+q3+q5,0.46319183,2484.0,1050.0
2506,105,2046,q1+q3+q6,0.41048312,1863.0,984.5
2506,105,2046,q1+q4+q5,0.46319183,7472.0,2655.0
2506,105,2046,q1+q4+q6,0.41048312,6540.0,2514.0
2506,105,2046,q1+q5+q6,0.28415808,25875.0,10096.25
2506,105,2046,q2+q3+q4,0.71584192,2214.0,1039.5
2506,105,2046,q2+q3+q5,0.58951688,1470.0,923.0
2506,105,2046,q2+q3+q6,0.53680817,1373.0,830.5
2506,105,2046,q2+q4+q5,0.58951688,3940.0,2235.0
2506,105,2046,q2+q4+q6,0.53680817,3454.0,2100.0
2506,105,2046,q2+q5+q6,0.41048312,1835.0,755.0
2506,105,2046,q3+q4+q5,0.63162523,4343.0,2184.6667
2506,105,2046,q3+q4+q6,0.57891652,3920.0,2049.3333
2506,105,2046,q3+q5+q6,0.45259147,4343.0,1530.0
2506,105,2046,q4+q5+q6,0.45259147,11520.0,3920.0
2506,105,2046,q1+q2+q3+q4,0.80005862,1796.0,938.0
2506,105,2046,q1+q2+q3+q5,0.67373357,1258.0,711.0
2506,105,2046,q1+q2+q3+q6,0.62102486,1089.0,579.5
2506,105,2046,q1+q2+q4+q5,0.67373357,2720.0,2049.3333
2506,105,2046,q1+q2+q4+q6,0.62102486,2460.0,1722.0
2506,105,2046,q1+q2+q5+q6,0.49469982,806.0,393.0
2506,105,2046,q1+q3+q4+q5,0.71584192,3690.0,1845.0
2506,105,2046,q1+q3+q4+q6,0.66313321,3339.0,1661.0
2506,105,2046,q1+q3+q5+q6,0.53680817,3240.0,1313.0
2506,105,2046,q1+q4+q5+q6,0.53680817,8940.0,3120.0
2506,105,2046,q2+q3+q4+q5,0.84216697,2720.0,1429.0
2506,105,2046,q2+q3+q4+q6,0.78945826,2560.0,1300.0
2506,105,2046,q2+q3+q5+q6,0.66313321,1985.0,984.5
2506,105,2046,q2+q4+q5+q6,0.66313321,6540.0,2514.0
2506,105,2046,q3+q4+q5+q6,0.70524156,5076.0,2400.0
2506,105,2046,q1+q2+q3+q4+q5,0.92638367,2484.0,1178.0
2506,105,2046,q1+q2+q3+q4+q6,0.87367495,2160.0,1029.5
2506,105,2046,q1+q2+q3+q5+q6,0.74734991,1470.0,898.0
2506,105,2046,q1+q2+q4+q5+q6,0.74734991,3920.0,2214.0
2506,105,2046,q1+q3+q4+q5+q6,0.78945826,4240.0,2160.0
2506,105,2046,q2+q3+q4+q5+q6,0.9157833,3339.0,1661.0
2506,105,2046,q1+q2+q3+q4+q5+q6,1.0,2700.0,1388.0
2506,105,2046,all,1.0,2700.0,1388.0
2507,105,2047,q1,0.0842167,161.0,132.5
2507,105,2047,q2,0.21054174,458.0,277.0
2507,105,2047,q3,0.25265009,1530.0,1125.0
2507,105,2047,q4,0.25265009,6012.0,2560.0
2507,105,2047,q5,0.12632505,25875.0,12217.5
2507,105,2047,q6,0.07361633,112896.0,63630.0
2507,105,2047,q1+q2,0.29475844,315.0,252.0
2507,105,2047,q1+q3,0.33686679,1313.0,931.5
2507,105,2047,q1+q4,0.33686679,4240.0,2214.0
2507,105,2047,q1+q5,0.21054174,12825.0,7642.875
2507,105,2047,q1+q6,0.15783303,414.0,192.0
2507,105,2047,q2+q3,0.46319183,1044.0,641.25
2507,105,2047,q2+q4,0.46319183,2514.0,1740.0
2507,105,2047,q2+q5,0.33686679,794.0,401.0
2507,105,2047,q2+q6,0.28415808,514.0,315.0
2507,105,2047,q3+q4,0.50530018,3294.0,1680.0
2507,105,2047,q3+q5,0.37897514,3083.0,1432.5
2507,105,2047,q3+q6,0.32626643,2052.0,1300.0
2507,105,2047,q4+q5,0.37897514,9245.0,3650.0
2507,105,2047,q4+q6,0.32626643,8440.0,3040.0
2507,105,2047,q5+q6,0.19994138,42525.0,15325.0
2507,105,2047,q1+q2+q3,0.54740853,855.0,430.0
2507,105,2047,q1+q2+q4,0.54740853,1130.0,466.0
2507,105,2047,q1+q2+q5,0.42108348,466.0,301.0
2507,105,2047,q1+q2+q6,0.36837477,458.0,268.0
2507,105,2047,q1+q3+q4,0.58951688,2560.0,1450.0
2507,105,2047,q1+q3+q5,0.46319183,1780.0,1260.0
2507,105,2047,q1+q3+q6,0.41048312,1470.0,1052.0
2507,105,2047,q1+q4+q5,0.46319183,6960.0,2730.0
2507,105,2047,q1+q4+q6,0.41048312,5160.0,2538.0
2507,105,2047,q1+q5+q6,0.28415808,21840.0,11175.0
2507,105,2047,q2+q3+q4,0.71584192,1780.0,1260.0
2507,105,2047,q2+q3+q5,0.58951688,1388.0,938.0
2507,105,2047,q2+q3+q6,0.53680817,1300.0,876.8333
2507,105,2047,q2+q4+q5,0.58951688,4240.0,2214.0
2507,105,2047,q2+q4+q6,0.53680817,3454.0,2110.0
2507,105,2047,q2+q5+q6,0.41048312,1480.0,755.0
2507,105,2047,q3+q4+q5,0.63162523,4410.0,2170.0
2507,105,2047,q3+q4+q6,0.57891652,3938.0,2060.0
2507,105,2047,q3+q5+q6,0.45259147,4578.0,1530.0
2507,105,2047,q4+q5+q6,0.45259147,11520.0,4828.0
2507,105,2047,q1+q2+q3+q4,0.80005862,1450.0,984.5
2507,105,2047,q1+q2+q3+q5,0.67373357,1240.0,810.0
2507,105,2047,q1+q2+q3+q6,0.62102486,983.0,579.5
2507,105,2047,q1+q2+q4+q5,0.67373357,2720.0,2095.0
2507,105,2047,q1+q2+q4+q6,0.62102486,2460.0,1722.0
2507,105,2047,q1+q2+q5+q6,0.49469982,755.0,373.0
2507,105,2047,q1+q3+q4+q5,0.71584192,3690.0,1785.0
2507,105,2047,q1+q3+q4+q6,0.66313321,3180.0,1656.375
2507,105,2047,q1+q3+q5+q6,0.53680817,2565.0,1388.0
2507,105,2047,q1+q4+q5+q6,0.53680817,8940.0,3640.0
2507,105,2047,q2+q3+q4+q5,0.84216697,2560.0,1450.0
2507,105,2047,q2+q3+q4+q6,0.78945826,2318.0,1384.0
2507,105,2047,q2+q3+q5+q6,0.66313321,1530.0,1052.0
2507,105,2047,q2+q4+q5+q6,0.66313321,5160.0,2538.0
2507,105,2047,q3+q4+q5+q6,0.70524156,5160.0,2460.0
2507,105,2047,q1+q2+q3+q4+q5,0.92638367,2100.0,1300.0
2507,105,2047,q1+q2+q3+q4+q6,0.87367495,1767.0,1260.0
2507,105,2047,q1+q2+q3+q5+q6,0.74734991,1373.0,923.0
2507,105,2047,q1+q2+q4+q5+q6,0.74734991,3940.0,2214.0
2507,105,2047,q1+q3+q4+q5+q6,0.78945826,4240.0,2160.0
2507,105,2047,q2+q3+q4+q5+q6,0.9157833,3180.0,1656.375
2507,105,2047,q1+q2+q3+q4+q5+q6,1.0,2514.0,1450.0
2507,105,2047,all,1.0,2514.0,1450.0
2508,105,2048,q1,0.0842167,160.0,134.0
2508,105,2048,q2,0.21054174,458.0,312.0
2508,105,2048,q3,0.25265009,1530.0,962.75
2508,105,2048,q4,0.25265009,5160.0,2470.0
2508,105,2048,q5,0.12632505,27675.0,11175.0
2508,105,2048,q6,0.07361633,130296.0,54675.0
2508,105,2048,q1+q2,0.29475844,360.0,277.0
2508,105,2048,q1+q3,0.33686679,1313.0,855.0
2508,105,2048,q1+q4,0.33686679,3780.0,2162.6667
2508,105,2048,q1+q5,0.21054174,12825.0,7793.3333
2508,105,2048,q1+q6,0.15783303,411.0,198.0
2508,105,2048,q2+q3,0.46319183,968.0,641.25
2508,105,2048,q2+q4,0.46319183,2297.0,1727.0
2508,105,2048,q2+q5,0.33686679,804.0,422.0
2508,105,2048,q2+q6,0.28415808,654.0,367.0
2508,105,2048,q3+q4,0.50530018,3120.0,1655.0
2508,105,2048,q3+q5,0.37897514,3083.0,1313.0
2508,105,2048,q3+q6,0.32626643,2322.0,1085.75
2508,105,2048,q4+q5,0.37897514,8974.0,3006.0
2508,105,2048,q4+q6,0.32626643,7380.0,2720.0
2508,105,2048,q5+q6,0.19994138,49920.0,16032.0
2508,105,2048,q1+q2+q3,0.54740853,855.0,458.0
2508,105,2048,q1+q2+q4,0.54740853,1130.0,466.0
2508,105,2048,q1+q2+q5,0.42108348,480.0,327.0
2508,105,2048,q1+q2+q6,0.36837477,458.0,302.5
2508,105,2048,q1+q3+q4,0.58951688,2514.0,1373.0
2508,105,2048,q1+q3+q5,0.46319183,2045.0,1026.0
2508,105,2048,q1+q3+q6,0.41048312,1470.0,938.0
2508,105,2048,q1+q4+q5,0.46319183,6540.0,2560.0
2508,105,2048,q1+q4+q6,0.41048312,5040.0,2460.0
2508,105,2048,q1+q5+q6,0.28415808,24969.0,10631.25
2508,105,2048,q2+q3+q4,0.71584192,2052.0,1026.0
2508,105,2048,q2+q3+q5,0.58951688,1350.0,855.0
2508,105,2048,q2+q3+q6,0.53680817,1240.0,823.5
2508,105,2048,q2+q4+q5,0.58951688,3780.0,2162.6667
2508,105,2048,q2+q4+q6,0.53680817,3040.0,2096.8333
2508,105,2048,q2+q5+q6,0.41048312,1480.0,755.0
2508,105,2048,q3+q4+q5,0.63162523,3940.0,2100.0
2508,105,2048,q3+q4+q6,0.57891652,3780.0,1890.0
2508,105,2048,q3+q5+q6,0.45259147,4208.0,1450.0
2508,105,2048,q4+q5+q6,0.45259147,11175.0,3920.0
2508,105,2048,q1+q2+q3+q4,0.80005862,1440.0,923.0
2508,105,2048,q1+q2+q3+q5,0.67373357,1119.0,770.75
2508,105,2048,q1+q2+q3+q6,0.62102486,923.0,596.25
2508,105,2048,q1+q2+q4+q5,0.67373357,2560.0,1904.0
2508,105,2048,q1+q2+q4+q6,0.62102486,2160.0,1695.0
2508,105,2048,q1+q2+q5+q6,0.49469982,786.0,403.0
2508,105,2048,q1+q3+q4+q5,0.71584192,3488.0,1767.0
2508,105,2048,q1+q3+q4+q6,0.66313321,3083.0,1624.8333
2508,105,2048,q1+q3+q5+q6,0.53680817,2768.0,1290.0
2508,105,2048,q1+q4+q5+q6,0.53680817,8680.0,3000.0
2508,105,2048,q2+q3+q4+q5,0.84216697,2514.0,1373.0
2508,105,2048,q2+q3+q4+q6,0.78945826,2322.0,1263.6667
2508,105,2048,q2+q3+q5+q6,0.66313321,1530.0,949.5
2508,105,2048,q2+q4+q5+q6,0.66313321,5040.0,2460.0
2508,105,2048,q3+q4+q5+q6,0.70524156,4828.0,2235.0
2508,105,2048,q1+q2+q3+q4+q5,0.92638367,2160.0,1125.0
2508,105,2048,q1+q2+q3+q4+q6,0.87367495,1985.0,992.5
2508,105,2048,q1+q2+q3+q5+q6,0.74734991,1313.0,855.0
2508,105,2048,q1+q2+q4+q5+q6,0.74734991,3780.0,2160.0
2508,105,2048,q1+q3+q4+q5+q6,0.78945826,3920.0,2096.8889
2508,105,2048,q2+q3+q4+q5+q6,0.9157833,3083.0,1624.8333
2508,105,2048,q1+q2+q3+q4+q5+q6,1.0,2484.0,1320.0
2508,105,2048,all,1.0,2484.0,1320.0
2509,105,2049,q1,0.0842167,160.0,138.0
2509,105,2049,q2,0.21054174,462.0,306.5
2509,105,2049,q3,0.25265009,1767.0,968.0
2509,105,2049,q4,0.25265009,5040.0,2460.0
2509,105,2049,q5,0.12632505,29025.0,10631.25
2509,105,2049,q6,0.07361633,143100.0,52500.0
2509,105,2049,q1+q2,0.29475844,360.0,262.0
2509,105,2049,q1+q3,0.33686679,1350.0,923.0
2509,105,2049,q1+q4,0.33686679,3454.0,2184.6667
2509,105,2049,q1+q5,0.21054174,12400.0,6971.25
2509,105,2049,q1+q6,0.15783303,388.0,200.0
2509,105,2049,q2+q3,0.46319183,983.0,579.5
2509,105,2049,q2+q4,0.46319183,2514.0,1573.0
2509,105,2049,q2+q5,0.33686679,878.0,403.0
2509,105,2049,q2+q6,0.28415808,708.0,360.0
2509,105,2049,q3+q4,0.50530018,3173.0,1492.5
2509,105,2049,q3+q5,0.37897514,3294.0,1276.0
2509,105,2049,q3+q6,0.32626643,2363.0,1066.5
2509,105,2049,q4+q5,0.37897514,9115.0,2862.0
2509,105,2049,q4+q6,0.32626643,8240.0,2720.0
2509,105,2049,q5+q6,0.19994138,48703.0,12825.0
2509,105,2049,q1+q2+q3,0.54740853,907.0,445.0
2509,105,2049,q1+q2+q4,0.54740853,1258.0,466.0
2509,105,2049,q1+q2+q5,0.42108348,483.0,316.75
2509,105,2049,q1+q2+q6,0.36837477,458.0,301.0
2509,105,2049,q1+q3+q4,0.58951688,2600.0,1350.0
2509,105,2049,q1+q3+q5,0.46319183,2079.0,1026.0
2509,105,2049,q1+q3+q6,0.41048312,1661.0,968.0
2509,105,2049,q1+q4+q5,0.46319183,6960.0,2560.0
2509,105,2049,q1+q4+q6,0.41048312,4788.0,2401.0
2509,105,2049,q1+q5+q6,0.28415808,26605.0,9900.0
2509,105,2049,q2+q3+q4,0.71584192,2100.0,990.0
2509,105,2049,q2+q3+q5,0.58951688,1426.0,923.0
2509,105,2049,q2+q3+q6,0.53680817,1300.0,830.5
2509,105,2049,q2+q4+q5,0.58951688,3454.0,2184.6667
2509,105,2049,q2+q4+q6,0.53680817,2720.0,1961.3333
2509,105,2049,q2+q5+q6,0.41048312,1480.0,755.0
2509,105,2049,q3+q4+q5,0.63162523,3938.0,2096.8333
2509,105,2049,q3+q4+q6,0.57891652,3623.0,1767.0
2509,105,2049,q3+q5+q6,0.45259147,4316.0,1470.0
2509,105,2049,q4+q5+q6,0.45259147,11752.0,3827.5
2509,105,2049,q1+q2+q3+q4,0.80005862,1470.0,931.5
2509,105,2049,q1+q2+q3+q5,0.67373357,1175.0,713.0
2509,105,2049,q1+q2+q3+q6,0.62102486,968.0,553.5
2509,105,2049,q1+q2+q4+q5,0.67373357,2720.0,1742.2222
2509,105,2049,q1+q2+q4+q6,0.62102486,2460.0,1469.0
2509,105,2049,q1+q2+q5+q6,0.49469982,806.0,402.0
2509,105,2049,q1+q3+q4+q5,0.71584192,3294.0,1673.5
2509,105,2049,q1+q3+q4+q6,0.66313321,3040.0,1470.0
2509,105,2049,q1+q3+q5+q6,0.53680817,3173.0,1260.0
2509,105,2049,q1+q4+q5+q6,0.53680817,8976.0,2730.0
2509,105,2049,q2+q3+q4+q5,0.84216697,2600.0,1350.0
2509,105,2049,q2+q3+q4+q6,0.78945826,2460.0,1178.0
2509,105,2049,q2+q3+q5+q6,0.66313321,1661.0,968.0
2509,105,2049,q2+q4+q5+q6,0.66313321,4788.0,2401.0
2509,105,2049,q3+q4+q5+q6,0.70524156,4624.0,2244.0
2509,105,2049,q1+q2+q3+q4+q5,0.92638367,2363.0,1050.0
2509,105,2049,q1+q2+q3+q4+q6,0.87367495,2052.0,983.0
2509,105,2049,q1+q2+q3+q5+q6,0.74734991,1388.0,923.0
2509,105,2049,q1+q2+q4+q5+q6,0.74734991,3180.0,2160.0
2509,105,2049,q1+q3+q4+q5+q6,0.78945826,3906.0,2049.3333
2509,105,2049,q2+q3+q4+q5+q6,0.9157833,3040.0,1470.0
2509,105,2049,q1+q2+q3+q4+q5+q6,1.0,2565.0,1300.0
2509,105,2049,all,1.0,2565.0,1300.0
2510,105,2050,q1,0.0842167,168.0,137.0
2510,105,2050,q2,0.21054174,466.0,312.0
2510,105,2050,q3,0.25265009,1530.0,1005.0
2510,105,2050,q4,0.25265009,4788.0,2460.0
2510,105,2050,q5,0.12632505,25875.0,10096.25
2510,105,2050,q6,0.07361633,122600.0,54600.0
2510,105,2050,q1+q2,0.29475844,401.0,269.0
2510,105,2050,q1+q3,0.33686679,1178.0,923.0
2510,105,2050,q1+q4,0.33686679,3640.0,2207.5
2510,105,2050,q1+q5,0.21054174,12400.0,7642.875
2510,105,2050,q1+q6,0.15783303,369.0,200.0
2510,105,2050,q2+q3,0.46319183,979.0,645.8333
2510,105,2050,q2+q4,0.46319183,2460.0,1722.0
2510,105,2050,q2+q5,0.33686679,878.0,445.0
2510,105,2050,q2+q6,0.28415808,718.0,393.0
2510,105,2050,q3+q4,0.50530018,3040.0,1651.0
2510,105,2050,q3+q5,0.37897514,2588.0,1300.0
2510,105,2050,q3+q6,0.32626643,2133.0,1175.0
2510,105,2050,q4+q5,0.37897514,8830.0,3040.0
2510,105,2050,q4+q6,0.32626643,7655.0,2702.0
2510,105,2050,q5+q6,0.19994138,48300.0,13332.0
2510,105,2050,q1+q2+q3,0.54740853,855.0,466.0
2510,105,2050,q1+q2+q4,0.54740853,1210.0,475.0
2510,105,2050,q1+q2+q5,0.42108348,613.0,336.5
2510,105,2050,q1+q2+q6,0.36837477,466.0,308.0
2510,105,2050,q1+q3+q4,0.58951688,2514.0,1388.0
2510,105,2050,q1+q3+q5,0.46319183,1796.0,1050.0
2510,105,2050,q1+q3+q6,0.41048312,1470.0,983.0
2510,105,2050,q1+q4+q5,0.46319183,6620.0,2565.0
2510,105,2050,q1+q4+q6,0.41048312,4624.0,2451.5556
2510,105,2050,q1+q5+q6,0.28415808,24332.0,9922.5
2510,105,2050,q2+q3+q4,0.71584192,1863.0,1029.0
2510,105,2050,q2+q3+q5,0.58951688,1373.0,923.0
2510,105,2050,q2+q3+q6,0.53680817,1175.0,849.3333
2510,105,2050,q2+q4+q5,0.58951688,3640.0,2207.5
2510,105,2050,q2+q4+q6,0.53680817,3040.0,2095.0
2510,105,2050,q2+q5+q6,0.41048312,1481.0,870.0
2510,105,2050,q3+q4+q5,0.63162523,3920.0,2100.0
2510,105,2050,q3+q4+q6,0.57891652,3488.0,1868.0
2510,105,2050,q3+q5+q6,0.45259147,4208.0,1470.0
2510,105,2050,q4+q5+q6,0.45259147,11175.0,3920.0
2510,105,2050,q1+q2+q3+q4,0.80005862,1440.0,938.0
2510,105,2050,q1+q2+q3+q5,0.67373357,1050.0,810.0
2510,105,2050,q1+q2+q3+q6,0.62102486,938.0,635.25
2510,105,2050,q1+q2+q4+q5,0.67373357,2600.0,1890.0
2510,105,2050,q1+q2+q4+q6,0.62102486,2400.0,1673.5
2510,105,2050,q1+q2+q5+q6,0.49469982,806.0,422.0
2510,105,2050,q1+q3+q4+q5,0.71584192,3180.0,1742.2222
2510,105,2050,q1+q3+q4+q6,0.66313321,3040.0,1635.0
2510,105,2050,q1+q3+q5+q6,0.53680817,2565.0,1294.0
2510,105,2050,q1+q4+q5+q6,0.53680817,8380.0,3038.3333
2510,105,2050,q2+q3+q4+q5,0.84216697,2514.0,1388.0
2510,105,2050,q2+q3+q4+q6,0.78945826,2322.0,1260.0
2510,105,2050,q2+q3+q5+q6,0.66313321,1530.0,983.0
2510,105,2050,q2+q4+q5+q6,0.66313321,4624.0,2451.5556
2510,105,2050,q3+q4+q5+q6,0.70524156,4428.0,2312.0
2510,105,2050,q1+q2+q3+q4+q5,0.92638367,2133.0,1175.0
2510,105,2050,q1+q2+q3+q4+q6,0.87367495,1780.0,1022.5
2510,105,2050,q1+q2+q3+q5+q6,0.74734991,1346.0,923.0
2510,105,2050,q1+q2+q4+q5+q6,0.74734991,3454.0,2170.0
2510,105,2050,q1+q3+q4+q5+q6,0.78945826,3893.0,2096.8889
2510,105,2050,q2+q3+q4+q5+q6,0.9157833,3040.0,1635.0
2510,105,2050,q1+q2+q3+q4+q5+q6,1.0,2514.0,1373.0
2510,105,2050,all,1.0,2514.0,1373.0
2511,105,2141,q1,0.07845065,160.0,134.0
2511,105,2141,q2,0.19612661,458.0,301.0
2511,105,2141,q3,0.23535194,1661.0,992.5
2511,105,2141,q4,0.23535194,5724.0,2514.0
2511,105,2141,q5,0.11767597,27675.0,11175.0
2511,105,2141,q6,0.1370429,141300.0,54600.0
2511,105,2141,q1+q2,0.27457726,360.0,257.0
2511,105,2141,q1+q3,0.31380258,1313.0,923.0
2511,105,2141,q1+q4,0.31380258,3920.0,2214.0
2511,105,2141,q1+q5,0.19612661,12600.0,7375.0
2511,105,2141,q1+q6,0.21549355,71500.0,37210.0
2511,105,2141,q2+q3,0.43147855,983.0,641.25
2511,105,2141,q2+q4,0.43147855,2460.0,1695.0
2511,105,2141,q2+q5,0.31380258,806.0,403.0
2511,105,2141,q2+q6,0.33316951,979.0,430.0
2511,105,2141,q3+q4,0.47070387,3180.0,1651.0
2511,105,2141,q3+q5,0.3530279,3173.0,1313.0
2511,105,2141,q3+q6,0.37239484,3488.0,1384.0
2511,105,2141,q4+q5,0.3530279,8976.0,3076.0
2511,105,2141,q4+q6,0.37239484,10260.0,3412.0
2511,105,2141,q5+q6,0.25471887,68100.0,28224.0
2511,105,2141,q1+q2+q3,0.5099292,855.0,458.0
2511,105,2141,q1+q2+q4,0.5099292,1166.0,466.0
2511,105,2141,q1+q2+q5,0.39225323,514.0,318.5
2511,105,2141,q1+q2+q6,0.41162016,619.0,336.5
2511,105,2141,q1+q3+q4,0.54915452,2565.0,1388.0
2511,105,2141,q1+q3+q5,0.43147855,2052.0,1050.0
2511,105,2141,q1+q3+q6,0.45084548,2214.0,1175.0
2511,105,2141,q1+q4+q5,0.43147855,6824.0,2600.0
2511,105,2141,q1+q4+q6,0.45084548,7655.0,2720.0
2511,105,2141,q1+q5+q6,0.33316951,42525.0,13304.1667
2511,105,2141,q2+q3+q4,0.66683049,2052.0,1039.5
2511,105,2141,q2+q3+q5,0.54915452,1388.0,923.0
2511,105,2141,q2+q3+q6,0.56852145,1450.0,923.0
2511,105,2141,q2+q4+q5,0.54915452,3920.0,2214.0
2511,105,2141,q2+q4+q6,0.56852145,4240.0,2235.0
2511,105,2141,q2+q5+q6,0.45084548,14850.0,7987.5
2511,105,2141,q3+q4+q5,0.58837984,4208.0,2160.0
2511,105,2141,q3+q4+q6,0.60774677,4388.0,2170.0
2511,105,2141,q3+q5+q6,0.4900708,11175.0,6710.0
2511,105,2141,q4+q5+q6,0.4900708,13332.0,6862.5
2511,105,2141,q1+q2+q3+q4,0.74528113,1470.0,938.0
2511,105,2141,q1+q2+q3+q5,0.62760516,1166.0,755.0
2511,105,2141,q1+q2+q3+q6,0.6469721,1246.0,823.5
2511,105,2141,q1+q2+q4+q5,0.62760516,2720.0,1890.0
2511,105,2141,q1+q2+q4+q6,0.6469721,3040.0,2060.0
2511,105,2141,q1+q2+q5+q6,0.52929613,1426.0,553.0
2511,105,2141,q1+q3+q4+q5,0.66683049,3623.0,1767.0
2511,105,2141,q1+q3+q4+q6,0.68619742,3650.0,1845.0
2511,105,2141,q1+q3+q5+q6,0.56852145,4118.0,1461.0
2511,105,2141,q1+q4+q5+q6,0.56852145,11175.0,3920.0
2511,105,2141,q2+q3+q4+q5,0.78450645,2565.0,1388.0
2511,105,2141,q2+q3+q4+q6,0.80387339,2700.0,1450.0
2511,105,2141,q2+q3+q5+q6,0.68619742,2297.0,1175.0
2511,105,2141,q2+q4+q5+q6,0.68619742,7655.0,2720.0
2511,105,2141,q3+q4+q5+q6,0.72542274,6624.0,2560.0
2511,105,2141,q1+q2+q3+q4+q5,0.8629571,2214.0,1178.0
2511,105,2141,q1+q2+q3+q4+q6,0.88232403,2385.0,1260.0
2511,105,2141,q1+q2+q3+q5+q6,0.76464806,1530.0,979.0
2511,105,2141,q1+q2+q4+q5+q6,0.76464806,4828.0,2460.0
2511,105,2141,q1+q3+q4+q5+q6,0.80387339,4828.0,2244.0
2511,105,2141,q2+q3+q4+q5+q6,0.92154935,3650.0,1845.0
2511,105,2141,q1+q2+q3+q4+q5+q6,1.0,3083.0,1530.0
2511,105,2141,all,1.0,3083.0,1530.0
2512,105,2142,q1,0.07844101,168.0,137.0
2512,105,2142,q2,0.19610252,462.0,295.0
2512,105,2142,q3,0.23532302,1661.0,963.75
2512,105,2142,q4,0.23532302,4428.0,2460.0
2512,105,2142,q5,0.11766151,24969.0,10631.25
2512,105,2142,q6,0.13714891,148840.0,68100.0
2512,105,2142,q1+q2,0.27454353,319.0,262.0
2512,105,2142,q1+q3,0.31376403,1260.0,905.75
2512,105,2142,q1+q4,0.31376403,3454.0,2214.0
2512,105,2142,q1+q5,0.19610252,11175.0,7112.5
2512,105,2142,q1+q6,0.21558992,85623.0,42519.1667
2512,105,2142,q2+q3,0.43142554,968.0,619.0
2512,105,2142,q2+q4,0.43142554,2460.0,1722.0
2512,105,2142,q2+q5,0.31376403,870.0,403.0
2512,105,2142,q2+q6,0.33325143,1045.0,445.0
2512,105,2142,q3+q4,0.47064605,2720.0,1661.0
2512,105,2142,q3+q5,0.35298454,3083.0,1290.0
2512,105,2142,q3+q6,0.37247194,3488.0,1350.0
2512,105,2142,q4+q5,0.35298454,8700.0,2820.0
2512,105,2142,q4+q6,0.37247194,9749.0,3038.3333
2512,105,2142,q5+q6,0.25481043,68800.0,28728.0
2512,105,2142,q1+q2+q3,0.50986655,886.0,458.0
2512,105,2142,q1+q2+q4,0.50986655,1246.0,466.0
2512,105,2142,q1+q2+q5,0.39220504,532.0,315.0
2512,105,2142,q1+q2+q6,0.41169244,708.0,317.5
2512,105,2142,q1+q3+q4,0.54908705,2514.0,1388.0
2512,105,2142,q1+q3+q5,0.43142554,1796.0,1029.0
2512,105,2142,q1+q3+q6,0.45091295,2079.0,1050.0
2512,105,2142,q1+q4+q5,0.43142554,6152.0,2514.0
2512,105,2142,q1+q4+q6,0.45091295,6824.0,2560.0
2512,105,2142,q1+q5+q6,0.33325143,38745.0,13056.0
2512,105,2142,q2+q3+q4,0.66674857,1863.0,1026.0
2512,105,2142,q2+q3+q5,0.54908705,1375.0,923.0
2512,105,2142,q2+q3+q6,0.56857446,1433.0,923.0
2512,105,2142,q2+q4+q5,0.54908705,3454.0,2214.0
2512,105,2142,q2+q4+q6,0.56857446,3920.0,2214.0
2512,105,2142,q2+q5+q6,0.45091295,12600.0,7800.0
2512,105,2142,q3+q4+q5,0.58830756,3920.0,2160.0
2512,105,2142,q3+q4+q6,0.60779496,3960.0,2207.5
2512,105,2142,q3+q5+q6,0.49013345,9245.0,6457.5
2512,105,2142,q4+q5+q6,0.49013345,12600.0,6492.1333
2512,105,2142,q1+q2+q3+q4,0.74518957,1470.0,923.0
2512,105,2142,q1+q2+q3+q5,0.62752806,1125.0,711.0
2512,105,2142,q1+q2+q3+q6,0.64701546,1178.0,810.0
2512,105,2142,q1+q2+q4+q5,0.62752806,2514.0,1890.0
2512,105,2142,q1+q2+q4+q6,0.64701546,2560.0,2060.0
2512,105,2142,q1+q2+q5+q6,0.52935395,1440.0,619.0
2512,105,2142,q1+q3+q4+q5,0.66674857,3285.0,1742.2222
2512,105,2142,q1+q3+q4+q6,0.68623597,3488.0,1845.0
2512,105,2142,q1+q3+q5+q6,0.56857446,3906.0,1461.0
2512,105,2142,q1+q4+q5+q6,0.56857446,10080.0,3827.5
2512,105,2142,q2+q3+q4+q5,0.78441008,2514.0,1388.0
2512,105,2142,q2+q3+q4+q6,0.80389748,2541.0,1450.0
2512,105,2142,q2+q3+q5+q6,0.68623597,2133.0,1050.0
2512,105,2142,q2+q4+q5+q6,0.68623597,6824.0,2560.0
2512,105,2142,q3+q4+q5+q6,0.72545647,5733.0,2514.0
2512,105,2142,q1+q2+q3+q4+q5,0.86285109,2160.0,1125.0
2512,105,2142,q1+q2+q3+q4+q6,0.88233849,2297.0,1181.5
2512,105,2142,q1+q2+q3+q5+q6,0.76467698,1651.0,931.5
2512,105,2142,q1+q2+q4+q5+q6,0.76467698,4428.0,2400.0
2512,105,2142,q1+q3+q4+q5+q6,0.80389748,4428.0,2214.0
2512,105,2142,q2+q3+q4+q5+q6,0.92155899,3488.0,1845.0
2512,105,2142,q1+q2+q3+q4+q5+q6,1.0,2600.0,1624.8333
2512,105,2142,all,1.0,2600.0,1624.8333
2513,105,2143,q1,0.07844013,168.0,138.0
2513,105,2143,q2,0.19610033,466.0,312.0
2513,105,2143,q3,0.2353204,1661.0,990.0
2513,105,2143,q4,0.2353204,5040.0,2514.0
2513,105,2143,q5,0.1176602,29500.0,10057.0
2513,105,2143,q6,0.13715855,143100.0,54300.0
2513,105,2143,q1+q2,0.27454046,401.0,269.0
2513,105,2143,q1+q3,0.31376053,1373.0,923.0
2513,105,2143,q1+q4,0.31376053,3454.0,2207.5
2513,105,2143,q1+q5,0.19610033,12400.0,7256.25
2513,105,2143,q1+q6,0.21559868,68800.0,33180.0
2513,105,2143,q2+q3,0.43142072,1044.0,635.25
2513,105,2143,q2+q4,0.43142072,2514.0,1656.375
2513,105,2143,q2+q5,0.31376053,979.0,430.0
2513,105,2143,q2+q6,0.33325888,1130.0,466.0
2513,105,2143,q3+q4,0.47064079,3173.0,1573.0
2513,105,2143,q3+q5,0.35298059,3294.0,1313.0
2513,105,2143,q3+q6,0.37247895,3600.0,1384.0
2513,105,2143,q4+q5,0.35298059,9245.0,3040.0
2513,105,2143,q4+q6,0.37247895,10620.0,3076.0
2513,105,2143,q5+q6,0.25481875,68800.0,25493.3333
2513,105,2143,q1+q2+q3,0.50986086,923.0,466.0
2513,105,2143,q1+q2+q4,0.50986086,1274.0,473.0
2513,105,2143,q1+q2+q5,0.39220066,619.0,352.75
2513,105,2143,q1+q2+q6,0.41169901,734.0,367.0
2513,105,2143,q1+q3+q4,0.54908092,2600.0,1388.0
2513,105,2143,q1+q3+q5,0.43142072,2052.0,1039.5
2513,105,2143,q1+q3+q6,0.45091908,2322.0,1066.5
2513,105,2143,q1+q4+q5,0.43142072,7140.0,2600.0
2513,105,2143,q1+q4+q6,0.45091908,7655.0,2720.0
2513,105,2143,q1+q5+q6,0.33325888,42525.0,12600.0
2513,105,2143,q2+q3+q4,0.66674112,2079.0,1026.0
2513,105,2143,q2+q3+q5,0.54908092,1426.0,923.0
2513,105,2143,q2+q3+q6,0.56857928,1452.0,938.0
2513,105,2143,q2+q4+q5,0.54908092,3454.0,2207.5
2513,105,2143,q2+q4+q6,0.56857928,3920.0,2235.0
2513,105,2143,q2+q5+q6,0.45091908,12825.0,7800.0
2513,105,2143,q3+q4+q5,0.58830099,3940.0,2096.8889
2513,105,2143,q3+q4+q6,0.60779934,4208.0,2160.0
2513,105,2143,q3+q5+q6,0.49013914,11175.0,6615.0
2513,105,2143,q4+q5+q6,0.49013914,13000.0,6615.0
2513,105,2143,q1+q2+q3+q4,0.74518125,1470.0,938.0
2513,105,2143,q1+q2+q3+q5,0.62752105,1178.0,765.6667
2513,105,2143,q1+q2+q3+q6,0.64701941,1267.0,823.5
2513,105,2143,q1+q2+q4+q5,0.62752105,2720.0,1785.0
2513,105,2143,q1+q2+q4+q6,0.64701941,2720.0,1961.3333
2513,105,2143,q1+q2+q5+q6,0.52935921,1440.0,713.0
2513,105,2143,q1+q3+q4+q5,0.66674112,3339.0,1722.0
2513,105,2143,q1+q3+q4+q6,0.68623947,3600.0,1757.0
2513,105,2143,q1+q3+q5+q6,0.56857928,4208.0,1461.0
2513,105,2143,q1+q4+q5+q6,0.56857928,11175.0,3827.5
2513,105,2143,q2+q3+q4+q5,0.78440132,2600.0,1388.0
2513,105,2143,q2+q3+q4+q6,0.80389967,2720.0,1429.0
2513,105,2143,q2+q3+q5+q6,0.68623947,2363.0,1066.5
2513,105,2143,q2+q4+q5+q6,0.68623947,7655.0,2720.0
2513,105,2143,q3+q4+q5+q6,0.72545954,6620.0,2560.0
2513,105,2143,q1+q2+q3+q4+q5,0.86284145,2363.0,1085.75
2513,105,2143,q1+q2+q3+q4+q6,0.8823398,2400.0,1178.0
2513,105,2143,q1+q2+q3+q5+q6,0.7646796,1651.0,973.25
2513,105,2143,q1+q2+q4+q5+q6,0.7646796,4428.0,2401.0
2513,105,2143,q1+q3+q4+q5+q6,0.80389967,4428.0,2244.0
2513,105,2143,q2+q3+q4+q5+q6,0.92155987,3600.0,1757.0
2513,105,2143,q1+q2+q3+q4+q5+q6,1.0,3040.0,1470.0
2513,105,2143,all,1.0,3040.0,1470.0
2514,105,2144,q1,0.07844055,161.0,138.0
2514,105,2144,q2,0.19610137,446.0,312.0
2514,105,2144,q3,0.23532165,1461.0,955.5
2514,105,2144,q4,0.23532165,5040.0,2460.0
2514,105,2144,q5,0.11766082,25875.0,11307.75
2514,105,2144,q6,0.13715396,127260.0,54675.0
2514,105,2144,q1+q2,0.27454192,360.0,269.0
2514,105,2144,q1+q3,0.3137622,1175.0,855.0
2514,105,2144,q1+q4,0.3137622,3780.0,2160.0
2514,105,2144,q1+q5,0.19610137,12825.0,7800.0
2514,105,2144,q1+q6,0.21559451,68800.0,43126.6667
2514,105,2144,q2+q3,0.43142302,938.0,579.5
2514,105,2144,q2+q4,0.43142302,2160.0,1727.0
2514,105,2144,q2+q5,0.3137622,770.0,430.0
2514,105,2144,q2+q6,0.33325533,859.0,458.0
2514,105,2144,q3+q4,0.47064329,3040.0,1635.0
2514,105,2144,q3+q5,0.35298247,2858.0,1290.0
2514,105,2144,q3+q6,0.37247561,3285.0,1313.0
2514,105,2144,q4+q5,0.35298247,8440.0,3000.0
2514,105,2144,q4+q6,0.37247561,9600.0,3040.0
2514,105,2144,q5+q6,0.25481479,62055.0,29025.0
2514,105,2144,q1+q2+q3,0.50986357,848.0,458.0
2514,105,2144,q1+q2+q4,0.50986357,1089.0,473.0
2514,105,2144,q1+q2+q5,0.39220274,475.0,331.0
2514,105,2144,q1+q2+q6,0.41169588,505.0,360.0
2514,105,2144,q1+q3+q4,0.54908384,2400.0,1350.0
2514,105,2144,q1+q3+q5,0.43142302,1796.0,1005.0
2514,105,2144,q1+q3+q6,0.45091616,2052.0,1050.0
2514,105,2144,q1+q4+q5,0.43142302,6012.0,2538.0
2514,105,2144,q1+q4+q6,0.45091616,6540.0,2560.0
2514,105,2144,q1+q5+q6,0.33325533,42525.0,14850.0
2514,105,2144,q2+q3+q4,0.66674467,1863.0,992.5
2514,105,2144,q2+q3+q5,0.54908384,1313.0,855.0
2514,105,2144,q2+q3+q6,0.56857698,1350.0,923.0
2514,105,2144,q2+q4+q5,0.54908384,3780.0,2160.0
2514,105,2144,q2+q4+q6,0.56857698,3920.0,2184.6667
2514,105,2144,q2+q5+q6,0.45091616,15345.0,9245.0
2514,105,2144,q3+q4+q5,0.58830412,3920.0,2100.0
2514,105,2144,q3+q4+q6,0.60779726,3960.0,2160.0
2514,105,2144,q3+q5+q6,0.49013643,12225.0,6918.75
2514,105,2144,q4+q5+q6,0.49013643,12976.0,7112.5
2514,105,2144,q1+q2+q3+q4,0.74518521,1388.0,923.0
2514,105,2144,q1+q2+q3+q5,0.62752439,983.0,755.0
2514,105,2144,q1+q2+q3+q6,0.64701753,1089.0,774.0
2514,105,2144,q1+q2+q4+q5,0.62752439,2514.0,1890.0
2514,105,2144,q1+q2+q4+q6,0.64701753,2600.0,2049.3333
2514,105,2144,q1+q2+q5+q6,0.52935671,1426.0,480.0
2514,105,2144,q1+q3+q4+q5,0.66674467,3294.0,1742.2222
2514,105,2144,q1+q3+q4+q6,0.6862378,3640.0,1890.0
2514,105,2144,q1+q3+q5+q6,0.56857698,3906.0,1429.0
2514,105,2144,q1+q4+q5+q6,0.56857698,10620.0,3827.5
2514,105,2144,q2+q3+q4+q5,0.78440549,2400.0,1350.0
2514,105,2144,q2+q3+q4+q6,0.80389863,2514.0,1388.0
2514,105,2144,q2+q3+q5+q6,0.6862378,2052.0,1050.0
2514,105,2144,q2+q4+q5+q6,0.6862378,6540.0,2560.0
2514,105,2144,q3+q4+q5+q6,0.72545808,5724.0,2514.0
2514,105,2144,q1+q2+q3+q4+q5,0.86284604,2100.0,1125.0
2514,105,2144,q1+q2+q3+q4+q6,0.88233918,2160.0,1178.0
2514,105,2144,q1+q2+q3+q5+q6,0.76467835,1433.0,938.0
2514,105,2144,q1+q2+q4+q5+q6,0.76467835,4428.0,2394.0
2514,105,2144,q1+q3+q4+q5+q6,0.80389863,4428.0,2207.5
2514,105,2144,q2+q3+q4+q5+q6,0.92155945,3640.0,1890.0
2514,105,2144,q1+q2+q3+q4+q5+q6,1.0,2700.0,1492.5
2514,105,2144,all,1.0,2700.0,1492.5
2515,105,2145,q1,0.0784649,156.0,125.0
2515,105,2145,q2,0.19616224,458.0,288.0
2515,105,2145,q3,0.23539469,1780.0,1039.5
2515,105,2145,q4,0.23539469,6620.0,2560.0
2515,105,2145,q5,0.11769735,28450.0,11307.75
2515,105,2145,q6,0.13688614,148840.0,54600.0
2515,105,2145,q1+q2,0.27462714,346.0,252.0
2515,105,2145,q1+q3,0.31385959,1388.0,923.0
2515,105,2145,q1+q4,0.31385959,4428.0,2235.0
2515,105,2145,q1+q5,0.19616224,13332.0,7256.25
2515,105,2145,q1+q6,0.21535103,75500.0,35325.0
2515,105,2145,q2+q3,0.43155693,1050.0,641.25
2515,105,2145,q2+q4,0.43155693,2514.0,1740.0
2515,105,2145,q2+q5,0.31385959,794.0,393.0
2515,105,2145,q2+q6,0.33304838,907.0,402.0
2515,105,2145,q3+q4,0.47078938,3640.0,1680.0
2515,105,2145,q3+q5,0.35309204,3240.0,1384.0
2515,105,2145,q3+q6,0.37228083,3623.0,1429.0
2515,105,2145,q4+q5,0.35309204,9245.0,3640.0
2515,105,2145,q4+q6,0.37228083,10332.0,3650.0
2515,105,2145,q5+q6,0.25458348,68400.0,28366.6667
2515,105,2145,q1+q2+q3,0.51002183,848.0,424.0
2515,105,2145,q1+q2+q4,0.51002183,1119.0,458.75
2515,105,2145,q1+q2+q5,0.39232448,514.0,312.0
2515,105,2145,q1+q2+q6,0.41151327,635.0,319.0
2515,105,2145,q1+q3+q4,0.54925428,2700.0,1450.0
2515,105,2145,q1+q3+q5,0.43155693,2079.0,1175.0
2515,105,2145,q1+q3+q6,0.45074572,2322.0,1260.0
2515,105,2145,q1+q4+q5,0.43155693,7472.0,2862.0
2515,105,2145,q1+q4+q6,0.45074572,8240.0,2970.0
2515,105,2145,q1+q5+q6,0.33304838,39690.0,13332.0
2515,105,2145,q2+q3+q4,0.66695162,2079.0,1175.0
2515,105,2145,q2+q3+q5,0.54925428,1450.0,923.0
2515,105,2145,q2+q3+q6,0.56844307,1461.0,963.75
2515,105,2145,q2+q4+q5,0.54925428,4428.0,2235.0
2515,105,2145,q2+q4+q6,0.56844307,4624.0,2394.0
2515,105,2145,q2+q5+q6,0.45074572,15325.0,7987.5
2515,105,2145,q3+q4+q5,0.58848673,4428.0,2194.0
2515,105,2145,q3+q4+q6,0.60767552,4761.0,2214.0
2515,105,2145,q3+q5+q6,0.48997817,12225.0,6710.0
2515,105,2145,q4+q5+q6,0.48997817,14520.0,7112.5
2515,105,2145,q1+q2+q3+q4,0.74541652,1530.0,983.0
2515,105,2145,q1+q2+q3+q5,0.62771917,1240.0,734.0
2515,105,2145,q1+q2+q3+q6,0.64690796,1260.0,830.5
2515,105,2145,q1+q2+q4+q5,0.62771917,3040.0,2060.0
2515,105,2145,q1+q2+q4+q6,0.64690796,3640.0,2100.0
2515,105,2145,q1+q2+q5+q6,0.52921062,1426.0,480.0
2515,105,2145,q1+q3+q4+q5,0.66695162,3791.0,1868.0
2515,105,2145,q1+q3+q4+q6,0.68614041,3938.0,1961.3333
2515,105,2145,q1+q3+q5+q6,0.56844307,4208.0,1492.5
2515,105,2145,q1+q4+q5+q6,0.56844307,11280.0,4240.0
2515,105,2145,q2+q3+q4+q5,0.78464897,2700.0,1450.0
2515,105,2145,q2+q3+q4+q6,0.80383776,2768.0,1470.0
2515,105,2145,q2+q3+q5+q6,0.68614041,2322.0,1260.0
2515,105,2145,q2+q4+q5+q6,0.68614041,8240.0,2970.0
2515,105,2145,q3+q4+q5+q6,0.72537286,6824.0,2625.0
2515,105,2145,q1+q2+q3+q4+q5,0.86311386,2385.0,1276.0
2515,105,2145,q1+q2+q3+q4+q6,0.88230265,2460.0,1300.0
2515,105,2145,q1+q2+q3+q5+q6,0.76460531,1661.0,1005.0
2515,105,2145,q1+q2+q4+q5+q6,0.76460531,6012.0,2514.0
2515,105,2145,q1+q3+q4+q5+q6,0.80383776,5160.0,2400.0
2515,105,2145,q2+q3+q4+q5+q6,0.9215351,3938.0,1961.3333
2515,105,2145,q1+q2+q3+q4+q5+q6,1.0,3339.0,1624.8333
2515,105,2145,all,1.0,3339.0,1624.8333
2516,105,2146,q1,0.07844208,168.0,127.0
2516,105,2146,q2,0.1961052,536.0,311.5
2516,105,2146,q3,0.23532624,1985.0,990.0
2516,105,2146,q4,0.23532624,6624.0,2538.0
2516,105,2146,q5,0.11766312,28450.0,11175.0
2516,105,2146,q6,0.13713714,160200.0,52777.7778
2516,105,2146,q1+q2,0.27454727,430.0,262.0
2516,105,2146,q1+q3,0.31376831,1461.0,900.0
2516,105,2146,q1+q4,0.31376831,3940.0,2235.0
2516,105,2146,q1+q5,0.1961052,12825.0,7256.25
2516,105,2146,q1+q6,0.21557921,85623.0,31966.6667
2516,105,2146,q2+q3,0.43143143,1119.0,641.25
2516,105,2146,q2+q4,0.43143143,2514.0,1740.0
2516,105,2146,q2+q5,0.31376831,907.0,401.0
2516,105,2146,q2+q6,0.33324233,1089.0,427.4167
2516,105,2146,q3+q4,0.47065247,3488.0,1722.0
2516,105,2146,q3+q5,0.35298935,3294.0,1373.0
2516,105,2146,q3+q6,0.37246337,3690.0,1388.0
2516,105,2146,q4+q5,0.35298935,9115.0,3312.0
2516,105,2146,q4+q6,0.37246337,10260.0,3412.0
2516,105,2146,q5+q6,0.25480025,68800.0,27750.0
2516,105,2146,q1+q2+q3,0.50987351,923.0,430.0
2516,105,2146,q1+q2+q4,0.50987351,1240.0,466.0
2516,105,2146,q1+q2+q5,0.39221039,721.0,336.0
2516,105,2146,q1+q2+q6,0.41168441,738.0,360.5
2516,105,2146,q1+q3+q4,0.54909455,2720.0,1429.0
2516,105,2146,q1+q3+q5,0.43143143,2484.0,1050.0
2516,105,2146,q1+q3+q6,0.45090545,2565.0,1125.0
2516,105,2146,q1+q4+q5,0.43143143,7472.0,2655.0
2516,105,2146,q1+q4+q6,0.45090545,8240.0,2880.0
2516,105,2146,q1+q5+q6,0.33324233,40385.0,12937.5
2516,105,2146,q2+q3+q4,0.66675767,2214.0,1039.5
2516,105,2146,q2+q3+q5,0.54909455,1470.0,923.0
2516,105,2146,q2+q3+q6,0.56856857,1661.0,923.0
2516,105,2146,q2+q4+q5,0.54909455,3940.0,2235.0
2516,105,2146,q2+q4+q6,0.56856857,4428.0,2312.0
2516,105,2146,q2+q5+q6,0.45090545,15542.0,7800.0
2516,105,2146,q3+q4+q5,0.58831559,4343.0,2184.6667
2516,105,2146,q3+q4+q6,0.60778961,4428.0,2214.0
2516,105,2146,q3+q5+q6,0.49012649,11175.0,6615.0
2516,105,2146,q4+q5+q6,0.49012649,14112.0,6733.3333
2516,105,2146,q1+q2+q3+q4,0.74519975,1796.0,938.0
2516,105,2146,q1+q2+q3+q5,0.62753663,1258.0,711.0
2516,105,2146,q1+q2+q3+q6,0.64701065,1313.0,810.0
2516,105,2146,q1+q2+q4+q5,0.62753663,2720.0,2049.3333
2516,105,2146,q1+q2+q4+q6,0.64701065,3180.0,2096.8889
2516,105,2146,q1+q2+q5+q6,0.52934753,1426.0,480.0
2516,105,2146,q1+q3+q4+q5,0.66675767,3690.0,1845.0
2516,105,2146,q1+q3+q4+q6,0.68623169,3855.0,1904.0
2516,105,2146,q1+q3+q5+q6,0.56856857,4208.0,1470.0
2516,105,2146,q1+q4+q5+q6,0.56856857,11175.0,3827.5
2516,105,2146,q2+q3+q4+q5,0.78442079,2720.0,1429.0
2516,105,2146,q2+q3+q4+q6,0.8038948,2858.0,1469.0
2516,105,2146,q2+q3+q5+q6,0.68623169,2565.0,1125.0
2516,105,2146,q2+q4+q5+q6,0.68623169,7800.0,2880.0
2516,105,2146,q3+q4+q5+q6,0.72545273,6960.0,2600.0
2516,105,2146,q1+q2+q3+q4+q5,0.86286286,2484.0,1178.0
2516,105,2146,q1+q2+q3+q4+q6,0.88233688,2560.0,1263.6667
2516,105,2146,q1+q2+q3+q5+q6,0.76467376,1863.0,979.0
2516,105,2146,q1+q2+q4+q5+q6,0.76467376,5724.0,2514.0
2516,105,2146,q1+q3+q4+q5+q6,0.8038948,5040.0,2360.0
2516,105,2146,q2+q3+q4+q5+q6,0.92155792,3870.0,1904.0
2516,105,2146,q1+q2+q3+q4+q5+q6,1.0,3240.0,1635.0
2516,105,2146,all,1.0,3240.0,1635.0
2517,105,2147,q1,0.07844208,161.0,132.5
2517,105,2147,q2,0.1961052,458.0,277.0
2517,105,2147,q3,0.23532624,1530.0,1125.0
2517,105,2147,q4,0.23532624,6012.0,2560.0
2517,105,2147,q5,0.11766312,25875.0,12217.5
2517,105,2147,q6,0.13713714,112896.0,63630.0
2517,105,2147,q1+q2,0.27454727,315.0,252.0
2517,105,2147,q1+q3,0.31376831,1313.0,931.5
2517,105,2147,q1+q4,0.31376831,4240.0,2214.0
2517,105,2147,q1+q5,0.1961052,12825.0,7642.875
2517,105,2147,q1+q6,0.21557921,68800.0,42590.5
2517,105,2147,q2+q3,0.43143143,1044.0,641.25
2517,105,2147,q2+q4,0.43143143,2514.0,1740.0
2517,105,2147,q2+q5,0.31376831,794.0,401.0
2517,105,2147,q2+q6,0.33324233,878.0,427.4167
2517,105,2147,q3+q4,0.47065247,3294.0,1680.0
2517,105,2147,q3+q5,0.35298935,3083.0,1432.5
2517,105,2147,q3+q6,0.37246337,3488.0,1450.0
2517,105,2147,q4+q5,0.35298935,9245.0,3650.0
2517,105,2147,q4+q6,0.37246337,10500.0,3920.0
2517,105,2147,q5+q6,0.25480025,60600.0,30186.6667
2517,105,2147,q1+q2+q3,0.50987351,855.0,430.0
2517,105,2147,q1+q2+q4,0.50987351,1130.0,466.0
2517,105,2147,q1+q2+q5,0.39221039,466.0,301.0
2517,105,2147,q1+q2+q6,0.41168441,480.0,312.0
2517,105,2147,q1+q3+q4,0.54909455,2560.0,1450.0
2517,105,2147,q1+q3+q5,0.43143143,1780.0,1260.0
2517,105,2147,q1+q3+q6,0.45090545,1863.0,1300.0
2517,105,2147,q1+q4+q5,0.43143143,6960.0,2730.0
2517,105,2147,q1+q4+q6,0.45090545,8115.0,3006.0
2517,105,2147,q1+q5+q6,0.33324233,39168.0,14520.0
2517,105,2147,q2+q3+q4,0.66675767,1780.0,1260.0
2517,105,2147,q2+q3+q5,0.54909455,1388.0,938.0
2517,105,2147,q2+q3+q6,0.56856857,1450.0,977.2667
2517,105,2147,q2+q4+q5,0.54909455,4240.0,2214.0
2517,105,2147,q2+q4+q6,0.56856857,4428.0,2394.0
2517,105,2147,q2+q5+q6,0.45090545,14520.0,8602.0
2517,105,2147,q3+q4+q5,0.58831559,4410.0,2170.0
2517,105,2147,q3+q4+q6,0.60778961,4428.0,2214.0
2517,105,2147,q3+q5+q6,0.49012649,11175.0,6733.3333
2517,105,2147,q4+q5+q6,0.49012649,14520.0,7275.0
2517,105,2147,q1+q2+q3+q4,0.74519975,1450.0,984.5
2517,105,2147,q1+q2+q3+q5,0.62753663,1240.0,810.0
2517,105,2147,q1+q2+q3+q6,0.64701065,1267.0,855.0
2517,105,2147,q1+q2+q4+q5,0.62753663,2720.0,2095.0
2517,105,2147,q1+q2+q4+q6,0.64701065,3180.0,2110.0
2517,105,2147,q1+q2+q5+q6,0.52934753,1426.0,480.0
2517,105,2147,q1+q3+q4+q5,0.66675767,3690.0,1785.0
2517,105,2147,q1+q3+q4+q6,0.68623169,3906.0,1939.5
2517,105,2147,q1+q3+q5+q6,0.56856857,4208.0,1530.0
2517,105,2147,q1+q4+q5+q6,0.56856857,11175.0,4240.0
2517,105,2147,q2+q3+q4+q5,0.78442079,2560.0,1450.0
2517,105,2147,q2+q3+q4+q6,0.8038948,2600.0,1492.5
2517,105,2147,q2+q3+q5+q6,0.68623169,1985.0,1300.0
2517,105,2147,q2+q4+q5+q6,0.68623169,7800.0,3006.0
2517,105,2147,q3+q4+q5+q6,0.72545273,6620.0,2655.0
2517,105,2147,q1+q2+q3+q4+q5,0.86286286,2100.0,1300.0
2517,105,2147,q1+q2+q3+q4+q6,0.88233688,2214.0,1350.0
2517,105,2147,q1+q2+q3+q5+q6,0.76467376,1470.0,1050.0
2517,105,2147,q1+q2+q4+q5+q6,0.76467376,5076.0,2514.0
2517,105,2147,q1+q3+q4+q5+q6,0.8038948,5040.0,2400.0
2517,105,2147,q2+q3+q4+q5+q6,0.92155792,3906.0,1939.5
2517,105,2147,q1+q2+q3+q4+q5+q6,1.0,3120.0,1624.8333
2517,105,2147,all,1.0,3120.0,1624.8333
2518,105,2148,q1,0.07844208,160.0,134.0
2518,105,2148,q2,0.1961052,458.0,312.0
2518,105,2148,q3,0.23532624,1530.0,962.75
2518,105,2148,q4,0.23532624,5160.0,2470.0
2518,105,2148,q5,0.11766312,27675.0,11175.0
2518,105,2148,q6,0.13713714,130296.0,54675.0
2518,105,2148,q1+q2,0.27454727,360.0,277.0
2518,105,2148,q1+q3,0.31376831,1313.0,855.0
2518,105,2148,q1+q4,0.31376831,3780.0,2162.6667
2518,105,2148,q1+q5,0.1961052,12825.0,7793.3333
2518,105,2148,q1+q6,0.21557921,68800.0,42519.1667
2518,105,2148,q2+q3,0.43143143,968.0,641.25
2518,105,2148,q2+q4,0.43143143,2297.0,1727.0
2518,105,2148,q2+q5,0.31376831,804.0,422.0
2518,105,2148,q2+q6,0.33324233,979.0,458.0
2518,105,2148,q3+q4,0.47065247,3120.0,1655.0
2518,105,2148,q3+q5,0.35298935,3083.0,1313.0
2518,105,2148,q3+q6,0.37246337,3294.0,1313.0
2518,105,2148,q4+q5,0.35298935,8974.0,3006.0
2518,105,2148,q4+q6,0.37246337,9880.0,3040.0
2518,105,2148,q5+q6,0.25480025,60342.0,28224.0
2518,105,2148,q1+q2+q3,0.50987351,855.0,458.0
2518,105,2148,q1+q2+q4,0.50987351,1130.0,466.0
2518,105,2148,q1+q2+q5,0.39221039,480.0,327.0
2518,105,2148,q1+q2+q6,0.41168441,613.0,360.0
2518,105,2148,q1+q3+q4,0.54909455,2514.0,1373.0
2518,105,2148,q1+q3+q5,0.43143143,2045.0,1026.0
2518,105,2148,q1+q3+q6,0.45090545,2214.0,1050.0
2518,105,2148,q1+q4+q5,0.43143143,6540.0,2560.0
2518,105,2148,q1+q4+q6,0.45090545,6780.0,2600.0
2518,105,2148,q1+q5+q6,0.33324233,45231.0,15325.0
2518,105,2148,q2+q3+q4,0.66675767,2052.0,1026.0
2518,105,2148,q2+q3+q5,0.54909455,1350.0,855.0
2518,105,2148,q2+q3+q6,0.56856857,1426.0,898.0
2518,105,2148,q2+q4+q5,0.54909455,3780.0,2162.6667
2518,105,2148,q2+q4+q6,0.56856857,3960.0,2214.0
2518,105,2148,q2+q5+q6,0.45090545,15542.0,8633.5
2518,105,2148,q3+q4+q5,0.58831559,3940.0,2100.0
2518,105,2148,q3+q4+q6,0.60778961,4208.0,2160.0
2518,105,2148,q3+q5+q6,0.49012649,11175.0,6733.3333
2518,105,2148,q4+q5+q6,0.49012649,13332.0,6918.75
2518,105,2148,q1+q2+q3+q4,0.74519975,1440.0,923.0
2518,105,2148,q1+q2+q3+q5,0.62753663,1119.0,770.75
2518,105,2148,q1+q2+q3+q6,0.64701065,1178.0,810.0
2518,105,2148,q1+q2+q4+q5,0.62753663,2560.0,1904.0
2518,105,2148,q1+q2+q4+q6,0.64701065,2720.0,2049.3333
2518,105,2148,q1+q2+q5+q6,0.52934753,1426.0,480.0
2518,105,2148,q1+q3+q4+q5,0.66675767,3488.0,1767.0
2518,105,2148,q1+q3+q4+q6,0.68623169,3650.0,1890.0
2518,105,2148,q1+q3+q5+q6,0.56856857,3938.0,1433.0
2518,105,2148,q1+q4+q5+q6,0.56856857,10920.0,3827.5
2518,105,2148,q2+q3+q4+q5,0.78442079,2514.0,1373.0
2518,105,2148,q2+q3+q4+q6,0.8038948,2560.0,1432.5
2518,105,2148,q2+q3+q5+q6,0.68623169,2214.0,1050.0
2518,105,2148,q2+q4+q5+q6,0.68623169,6780.0,2600.0
2518,105,2148,q3+q4+q5+q6,0.72545273,6012.0,2514.0
2518,105,2148,q1+q2+q3+q4+q5,0.86286286,2160.0,1125.0
2518,105,2148,q1+q2+q3+q4+q6,0.88233688,2214.0,1260.0
2518,105,2148,q1+q2+q3+q5+q6,0.76467376,1470.0,931.5
2518,105,2148,q1+q2+q4+q5+q6,0.76467376,4788.0,2400.0
2518,105,2148,q1+q3+q4+q5+q6,0.8038948,4624.0,2214.0
2518,105,2148,q2+q3+q4+q5+q6,0.92155792,3650.0,1890.0
2518,105,2148,q1+q2+q3+q4+q5+q6,1.0,3040.0,1530.0
2518,105,2148,all,1.0,3040.0,1530.0
2519,105,2149,q1,0.07844208,160.0,138.0
2519,105,2149,q2,0.1961052,462.0,306.5
2519,105,2149,q3,0.23532624,1767.0,968.0
2519,105,2149,q4,0.23532624,5040.0,2460.0
2519,105,2149,q5,0.11766312,29025.0,10631.25
2519,105,2149,q6,0.13713714,143100.0,52500.0
2519,105,2149,q1+q2,0.27454727,360.0,262.0
2519,105,2149,q1+q3,0.31376831,1350.0,923.0
2519,105,2149,q1+q4,0.31376831,3454.0,2184.6667
2519,105,2149,q1+q5,0.1961052,12400.0,6971.25
2519,105,2149,q1+q6,0.21557921,85623.0,35325.0
2519,105,2149,q2+q3,0.43143143,983.0,579.5
2519,105,2149,q2+q4,0.43143143,2514.0,1573.0
2519,105,2149,q2+q5,0.31376831,878.0,403.0
2519,105,2149,q2+q6,0.33324233,1044.0,445.0
2519,105,2149,q3+q4,0.47065247,3173.0,1492.5
2519,105,2149,q3+q5,0.35298935,3294.0,1276.0
2519,105,2149,q3+q6,0.37246337,3600.0,1350.0
2519,105,2149,q4+q5,0.35298935,9115.0,2862.0
2519,105,2149,q4+q6,0.37246337,10542.0,3040.0
2519,105,2149,q5+q6,0.25480025,68800.0,25493.3333
2519,105,2149,q1+q2+q3,0.50987351,907.0,445.0
2519,105,2149,q1+q2+q4,0.50987351,1258.0,466.0
2519,105,2149,q1+q2+q5,0.39221039,483.0,316.75
2519,105,2149,q1+q2+q6,0.41168441,619.0,352.75
2519,105,2149,q1+q3+q4,0.54909455,2600.0,1350.0
2519,105,2149,q1+q3+q5,0.43143143,2079.0,1026.0
2519,105,2149,q1+q3+q6,0.45090545,2363.0,1050.0
2519,105,2149,q1+q4+q5,0.43143143,6960.0,2560.0
2519,105,2149,q1+q4+q6,0.45090545,7655.0,2655.0
2519,105,2149,q1+q5+q6,0.33324233,42525.0,12600.0
2519,105,2149,q2+q3+q4,0.66675767,2100.0,990.0
2519,105,2149,q2+q3+q5,0.54909455,1426.0,923.0
2519,105,2149,q2+q3+q6,0.56856857,1452.0,931.5
2519,105,2149,q2+q4+q5,0.54909455,3454.0,2184.6667
2519,105,2149,q2+q4+q6,0.56856857,3920.0,2214.0
2519,105,2149,q2+q5+q6,0.45090545,12825.0,7793.3333
2519,105,2149,q3+q4+q5,0.58831559,3938.0,2096.8333
2519,105,2149,q3+q4+q6,0.60778961,4208.0,2160.0
2519,105,2149,q3+q5+q6,0.49012649,11175.0,6457.5
2519,105,2149,q4+q5+q6,0.49012649,13000.0,6615.0
2519,105,2149,q1+q2+q3+q4,0.74519975,1470.0,931.5
2519,105,2149,q1+q2+q3+q5,0.62753663,1175.0,713.0
2519,105,2149,q1+q2+q3+q6,0.64701065,1260.0,810.0
2519,105,2149,q1+q2+q4+q5,0.62753663,2720.0,1742.2222
2519,105,2149,q1+q2+q4+q6,0.64701065,2720.0,1890.0
2519,105,2149,q1+q2+q5+q6,0.52934753,1433.0,522.5
2519,105,2149,q1+q3+q4+q5,0.66675767,3294.0,1673.5
2519,105,2149,q1+q3+q4+q6,0.68623169,3600.0,1740.0
2519,105,2149,q1+q3+q5+q6,0.56856857,4118.0,1450.0
2519,105,2149,q1+q4+q5+q6,0.56856857,11280.0,3650.0
2519,105,2149,q2+q3+q4+q5,0.78442079,2600.0,1350.0
2519,105,2149,q2+q3+q4+q6,0.8038948,2720.0,1384.0
2519,105,2149,q2+q3+q5+q6,0.68623169,2363.0,1050.0
2519,105,2149,q2+q4+q5+q6,0.68623169,7655.0,2655.0
2519,105,2149,q3+q4+q5+q6,0.72545273,6554.0,2520.0
2519,105,2149,q1+q2+q3+q4+q5,0.86286286,2363.0,1050.0
2519,105,2149,q1+q2+q3+q4+q6,0.88233688,2400.0,1175.0
2519,105,2149,q1+q2+q3+q5+q6,0.76467376,1661.0,968.0
2519,105,2149,q1+q2+q4+q5+q6,0.76467376,4428.0,2400.0
2519,105,2149,q1+q3+q4+q5+q6,0.8038948,4428.0,2214.0
2519,105,2149,q2+q3+q4+q5+q6,0.92155792,3600.0,1740.0
2519,105,2149,q1+q2+q3+q4+q5+q6,1.0,2858.0,1469.0
2519,105,2149,all,1.0,2858.0,1469.0
2520,105,2150,q1,0.07844208,168.0,137.0
2520,105,2150,q2,0.1961052,466.0,312.0
2520,105,2150,q3,0.23532624,1530.0,1005.0
2520,105,2150,q4,0.23532624,4788.0,2460.0
2520,105,2150,q5,0.11766312,25875.0,10096.25
2520,105,2150,q6,0.13713714,122600.0,54600.0
2520,105,2150,q1+q2,0.27454727,401.0,269.0
2520,105,2150,q1+q3,0.31376831,1178.0,923.0
2520,105,2150,q1+q4,0.31376831,3640.0,2207.5
2520,105,2150,q1+q5,0.1961052,12400.0,7642.875
2520,105,2150,q1+q6,0.21557921,68800.0,40050.0
2520,105,2150,q2+q3,0.43143143,979.0,645.8333
2520,105,2150,q2+q4,0.43143143,2460.0,1722.0
2520,105,2150,q2+q5,0.31376831,878.0,445.0
2520,105,2150,q2+q6,0.33324233,1044.0,466.0
2520,105,2150,q3+q4,0.47065247,3040.0,1651.0
2520,105,2150,q3+q5,0.35298935,2588.0,1300.0
2520,105,2150,q3+q6,0.37246337,3285.0,1384.0
2520,105,2150,q4+q5,0.35298935,8830.0,3040.0
2520,105,2150,q4+q6,0.37246337,10080.0,3120.0
2520,105,2150,q5+q6,0.25480025,61143.0,28224.0
2520,105,2150,q1+q2+q3,0.50987351,855.0,466.0
2520,105,2150,q1+q2+q4,0.50987351,1210.0,475.0
2520,105,2150,q1+q2+q5,0.39221039,613.0,336.5
2520,105,2150,q1+q2+q6,0.41168441,661.0,367.0
2520,105,2150,q1+q3+q4,0.54909455,2514.0,1388.0
2520,105,2150,q1+q3+q5,0.43143143,1796.0,1050.0
2520,105,2150,q1+q3+q6,0.45090545,2052.0,1125.0
2520,105,2150,q1+q4+q5,0.43143143,6620.0,2565.0
2520,105,2150,q1+q4+q6,0.45090545,7140.0,2625.0
2520,105,2150,q1+q5+q6,0.33324233,41850.0,12825.0
2520,105,2150,q2+q3+q4,0.66675767,1863.0,1029.0
2520,105,2150,q2+q3+q5,0.54909455,1373.0,923.0
2520,105,2150,q2+q3+q6,0.56856857,1411.0,923.0
2520,105,2150,q2+q4+q5,0.54909455,3640.0,2207.5
2520,105,2150,q2+q4+q6,0.56856857,3920.0,2235.0
2520,105,2150,q2+q5+q6,0.45090545,12825.0,7987.5
2520,105,2150,q3+q4+q5,0.58831559,3920.0,2100.0
2520,105,2150,q3+q4+q6,0.60778961,3960.0,2160.0
2520,105,2150,q3+q5+q6,0.49012649,9245.0,6710.0
2520,105,2150,q4+q5+q6,0.49012649,12825.0,6918.75
2520,105,2150,q1+q2+q3+q4,0.74519975,1440.0,938.0
2520,105,2150,q1+q2+q3+q5,0.62753663,1050.0,810.0
2520,105,2150,q1+q2+q3+q6,0.64701065,1166.0,830.5
2520,105,2150,q1+q2+q4+q5,0.62753663,2600.0,1890.0
2520,105,2150,q1+q2+q4+q6,0.64701065,3040.0,2049.3333
2520,105,2150,q1+q2+q5+q6,0.52934753,1426.0,734.0
2520,105,2150,q1+q3+q4+q5,0.66675767,3180.0,1742.2222
2520,105,2150,q1+q3+q4+q6,0.68623169,3454.0,1785.0
2520,105,2150,q1+q3+q5+q6,0.56856857,3906.0,1461.0
2520,105,2150,q1+q4+q5+q6,0.56856857,10542.0,3827.5
2520,105,2150,q2+q3+q4+q5,0.78442079,2514.0,1388.0
2520,105,2150,q2+q3+q4+q6,0.8038948,2560.0,1433.0
2520,105,2150,q2+q3+q5+q6,0.68623169,2052.0,1125.0
2520,105,2150,q2+q4+q5+q6,0.68623169,7140.0,2625.0
2520,105,2150,q3+q4+q5+q6,0.72545273,6258.0,2538.0
2520,105,2150,q1+q2+q3+q4+q5,0.86286286,2133.0,1175.0
2520,105,2150,q1+q2+q3+q4+q6,0.88233688,2214.0,1242.0
2520,105,2150,q1+q2+q3+q5+q6,0.76467376,1470.0,979.0
2520,105,2150,q1+q2+q4+q5+q6,0.76467376,4428.0,2400.0
2520,105,2150,q1+q3+q4+q5+q6,0.8038948,4428.0,2243.5
2520,105,2150,q2+q3+q4+q5+q6,0.92155792,3454.0,1785.0
2520,105,2150,q1+q2+q3+q4+q5+q6,1.0,2720.0,1587.0
2520,105,2150,all,1.0,2720.0,1587.0
2601,106,2051,q1,0.01030928,168.0,138.0
2601,106,2051,q2,0.10309278,458.0,312.0
2601,106,2051,q3,0.20618557,1461.0,968.0
2601,106,2051,q4,0.24742268,6152.0,2460.0
2601,106,2051,q5,0.22680412,25875.0,11175.0
2601,106,2051,q6,0.20618557,120600.0,54675.0
2601,106,2051,q1+q2,0.11340206,445.0,301.0
2601,106,2051,q1+q3,0.21649485,1433.0,938.0
2601,106,2051,q1+q4,0.25773196,5724.0,2451.5556
2601,106,2051,q1+q5,0.2371134,24435.0,10631.25
2601,106,2051,q1+q6,0.21649485,112500.0,54675.0
2601,106,2051,q2+q3,0.30927835,1005.0,855.0
2601,106,2051,q2+q4,0.35051546,3780.0,2110.0
2601,106,2051,q2+q5,0.32989691,14520.0,8800.0
2601,106,2051,q2+q6,0.30927835,68400.0,45000.0
2601,106,2051,q3+q4,0.45360825,3180.0,1727.0
2601,106,2051,q3+q5,0.43298969,9245.0,6393.3333
2601,106,2051,q3+q6,0.41237113,14659.0,6710.0
2601,106,2051,q4+q5,0.4742268,11880.0,4560.0
2601,106,2051,q4+q6,0.45360825,12976.0,3940.0
2601,106,2051,q5+q6,0.43298969,54600.0,22562.5
2601,106,2051,q1+q2+q3,0.31958763,983.0,830.5
2601,106,2051,q1+q2+q4,0.36082474,3640.0,2100.0
2601,106,2051,q1+q2+q5,0.34020619,13332.0,8622.5
2601,106,2051,q1+q2+q6,0.31958763,68100.0,43875.0
2601,106,2051,q1+q3+q4,0.46391753,3120.0,1680.0
2601,106,2051,q1+q3+q5,0.44329897,7800.0,6085.1667
2601,106,2051,q1+q3+q6,0.42268041,5261.0,1767.0
2601,106,2051,q1+q4+q5,0.48453608,11760.0,4166.6667
2601,106,2051,q1+q4+q6,0.46391753,12045.0,3920.0
2601,106,2051,q1+q5+q6,0.44329897,54300.0,21840.0
2601,106,2051,q2+q3+q4,0.55670103,2514.0,1350.0
2601,106,2051,q2+q3+q5,0.53608247,3173.0,1313.0
2601,106,2051,q2+q3+q6,0.51546392,2565.0,1263.6667
2601,106,2051,q2+q4+q5,0.57731959,9245.0,3006.0
2601,106,2051,q2+q4+q6,0.55670103,9115.0,2880.0
2601,106,2051,q2+q5+q6,0.53608247,39168.0,12937.5
2601,106,2051,q3+q4+q5,0.68041237,6620.0,2520.0
2601,106,2051,q3+q4+q6,0.65979381,6152.0,2470.0
2601,106,2051,q3+q5+q6,0.63917526,25875.0,11175.0
2601,106,2051,q4+q5+q6,0.68041237,21000.0,9922.5
2601,106,2051,q1+q2+q3+q4,0.56701031,2460.0,1313.0
2601,106,2051,q1+q2+q3+q5,0.54639175,2700.0,1294.0
2601,106,2051,q1+q2+q3+q6,0.5257732,2541.0,1242.0
2601,106,2051,q1+q2+q4+q5,0.58762887,8976.0,2985.0
2601,106,2051,q1+q2+q4+q6,0.56701031,8940.0,2862.0
2601,106,2051,q1+q2+q5+q6,0.54639175,38745.0,12825.0
2601,106,2051,q1+q3+q4+q5,0.69072165,6540.0,2514.0
2601,106,2051,q1+q3+q4+q6,0.67010309,6012.0,2460.0
2601,106,2051,q1+q3+q5+q6,0.64948454,24435.0,10631.25
2601,106,2051,q1+q4+q5+q6,0.69072165,19845.0,9800.0
2601,106,2051,q2+q3+q4+q5,0.78350515,4428.0,2184.6667
2601,106,2051,q2+q3+q4+q6,0.7628866,4316.0,2121.7778
2601,106,2051,q2+q3+q5+q6,0.74226804,14520.0,8800.0
2601,106,2051,q2+q4+q5+q6,0.78350515,13332.0,7800.0
2601,106,2051,q3+q4+q5+q6,0.88659794,11880.0,4560.0
2601,106,2051,q1+q2+q3+q4+q5,0.79381443,4428.0,2160.0
2601,106,2051,q1+q2+q3+q4+q6,0.77319588,3960.0,2100.0
2601,106,2051,q1+q2+q3+q5+q6,0.75257732,13332.0,8622.5
2601,106,2051,q1+q2+q4+q5+q6,0.79381443,13332.0,7800.0
2601,106,2051,q1+q3+q4+q5+q6,0.89690722,11760.0,4166.6667
2601,106,2051,q2+q3+q4+q5+q6,0.98969072,9245.0,3006.0
2601,106,2051,q1+q2+q3+q4+q5+q6,1.0,8976.0,3000.0
2601,106,2051,all,1.0,8976.0,3000.0
4401,104,2031,q1,0.08081539,160.0,134.0
4401,104,2031,q2,0.18183462,458.0,301.0
4401,104,2031,q3,0.34346539,1661.0,992.5
4401,104,2031,q4,0.24244616,5724.0,2514.0
4401,104,2031,q5,0.10101923,27675.0,11175.0
4401,104,2031,q6,0.05041921,141300.0,54600.0
4401,104,2031,q1+q2,0.26265001,346.0,252.0
4401,104,2031,q1+q3,0.42428078,1388.0,923.0
4401,104,2031,q1+q4,0.32326155,3920.0,2214.0
4401,104,2031,q1+q5,0.18183462,12225.0,6862.5
4401,104,2031,q1+q6,0.1312346,299.0,173.0
4401,104,2031,q2+q3,0.52530001,1246.0,840.0
4401,104,2031,q2+q4,0.42428078,2560.0,1785.0
4401,104,2031,q2+q5,0.28285385,804.0,402.0
4401,104,2031,q2+q6,0.23225383,613.0,330.5
4401,104,2031,q3+q4,0.58591155,2720.0,1433.0
4401,104,2031,q3+q5,0.44448462,2322.0,1178.0
4401,104,2031,q3+q6,0.3938846,2045.0,1050.0
4401,104,2031,q4+q5,0.34346539,8700.0,3006.0
4401,104,2031,q4+q6,0.29286537,7380.0,2655.0
4401,104,2031,q5+q6,0.15143844,42525.0,13304.1667
4401,104,2031,q1+q2+q3,0.6061154,983.0,653.8889
4401,104,2031,q1+q2+q4,0.50509616,1426.0,522.5
4401,104,2031,q1+q2+q5,0.36366924,475.0,312.0
4401,104,2031,q1+q2+q6,0.31306922,441.0,290.4
4401,104,2031,q1+q3+q4,0.66672694,2484.0,1300.0
4401,104,2031,q1+q3+q5,0.52530001,1780.0,1026.0
4401,104,2031,q1+q3+q6,0.47469999,1530.0,968.0
4401,104,2031,q1+q4+q5,0.42428078,6554.0,2560.0
4401,104,2031,q1+q4+q6,0.37368076,4624.0,2400.0
4401,104,2031,q1+q5+q6,0.23225383,16200.0,9210.25
4401,104,2031,q2+q3+q4,0.76774617,2052.0,1050.0
4401,104,2031,q2+q3+q5,0.62631924,1440.0,931.5
4401,104,2031,q2+q3+q6,0.57571922,1350.0,900.0
4401,104,2031,q2+q4+q5,0.52530001,3920.0,2214.0
4401,104,2031,q2+q4+q6,0.47469999,3120.0,2096.8889
4401,104,2031,q2+q5+q6,0.33327306,1246.0,473.0
4401,104,2031,q3+q4+q5,0.68693078,3623.0,1661.0
4401,104,2031,q3+q4+q6,0.63633076,3180.0,1492.5
4401,104,2031,q3+q5+q6,0.49490384,2768.0,1300.0
4401,104,2031,q4+q5+q6,0.3938846,10260.0,3640.0
4401,104,2031,q1+q2+q3+q4,0.84856156,1651.0,977.2667
4401,104,2031,q1+q2+q3+q5,0.70713463,1300.0,855.0
4401,104,2031,q1+q2+q3+q6,0.65653461,1125.0,774.0
4401,104,2031,q1+q2+q4+q5,0.6061154,2720.0,1890.0
4401,104,2031,q1+q2+q4+q6,0.55551538,2400.0,1656.375
4401,104,2031,q1+q2+q5+q6,0.41408845,721.0,363.0
4401,104,2031,q1+q3+q4+q5,0.76774617,3040.0,1450.0
4401,104,2031,q1+q3+q4+q6,0.71714615,2600.0,1384.0
4401,104,2031,q1+q3+q5+q6,0.57571922,2079.0,1085.75
4401,104,2031,q1+q4+q5+q6,0.47469999,7800.0,2730.0
4401,104,2031,q2+q3+q4+q5,0.8687654,2484.0,1300.0
4401,104,2031,q2+q3+q4+q6,0.81816538,2297.0,1178.0
4401,104,2031,q2+q3+q5+q6,0.67673845,1530.0,977.2667
4401,104,2031,q2+q4+q5+q6,0.57571922,4624.0,2400.0
4401,104,2031,q3+q4+q5+q6,0.73734999,3870.0,1845.0
4401,104,2031,q1+q2+q3+q4+q5,0.94958079,2100.0,1085.75
4401,104,2031,q1+q2+q3+q4+q6,0.89898077,1863.0,1026.0
4401,104,2031,q1+q2+q3+q5+q6,0.75755384,1388.0,923.0
4401,104,2031,q1+q2+q4+q5+q6,0.65653461,3640.0,2160.0
4401,104,2031,q1+q3+q4+q5+q6,0.81816538,3294.0,1573.0
4401,104,2031,q2+q3+q4+q5+q6,0.91918461,2600.0,1384.0
4401,104,2031,q1+q2+q3+q4+q5+q6,1.0,2385.0,1260.0
4401,104,2031,all,1.0,2385.0,1260.0
4402,104,2032,q1,0.08081173,168.0,137.0
4402,104,2032,q2,0.1818264,462.0,295.0
4402,104,2032,q3,0.34344987,1661.0,963.75
4402,104,2032,q4,0.2424352,4428.0,2460.0
4402,104,2032,q5,0.10101467,24969.0,10631.25
4402,104,2032,q6,0.05046213,148840.0,68100.0
4402,104,2032,q1+q2,0.26263813,315.0,257.0
4402,104,2032,q1+q3,0.4242616,1373.0,923.0
4402,104,2032,q1+q4,0.32324693,3454.0,2214.0
4402,104,2032,q1+q5,0.1818264,9245.0,6457.5
4402,104,2032,q1+q6,0.13127387,276.0,172.0
4402,104,2032,q2+q3,0.52527627,1175.0,830.5
4402,104,2032,q2+q4,0.4242616,2514.0,1742.2222
4402,104,2032,q2+q5,0.28284107,806.0,402.0
4402,104,2032,q2+q6,0.23228853,635.0,315.0
4402,104,2032,q3+q4,0.58588507,2560.0,1429.0
4402,104,2032,q3+q5,0.44446453,2214.0,1085.75
4402,104,2032,q3+q6,0.393912,1780.0,1026.0
4402,104,2032,q4+q5,0.34344987,8115.0,2600.0
4402,104,2032,q4+q6,0.29289733,6554.0,2520.0
4402,104,2032,q5+q6,0.1514768,38745.0,13056.0
4402,104,2032,q1+q2+q3,0.606088,938.0,641.25
4402,104,2032,q1+q2+q4,0.50507333,1426.0,553.0
4402,104,2032,q1+q2+q5,0.3636528,486.0,302.5
4402,104,2032,q1+q2+q6,0.31310027,430.0,293.0
4402,104,2032,q1+q3+q4,0.6666968,2400.0,1260.0
4402,104,2032,q1+q3+q5,0.52527627,1661.0,983.0
4402,104,2032,q1+q3+q6,0.47472373,1470.0,923.0
4402,104,2032,q1+q4+q5,0.4242616,4828.0,2514.0
4402,104,2032,q1+q4+q6,0.37370907,4428.0,2394.0
4402,104,2032,q1+q5+q6,0.23228853,15345.0,9210.25
4402,104,2032,q2+q3+q4,0.76771147,1863.0,1026.0
4402,104,2032,q2+q3+q5,0.62629093,1426.0,923.0
4402,104,2032,q2+q3+q6,0.5757384,1300.0,887.75
4402,104,2032,q2+q4+q5,0.52527627,3454.0,2214.0
4402,104,2032,q2+q4+q6,0.47472373,2600.0,2096.8889
4402,104,2032,q2+q5+q6,0.3333032,1274.0,473.0
4402,104,2032,q3+q4+q5,0.68689973,3339.0,1680.0
4402,104,2032,q3+q4+q6,0.6363472,2720.0,1530.0
4402,104,2032,q3+q5+q6,0.49492667,2565.0,1260.0
4402,104,2032,q4+q5+q6,0.393912,9245.0,3040.0
4402,104,2032,q1+q2+q3+q4,0.8485232,1661.0,931.5
4402,104,2032,q1+q2+q3+q5,0.70710267,1210.0,830.5
4402,104,2032,q1+q2+q3+q6,0.65655013,1050.0,734.0
4402,104,2032,q1+q2+q4+q5,0.606088,2514.0,1890.0
4402,104,2032,q1+q2+q4+q6,0.55553547,2400.0,1680.0
4402,104,2032,q1+q2+q5+q6,0.41411493,721.0,358.25
4402,104,2032,q1+q3+q4+q5,0.76771147,2565.0,1461.0
4402,104,2032,q1+q3+q4+q6,0.71715893,2514.0,1373.0
4402,104,2032,q1+q3+q5+q6,0.5757384,2045.0,1039.5
4402,104,2032,q1+q4+q5+q6,0.47472373,7380.0,2560.0
4402,104,2032,q2+q3+q4+q5,0.86872613,2400.0,1260.0
4402,104,2032,q2+q3+q4+q6,0.8181736,2214.0,1125.0
4402,104,2032,q2+q3+q5+q6,0.67675307,1530.0,923.0
4402,104,2032,q2+q4+q5+q6,0.5757384,4428.0,2394.0
4402,104,2032,q3+q4+q5+q6,0.73736187,3780.0,1780.0
4402,104,2032,q1+q2+q3+q4+q5,0.94953787,2079.0,1050.0
4402,104,2032,q1+q2+q3+q4+q6,0.89898533,1767.0,983.0
4402,104,2032,q1+q2+q3+q5+q6,0.7575648,1373.0,923.0
4402,104,2032,q1+q2+q4+q5+q6,0.65655013,2720.0,2160.0
4402,104,2032,q1+q3+q4+q5+q6,0.8181736,3040.0,1624.8333
4402,104,2032,q2+q3+q4+q5+q6,0.91918827,2514.0,1373.0
4402,104,2032,q1+q2+q3+q4+q5+q6,1.0,2214.0,1178.0
4402,104,2032,all,1.0,2214.0,1178.0
4403,104,2033,q1,0.0808114,168.0,138.0
4403,104,2033,q2,0.18182565,466.0,312.0
4403,104,2033,q3,0.34344846,1661.0,990.0
4403,104,2033,q4,0.2424342,5040.0,2514.0
4403,104,2033,q5,0.10101425,29500.0,10057.0
4403,104,2033,q6,0.05046603,143100.0,54300.0
4403,104,2033,q1+q2,0.26263705,388.0,262.0
4403,104,2033,q1+q3,0.42425986,1388.0,931.5
4403,104,2033,q1+q4,0.32324561,3454.0,2207.5
4403,104,2033,q1+q5,0.18182565,11175.0,6615.0
4403,104,2033,q1+q6,0.13127744,277.0,178.0
4403,104,2033,q2+q3,0.52527411,1260.0,830.5
4403,104,2033,q2+q4,0.42425986,2600.0,1727.0
4403,104,2033,q2+q5,0.2828399,886.0,422.0
4403,104,2033,q2+q6,0.23229169,718.0,367.0
4403,104,2033,q3+q4,0.58588266,2720.0,1388.0
4403,104,2033,q3+q5,0.44446271,2385.0,1175.0
4403,104,2033,q3+q6,0.39391449,2052.0,1029.5
4403,104,2033,q4+q5,0.34344846,8940.0,2880.0
4403,104,2033,q4+q6,0.29290024,7472.0,2625.0
4403,104,2033,q5+q6,0.15148029,42525.0,12600.0
4403,104,2033,q1+q2+q3,0.60608551,1005.0,641.25
4403,104,2033,q1+q2+q4,0.50507126,1433.0,713.0
4403,104,2033,q1+q2+q5,0.36365131,532.0,317.5
4403,104,2033,q1+q2+q6,0.31310309,462.0,301.0
4403,104,2033,q1+q3+q4,0.66669406,2541.0,1260.0
4403,104,2033,q1+q3+q5,0.52527411,1780.0,1005.0
4403,104,2033,q1+q3+q6,0.47472589,1470.0,968.0
4403,104,2033,q1+q4+q5,0.42425986,6554.0,2560.0
4403,104,2033,q1+q4+q6,0.37371164,4240.0,2400.0
4403,104,2033,q1+q5+q6,0.23229169,16200.0,8622.5
4403,104,2033,q2+q3+q4,0.76770831,2100.0,1026.0
4403,104,2033,q2+q3+q5,0.62628836,1450.0,938.0
4403,104,2033,q2+q3+q6,0.57574014,1388.0,923.0
4403,104,2033,q2+q4+q5,0.52527411,3454.0,2207.5
4403,104,2033,q2+q4+q6,0.47472589,3040.0,2049.3333
4403,104,2033,q2+q5+q6,0.33330594,1426.0,480.0
4403,104,2033,q3+q4+q5,0.68689691,3454.0,1651.0
4403,104,2033,q3+q4+q6,0.63634869,3173.0,1470.0
4403,104,2033,q3+q5+q6,0.49492874,3173.0,1263.6667
4403,104,2033,q4+q5+q6,0.39391449,10542.0,3120.0
4403,104,2033,q1+q2+q3+q4,0.84851971,1661.0,968.0
4403,104,2033,q1+q2+q3+q5,0.70709976,1346.0,872.0
4403,104,2033,q1+q2+q3+q6,0.65655154,1175.0,810.0
4403,104,2033,q1+q2+q4+q5,0.60608551,2720.0,1785.0
4403,104,2033,q1+q2+q4+q6,0.55553729,2460.0,1573.0
4403,104,2033,q1+q2+q5+q6,0.41411734,804.0,401.0
4403,104,2033,q1+q3+q4+q5,0.76770831,3040.0,1433.0
4403,104,2033,q1+q3+q4+q6,0.7171601,2700.0,1373.0
4403,104,2033,q1+q3+q5+q6,0.57574014,2214.0,1052.0
4403,104,2033,q1+q4+q5+q6,0.47472589,7800.0,2720.0
4403,104,2033,q2+q3+q4+q5,0.86872256,2552.0,1260.0
4403,104,2033,q2+q3+q4+q6,0.81817435,2363.0,1125.0
4403,104,2033,q2+q3+q5+q6,0.67675439,1530.0,968.0
4403,104,2033,q2+q4+q5+q6,0.57574014,4428.0,2400.0
4403,104,2033,q3+q4+q5+q6,0.73736295,3851.0,1742.2222
4403,104,2033,q1+q2+q3+q4+q5,0.94953397,2160.0,1050.0
4403,104,2033,q1+q2+q3+q4+q6,0.89898575,2016.0,1005.0
4403,104,2033,q1+q2+q3+q5+q6,0.7575658,1388.0,923.0
4403,104,2033,q1+q2+q4+q5+q6,0.65655154,3120.0,2100.0
4403,104,2033,q1+q3+q4+q5+q6,0.81817435,3180.0,1470.0
4403,104,2033,q2+q3+q4+q5+q6,0.9191886,2700.0,1373.0
4403,104,2033,q1+q2+q3+q4+q5+q6,1.0,2400.0,1178.0
4403,104,2033,all,1.0,2400.0,1178.0
4404,104,2034,q1,0.08081156,161.0,138.0
4404,104,2034,q2,0.18182601,446.0,312.0
4404,104,2034,q3,0.34344913,1461.0,955.5
4404,104,2034,q4,0.24243468,5040.0,2460.0
4404,104,2034,q5,0.10101445,25875.0,11307.75
4404,104,2034,q6,0.05046418,127260.0,54675.0
4404,104,2034,q1+q2,0.26263757,346.0,262.0
4404,104,2034,q1+q3,0.42426069,1313.0,923.0
4404,104,2034,q1+q4,0.32324624,3780.0,2160.0
4404,104,2034,q1+q5,0.18182601,12225.0,7112.5
4404,104,2034,q1+q6,0.13127574,308.0,173.0
4404,104,2034,q2+q3,0.52527514,1050.0,823.5
4404,104,2034,q2+q4,0.42426069,2400.0,1845.0
4404,104,2034,q2+q5,0.28284046,734.0,422.0
4404,104,2034,q2+q6,0.23229019,480.0,360.0
4404,104,2034,q3+q4,0.58588381,2560.0,1373.0
4404,104,2034,q3+q5,0.44446358,2214.0,1052.0
4404,104,2034,q3+q6,0.3939133,1780.0,992.5
4404,104,2034,q4+q5,0.34344913,7655.0,2862.0
4404,104,2034,q4+q6,0.29289885,6012.0,2538.0
4404,104,2034,q5+q6,0.15147863,42975.0,14850.0
4404,104,2034,q1+q2+q3,0.6060867,923.0,641.25
4404,104,2034,q1+q2+q4,0.50507225,1375.0,480.0
4404,104,2034,q1+q2+q5,0.36365202,466.0,318.5
4404,104,2034,q1+q2+q6,0.31310174,422.0,295.0
4404,104,2034,q1+q3+q4,0.66669537,2214.0,1260.0
4404,104,2034,q1+q3+q5,0.52527514,1530.0,983.0
4404,104,2034,q1+q3+q6,0.47472486,1388.0,938.0
4404,104,2034,q1+q4+q5,0.42426069,5160.0,2514.0
4404,104,2034,q1+q4+q6,0.37371041,4428.0,2244.0
4404,104,2034,q1+q5+q6,0.23229019,16200.0,9922.5
4404,104,2034,q2+q3+q4,0.76770981,1863.0,1005.0
4404,104,2034,q2+q3+q5,0.62628959,1350.0,923.0
4404,104,2034,q2+q3+q6,0.57573931,1258.0,855.0
4404,104,2034,q2+q4+q5,0.52527514,3780.0,2160.0
4404,104,2034,q2+q4+q6,0.47472486,2720.0,2096.8333
4404,104,2034,q2+q5+q6,0.33330463,1166.0,475.0
4404,104,2034,q3+q4+q5,0.68689826,3294.0,1661.0
4404,104,2034,q3+q4+q6,0.63634798,3040.0,1461.0
4404,104,2034,q3+q5+q6,0.49492775,2541.0,1242.0
4404,104,2034,q4+q5+q6,0.3939133,9600.0,3120.0
4404,104,2034,q1+q2+q3+q4,0.84852137,1440.0,938.0
4404,104,2034,q1+q2+q3+q5,0.70710115,1125.0,840.0
4404,104,2034,q1+q2+q3+q6,0.65655087,983.0,770.75
4404,104,2034,q1+q2+q4+q5,0.6060867,2514.0,1890.0
4404,104,2034,q1+q2+q4+q6,0.55553642,2160.0,1695.0
4404,104,2034,q1+q2+q5+q6,0.41411619,635.0,401.0
4404,104,2034,q1+q3+q4+q5,0.76770981,2600.0,1429.0
4404,104,2034,q1+q3+q4+q6,0.71715954,2460.0,1313.0
4404,104,2034,q1+q3+q5+q6,0.57573931,1863.0,1026.0
4404,104,2034,q1+q4+q5+q6,0.47472486,6780.0,2600.0
4404,104,2034,q2+q3+q4+q5,0.86872426,2214.0,1260.0
4404,104,2034,q2+q3+q4+q6,0.81817399,2100.0,1125.0
4404,104,2034,q2+q3+q5+q6,0.67675376,1433.0,938.0
4404,104,2034,q2+q4+q5+q6,0.57573931,4428.0,2244.0
4404,104,2034,q3+q4+q5+q6,0.73736243,3780.0,1845.0
4404,104,2034,q1+q2+q3+q4+q5,0.94953582,2052.0,1029.0
4404,104,2034,q1+q2+q3+q4+q6,0.89898555,1661.0,983.0
4404,104,2034,q1+q2+q3+q5+q6,0.75756532,1313.0,855.0
4404,104,2034,q1+q2+q4+q5+q6,0.65655087,3454.0,2100.0
4404,104,2034,q1+q3+q4+q5+q6,0.81817399,3120.0,1530.0
4404,104,2034,q2+q3+q4+q5+q6,0.91918844,2460.0,1313.0
4404,104,2034,q1+q2+q3+q4+q5+q6,1.0,2160.0,1125.0
4404,104,2034,all,1.0,2160.0,1125.0
4405,104,2035,q1,0.08082079,156.0,125.0
4405,104,2035,q2,0.18184677,458.0,288.0
4405,104,2035,q3,0.34348834,1780.0,1039.5
4405,104,2035,q4,0.24246236,6620.0,2560.0
4405,104,2035,q5,0.10102598,28450.0,11307.75
4405,104,2035,q6,0.05035575,148840.0,54600.0
4405,104,2035,q1+q2,0.26266756,341.0,252.0
4405,104,2035,q1+q3,0.42430913,1450.0,968.0
4405,104,2035,q1+q4,0.32328315,4428.0,2235.0
4405,104,2035,q1+q5,0.18184677,12225.0,6862.5
4405,104,2035,q1+q6,0.13117654,299.0,170.0
4405,104,2035,q2+q3,0.52533512,1300.0,870.0
4405,104,2035,q2+q4,0.42430913,2600.0,1890.0
4405,104,2035,q2+q5,0.28287275,786.0,380.0
4405,104,2035,q2+q6,0.23220252,536.0,318.5
4405,104,2035,q3+q4,0.58595071,3040.0,1450.0
4405,104,2035,q3+q5,0.44451433,2552.0,1276.0
4405,104,2035,q3+q6,0.3938441,2052.0,1175.0
4405,104,2035,q4+q5,0.34348834,8940.0,3312.0
4405,104,2035,q4+q6,0.29281811,7655.0,2880.0
4405,104,2035,q5+q6,0.15138174,40385.0,14520.0
4405,104,2035,q1+q2+q3,0.6061559,1050.0,675.0
4405,104,2035,q1+q2+q4,0.50512992,1375.0,475.0
4405,104,2035,q1+q2+q5,0.36369354,475.0,301.0
4405,104,2035,q1+q2+q6,0.31302331,445.0,262.0
4405,104,2035,q1+q3+q4,0.66677149,2560.0,1320.0
4405,104,2035,q1+q3+q5,0.52533512,1796.0,1052.0
4405,104,2035,q1+q3+q6,0.47466488,1651.0,1005.0
4405,104,2035,q1+q4+q5,0.42430913,6824.0,2600.0
4405,104,2035,q1+q4+q6,0.3736389,5160.0,2470.0
4405,104,2035,q1+q5+q6,0.23220252,21201.0,9082.5
4405,104,2035,q2+q3+q4,0.76779748,2079.0,1175.0
4405,104,2035,q2+q3+q5,0.6263611,1461.0,968.0
4405,104,2035,q2+q3+q6,0.57569087,1388.0,923.0
4405,104,2035,q2+q4+q5,0.52533512,4428.0,2235.0
4405,104,2035,q2+q4+q6,0.47466488,3650.0,2110.0
4405,104,2035,q2+q5+q6,0.33322851,1240.0,466.0
4405,104,2035,q3+q4+q5,0.68697669,3780.0,1740.0
4405,104,2035,q3+q4+q6,0.63630646,3623.0,1530.0
4405,104,2035,q3+q5+q6,0.49487008,2768.0,1313.0
4405,104,2035,q4+q5+q6,0.3938441,10380.0,3827.5
4405,104,2035,q1+q2+q3+q4,0.84861826,1767.0,1026.0
4405,104,2035,q1+q2+q3+q5,0.70718189,1300.0,898.0
4405,104,2035,q1+q2+q3+q6,0.65651166,1240.0,774.0
4405,104,2035,q1+q2+q4+q5,0.6061559,3040.0,2060.0
4405,104,2035,q1+q2+q4+q6,0.55548567,2460.0,1695.0
4405,104,2035,q1+q2+q5+q6,0.41404929,721.0,336.0
4405,104,2035,q1+q3+q4+q5,0.76779748,3240.0,1492.5
4405,104,2035,q1+q3+q4+q6,0.71712725,2720.0,1432.5
4405,104,2035,q1+q3+q5+q6,0.57569087,2214.0,1260.0
4405,104,2035,q1+q4+q5+q6,0.47466488,8380.0,3040.0
4405,104,2035,q2+q3+q4+q5,0.86882346,2560.0,1320.0
4405,104,2035,q2+q3+q4+q6,0.81815323,2400.0,1276.0
4405,104,2035,q2+q3+q5+q6,0.67671685,1661.0,1005.0
4405,104,2035,q2+q4+q5+q6,0.57569087,5160.0,2470.0
4405,104,2035,q3+q4+q5+q6,0.73733244,4118.0,1904.0
4405,104,2035,q1+q2+q3+q4+q5,0.94964425,2160.0,1260.0
4405,104,2035,q1+q2+q3+q4+q6,0.89897402,1985.0,1052.0
4405,104,2035,q1+q2+q3+q5+q6,0.75753764,1440.0,923.0
4405,104,2035,q1+q2+q4+q5+q6,0.65651166,3920.0,2207.5
4405,104,2035,q1+q3+q4+q5+q6,0.81815323,3650.0,1651.0
4405,104,2035,q2+q3+q4+q5+q6,0.91917921,2720.0,1432.5
4405,104,2035,q1+q2+q3+q4+q5+q6,1.0,2484.0,1300.0
4405,104,2035,all,1.0,2484.0,1300.0
4406,104,2036,q1,0.08081214,168.0,127.0
4406,104,2036,q2,0.18182731,536.0,311.5
4406,104,2036,q3,0.34345159,1985.0,990.0
4406,104,2036,q4,0.24243642,6624.0,2538.0
4406,104,2036,q5,0.10101517,28450.0,11175.0
4406,104,2036,q6,0.05045736,160200.0,52777.7778
4406,104,2036,q1+q2,0.26263945,420.0,261.0
4406,104,2036,q1+q3,0.42426373,1661.0,923.0
4406,104,2036,q1+q4,0.32324856,3940.0,2235.0
4406,104,2036,q1+q5,0.18182731,12225.0,6733.3333
4406,104,2036,q1+q6,0.1312695,308.0,172.0
4406,104,2036,q2+q3,0.52527891,1350.0,830.5
4406,104,2036,q2+q4,0.42426373,2560.0,1868.0
4406,104,2036,q2+q5,0.28284249,806.0,397.0
4406,104,2036,q2+q6,0.23228468,734.0,360.5
4406,104,2036,q3+q4,0.58588801,3120.0,1450.0
4406,104,2036,q3+q5,0.44446677,2700.0,1175.0
4406,104,2036,q3+q6,0.39390896,2363.0,1039.5
4406,104,2036,q4+q5,0.34345159,8940.0,3040.0
4406,104,2036,q4+q6,0.29289378,7655.0,2720.0
4406,104,2036,q5+q6,0.15147254,40385.0,12937.5
4406,104,2036,q1+q2+q3,0.60609104,1089.0,641.25
4406,104,2036,q1+q2+q4,0.50507587,1426.0,480.0
4406,104,2036,q1+q2+q5,0.36365463,661.0,315.0
4406,104,2036,q1+q2+q6,0.31309682,466.0,295.0
4406,104,2036,q1+q3+q4,0.66670015,2600.0,1313.0
4406,104,2036,q1+q3+q5,0.52527891,2079.0,1005.0
4406,104,2036,q1+q3+q6,0.47472109,1796.0,968.0
4406,104,2036,q1+q4+q5,0.42426373,6824.0,2565.0
4406,104,2036,q1+q4+q6,0.37370592,5076.0,2460.0
4406,104,2036,q1+q5+q6,0.23228468,24435.0,8925.0
4406,104,2036,q2+q3+q4,0.76771532,2318.0,1050.0
4406,104,2036,q2+q3+q5,0.62629408,1661.0,923.0
4406,104,2036,q2+q3+q6,0.57573627,1450.0,898.0
4406,104,2036,q2+q4+q5,0.52527891,3940.0,2235.0
4406,104,2036,q2+q4+q6,0.47472109,3454.0,2100.0
4406,104,2036,q2+q5+q6,0.33329985,1246.0,466.0
4406,104,2036,q3+q4+q5,0.68690318,3690.0,1742.2222
4406,104,2036,q3+q4+q6,0.63634537,3488.0,1620.0
4406,104,2036,q3+q5+q6,0.49492413,3240.0,1300.0
4406,104,2036,q4+q5+q6,0.39390896,10260.0,3640.0
4406,104,2036,q1+q2+q3+q4,0.84852746,1985.0,983.0
4406,104,2036,q1+q2+q3+q5,0.70710622,1388.0,872.0
4406,104,2036,q1+q2+q3+q6,0.65654841,1258.0,734.0
4406,104,2036,q1+q2+q4+q5,0.60609104,2720.0,2049.3333
4406,104,2036,q1+q2+q4+q6,0.55553323,2460.0,1722.0
4406,104,2036,q1+q2+q5+q6,0.41411199,770.0,370.0
4406,104,2036,q1+q3+q4+q5,0.76771532,3240.0,1470.0
4406,104,2036,q1+q3+q4+q6,0.71715751,2768.0,1388.0
4406,104,2036,q1+q3+q5+q6,0.57573627,2565.0,1052.0
4406,104,2036,q1+q4+q5+q6,0.47472109,8240.0,2880.0
4406,104,2036,q2+q3+q4+q5,0.8687305,2600.0,1313.0
4406,104,2036,q2+q3+q4+q6,0.81817269,2514.0,1178.0
4406,104,2036,q2+q3+q5+q6,0.67675144,1796.0,979.0
4406,104,2036,q2+q4+q5+q6,0.57573627,5076.0,2460.0
4406,104,2036,q3+q4+q5+q6,0.73736055,3940.0,1890.0
4406,104,2036,q1+q2+q3+q4+q5,0.94954264,2400.0,1085.75
4406,104,2036,q1+q2+q3+q4+q6,0.89898483,2100.0,1022.5
4406,104,2036,q1+q2+q3+q5+q6,0.75756358,1470.0,923.0
4406,104,2036,q1+q2+q4+q5+q6,0.65654841,3650.0,2170.0
4406,104,2036,q1+q3+q4+q5+q6,0.81817269,3650.0,1655.0
4406,104,2036,q2+q3+q4+q5+q6,0.91918786,2768.0,1388.0
4406,104,2036,q1+q2+q3+q4+q5+q6,1.0,2565.0,1260.0
4406,104,2036,all,1.0,2565.0,1260.0
4407,104,2037,q1,0.08081214,161.0,132.5
4407,104,2037,q2,0.18182731,458.0,277.0
4407,104,2037,q3,0.34345159,1530.0,1125.0
4407,104,2037,q4,0.24243642,6012.0,2560.0
4407,104,2037,q5,0.10101517,25875.0,12217.5
4407,104,2037,q6,0.05045736,112896.0,63630.0
4407,104,2037,q1+q2,0.26263945,315.0,252.0
4407,104,2037,q1+q3,0.42426373,1388.0,973.25
4407,104,2037,q1+q4,0.32324856,4240.0,2214.0
4407,104,2037,q1+q5,0.18182731,12225.0,6862.5
4407,104,2037,q1+q6,0.1312695,277.0,179.0
4407,104,2037,q2+q3,0.52527891,1300.0,876.8333
4407,104,2037,q2+q4,0.42426373,2560.0,1890.0
4407,104,2037,q2+q5,0.28284249,755.0,380.0
4407,104,2037,q2+q6,0.23228468,473.0,312.0
4407,104,2037,q3+q4,0.58588801,2720.0,1470.0
4407,104,2037,q3+q5,0.44446677,2052.0,1300.0
4407,104,2037,q3+q6,0.39390896,1661.0,1260.0
4407,104,2037,q4+q5,0.34345159,8680.0,3312.0
4407,104,2037,q4+q6,0.29289378,7472.0,2880.0
4407,104,2037,q5+q6,0.15147254,39168.0,14520.0
4407,104,2037,q1+q2+q3,0.60609104,1044.0,653.8889
4407,104,2037,q1+q2+q4,0.50507587,1426.0,480.0
4407,104,2037,q1+q2+q5,0.36365463,458.0,295.0
4407,104,2037,q1+q2+q6,0.31309682,420.0,252.0
4407,104,2037,q1+q3+q4,0.66670015,2385.0,1388.0
4407,104,2037,q1+q3+q5,0.52527891,1530.0,1178.0
4407,104,2037,q1+q3+q6,0.47472109,1461.0,1039.5
4407,104,2037,q1+q4+q5,0.42426373,6540.0,2600.0
4407,104,2037,q1+q4+q6,0.37370592,4828.0,2514.0
4407,104,2037,q1+q5+q6,0.23228468,15542.0,9300.0
4407,104,2037,q2+q3+q4,0.76771532,1780.0,1260.0
4407,104,2037,q2+q3+q5,0.62629408,1450.0,979.0
4407,104,2037,q2+q3+q6,0.57573627,1346.0,923.0
4407,104,2037,q2+q4+q5,0.52527891,4240.0,2214.0
4407,104,2037,q2+q4+q6,0.47472109,3454.0,2110.0
4407,104,2037,q2+q5+q6,0.33329985,1210.0,466.0
4407,104,2037,q3+q4+q5,0.68690318,3650.0,1727.0
4407,104,2037,q3+q4+q6,0.63634537,3285.0,1530.0
4407,104,2037,q3+q5+q6,0.49492413,2565.0,1384.0
4407,104,2037,q4+q5+q6,0.39390896,10380.0,3940.0
4407,104,2037,q1+q2+q3+q4,0.84852746,1530.0,1050.0
4407,104,2037,q1+q2+q3+q5,0.70710622,1300.0,923.0
4407,104,2037,q1+q2+q3+q6,0.65654841,1240.0,830.5
4407,104,2037,q1+q2+q4+q5,0.60609104,2720.0,2095.0
4407,104,2037,q1+q2+q4+q6,0.55553323,2460.0,1722.0
4407,104,2037,q1+q2+q5+q6,0.41411199,599.0,319.0
4407,104,2037,q1+q3+q4+q5,0.76771532,3040.0,1530.0
4407,104,2037,q1+q3+q4+q6,0.71715751,2560.0,1450.0
4407,104,2037,q1+q3+q5+q6,0.57573627,1780.0,1290.0
4407,104,2037,q1+q4+q5+q6,0.47472109,8240.0,3040.0
4407,104,2037,q2+q3+q4+q5,0.8687305,2400.0,1388.0
4407,104,2037,q2+q3+q4+q6,0.81817269,2100.0,1300.0
4407,104,2037,q2+q3+q5+q6,0.67675144,1470.0,1039.5
4407,104,2037,q2+q4+q5+q6,0.57573627,4828.0,2514.0
4407,104,2037,q3+q4+q5+q6,0.73736055,3940.0,1890.0
4407,104,2037,q1+q2+q3+q4+q5,0.94954264,1863.0,1300.0
4407,104,2037,q1+q2+q3+q4+q6,0.89898483,1661.0,1242.0
4407,104,2037,q1+q2+q3+q5+q6,0.75756358,1388.0,938.0
4407,104,2037,q1+q2+q4+q5+q6,0.65654841,3650.0,2170.0
4407,104,2037,q1+q3+q4+q5+q6,0.81817269,3488.0,1635.0
4407,104,2037,q2+q3+q4+q5+q6,0.91918786,2560.0,1450.0
4407,104,2037,q1+q2+q3+q4+q5+q6,1.0,2160.0,1320.0
4407,104,2037,all,1.0,2160.0,1320.0
4408,104,2038,q1,0.08081214,160.0,134.0
4408,104,2038,q2,0.18182731,458.0,312.0
4408,104,2038,q3,0.34345159,1530.0,962.75
4408,104,2038,q4,0.24243642,5160.0,2470.0
4408,104,2038,q5,0.10101517,27675.0,11175.0
4408,104,2038,q6,0.05045736,130296.0,54675.0
4408,104,2038,q1+q2,0.26263945,346.0,269.0
4408,104,2038,q1+q3,0.42426373,1350.0,898.0
4408,104,2038,q1+q4,0.32324856,3780.0,2162.6667
4408,104,2038,q1+q5,0.18182731,12225.0,6918.75
4408,104,2038,q1+q6,0.1312695,304.0,170.0
4408,104,2038,q2+q3,0.52527891,1175.0,823.5
4408,104,2038,q2+q4,0.42426373,2514.0,1868.0
4408,104,2038,q2+q5,0.28284249,786.0,420.0
4408,104,2038,q2+q6,0.23228468,532.0,358.25
4408,104,2038,q3+q4,0.58588801,2600.0,1388.0
4408,104,2038,q3+q5,0.44446677,2322.0,1125.0
4408,104,2038,q3+q6,0.39390896,1985.0,1026.0
4408,104,2038,q4+q5,0.34345159,8240.0,2862.0
4408,104,2038,q4+q6,0.29289378,6624.0,2600.0
4408,104,2038,q5+q6,0.15147254,45231.0,15325.0
4408,104,2038,q1+q2+q3,0.60609104,938.0,651.0
4408,104,2038,q1+q2+q4,0.50507587,1426.0,480.0
4408,104,2038,q1+q2+q5,0.36365463,466.0,315.0
4408,104,2038,q1+q2+q6,0.31309682,422.0,295.0
4408,104,2038,q1+q3+q4,0.66670015,2385.0,1290.0
4408,104,2038,q1+q3+q5,0.52527891,1661.0,983.0
4408,104,2038,q1+q3+q6,0.47472109,1450.0,923.0
4408,104,2038,q1+q4+q5,0.42426373,6012.0,2514.0
4408,104,2038,q1+q4+q6,0.37370592,4428.0,2394.0
4408,104,2038,q1+q5+q6,0.23228468,16200.0,9922.5
4408,104,2038,q2+q3+q4,0.76771532,2052.0,1026.0
4408,104,2038,q2+q3+q5,0.62629408,1388.0,898.0
4408,104,2038,q2+q3+q6,0.57573627,1313.0,855.0
4408,104,2038,q2+q4+q5,0.52527891,3780.0,2162.6667
4408,104,2038,q2+q4+q6,0.47472109,3040.0,2096.8333
4408,104,2038,q2+q5+q6,0.33329985,1240.0,473.0
4408,104,2038,q3+q4+q5,0.68690318,3488.0,1661.0
4408,104,2038,q3+q4+q6,0.63634537,3083.0,1470.0
4408,104,2038,q3+q5+q6,0.49492413,2700.0,1276.0
4408,104,2038,q4+q5+q6,0.39390896,9880.0,3312.0
4408,104,2038,q1+q2+q3+q4,0.84852746,1470.0,938.0
4408,104,2038,q1+q2+q3+q5,0.70710622,1260.0,840.0
4408,104,2038,q1+q2+q3+q6,0.65654841,1050.0,774.0
4408,104,2038,q1+q2+q4+q5,0.60609104,2560.0,1904.0
4408,104,2038,q1+q2+q4+q6,0.55553323,2160.0,1695.0
4408,104,2038,q1+q2+q5+q6,0.41411199,661.0,380.0
4408,104,2038,q1+q3+q4+q5,0.76771532,2768.0,1433.0
4408,104,2038,q1+q3+q4+q6,0.71715751,2552.0,1320.0
4408,104,2038,q1+q3+q5+q6,0.57573627,2052.0,1029.5
4408,104,2038,q1+q4+q5+q6,0.47472109,7380.0,2720.0
4408,104,2038,q2+q3+q4+q5,0.8687305,2385.0,1290.0
4408,104,2038,q2+q3+q4+q6,0.81817269,2160.0,1125.0
4408,104,2038,q2+q3+q5+q6,0.67675144,1470.0,931.5
4408,104,2038,q2+q4+q5+q6,0.57573627,4428.0,2394.0
4408,104,2038,q3+q4+q5+q6,0.73736055,3780.0,1845.0
4408,104,2038,q1+q2+q3+q4+q5,0.94954264,2100.0,1039.5
4408,104,2038,q1+q2+q3+q4+q6,0.89898483,1796.0,983.0
4408,104,2038,q1+q2+q3+q5+q6,0.75756358,1313.0,855.0
4408,104,2038,q1+q2+q4+q5+q6,0.65654841,3640.0,2121.7778
4408,104,2038,q1+q3+q4+q5+q6,0.81817269,3240.0,1530.0
4408,104,2038,q2+q3+q4+q5+q6,0.91918786,2552.0,1320.0
4408,104,2038,q1+q2+q3+q4+q5+q6,1.0,2297.0,1181.5
4408,104,2038,all,1.0,2297.0,1181.5
4409,104,2039,q1,0.08081214,160.0,138.0
4409,104,2039,q2,0.18182731,462.0,306.5
4409,104,2039,q3,0.34345159,1767.0,968.0
4409,104,2039,q4,0.24243642,5040.0,2460.0
4409,104,2039,q5,0.10101517,29025.0,10631.25
4409,104,2039,q6,0.05045736,143100.0,52500.0
4409,104,2039,q1+q2,0.26263945,346.0,261.0
4409,104,2039,q1+q3,0.42426373,1388.0,931.5
4409,104,2039,q1+q4,0.32324856,3454.0,2184.6667
4409,104,2039,q1+q5,0.18182731,12225.0,6615.0
4409,104,2039,q1+q6,0.1312695,299.0,173.0
4409,104,2039,q2+q3,0.52527891,1260.0,830.5
4409,104,2039,q2+q4,0.42426373,2560.0,1680.0
4409,104,2039,q2+q5,0.28284249,806.0,402.0
4409,104,2039,q2+q6,0.23228468,536.0,336.0
4409,104,2039,q3+q4,0.58588801,2720.0,1373.0
4409,104,2039,q3+q5,0.44446677,2385.0,1066.5
4409,104,2039,q3+q6,0.39390896,2052.0,1026.0
4409,104,2039,q4+q5,0.34345159,8940.0,2720.0
4409,104,2039,q4+q6,0.29289378,7380.0,2600.0
4409,104,2039,q5+q6,0.15147254,42525.0,12600.0
4409,104,2039,q1+q2+q3,0.60609104,968.0,641.25
4409,104,2039,q1+q2+q4,0.50507587,1426.0,480.0
4409,104,2039,q1+q2+q5,0.36365463,466.0,312.0
4409,104,2039,q1+q2+q6,0.31309682,441.0,295.0
4409,104,2039,q1+q3+q4,0.66670015,2514.0,1181.5
4409,104,2039,q1+q3+q5,0.52527891,1863.0,983.0
4409,104,2039,q1+q3+q6,0.47472109,1530.0,968.0
4409,104,2039,q1+q4+q5,0.42426373,6540.0,2520.0
4409,104,2039,q1+q4+q6,0.37370592,4428.0,2312.0
4409,104,2039,q1+q5+q6,0.23228468,16200.0,8633.3333
4409,104,2039,q2+q3+q4,0.76771532,2100.0,1022.5
4409,104,2039,q2+q3+q5,0.62629408,1450.0,931.5
4409,104,2039,q2+q3+q6,0.57573627,1373.0,900.0
4409,104,2039,q2+q4+q5,0.52527891,3454.0,2184.6667
4409,104,2039,q2+q4+q6,0.47472109,2720.0,1961.3333
4409,104,2039,q2+q5+q6,0.33329985,1346.0,466.0
4409,104,2039,q3+q4+q5,0.68690318,3339.0,1573.0
4409,104,2039,q3+q4+q6,0.63634537,3173.0,1469.0
4409,104,2039,q3+q5+q6,0.49492413,3173.0,1260.0
4409,104,2039,q4+q5+q6,0.39390896,10500.0,3076.0
4409,104,2039,q1+q2+q3+q4,0.84852746,1661.0,968.0
4409,104,2039,q1+q2+q3+q5,0.70710622,1300.0,870.0
4409,104,2039,q1+q2+q3+q6,0.65654841,1125.0,719.3333
4409,104,2039,q1+q2+q4+q5,0.60609104,2720.0,1742.2222
4409,104,2039,q1+q2+q4+q6,0.55553323,2460.0,1469.0
4409,104,2039,q1+q2+q5+q6,0.41411199,721.0,367.0
4409,104,2039,q1+q3+q4+q5,0.76771532,2858.0,1388.0
4409,104,2039,q1+q3+q4+q6,0.71715751,2700.0,1313.0
4409,104,2039,q1+q3+q5+q6,0.57573627,2214.0,1029.5
4409,104,2039,q1+q4+q5+q6,0.47472109,7800.0,2720.0
4409,104,2039,q2+q3+q4+q5,0.8687305,2541.0,1181.5
4409,104,2039,q2+q3+q4+q6,0.81817269,2363.0,1052.0
4409,104,2039,q2+q3+q5+q6,0.67675144,1651.0,968.0
4409,104,2039,q2+q4+q5+q6,0.57573627,4428.0,2312.0
4409,104,2039,q3+q4+q5+q6,0.73736055,3780.0,1727.0
4409,104,2039,q1+q2+q3+q4+q5,0.94954264,2160.0,1026.0
4409,104,2039,q1+q2+q3+q4+q6,0.89898483,2052.0,979.0
4409,104,2039,q1+q2+q3+q5+q6,0.75756358,1388.0,923.0
4409,104,2039,q1+q2+q4+q5+q6,0.65654841,3040.0,2100.0
4409,104,2039,q1+q3+q4+q5+q6,0.81817269,3180.0,1470.0
4409,104,2039,q2+q3+q4+q5+q6,0.91918786,2700.0,1313.0
4409,104,2039,q1+q2+q3+q4+q5+q6,1.0,2400.0,1125.0
4409,104,2039,all,1.0,2400.0,1125.0
4410,104,2040,q1,0.08081214,168.0,137.0
4410,104,2040,q2,0.18182731,466.0,312.0
4410,104,2040,q3,0.34345159,1530.0,1005.0
4410,104,2040,q4,0.24243642,4788.0,2460.0
4410,104,2040,q5,0.10101517,25875.0,10096.25
4410,104,2040,q6,0.05045736,122600.0,54600.0
4410,104,2040,q1+q2,0.26263945,401.0,262.0
4410,104,2040,q1+q3,0.42426373,1350.0,923.0
4410,104,2040,q1+q4,0.32324856,3640.0,2207.5
4410,104,2040,q1+q5,0.18182731,11175.0,6918.75
4410,104,2040,q1+q6,0.1312695,276.0,178.0
4410,104,2040,q2+q3,0.52527891,1130.0,840.0
4410,104,2040,q2+q4,0.42426373,2514.0,1742.2222
4410,104,2040,q2+q5,0.28284249,806.0,422.0
4410,104,2040,q2+q6,0.23228468,635.0,360.5
4410,104,2040,q3+q4,0.58588801,2588.0,1432.5
4410,104,2040,q3+q5,0.44446677,2133.0,1175.0
4410,104,2040,q3+q6,0.39390896,1780.0,1039.5
4410,104,2040,q4+q5,0.34345159,8360.0,2985.0
4410,104,2040,q4+q6,0.29289378,6824.0,2600.0
4410,104,2040,q5+q6,0.15147254,41850.0,12825.0
4410,104,2040,q1+q2+q3,0.60609104,968.0,675.0
4410,104,2040,q1+q2+q4,0.50507587,1426.0,713.0
4410,104,2040,q1+q2+q5,0.36365463,505.0,317.5
4410,104,2040,q1+q2+q6,0.31309682,458.0,295.0
4410,104,2040,q1+q3+q4,0.66670015,2385.0,1276.0
4410,104,2040,q1+q3+q5,0.52527891,1661.0,1022.5
4410,104,2040,q1+q3+q6,0.47472109,1461.0,973.25
4410,104,2040,q1+q4+q5,0.42426373,5724.0,2520.0
4410,104,2040,q1+q4+q6,0.37370592,4240.0,2400.0
4410,104,2040,q1+q5+q6,0.23228468,15542.0,9082.5
4410,104,2040,q2+q3+q4,0.76771532,1863.0,1039.5
4410,104,2040,q2+q3+q5,0.62629408,1388.0,923.0
4410,104,2040,q2+q3+q6,0.57573627,1267.0,923.0
4410,104,2040,q2+q4+q5,0.52527891,3640.0,2207.5
4410,104,2040,q2+q4+q6,0.47472109,3040.0,2095.0
4410,104,2040,q2+q5+q6,0.33329985,1246.0,522.5
4410,104,2040,q3+q4+q5,0.68690318,3180.0,1661.0
4410,104,2040,q3+q4+q6,0.63634537,3040.0,1470.0
4410,104,2040,q3+q5+q6,0.49492413,2541.0,1276.0
4410,104,2040,q4+q5+q6,0.39390896,9749.0,3120.0
4410,104,2040,q1+q2+q3+q4,0.84852746,1470.0,977.2667
4410,104,2040,q1+q2+q3+q5,0.70710622,1178.0,872.0
4410,104,2040,q1+q2+q3+q6,0.65654841,1045.0,810.0
4410,104,2040,q1+q2+q4+q5,0.60609104,2600.0,1890.0
4410,104,2040,q1+q2+q4+q6,0.55553323,2400.0,1673.5
4410,104,2040,q1+q2+q5+q6,0.41411199,734.0,401.0
4410,104,2040,q1+q3+q4+q5,0.76771532,2600.0,1450.0
4410,104,2040,q1+q3+q4+q6,0.71715751,2541.0,1384.0
4410,104,2040,q1+q3+q5+q6,0.57573627,1985.0,1052.0
4410,104,2040,q1+q4+q5+q6,0.47472109,7655.0,2702.0
4410,104,2040,q2+q3+q4+q5,0.8687305,2400.0,1276.0
4410,104,2040,q2+q3+q4+q6,0.81817269,2133.0,1175.0
4410,104,2040,q2+q3+q5+q6,0.67675144,1461.0,979.0
4410,104,2040,q2+q4+q5+q6,0.57573627,4240.0,2400.0
4410,104,2040,q3+q4+q5+q6,0.73736055,3650.0,1780.0
4410,104,2040,q1+q2+q3+q4+q5,0.94954264,2052.0,1052.0
4410,104,2040,q1+q2+q3+q4+q6,0.89898483,1661.0,1005.0
4410,104,2040,q1+q2+q3+q5+q6,0.75756358,1350.0,923.0
4410,104,2040,q1+q2+q4+q5+q6,0.65654841,3120.0,2110.0
4410,104,2040,q1+q3+q4+q5+q6,0.81817269,3120.0,1624.8333
4410,104,2040,q2+q3+q4+q5+q6,0.91918786,2541.0,1384.0
4410,104,2040,q1+q2+q3+q4+q5+q6,1.0,2214.0,1178.0
4410,104,2040,all,1.0,2214.0,1178.0
4501,105,2041,q1,0.08422163,160.0,134.0
4501,105,2041,q2,0.21055408,458.0,301.0
4501,105,2041,q3,0.2526649,1661.0,992.5
4501,105,2041,q4,0.2526649,5724.0,2514.0
4501,105,2041,q5,0.12633245,27675.0,11175.0
4501,105,2041,q6,0.07356203,141300.0,54600.0
4501,105,2041,q1+q2,0.29477572,360.0,257.0
4501,105,2041,q1+q3,0.33688654,1313.0,923.0
4501,105,2041,q1+q4,0.33688654,3920.0,2214.0
4501,105,2041,q1+q5,0.21055408,12600.0,7375.0
4501,105,2041,q1+q6,0.15778366,386.0,198.0
4501,105,2041,q2+q3,0.46321899,983.0,641.25
4501,105,2041,q2+q4,0.46321899,2460.0,1695.0
4501,105,2041,q2+q5,0.33688654,806.0,403.0
4501,105,2041,q2+q6,0.28411611,661.0,360.0
4501,105,2041,q3+q4,0.5053298,3180.0,1651.0
4501,105,2041,q3+q5,0.37899735,3173.0,1313.0
4501,105,2041,q3+q6,0.32622693,2322.0,1178.0
4501,105,2041,q4+q5,0.37899735,8976.0,3076.0
4501,105,2041,q4+q6,0.32622693,8115.0,2730.0
4501,105,2041,q5+q6,0.19989448,48703.0,14850.0
4501,105,2041,q1+q2+q3,0.54744062,855.0,458.0
4501,105,2041,q1+q2+q4,0.54744062,1166.0,466.0
4501,105,2041,q1+q2+q5,0.42110817,514.0,318.5
4501,105,2041,q1+q2+q6,0.36833775,458.0,295.0
4501,105,2041,q1+q3+q4,0.58955144,2565.0,1388.0
4501,105,2041,q1+q3+q5,0.46321899,2052.0,1050.0
4501,105,2041,q1+q3+q6,0.41044856,1651.0,984.5
4501,105,2041,q1+q4+q5,0.46321899,6824.0,2600.0
4501,105,2041,q1+q4+q6,0.41044856,5076.0,2470.0
4501,105,2041,q1+q5+q6,0.28411611,25875.0,10096.25
4501,105,2041,q2+q3+q4,0.71588389,2052.0,1039.5
4501,105,2041,q2+q3+q5,0.58955144,1388.0,923.0
4501,105,2041,q2+q3+q6,0.53678101,1260.0,830.5
4501,105,2041,q2+q4+q5,0.58955144,3920.0,2214.0
4501,105,2041,q2+q4+q6,0.53678101,3120.0,2096.8889
4501,105,2041,q2+q5+q6,0.41044856,1480.0,755.0
4501,105,2041,q3+q4+q5,0.63166225,4208.0,2160.0
4501,105,2041,q3+q4+q6,0.57889183,3780.0,1890.0
4501,105,2041,q3+q5+q6,0.45255938,4316.0,1470.0
4501,105,2041,q4+q5+q6,0.45255938,11520.0,3940.0
4501,105,2041,q1+q2+q3+q4,0.80010552,1470.0,938.0
4501,105,2041,q1+q2+q3+q5,0.67377307,1166.0,755.0
4501,105,2041,q1+q2+q3+q6,0.62100265,979.0,596.25
4501,105,2041,q1+q2+q4+q5,0.67377307,2720.0,1890.0
4501,105,2041,q1+q2+q4+q6,0.62100265,2400.0,1656.375
4501,105,2041,q1+q2+q5+q6,0.4946702,804.0,402.0
4501,105,2041,q1+q3+q4+q5,0.71588389,3623.0,1767.0
4501,105,2041,q1+q3+q4+q6,0.66311346,3120.0,1620.0
4501,105,2041,q1+q3+q5+q6,0.53678101,2768.0,1300.0
4501,105,2041,q1+q4+q5+q6,0.53678101,8940.0,3040.0
4501,105,2041,q2+q3+q4+q5,0.84221634,2565.0,1388.0
4501,105,2041,q2+q3+q4+q6,0.78944592,2400.0,1290.0
4501,105,2041,q2+q3+q5+q6,0.66311346,1661.0,984.5
4501,105,2041,q2+q4+q5+q6,0.66311346,5129.0,2470.0
4501,105,2041,q3+q4+q5+q6,0.70522428,4915.0,2360.0
4501,105,2041,q1+q2+q3+q4+q5,0.92643797,2214.0,1178.0
4501,105,2041,q1+q2+q3+q4+q6,0.87366755,2016.0,1026.0
4501,105,2041,q1+q2+q3+q5+q6,0.7473351,1373.0,905.75
4501,105,2041,q1+q2+q4+q5+q6,0.7473351,3780.0,2184.6667
4501,105,2041,q1+q3+q4+q5+q6,0.78944592,3960.0,2100.0
4501,105,2041,q2+q3+q4+q5+q6,0.91577837,3173.0,1620.0
4501,105,2041,q1+q2+q3+q4+q5+q6,1.0,2560.0,1373.0
4501,105,2041,all,1.0,2560.0,1373.0
4502,105,2042,q1,0.08421608,168.0,137.0
4502,105,2042,q2,0.2105402,462.0,295.0
4502,105,2042,q3,0.25264824,1661.0,963.75
4502,105,2042,q4,0.25264824,4428.0,2460.0
4502,105,2042,q5,0.12632412,24969.0,10631.25
4502,105,2042,q6,0.07362312,148840.0,68100.0
4502,105,2042,q1+q2,0.29475628,319.0,262.0
4502,105,2042,q1+q3,0.33686432,1260.0,905.75
4502,105,2042,q1+q4,0.33686432,3454.0,2214.0
4502,105,2042,q1+q5,0.2105402,11175.0,7112.5
4502,105,2042,q1+q6,0.1578392,384.0,200.0
4502,105,2042,q2+q3,0.46318844,968.0,619.0
4502,105,2042,q2+q4,0.46318844,2460.0,1722.0
4502,105,2042,q2+q5,0.33686432,870.0,403.0
4502,105,2042,q2+q6,0.28416332,718.0,327.0
4502,105,2042,q3+q4,0.50529648,2720.0,1661.0
4502,105,2042,q3+q5,0.37897236,3083.0,1290.0
4502,105,2042,q3+q6,0.32627136,2214.0,1085.75
4502,105,2042,q4+q5,0.37897236,8700.0,2820.0
4502,105,2042,q4+q6,0.32627136,7380.0,2560.0
4502,105,2042,q5+q6,0.19994724,42975.0,14520.0
4502,105,2042,q1+q2+q3,0.54740452,886.0,458.0
4502,105,2042,q1+q2+q4,0.54740452,1246.0,466.0
4502,105,2042,q1+q2+q5,0.4210804,532.0,315.0
4502,105,2042,q1+q2+q6,0.3683794,458.0,295.0
4502,105,2042,q1+q3+q4,0.58951256,2514.0,1388.0
4502,105,2042,q1+q3+q5,0.46318844,1796.0,1029.0
4502,105,2042,q1+q3+q6,0.41048744,1530.0,938.0
4502,105,2042,q1+q4+q5,0.46318844,6152.0,2514.0
4502,105,2042,q1+q4+q6,0.41048744,4428.0,2400.0
4502,105,2042,q1+q5+q6,0.28416332,21840.0,9900.0
4502,105,2042,q2+q3+q4,0.71583668,1863.0,1026.0
4502,105,2042,q2+q3+q5,0.58951256,1375.0,923.0
4502,105,2042,q2+q3+q6,0.53681156,1210.0,830.5
4502,105,2042,q2+q4+q5,0.58951256,3454.0,2214.0
4502,105,2042,q2+q4+q6,0.53681156,2600.0,2096.8889
4502,105,2042,q2+q5+q6,0.41048744,1776.0,765.6667
4502,105,2042,q3+q4+q5,0.6316206,3920.0,2160.0
4502,105,2042,q3+q4+q6,0.5789196,3623.0,1845.0
4502,105,2042,q3+q5+q6,0.45259548,4208.0,1470.0
4502,105,2042,q4+q5+q6,0.45259548,10332.0,3920.0
4502,105,2042,q1+q2+q3+q4,0.80005276,1470.0,923.0
4502,105,2042,q1+q2+q3+q5,0.67372864,1125.0,711.0
4502,105,2042,q1+q2+q3+q6,0.62102764,923.0,573.0
4502,105,2042,q1+q2+q4+q5,0.67372864,2514.0,1890.0
4502,105,2042,q1+q2+q4+q6,0.62102764,2400.0,1680.0
4502,105,2042,q1+q2+q5+q6,0.49470352,806.0,402.0
4502,105,2042,q1+q3+q4+q5,0.71583668,3285.0,1742.2222
4502,105,2042,q1+q3+q4+q6,0.66313568,2600.0,1655.0
4502,105,2042,q1+q3+q5+q6,0.53681156,2700.0,1260.0
4502,105,2042,q1+q4+q5+q6,0.53681156,8380.0,2720.0
4502,105,2042,q2+q3+q4+q5,0.8421608,2514.0,1388.0
4502,105,2042,q2+q3+q4+q6,0.7894598,2363.0,1260.0
4502,105,2042,q2+q3+q5+q6,0.66313568,1661.0,949.5
4502,105,2042,q2+q4+q5+q6,0.66313568,4428.0,2400.0
4502,105,2042,q3+q4+q5+q6,0.70524372,4428.0,2244.0
4502,105,2042,q1+q2+q3+q4+q5,0.92637688,2160.0,1125.0
4502,105,2042,q1+q2+q3+q4+q6,0.87367588,1796.0,992.5
4502,105,2042,q1+q2+q3+q5+q6,0.74735176,1350.0,898.0
4502,105,2042,q1+q2+q4+q5+q6,0.74735176,3180.0,2214.0
4502,105,2042,q1+q3+q4+q5+q6,0.7894598,3875.0,2100.0
4502,105,2042,q2+q3+q4+q5+q6,0.91578392,2600.0,1655.0
4502,105,2042,q1+q2+q3+q4+q5+q6,1.0,2484.0,1373.0
4502,105,2042,all,1.0,2484.0,1373.0
4503,105,2043,q1,0.08421557,168.0,138.0
4503,105,2043,q2,0.21053894,466.0,312.0
4503,105,2043,q3,0.25264672,1661.0,990.0
4503,105,2043,q4,0.25264672,5040.0,2514.0
4503,105,2043,q5,0.12632336,29500.0,10057.0
4503,105,2043,q6,0.07362868,143100.0,54300.0
4503,105,2043,q1+q2,0.29475451,401.0,269.0
4503,105,2043,q1+q3,0.3368623,1373.0,923.0
4503,105,2043,q1+q4,0.3368623,3454.0,2207.5
4503,105,2043,q1+q5,0.21053894,12400.0,7256.25
4503,105,2043,q1+q6,0.15784425,388.0,200.0
4503,105,2043,q2+q3,0.46318566,1044.0,635.25
4503,105,2043,q2+q4,0.46318566,2514.0,1656.375
4503,105,2043,q2+q5,0.3368623,979.0,430.0
4503,105,2043,q2+q6,0.28416761,760.0,373.0
4503,105,2043,q3+q4,0.50529345,3173.0,1573.0
4503,105,2043,q3+q5,0.37897009,3294.0,1313.0
4503,105,2043,q3+q6,0.3262754,2385.0,1175.0
4503,105,2043,q4+q5,0.37897009,9245.0,3040.0
4503,105,2043,q4+q6,0.3262754,8115.0,2720.0
4503,105,2043,q5+q6,0.19995204,48703.0,12675.0
4503,105,2043,q1+q2+q3,0.54740124,923.0,466.0
4503,105,2043,q1+q2+q4,0.54740124,1274.0,473.0
4503,105,2043,q1+q2+q5,0.42107787,619.0,352.75
4503,105,2043,q1+q2+q6,0.36838319,466.0,312.0
4503,105,2043,q1+q3+q4,0.58950902,2600.0,1388.0
4503,105,2043,q1+q3+q5,0.46318566,2052.0,1039.5
4503,105,2043,q1+q3+q6,0.41049098,1651.0,977.2667
4503,105,2043,q1+q4+q5,0.46318566,7140.0,2600.0
4503,105,2043,q1+q4+q6,0.41049098,4624.0,2460.0
4503,105,2043,q1+q5+q6,0.28416761,26605.0,9800.0
4503,105,2043,q2+q3+q4,0.71583239,2079.0,1026.0
4503,105,2043,q2+q3+q5,0.58950902,1426.0,923.0
4503,105,2043,q2+q3+q6,0.53681434,1313.0,840.0
4503,105,2043,q2+q4+q5,0.58950902,3454.0,2207.5
4503,105,2043,q2+q4+q6,0.53681434,3040.0,2049.3333
4503,105,2043,q2+q5+q6,0.41049098,1835.0,870.0
4503,105,2043,q3+q4+q5,0.63161681,3940.0,2096.8889
4503,105,2043,q3+q4+q6,0.57892213,3640.0,1785.0
4503,105,2043,q3+q5+q6,0.45259876,4343.0,1470.0
4503,105,2043,q4+q5+q6,0.45259876,11752.0,3827.5
4503,105,2043,q1+q2+q3+q4,0.80004796,1470.0,938.0
4503,105,2043,q1+q2+q3+q5,0.6737246,1178.0,765.6667
4503,105,2043,q1+q2+q3+q6,0.62102991,1005.0,579.5
4503,105,2043,q1+q2+q4+q5,0.6737246,2720.0,1785.0
4503,105,2043,q1+q2+q4+q6,0.62102991,2460.0,1573.0
4503,105,2043,q1+q2+q5+q6,0.49470655,878.0,422.0
4503,105,2043,q1+q3+q4+q5,0.71583239,3339.0,1722.0
4503,105,2043,q1+q3+q4+q6,0.6631377,3120.0,1492.5
4503,105,2043,q1+q3+q5+q6,0.53681434,3173.0,1290.0
4503,105,2043,q1+q4+q5+q6,0.53681434,8976.0,2985.0
4503,105,2043,q2+q3+q4+q5,0.84215575,2600.0,1388.0
4503,105,2043,q2+q3+q4+q6,0.78946106,2484.0,1242.0
4503,105,2043,q2+q3+q5+q6,0.6631377,1661.0,979.0
4503,105,2043,q2+q4+q5+q6,0.6631377,4788.0,2460.0
4503,105,2043,q3+q4+q5+q6,0.70524549,4761.0,2312.0
4503,105,2043,q1+q2+q3+q4+q5,0.92637132,2363.0,1085.75
4503,105,2043,q1+q2+q3+q4+q6,0.87367664,2052.0,1005.0
4503,105,2043,q1+q2+q3+q5+q6,0.74735328,1411.0,923.0
4503,105,2043,q1+q2+q4+q5+q6,0.74735328,3180.0,2162.6667
4503,105,2043,q1+q3+q4+q5+q6,0.78946106,3938.0,2090.0
4503,105,2043,q2+q3+q4+q5+q6,0.91578443,3120.0,1492.5
4503,105,2043,q1+q2+q3+q4+q5+q6,1.0,2588.0,1373.0
4503,105,2043,all,1.0,2588.0,1373.0
4504,105,2044,q1,0.08421582,161.0,138.0
4504,105,2044,q2,0.21053954,446.0,312.0
4504,105,2044,q3,0.25264745,1461.0,955.5
4504,105,2044,q4,0.25264745,5040.0,2460.0
4504,105,2044,q5,0.12632372,25875.0,11307.75
4504,105,2044,q6,0.07362603,127260.0,54675.0
4504,105,2044,q1+q2,0.29475535,360.0,269.0
4504,105,2044,q1+q3,0.33686326,1175.0,855.0
4504,105,2044,q1+q4,0.33686326,3780.0,2160.0
4504,105,2044,q1+q5,0.21053954,12825.0,7800.0
4504,105,2044,q1+q6,0.15784185,414.0,200.0
4504,105,2044,q2+q3,0.46318698,938.0,579.5
4504,105,2044,q2+q4,0.46318698,2160.0,1727.0
4504,105,2044,q2+q5,0.33686326,770.0,430.0
4504,105,2044,q2+q6,0.28416557,532.0,373.0
4504,105,2044,q3+q4,0.50529489,3040.0,1635.0
4504,105,2044,q3+q5,0.37897117,2858.0,1290.0
4504,105,2044,q3+q6,0.32627348,2214.0,1052.0
4504,105,2044,q4+q5,0.37897117,8440.0,3000.0
4504,105,2044,q4+q6,0.32627348,6780.0,2600.0
4504,105,2044,q5+q6,0.19994975,49200.0,15542.0
4504,105,2044,q1+q2+q3,0.5474028,848.0,458.0
4504,105,2044,q1+q2+q4,0.5474028,1089.0,473.0
4504,105,2044,q1+q2+q5,0.42107908,475.0,331.0
4504,105,2044,q1+q2+q6,0.36838139,446.0,308.0
4504,105,2044,q1+q3+q4,0.58951071,2400.0,1350.0
4504,105,2044,q1+q3+q5,0.46318698,1796.0,1005.0
4504,105,2044,q1+q3+q6,0.41048929,1433.0,938.0
4504,105,2044,q1+q4+q5,0.46318698,6012.0,2538.0
4504,105,2044,q1+q4+q6,0.41048929,4788.0,2400.0
4504,105,2044,q1+q5+q6,0.28416557,21840.0,11059.125
4504,105,2044,q2+q3+q4,0.71583443,1863.0,992.5
4504,105,2044,q2+q3+q5,0.58951071,1313.0,855.0
4504,105,2044,q2+q3+q6,0.53681302,1125.0,823.5
4504,105,2044,q2+q4+q5,0.58951071,3780.0,2160.0
4504,105,2044,q2+q4+q6,0.53681302,2720.0,2096.8333
4504,105,2044,q2+q5+q6,0.41048929,1452.0,734.0
4504,105,2044,q3+q4+q5,0.63161861,3920.0,2100.0
4504,105,2044,q3+q4+q6,0.57892092,3650.0,1890.0
4504,105,2044,q3+q5+q6,0.4525972,4208.0,1433.0
4504,105,2044,q4+q5+q6,0.4525972,11175.0,3920.0
4504,105,2044,q1+q2+q3+q4,0.80005025,1388.0,923.0
4504,105,2044,q1+q2+q3+q5,0.67372652,983.0,755.0
4504,105,2044,q1+q2+q3+q6,0.62102883,923.0,553.5
4504,105,2044,q1+q2+q4+q5,0.67372652,2514.0,1890.0
4504,105,2044,q1+q2+q4+q6,0.62102883,2160.0,1695.0
4504,105,2044,q1+q2+q5+q6,0.49470511,734.0,422.0
4504,105,2044,q1+q3+q4+q5,0.71583443,3294.0,1742.2222
4504,105,2044,q1+q3+q4+q6,0.66313674,2768.0,1620.0
4504,105,2044,q1+q3+q5+q6,0.53681302,2565.0,1260.0
4504,105,2044,q1+q4+q5+q6,0.53681302,7800.0,2862.0
4504,105,2044,q2+q3+q4+q5,0.84215815,2400.0,1350.0
4504,105,2044,q2+q3+q4+q6,0.78946046,2160.0,1242.0
4504,105,2044,q2+q3+q5+q6,0.66313674,1461.0,938.0
4504,105,2044,q2+q4+q5+q6,0.66313674,4788.0,2400.0
4504,105,2044,q3+q4+q5+q6,0.70524465,4761.0,2214.0
4504,105,2044,q1+q2+q3+q4+q5,0.92637397,2100.0,1125.0
4504,105,2044,q1+q2+q3+q4+q6,0.87367628,1780.0,983.0
4504,105,2044,q1+q2+q3+q5+q6,0.74735255,1300.0,855.0
4504,105,2044,q1+q2+q4+q5+q6,0.74735255,3780.0,2160.0
4504,105,2044,q1+q3+q4+q5+q6,0.78946046,3906.0,2100.0
4504,105,2044,q2+q3+q4+q5+q6,0.91578418,2768.0,1620.0
4504,105,2044,q1+q2+q3+q4+q5+q6,1.0,2385.0,1313.0
4504,105,2044,all,1.0,2385.0,1313.0
4505,105,2045,q1,0.08422985,156.0,125.0
4505,105,2045,q2,0.21057461,458.0,288.0
4505,105,2045,q3,0.25268954,1780.0,1039.5
4505,105,2045,q4,0.25268954,6620.0,2560.0
4505,105,2045,q5,0.12634477,28450.0,11307.75
4505,105,2045,q6,0.0734717,148840.0,54600.0
4505,105,2045,q1+q2,0.29480446,346.0,252.0
4505,105,2045,q1+q3,0.33691938,1388.0,923.0
4505,105,2045,q1+q4,0.33691938,4428.0,2235.0
4505,105,2045,q1+q5,0.21057461,13332.0,7256.25
4505,105,2045,q1+q6,0.15770154,384.0,192.0
4505,105,2045,q2+q3,0.46326415,1050.0,641.25
4505,105,2045,q2+q4,0.46326415,2514.0,1740.0
4505,105,2045,q2+q5,0.33691938,794.0,393.0
4505,105,2045,q2+q6,0.28404631,718.0,319.0
4505,105,2045,q3+q4,0.50537907,3640.0,1680.0
4505,105,2045,q3+q5,0.37903431,3240.0,1384.0
4505,105,2045,q3+q6,0.32616123,2552.0,1263.6667
4505,105,2045,q4+q5,0.37903431,9245.0,3640.0
4505,105,2045,q4+q6,0.32616123,8440.0,3040.0
4505,105,2045,q5+q6,0.19981646,48096.0,15325.0
4505,105,2045,q1+q2+q3,0.547494,848.0,424.0
4505,105,2045,q1+q2+q4,0.547494,1119.0,458.75
4505,105,2045,q1+q2+q5,0.42114923,514.0,312.0
4505,105,2045,q1+q2+q6,0.36827616,458.0,277.0
4505,105,2045,q1+q3+q4,0.58960892,2700.0,1450.0
4505,105,2045,q1+q3+q5,0.46326415,2079.0,1175.0
4505,105,2045,q1+q3+q6,0.41039108,1661.0,1029.5
4505,105,2045,q1+q4+q5,0.46326415,7472.0,2862.0
4505,105,2045,q1+q4+q6,0.41039108,6152.0,2538.0
4505,105,2045,q1+q5+q6,0.28404631,25875.0,11059.125
4505,105,2045,q2+q3+q4,0.71595369,2079.0,1175.0
4505,105,2045,q2+q3+q5,0.58960892,1450.0,923.0
4505,105,2045,q2+q3+q6,0.53673585,1300.0,855.0
4505,105,2045,q2+q4+q5,0.58960892,4428.0,2235.0
4505,105,2045,q2+q4+q6,0.53673585,3650.0,2110.0
4505,105,2045,q2+q5+q6,0.41039108,1480.0,734.0
4505,105,2045,q3+q4+q5,0.63172384,4428.0,2194.0
4505,105,2045,q3+q4+q6,0.57885077,3960.0,2060.0
4505,105,2045,q3+q5+q6,0.452506,4388.0,1530.0
4505,105,2045,q4+q5+q6,0.452506,11752.0,4240.0
4505,105,2045,q1+q2+q3+q4,0.80018354,1530.0,983.0
4505,105,2045,q1+q2+q3+q5,0.67383877,1240.0,734.0
4505,105,2045,q1+q2+q3+q6,0.62096569,1050.0,641.25
4505,105,2045,q1+q2+q4+q5,0.67383877,3040.0,2060.0
4505,105,2045,q1+q2+q4+q6,0.62096569,2460.0,1695.0
4505,105,2045,q1+q2+q5+q6,0.49462093,786.0,373.0
4505,105,2045,q1+q3+q4+q5,0.71595369,3791.0,1868.0
4505,105,2045,q1+q3+q4+q6,0.66308062,3600.0,1655.0
4505,105,2045,q1+q3+q5+q6,0.53673585,2858.0,1320.0
4505,105,2045,q1+q4+q5+q6,0.53673585,8940.0,3412.0
4505,105,2045,q2+q3+q4+q5,0.84229846,2700.0,1450.0
4505,105,2045,q2+q3+q4+q6,0.78942539,2514.0,1313.0
4505,105,2045,q2+q3+q5+q6,0.66308062,1780.0,1029.5
4505,105,2045,q2+q4+q5+q6,0.66308062,6152.0,2538.0
4505,105,2045,q3+q4+q5+q6,0.70519554,5280.0,2451.5556
4505,105,2045,q1+q2+q3+q4+q5,0.9265283,2385.0,1276.0
4505,105,2045,q1+q2+q3+q4+q6,0.87365523,2045.0,1125.0
4505,105,2045,q1+q2+q3+q5+q6,0.74731046,1426.0,923.0
4505,105,2045,q1+q2+q4+q5+q6,0.74731046,4240.0,2214.0
4505,105,2045,q1+q3+q4+q5+q6,0.78942539,4410.0,2162.6667
4505,105,2045,q2+q3+q4+q5+q6,0.91577015,3600.0,1655.0
4505,105,2045,q1+q2+q3+q4+q5+q6,1.0,2600.0,1432.5
4505,105,2045,all,1.0,2600.0,1432.5
4506,105,2046,q1,0.0842167,168.0,127.0
4506,105,2046,q2,0.21054174,536.0,311.5
4506,105,2046,q3,0.25265009,1985.0,990.0
4506,105,2046,q4,0.25265009,6624.0,2538.0
4506,105,2046,q5,0.12632505,28450.0,11175.0
4506,105,2046,q6,0.07361633,160200.0,52777.7778
4506,105,2046,q1+q2,0.29475844,430.0,262.0
4506,105,2046,q1+q3,0.33686679,1461.0,900.0
4506,105,2046,q1+q4,0.33686679,3940.0,2235.0
4506,105,2046,q1+q5,0.21054174,12825.0,7256.25
4506,105,2046,q1+q6,0.15783303,377.0,200.0
4506,105,2046,q2+q3,0.46319183,1119.0,641.25
4506,105,2046,q2+q4,0.46319183,2514.0,1740.0
4506,105,2046,q2+q5,0.33686679,907.0,401.0
4506,105,2046,q2+q6,0.28415808,760.0,363.0
4506,105,2046,q3+q4,0.50530018,3488.0,1722.0
4506,105,2046,q3+q5,0.37897514,3294.0,1373.0
4506,105,2046,q3+q6,0.32626643,2700.0,1175.0
4506,105,2046,q4+q5,0.37897514,9115.0,3312.0
4506,105,2046,q4+q6,0.32626643,8360.0,2880.0
4506,105,2046,q5+q6,0.19994138,48300.0,13304.1667
4506,105,2046,q1+q2+q3,0.54740853,923.0,430.0
4506,105,2046,q1+q2+q4,0.54740853,1240.0,466.0
4506,105,2046,q1+q2+q5,0.42108348,721.0,336.0
4506,105,2046,q1+q2+q6,0.36837477,532.0,302.5
4506,105,2046,q1+q3+q4,0.58951688,2720.0,1429.0
4506,105,2046,q1+q3+q5,0.46319183,2484.0,1050.0
4506,105,2046,q1+q3+q6,0.41048312,1863.0,984.5
4506,105,2046,q1+q4+q5,0.46319183,7472.0,2655.0
4506,105,2046,q1+q4+q6,0.41048312,6540.0,2514.0
4506,105,2046,q1+q5+q6,0.28415808,25875.0,10096.25
4506,105,2046,q2+q3+q4,0.71584192,2214.0,1039.5
4506,105,2046,q2+q3+q5,0.58951688,1470.0,923.0
4506,105,2046,q2+q3+q6,0.53680817,1373.0,830.5
4506,105,2046,q2+q4+q5,0.58951688,3940.0,2235.0
4506,105,2046,q2+q4+q6,0.53680817,3454.0,2100.0
4506,105,2046,q2+q5+q6,0.41048312,1835.0,755.0
4506,105,2046,q3+q4+q5,0.63162523,4343.0,2184.6667
4506,105,2046,q3+q4+q6,0.57891652,3920.0,2049.3333
4506,105,2046,q3+q5+q6,0.45259147,4343.0,1530.0
4506,105,2046,q4+q5+q6,0.45259147,11520.0,3920.0
4506,105,2046,q1+q2+q3+q4,0.80005862,1796.0,938.0
4506,105,2046,q1+q2+q3+q5,0.67373357,1258.0,711.0
4506,105,2046,q1+q2+q3+q6,0.62102486,1089.0,579.5
4506,105,2046,q1+q2+q4+q5,0.67373357,2720.0,2049.3333
4506,105,2046,q1+q2+q4+q6,0.62102486,2460.0,1722.0
4506,105,2046,q1+q2+q5+q6,0.49469982,806.0,393.0
4506,105,2046,q1+q3+q4+q5,0.71584192,3690.0,1845.0
4506,105,2046,q1+q3+q4+q6,0.66313321,3339.0,1661.0
4506,105,2046,q1+q3+q5+q6,0.53680817,3240.0,1313.0
4506,105,2046,q1+q4+q5+q6,0.53680817,8940.0,3120.0
4506,105,2046,q2+q3+q4+q5,0.84216697,2720.0,1429.0
4506,105,2046,q2+q3+q4+q6,0.78945826,2560.0,1300.0
4506,105,2046,q2+q3+q5+q6,0.66313321,1985.0,984.5
4506,105,2046,q2+q4+q5+q6,0.66313321,6540.0,2514.0
4506,105,2046,q3+q4+q5+q6,0.70524156,5076.0,2400.0
4506,105,2046,q1+q2+q3+q4+q5,0.92638367,2484.0,1178.0
4506,105,2046,q1+q2+q3+q4+q6,0.87367495,2160.0,1029.5
4506,105,2046,q1+q2+q3+q5+q6,0.74734991,1470.0,898.0
4506,105,2046,q1+q2+q4+q5+q6,0.74734991,3920.0,2214.0
4506,105,2046,q1+q3+q4+q5+q6,0.78945826,4240.0,2160.0
4506,105,2046,q2+q3+q4+q5+q6,0.9157833,3339.0,1661.0
4506,105,2046,q1+q2+q3+q4+q5+q6,1.0,2700.0,1388.0
4506,105,2046,all,1.0,2700.0,1388.0
4507,105,2047,q1,0.0842167,161.0,132.5
4507,105,2047,q2,0.21054174,458.0,277.0
4507,105,2047,q3,0.25265009,1530.0,1125.0
4507,105,2047,q4,0.25265009,6012.0,2560.0
4507,105,2047,q5,0.12632505,25875.0,12217.5
4507,105,2047,q6,0.07361633,112896.0,63630.0
4507,105,2047,q1+q2,0.29475844,315.0,252.0
4507,105,2047,q1+q3,0.33686679,1313.0,931.5
4507,105,2047,q1+q4,0.33686679,4240.0,2214.0
4507,105,2047,q1+q5,0.21054174,12825.0,7642.875
4507,105,2047,q1+q6,0.15783303,414.0,192.0
4507,105,2047,q2+q3,0.46319183,1044.0,641.25
4507,105,2047,q2+q4,0.46319183,2514.0,1740.0
4507,105,2047,q2+q5,0.33686679,794.0,401.0
4507,105,2047,q2+q6,0.28415808,514.0,315.0
4507,105,2047,q3+q4,0.50530018,3294.0,1680.0
4507,105,2047,q3+q5,0.37897514,3083.0,1432.5
4507,105,2047,q3+q6,0.32626643,2052.0,1300.0
4507,105,2047,q4+q5,0.37897514,9245.0,3650.0
4507,105,2047,q4+q6,0.32626643,8440.0,3040.0
4507,105,2047,q5+q6,0.19994138,42525.0,15325.0
4507,105,2047,q1+q2+q3,0.54740853,855.0,430.0
4507,105,2047,q1+q2+q4,0.54740853,1130.0,466.0
4507,105,2047,q1+q2+q5,0.42108348,466.0,301.0
4507,105,2047,q1+q2+q6,0.36837477,458.0,268.0
4507,105,2047,q1+q3+q4,0.58951688,2560.0,1450.0
4507,105,2047,q1+q3+q5,0.46319183,1780.0,1260.0
4507,105,2047,q1+q3+q6,0.41048312,1470.0,1052.0
4507,105,2047,q1+q4+q5,0.46319183,6960.0,2730.0
4507,105,2047,q1+q4+q6,0.41048312,5160.0,2538.0
4507,105,2047,q1+q5+q6,0.28415808,21840.0,11175.0
4507,105,2047,q2+q3+q4,0.71584192,1780.0,1260.0
4507,105,2047,q2+q3+q5,0.58951688,1388.0,938.0
4507,105,2047,q2+q3+q6,0.53680817,1300.0,876.8333
4507,105,2047,q2+q4+q5,0.58951688,4240.0,2214.0
4507,105,2047,q2+q4+q6,0.53680817,3454.0,2110.0
4507,105,2047,q2+q5+q6,0.41048312,1480.0,755.0
4507,105,2047,q3+q4+q5,0.63162523,4410.0,2170.0
4507,105,2047,q3+q4+q6,0.57891652,3938.0,2060.0
4507,105,2047,q3+q5+q6,0.45259147,4578.0,1530.0
4507,105,2047,q4+q5+q6,0.45259147,11520.0,4828.0
4507,105,2047,q1+q2+q3+q4,0.80005862,1450.0,984.5
4507,105,2047,q1+q2+q3+q5,0.67373357,1240.0,810.0
4507,105,2047,q1+q2+q3+q6,0.62102486,983.0,579.5
4507,105,2047,q1+q2+q4+q5,0.67373357,2720.0,2095.0
4507,105,2047,q1+q2+q4+q6,0.62102486,2460.0,1722.0
4507,105,2047,q1+q2+q5+q6,0.49469982,755.0,373.0
4507,105,2047,q1+q3+q4+q5,0.71584192,3690.0,1785.0
4507,105,2047,q1+q3+q4+q6,0.66313321,3180.0,1656.375
4507,105,2047,q1+q3+q5+q6,0.53680817,2565.0,1388.0
4507,105,2047,q1+q4+q5+q6,0.53680817,8940.0,3640.0
4507,105,2047,q2+q3+q4+q5,0.84216697,2560.0,1450.0
4507,105,2047,q2+q3+q4+q6,0.78945826,2318.0,1384.0
4507,105,2047,q2+q3+q5+q6,0.66313321,1530.0,1052.0
4507,105,2047,q2+q4+q5+q6,0.66313321,5160.0,2538.0
4507,105,2047,q3+q4+q5+q6,0.70524156,5160.0,2460.0
4507,105,2047,q1+q2+q3+q4+q5,0.92638367,2100.0,1300.0
4507,105,2047,q1+q2+q3+q4+q6,0.87367495,1767.0,1260.0
4507,105,2047,q1+q2+q3+q5+q6,0.74734991,1373.0,923.0
4507,105,2047,q1+q2+q4+q5+q6,0.74734991,3940.0,2214.0
4507,105,2047,q1+q3+q4+q5+q6,0.78945826,4240.0,2160.0
4507,105,2047,q2+q3+q4+q5+q6,0.9157833,3180.0,1656.375
4507,105,2047,q1+q2+q3+q4+q5+q6,1.0,2514.0,1450.0
4507,105,2047,all,1.0,2514.0,1450.0
4508,105,2048,q1,0.0842167,160.0,134.0
4508,105,2048,q2,0.21054174,458.0,312.0
4508,105,2048,q3,0.25265009,1530.0,962.75
4508,105,2048,q4,0.25265009,5160.0,2470.0
4508,105,2048,q5,0.12632505,27675.0,11175.0
4508,105,2048,q6,0.07361633,130296.0,54675.0
4508,105,2048,q1+q2,0.29475844,360.0,277.0
4508,105,2048,q1+q3,0.33686679,1313.0,855.0
4508,105,2048,q1+q4,0.33686679,3780.0,2162.6667
4508,105,2048,q1+q5,0.21054174,12825.0,7793.3333
4508,105,2048,q1+q6,0.15783303,411.0,198.0
4508,105,2048,q2+q3,0.46319183,968.0,641.25
4508,105,2048,q2+q4,0.46319183,2297.0,1727.0
4508,105,2048,q2+q5,0.33686679,804.0,422.0
4508,105,2048,q2+q6,0.28415808,654.0,367.0
4508,105,2048,q3+q4,0.50530018,3120.0,1655.0
4508,105,2048,q3+q5,0.37897514,3083.0,1313.0
4508,105,2048,q3+q6,0.32626643,2322.0,1085.75
4508,105,2048,q4+q5,0.37897514,8974.0,3006.0
4508,105,2048,q4+q6,0.32626643,7380.0,2720.0
4508,105,2048,q5+q6,0.19994138,49920.0,16032.0
4508,105,2048,q1+q2+q3,0.54740853,855.0,458.0
4508,105,2048,q1+q2+q4,0.54740853,1130.0,466.0
4508,105,2048,q1+q2+q5,0.42108348,480.0,327.0
4508,105,2048,q1+q2+q6,0.36837477,458.0,302.5
4508,105,2048,q1+q3+q4,0.58951688,2514.0,1373.0
4508,105,2048,q1+q3+q5,0.46319183,2045.0,1026.0
4508,105,2048,q1+q3+q6,0.41048312,1470.0,938.0
4508,105,2048,q1+q4+q5,0.46319183,6540.0,2560.0
4508,105,2048,q1+q4+q6,0.41048312,5040.0,2460.0
4508,105,2048,q1+q5+q6,0.28415808,24969.0,10631.25
4508,105,2048,q2+q3+q4,0.71584192,2052.0,1026.0
4508,105,2048,q2+q3+q5,0.58951688,1350.0,855.0
4508,105,2048,q2+q3+q6,0.53680817,1240.0,823.5
4508,105,2048,q2+q4+q5,0.58951688,3780.0,2162.6667
4508,105,2048,q2+q4+q6,0.53680817,3040.0,2096.8333
4508,105,2048,q2+q5+q6,0.41048312,1480.0,755.0
4508,105,2048,q3+q4+q5,0.63162523,3940.0,2100.0
4508,105,2048,q3+q4+q6,0.57891652,3780.0,1890.0
4508,105,2048,q3+q5+q6,0.45259147,4208.0,1450.0
4508,105,2048,q4+q5+q6,0.45259147,11175.0,3920.0
4508,105,2048,q1+q2+q3+q4,0.80005862,1440.0,923.0
4508,105,2048,q1+q2+q3+q5,0.67373357,1119.0,770.75
4508,105,2048,q1+q2+q3+q6,0.62102486,923.0,596.25
4508,105,2048,q1+q2+q4+q5,0.67373357,2560.0,1904.0
4508,105,2048,q1+q2+q4+q6,0.62102486,2160.0,1695.0
4508,105,2048,q1+q2+q5+q6,0.49469982,786.0,403.0
4508,105,2048,q1+q3+q4+q5,0.71584192,3488.0,1767.0
4508,105,2048,q1+q3+q4+q6,0.66313321,3083.0,1624.8333
4508,105,2048,q1+q3+q5+q6,0.53680817,2768.0,1290.0
4508,105,2048,q1+q4+q5+q6,0.53680817,8680.0,3000.0
4508,105,2048,q2+q3+q4+q5,0.84216697,2514.0,1373.0
4508,105,2048,q2+q3+q4+q6,0.78945826,2322.0,1263.6667
4508,105,2048,q2+q3+q5+q6,0.66313321,1530.0,949.5
4508,105,2048,q2+q4+q5+q6,0.66313321,5040.0,2460.0
4508,105,2048,q3+q4+q5+q6,0.70524156,4828.0,2235.0
4508,105,2048,q1+q2+q3+q4+q5,0.92638367,2160.0,1125.0
4508,105,2048,q1+q2+q3+q4+q6,0.87367495,1985.0,992.5
4508,105,2048,q1+q2+q3+q5+q6,0.74734991,1313.0,855.0
4508,105,2048,q1+q2+q4+q5+q6,0.74734991,3780.0,2160.0
4508,105,2048,q1+q3+q4+q5+q6,0.78945826,3920.0,2096.8889
4508,105,2048,q2+q3+q4+q5+q6,0.9157833,3083.0,1624.8333
4508,105,2048,q1+q2+q3+q4+q5+q6,1.0,2484.0,1320.0
4508,105,2048,all,1.0,2484.0,1320.0
4509,105,2049,q1,0.0842167,160.0,138.0
4509,105,2049,q2,0.21054174,462.0,306.5
4509,105,2049,q3,0.25265009,1767.0,968.0
4509,105,2049,q4,0.25265009,5040.0,2460.0
4509,105,2049,q5,0.12632505,29025.0,10631.25
4509,105,2049,q6,0.07361633,143100.0,52500.0
4509,105,2049,q1+q2,0.29475844,360.0,262.0
4509,105,2049,q1+q3,0.33686679,1350.0,923.0
4509,105,2049,q1+q4,0.33686679,3454.0,2184.6667
4509,105,2049,q1+q5,0.21054174,12400.0,6971.25
4509,105,2049,q1+q6,0.15783303,388.0,200.0
4509,105,2049,q2+q3,0.46319183,983.0,579.5
4509,105,2049,q2+q4,0.46319183,2514.0,1573.0
4509,105,2049,q2+q5,0.33686679,878.0,403.0
4509,105,2049,q2+q6,0.28415808,708.0,360.0
4509,105,2049,q3+q4,0.50530018,3173.0,1492.5
4509,105,2049,q3+q5,0.37897514,3294.0,1276.0
4509,105,2049,q3+q6,0.32626643,2363.0,1066.5
4509,105,2049,q4+q5,0.37897514,9115.0,2862.0
4509,105,2049,q4+q6,0.32626643,8240.0,2720.0
4509,105,2049,q5+q6,0.19994138,48703.0,12825.0
4509,105,2049,q1+q2+q3,0.54740853,907.0,445.0
4509,105,2049,q1+q2+q4,0.54740853,1258.0,466.0
4509,105,2049,q1+q2+q5,0.42108348,483.0,316.75
4509,105,2049,q1+q2+q6,0.36837477,458.0,301.0
4509,105,2049,q1+q3+q4,0.58951688,2600.0,1350.0
4509,105,2049,q1+q3+q5,0.46319183,2079.0,1026.0
4509,105,2049,q1+q3+q6,0.41048312,1661.0,968.0
4509,105,2049,q1+q4+q5,0.46319183,6960.0,2560.0
4509,105,2049,q1+q4+q6,0.41048312,4788.0,2401.0
4509,105,2049,q1+q5+q6,0.28415808,26605.0,9900.0
4509,105,2049,q2+q3+q4,0.71584192,2100.0,990.0
4509,105,2049,q2+q3+q5,0.58951688,1426.0,923.0
4509,105,2049,q2+q3+q6,0.53680817,1300.0,830.5
4509,105,2049,q2+q4+q5,0.58951688,3454.0,2184.6667
4509,105,2049,q2+q4+q6,0.53680817,2720.0,1961.3333
4509,105,2049,q2+q5+q6,0.41048312,1480.0,755.0
4509,105,2049,q3+q4+q5,0.63162523,3938.0,2096.8333
4509,105,2049,q3+q4+q6,0.57891652,3623.0,1767.0
4509,105,2049,q3+q5+q6,0.45259147,4316.0,1470.0
4509,105,2049,q4+q5+q6,0.45259147,11752.0,3827.5
4509,105,2049,q1+q2+q3+q4,0.80005862,1470.0,931.5
4509,105,2049,q1+q2+q3+q5,0.67373357,1175.0,713.0
4509,105,2049,q1+q2+q3+q6,0.62102486,968.0,553.5
4509,105,2049,q1+q2+q4+q5,0.67373357,2720.0,1742.2222
4509,105,2049,q1+q2+q4+q6,0.62102486,2460.0,1469.0
4509,105,2049,q1+q2+q5+q6,0.49469982,806.0,402.0
4509,105,2049,q1+q3+q4+q5,0.71584192,3294.0,1673.5
4509,105,2049,q1+q3+q4+q6,0.66313321,3040.0,1470.0
4509,105,2049,q1+q3+q5+q6,0.53680817,3173.0,1260.0
4509,105,2049,q1+q4+q5+q6,0.53680817,8976.0,2730.0
4509,105,2049,q2+q3+q4+q5,0.84216697,2600.0,1350.0
4509,105,2049,q2+q3+q4+q6,0.78945826,2460.0,1178.0
4509,105,2049,q2+q3+q5+q6,0.66313321,1661.0,968.0
4509,105,2049,q2+q4+q5+q6,0.66313321,4788.0,2401.0
4509,105,2049,q3+q4+q5+q6,0.70524156,4624.0,2244.0
4509,105,2049,q1+q2+q3+q4+q5,0.92638367,2363.0,1050.0
4509,105,2049,q1+q2+q3+q4+q6,0.87367495,2052.0,983.0
4509,105,2049,q1+q2+q3+q5+q6,0.74734991,1388.0,923.0
4509,105,2049,q1+q2+q4+q5+q6,0.74734991,3180.0,2160.0
4509,105,2049,q1+q3+q4+q5+q6,0.78945826,3906.0,2049.3333
4509,105,2049,q2+q3+q4+q5+q6,0.9157833,3040.0,1470.0
4509,105,2049,q1+q2+q3+q4+q5+q6,1.0,2565.0,1300.0
4509,105,2049,all,1.0,2565.0,1300.0
4510,105,2050,q1,0.0842167,168.0,137.0
4510,105,2050,q2,0.21054174,466.0,312.0
4510,105,2050,q3,0.25265009,1530.0,1005.0
4510,105,2050,q4,0.25265009,4788.0,2460.0
4510,105,2050,q5,0.12632505,25875.0,10096.25
4510,105,2050,q6,0.07361633,122600.0,54600.0
4510,105,2050,q1+q2,0.29475844,401.0,269.0
4510,105,2050,q1+q3,0.33686679,1178.0,923.0
4510,105,2050,q1+q4,0.33686679,3640.0,2207.5
4510,105,2050,q1+q5,0.21054174,12400.0,7642.875
4510,105,2050,q1+q6,0.15783303,369.0,200.0
4510,105,2050,q2+q3,0.46319183,979.0,645.8333
4510,105,2050,q2+q4,0.46319183,2460.0,1722.0
4510,105,2050,q2+q5,0.33686679,878.0,445.0
4510,105,2050,q2+q6,0.28415808,718.0,393.0
4510,105,2050,q3+q4,0.50530018,3040.0,1651.0
4510,105,2050,q3+q5,0.37897514,2588.0,1300.0
4510,105,2050,q3+q6,0.32626643,2133.0,1175.0
4510,105,2050,q4+q5,0.37897514,8830.0,3040.0
4510,105,2050,q4+q6,0.32626643,7655.0,2702.0
4510,105,2050,q5+q6,0.19994138,48300.0,13332.0
4510,105,2050,q1+q2+q3,0.54740853,855.0,466.0
4510,105,2050,q1+q2+q4,0.54740853,1210.0,475.0
4510,105,2050,q1+q2+q5,0.42108348,613.0,336.5
4510,105,2050,q1+q2+q6,0.36837477,466.0,308.0
4510,105,2050,q1+q3+q4,0.58951688,2514.0,1388.0
4510,105,2050,q1+q3+q5,0.46319183,1796.0,1050.0
4510,105,2050,q1+q3+q6,0.41048312,1470.0,983.0
4510,105,2050,q1+q4+q5,0.46319183,6620.0,2565.0
4510,105,2050,q1+q4+q6,0.41048312,4624.0,2451.5556
4510,105,2050,q1+q5+q6,0.28415808,24332.0,9922.5
4510,105,2050,q2+q3+q4,0.71584192,1863.0,1029.0
4510,105,2050,q2+q3+q5,0.58951688,1373.0,923.0
4510,105,2050,q2+q3+q6,0.53680817,1175.0,849.3333
4510,105,2050,q2+q4+q5,0.58951688,3640.0,2207.5
4510,105,2050,q2+q4+q6,0.53680817,3040.0,2095.0
4510,105,2050,q2+q5+q6,0.41048312,1481.0,870.0
4510,105,2050,q3+q4+q5,0.63162523,3920.0,2100.0
4510,105,2050,q3+q4+q6,0.57891652,3488.0,1868.0
4510,105,2050,q3+q5+q6,0.45259147,4208.0,1470.0
4510,105,2050,q4+q5+q6,0.45259147,11175.0,3920.0
4510,105,2050,q1+q2+q3+q4,0.80005862,1440.0,938.0
4510,105,2050,q1+q2+q3+q5,0.67373357,1050.0,810.0
4510,105,2050,q1+q2+q3+q6,0.62102486,938.0,635.25
4510,105,2050,q1+q2+q4+q5,0.67373357,2600.0,1890.0
4510,105,2050,q1+q2+q4+q6,0.62102486,2400.0,1673.5
4510,105,2050,q1+q2+q5+q6,0.49469982,806.0,422.0
4510,105,2050,q1+q3+q4+q5,0.71584192,3180.0,1742.2222
4510,105,2050,q1+q3+q4+q6,0.66313321,3040.0,1635.0
4510,105,2050,q1+q3+q5+q6,0.53680817,2565.0,1294.0
4510,105,2050,q1+q4+q5+q6,0.53680817,8380.0,3038.3333
4510,105,2050,q2+q3+q4+q5,0.84216697,2514.0,1388.0
4510,105,2050,q2+q3+q4+q6,0.78945826,2322.0,1260.0
4510,105,2050,q2+q3+q5+q6,0.66313321,1530.0,983.0
4510,105,2050,q2+q4+q5+q6,0.66313321,4624.0,2451.5556
4510,105,2050,q3+q4+q5+q6,0.70524156,4428.0,2312.0
4510,105,2050,q1+q2+q3+q4+q5,0.92638367,2133.0,1175.0
4510,105,2050,q1+q2+q3+q4+q6,0.87367495,1780.0,1022.5
4510,105,2050,q1+q2+q3+q5+q6,0.74734991,1346.0,923.0
4510,105,2050,q1+q2+q4+q5+q6,0.74734991,3454.0,2170.0
4510,105,2050,q1+q3+q4+q5+q6,0.78945826,3893.0,2096.8889
4510,105,2050,q2+q3+q4+q5+q6,0.9157833,3040.0,1635.0
4510,105,2050,q1+q2+q3+q4+q5+q6,1.0,2514.0,1373.0
4510,105,2050,all,1.0,2514.0,1373.0
4511,105,2141,q1,0.07845065,160.0,134.0
4511,105,2141,q2,0.19612661,458.0,301.0
4511,105,2141,q3,0.23535194,1661.0,992.5
4511,105,2141,q4,0.23535194,5724.0,2514.0
4511,105,2141,q5,0.11767597,27675.0,11175.0
4511,105,2141,q6,0.1370429,141300.0,54600.0
4511,105,2141,q1+q2,0.27457726,360.0,257.0
4511,105,2141,q1+q3,0.31380258,1313.0,923.0
4511,105,2141,q1+q4,0.31380258,3920.0,2214.0
4511,105,2141,q1+q5,0.19612661,12600.0,7375.0
4511,105,2141,q1+q6,0.21549355,71500.0,37210.0
4511,105,2141,q2+q3,0.43147855,983.0,641.25
4511,105,2141,q2+q4,0.43147855,2460.0,1695.0
4511,105,2141,q2+q5,0.31380258,806.0,403.0
4511,105,2141,q2+q6,0.33316951,979.0,430.0
4511,105,2141,q3+q4,0.47070387,3180.0,1651.0
4511,105,2141,q3+q5,0.3530279,3173.0,1313.0
4511,105,2141,q3+q6,0.37239484,3488.0,1384.0
4511,105,2141,q4+q5,0.3530279,8976.0,3076.0
4511,105,2141,q4+q6,0.37239484,10260.0,3412.0
4511,105,2141,q5+q6,0.25471887,68100.0,28224.0
4511,105,2141,q1+q2+q3,0.5099292,855.0,458.0
4511,105,2141,q1+q2+q4,0.5099292,1166.0,466.0
4511,105,2141,q1+q2+q5,0.39225323,514.0,318.5
4511,105,2141,q1+q2+q6,0.41162016,619.0,336.5
4511,105,2141,q1+q3+q4,0.54915452,2565.0,1388.0
4511,105,2141,q1+q3+q5,0.43147855,2052.0,1050.0
4511,105,2141,q1+q3+q6,0.45084548,2214.0,1175.0
4511,105,2141,q1+q4+q5,0.43147855,6824.0,2600.0
4511,105,2141,q1+q4+q6,0.45084548,7655.0,2720.0
4511,105,2141,q1+q5+q6,0.33316951,42525.0,13304.1667
4511,105,2141,q2+q3+q4,0.66683049,2052.0,1039.5
4511,105,2141,q2+q3+q5,0.54915452,1388.0,923.0
4511,105,2141,q2+q3+q6,0.56852145,1450.0,923.0
4511,105,2141,q2+q4+q5,0.54915452,3920.0,2214.0
4511,105,2141,q2+q4+q6,0.56852145,4240.0,2235.0
4511,105,2141,q2+q5+q6,0.45084548,14850.0,7987.5
4511,105,2141,q3+q4+q5,0.58837984,4208.0,2160.0
4511,105,2141,q3+q4+q6,0.60774677,4388.0,2170.0
4511,105,2141,q3+q5+q6,0.4900708,11175.0,6710.0
4511,105,2141,q4+q5+q6,0.4900708,13332.0,6862.5
4511,105,2141,q1+q2+q3+q4,0.74528113,1470.0,938.0
4511,105,2141,q1+q2+q3+q5,0.62760516,1166.0,755.0
4511,105,2141,q1+q2+q3+q6,0.6469721,1246.0,823.5
4511,105,2141,q1+q2+q4+q5,0.62760516,2720.0,1890.0
4511,105,2141,q1+q2+q4+q6,0.6469721,3040.0,2060.0
4511,105,2141,q1+q2+q5+q6,0.52929613,1426.0,553.0
4511,105,2141,q1+q3+q4+q5,0.66683049,3623.0,1767.0
4511,105,2141,q1+q3+q4+q6,0.68619742,3650.0,1845.0
4511,105,2141,q1+q3+q5+q6,0.56852145,4118.0,1461.0
4511,105,2141,q1+q4+q5+q6,0.56852145,11175.0,3920.0
4511,105,2141,q2+q3+q4+q5,0.78450645,2565.0,1388.0
4511,105,2141,q2+q3+q4+q6,0.80387339,2700.0,1450.0
4511,105,2141,q2+q3+q5+q6,0.68619742,2297.0,1175.0
4511,105,2141,q2+q4+q5+q6,0.68619742,7655.0,2720.0
4511,105,2141,q3+q4+q5+q6,0.72542274,6624.0,2560.0
4511,105,2141,q1+q2+q3+q4+q5,0.8629571,2214.0,1178.0
4511,105,2141,q1+q2+q3+q4+q6,0.88232403,2385.0,1260.0
4511,105,2141,q1+q2+q3+q5+q6,0.76464806,1530.0,979.0
4511,105,2141,q1+q2+q4+q5+q6,0.76464806,4828.0,2460.0
4511,105,2141,q1+q3+q4+q5+q6,0.80387339,4828.0,2244.0
4511,105,2141,q2+q3+q4+q5+q6,0.92154935,3650.0,1845.0
4511,105,2141,q1+q2+q3+q4+q5+q6,1.0,3083.0,1530.0
4511,105,2141,all,1.0,3083.0,1530.0
4512,105,2142,q1,0.07844101,168.0,137.0
4512,105,2142,q2,0.19610252,462.0,295.0
4512,105,2142,q3,0.23532302,1661.0,963.75
4512,105,2142,q4,0.23532302,4428.0,2460.0
4512,105,2142,q5,0.11766151,24969.0,10631.25
4512,105,2142,q6,0.13714891,148840.0,68100.0
4512,105,2142,q1+q2,0.27454353,319.0,262.0
4512,105,2142,q1+q3,0.31376403,1260.0,905.75
4512,105,2142,q1+q4,0.31376403,3454.0,2214.0
4512,105,2142,q1+q5,0.19610252,11175.0,7112.5
4512,105,2142,q1+q6,0.21558992,85623.0,42519.1667
4512,105,2142,q2+q3,0.43142554,968.0,619.0
4512,105,2142,q2+q4,0.43142554,2460.0,1722.0
4512,105,2142,q2+q5,0.31376403,870.0,403.0
4512,105,2142,q2+q6,0.33325143,1045.0,445.0
4512,105,2142,q3+q4,0.47064605,2720.0,1661.0
4512,105,2142,q3+q5,0.35298454,3083.0,1290.0
4512,105,2142,q3+q6,0.37247194,3488.0,1350.0
4512,105,2142,q4+q5,0.35298454,8700.0,2820.0
4512,105,2142,q4+q6,0.37247194,9749.0,3038.3333
4512,105,2142,q5+q6,0.25481043,68800.0,28728.0
4512,105,2142,q1+q2+q3,0.50986655,886.0,458.0
4512,105,2142,q1+q2+q4,0.50986655,1246.0,466.0
4512,105,2142,q1+q2+q5,0.39220504,532.0,315.0
4512,105,2142,q1+q2+q6,0.41169244,708.0,317.5
4512,105,2142,q1+q3+q4,0.54908705,2514.0,1388.0
4512,105,2142,q1+q3+q5,0.43142554,1796.0,1029.0
4512,105,2142,q1+q3+q6,0.45091295,2079.0,1050.0
4512,105,2142,q1+q4+q5,0.43142554,6152.0,2514.0
4512,105,2142,q1+q4+q6,0.45091295,6824.0,2560.0
4512,105,2142,q1+q5+q6,0.33325143,38745.0,13056.0
4512,105,2142,q2+q3+q4,0.66674857,1863.0,1026.0
4512,105,2142,q2+q3+q5,0.54908705,1375.0,923.0
4512,105,2142,q2+q3+q6,0.56857446,1433.0,923.0
4512,105,2142,q2+q4+q5,0.54908705,3454.0,2214.0
4512,105,2142,q2+q4+q6,0.56857446,3920.0,2214.0
4512,105,2142,q2+q5+q6,0.45091295,12600.0,7800.0
4512,105,2142,q3+q4+q5,0.58830756,3920.0,2160.0
4512,105,2142,q3+q4+q6,0.60779496,3960.0,2207.5
4512,105,2142,q3+q5+q6,0.49013345,9245.0,6457.5
4512,105,2142,q4+q5+q6,0.49013345,12600.0,6492.1333
4512,105,2142,q1+q2+q3+q4,0.74518957,1470.0,923.0
4512,105,2142,q1+q2+q3+q5,0.62752806,1125.0,711.0
4512,105,2142,q1+q2+q3+q6,0.64701546,1178.0,810.0
4512,105,2142,q1+q2+q4+q5,0.62752806,2514.0,1890.0
4512,105,2142,q1+q2+q4+q6,0.64701546,2560.0,2060.0
4512,105,2142,q1+q2+q5+q6,0.52935395,1440.0,619.0
4512,105,2142,q1+q3+q4+q5,0.66674857,3285.0,1742.2222
4512,105,2142,q1+q3+q4+q6,0.68623597,3488.0,1845.0
4512,105,2142,q1+q3+q5+q6,0.56857446,3906.0,1461.0
4512,105,2142,q1+q4+q5+q6,0.56857446,10080.0,3827.5
4512,105,2142,q2+q3+q4+q5,0.78441008,2514.0,1388.0
4512,105,2142,q2+q3+q4+q6,0.80389748,2541.0,1450.0
4512,105,2142,q2+q3+q5+q6,0.68623597,2133.0,1050.0
4512,105,2142,q2+q4+q5+q6,0.68623597,6824.0,2560.0
4512,105,2142,q3+q4+q5+q6,0.72545647,5733.0,2514.0
4512,105,2142,q1+q2+q3+q4+q5,0.86285109,2160.0,1125.0
4512,105,2142,q1+q2+q3+q4+q6,0.88233849,2297.0,1181.5
4512,105,2142,q1+q2+q3+q5+q6,0.76467698,1651.0,931.5
4512,105,2142,q1+q2+q4+q5+q6,0.76467698,4428.0,2400.0
4512,105,2142,q1+q3+q4+q5+q6,0.80389748,4428.0,2214.0
4512,105,2142,q2+q3+q4+q5+q6,0.92155899,3488.0,1845.0
4512,105,2142,q1+q2+q3+q4+q5+q6,1.0,2600.0,1624.8333
4512,105,2142,all,1.0,2600.0,1624.8333
4513,105,2143,q1,0.07844013,168.0,138.0
4513,105,2143,q2,0.19610033,466.0,312.0
4513,105,2143,q3,0.2353204,1661.0,990.0
4513,105,2143,q4,0.2353204,5040.0,2514.0
4513,105,2143,q5,0.1176602,29500.0,10057.0
4513,105,2143,q6,0.13715855,143100.0,54300.0
4513,105,2143,q1+q2,0.27454046,401.0,269.0
4513,105,2143,q1+q3,0.31376053,1373.0,923.0
4513,105,2143,q1+q4,0.31376053,3454.0,2207.5
4513,105,2143,q1+q5,0.19610033,12400.0,7256.25
4513,105,2143,q1+q6,0.21559868,68800.0,33180.0
4513,105,2143,q2+q3,0.43142072,1044.0,635.25
4513,105,2143,q2+q4,0.43142072,2514.0,1656.375
4513,105,2143,q2+q5,0.31376053,979.0,430.0
4513,105,2143,q2+q6,0.33325888,1130.0,466.0
4513,105,2143,q3+q4,0.47064079,3173.0,1573.0
4513,105,2143,q3+q5,0.35298059,3294.0,1313.0
4513,105,2143,q3+q6,0.37247895,3600.0,1384.0
4513,105,2143,q4+q5,0.35298059,9245.0,3040.0
4513,105,2143,q4+q6,0.37247895,10620.0,3076.0
4513,105,2143,q5+q6,0.25481875,68800.0,25493.3333
4513,105,2143,q1+q2+q3,0.50986086,923.0,466.0
4513,105,2143,q1+q2+q4,0.50986086,1274.0,473.0
4513,105,2143,q1+q2+q5,0.39220066,619.0,352.75
4513,105,2143,q1+q2+q6,0.41169901,734.0,367.0
4513,105,2143,q1+q3+q4,0.54908092,2600.0,1388.0
4513,105,2143,q1+q3+q5,0.43142072,2052.0,1039.5
4513,105,2143,q1+q3+q6,0.45091908,2322.0,1066.5
4513,105,2143,q1+q4+q5,0.43142072,7140.0,2600.0
4513,105,2143,q1+q4+q6,0.45091908,7655.0,2720.0
4513,105,2143,q1+q5+q6,0.33325888,42525.0,12600.0
4513,105,2143,q2+q3+q4,0.66674112,2079.0,1026.0
4513,105,2143,q2+q3+q5,0.54908092,1426.0,923.0
4513,105,2143,q2+q3+q6,0.56857928,1452.0,938.0
4513,105,2143,q2+q4+q5,0.54908092,3454.0,2207.5
4513,105,2143,q2+q4+q6,0.56857928,3920.0,2235.0
4513,105,2143,q2+q5+q6,0.45091908,12825.0,7800.0
4513,105,2143,q3+q4+q5,0.58830099,3940.0,2096.8889
4513,105,2143,q3+q4+q6,0.60779934,4208.0,2160.0
4513,105,2143,q3+q5+q6,0.49013914,11175.0,6615.0
4513,105,2143,q4+q5+q6,0.49013914,13000.0,6615.0
4513,105,2143,q1+q2+q3+q4,0.74518125,1470.0,938.0
4513,105,2143,q1+q2+q3+q5,0.62752105,1178.0,765.6667
4513,105,2143,q1+q2+q3+q6,0.64701941,1267.0,823.5
4513,105,2143,q1+q2+q4+q5,0.62752105,2720.0,1785.0
4513,105,2143,q1+q2+q4+q6,0.64701941,2720.0,1961.3333
4513,105,2143,q1+q2+q5+q6,0.52935921,1440.0,713.0
4513,105,2143,q1+q3+q4+q5,0.66674112,3339.0,1722.0
4513,105,2143,q1+q3+q4+q6,0.68623947,3600.0,1757.0
4513,105,2143,q1+q3+q5+q6,0.56857928,4208.0,1461.0
4513,105,2143,q1+q4+q5+q6,0.56857928,11175.0,3827.5
4513,105,2143,q2+q3+q4+q5,0.78440132,2600.0,1388.0
4513,105,2143,q2+q3+q4+q6,0.80389967,2720.0,1429.0
4513,105,2143,q2+q3+q5+q6,0.68623947,2363.0,1066.5
4513,105,2143,q2+q4+q5+q6,0.68623947,7655.0,2720.0
4513,105,2143,q3+q4+q5+q6,0.72545954,6620.0,2560.0
4513,105,2143,q1+q2+q3+q4+q5,0.86284145,2363.0,1085.75
4513,105,2143,q1+q2+q3+q4+q6,0.8823398,2400.0,1178.0
4513,105,2143,q1+q2+q3+q5+q6,0.7646796,1651.0,973.25
4513,105,2143,q1+q2+q4+q5+q6,0.7646796,4428.0,2401.0
4513,105,2143,q1+q3+q4+q5+q6,0.80389967,4428.0,2244.0
4513,105,2143,q2+q3+q4+q5+q6,0.92155987,3600.0,1757.0
4513,105,2143,q1+q2+q3+q4+q5+q6,1.0,3040.0,1470.0
4513,105,2143,all,1.0,3040.0,1470.0
4514,105,2144,q1,0.07844055,161.0,138.0
4514,105,2144,q2,0.19610137,446.0,312.0
4514,105,2144,q3,0.23532165,1461.0,955.5
4514,105,2144,q4,0.23532165,5040.0,2460.0
4514,105,2144,q5,0.11766082,25875.0,11307.75
4514,105,2144,q6,0.13715396,127260.0,54675.0
4514,105,2144,q1+q2,0.27454192,360.0,269.0
4514,105,2144,q1+q3,0.3137622,1175.0,855.0
4514,105,2144,q1+q4,0.3137622,3780.0,2160.0
4514,105,2144,q1+q5,0.19610137,12825.0,7800.0
4514,105,2144,q1+q6,0.21559451,68800.0,43126.6667
4514,105,2144,q2+q3,0.43142302,938.0,579.5
4514,105,2144,q2+q4,0.43142302,2160.0,1727.0
4514,105,2144,q2+q5,0.3137622,770.0,430.0
4514,105,2144,q2+q6,0.33325533,859.0,458.0
4514,105,2144,q3+q4,0.47064329,3040.0,1635.0
4514,105,2144,q3+q5,0.35298247,2858.0,1290.0
4514,105,2144,q3+q6,0.37247561,3285.0,1313.0
4514,105,2144,q4+q5,0.35298247,8440.0,3000.0
4514,105,2144,q4+q6,0.37247561,9600.0,3040.0
4514,105,2144,q5+q6,0.25481479,62055.0,29025.0
4514,105,2144,q1+q2+q3,0.50986357,848.0,458.0
4514,105,2144,q1+q2+q4,0.50986357,1089.0,473.0
4514,105,2144,q1+q2+q5,0.39220274,475.0,331.0
4514,105,2144,q1+q2+q6,0.41169588,505.0,360.0
4514,105,2144,q1+q3+q4,0.54908384,2400.0,1350.0
4514,105,2144,q1+q3+q5,0.43142302,1796.0,1005.0
4514,105,2144,q1+q3+q6,0.45091616,2052.0,1050.0
4514,105,2144,q1+q4+q5,0.43142302,6012.0,2538.0
4514,105,2144,q1+q4+q6,0.45091616,6540.0,2560.0
4514,105,2144,q1+q5+q6,0.33325533,42525.0,14850.0
4514,105,2144,q2+q3+q4,0.66674467,1863.0,992.5
4514,105,2144,q2+q3+q5,0.54908384,1313.0,855.0
4514,105,2144,q2+q3+q6,0.56857698,1350.0,923.0
4514,105,2144,q2+q4+q5,0.54908384,3780.0,2160.0
4514,105,2144,q2+q4+q6,0.56857698,3920.0,2184.6667
4514,105,2144,q2+q5+q6,0.45091616,15345.0,9245.0
4514,105,2144,q3+q4+q5,0.58830412,3920.0,2100.0
4514,105,2144,q3+q4+q6,0.60779726,3960.0,2160.0
4514,105,2144,q3+q5+q6,0.49013643,12225.0,6918.75
4514,105,2144,q4+q5+q6,0.49013643,12976.0,7112.5
4514,105,2144,q1+q2+q3+q4,0.74518521,1388.0,923.0
4514,105,2144,q1+q2+q3+q5,0.62752439,983.0,755.0
4514,105,2144,q1+q2+q3+q6,0.64701753,1089.0,774.0
4514,105,2144,q1+q2+q4+q5,0.62752439,2514.0,1890.0
4514,105,2144,q1+q2+q4+q6,0.64701753,2600.0,2049.3333
4514,105,2144,q1+q2+q5+q6,0.52935671,1426.0,480.0
4514,105,2144,q1+q3+q4+q5,0.66674467,3294.0,1742.2222
4514,105,2144,q1+q3+q4+q6,0.6862378,3640.0,1890.0
4514,105,2144,q1+q3+q5+q6,0.56857698,3906.0,1429.0
4514,105,2144,q1+q4+q5+q6,0.56857698,10620.0,3827.5
4514,105,2144,q2+q3+q4+q5,0.78440549,2400.0,1350.0
4514,105,2144,q2+q3+q4+q6,0.80389863,2514.0,1388.0
4514,105,2144,q2+q3+q5+q6,0.6862378,2052.0,1050.0
4514,105,2144,q2+q4+q5+q6,0.6862378,6540.0,2560.0
4514,105,2144,q3+q4+q5+q6,0.72545808,5724.0,2514.0
4514,105,2144,q1+q2+q3+q4+q5,0.86284604,2100.0,1125.0
4514,105,2144,q1+q2+q3+q4+q6,0.88233918,2160.0,1178.0
4514,105,2144,q1+q2+q3+q5+q6,0.76467835,1433.0,938.0
4514,105,2144,q1+q2+q4+q5+q6,0.76467835,4428.0,2394.0
4514,105,2144,q1+q3+q4+q5+q6,0.80389863,4428.0,2207.5
4514,105,2144,q2+q3+q4+q5+q6,0.92155945,3640.0,1890.0
4514,105,2144,q1+q2+q3+q4+q5+q6,1.0,2700.0,1492.5
4514,105,2144,all,1.0,2700.0,1492.5
4515,105,2145,q1,0.0784649,156.0,125.0
4515,105,2145,q2,0.19616224,458.0,288.0
4515,105,2145,q3,0.23539469,1780.0,1039.5
4515,105,2145,q4,0.23539469,6620.0,2560.0
4515,105,2145,q5,0.11769735,28450.0,11307.75
4515,105,2145,q6,0.13688614,148840.0,54600.0
4515,105,2145,q1+q2,0.27462714,346.0,252.0
4515,105,2145,q1+q3,0.31385959,1388.0,923.0
4515,105,2145,q1+q4,0.31385959,4428.0,2235.0
4515,105,2145,q1+q5,0.19616224,13332.0,7256.25
4515,105,2145,q1+q6,0.21535103,75500.0,35325.0
4515,105,2145,q2+q3,0.43155693,1050.0,641.25
4515,105,2145,q2+q4,0.43155693,2514.0,1740.0
4515,105,2145,q2+q5,0.31385959,794.0,393.0
4515,105,2145,q2+q6,0.33304838,907.0,402.0
4515,105,2145,q3+q4,0.47078938,3640.0,1680.0
4515,105,2145,q3+q5,0.35309204,3240.0,1384.0
4515,105,2145,q3+q6,0.37228083,3623.0,1429.0
4515,105,2145,q4+q5,0.35309204,9245.0,3640.0
4515,105,2145,q4+q6,0.37228083,10332.0,3650.0
4515,105,2145,q5+q6,0.25458348,68400.0,28366.6667
4515,105,2145,q1+q2+q3,0.51002183,848.0,424.0
4515,105,2145,q1+q2+q4,0.51002183,1119.0,458.75
4515,105,2145,q1+q2+q5,0.39232448,514.0,312.0
4515,105,2145,q1+q2+q6,0.41151327,635.0,319.0
4515,105,2145,q1+q3+q4,0.54925428,2700.0,1450.0
4515,105,2145,q1+q3+q5,0.43155693,2079.0,1175.0
4515,105,2145,q1+q3+q6,0.45074572,2322.0,1260.0
4515,105,2145,q1+q4+q5,0.43155693,7472.0,2862.0
4515,105,2145,q1+q4+q6,0.45074572,8240.0,2970.0
4515,105,2145,q1+q5+q6,0.33304838,39690.0,13332.0
4515,105,2145,q2+q3+q4,0.66695162,2079.0,1175.0
4515,105,2145,q2+q3+q5,0.54925428,1450.0,923.0
4515,105,2145,q2+q3+q6,0.56844307,1461.0,963.75
4515,105,2145,q2+q4+q5,0.54925428,4428.0,2235.0
4515,105,2145,q2+q4+q6,0.56844307,4624.0,2394.0
4515,105,2145,q2+q5+q6,0.45074572,15325.0,7987.5
4515,105,2145,q3+q4+q5,0.58848673,4428.0,2194.0
4515,105,2145,q3+q4+q6,0.60767552,4761.0,2214.0
4515,105,2145,q3+q5+q6,0.48997817,12225.0,6710.0
4515,105,2145,q4+q5+q6,0.48997817,14520.0,7112.5
4515,105,2145,q1+q2+q3+q4,0.74541652,1530.0,983.0
4515,105,2145,q1+q2+q3+q5,0.62771917,1240.0,734.0
4515,105,2145,q1+q2+q3+q6,0.64690796,1260.0,830.5
4515,105,2145,q1+q2+q4+q5,0.62771917,3040.0,2060.0
4515,105,2145,q1+q2+q4+q6,0.64690796,3640.0,2100.0
4515,105,2145,q1+q2+q5+q6,0.52921062,1426.0,480.0
4515,105,2145,q1+q3+q4+q5,0.66695162,3791.0,1868.0
4515,105,2145,q1+q3+q4+q6,0.68614041,3938.0,1961.3333
4515,105,2145,q1+q3+q5+q6,0.56844307,4208.0,1492.5
4515,105,2145,q1+q4+q5+q6,0.56844307,11280.0,4240.0
4515,105,2145,q2+q3+q4+q5,0.78464897,2700.0,1450.0
4515,105,2145,q2+q3+q4+q6,0.80383776,2768.0,1470.0
4515,105,2145,q2+q3+q5+q6,0.68614041,2322.0,1260.0
4515,105,2145,q2+q4+q5+q6,0.68614041,8240.0,2970.0
4515,105,2145,q3+q4+q5+q6,0.72537286,6824.0,2625.0
4515,105,2145,q1+q2+q3+q4+q5,0.86311386,2385.0,1276.0
4515,105,2145,q1+q2+q3+q4+q6,0.88230265,2460.0,1300.0
4515,105,2145,q1+q2+q3+q5+q6,0.76460531,1661.0,1005.0
4515,105,2145,q1+q2+q4+q5+q6,0.76460531,6012.0,2514.0
4515,105,2145,q1+q3+q4+q5+q6,0.80383776,5160.0,2400.0
4515,105,2145,q2+q3+q4+q5+q6,0.9215351,3938.0,1961.3333
4515,105,2145,q1+q2+q3+q4+q5+q6,1.0,3339.0,1624.8333
4515,105,2145,all,1.0,3339.0,1624.8333
4516,105,2146,q1,0.07844208,168.0,127.0
4516,105,2146,q2,0.1961052,536.0,311.5
4516,105,2146,q3,0.23532624,1985.0,990.0
4516,105,2146,q4,0.23532624,6624.0,2538.0
4516,105,2146,q5,0.11766312,28450.0,11175.0
4516,105,2146,q6,0.13713714,160200.0,52777.7778
4516,105,2146,q1+q2,0.27454727,430.0,262.0
4516,105,2146,q1+q3,0.31376831,1461.0,900.0
4516,105,2146,q1+q4,0.31376831,3940.0,2235.0
4516,105,2146,q1+q5,0.1961052,12825.0,7256.25
4516,105,2146,q1+q6,0.21557921,85623.0,31966.6667
4516,105,2146,q2+q3,0.43143143,1119.0,641.25
4516,105,2146,q2+q4,0.43143143,2514.0,1740.0
4516,105,2146,q2+q5,0.31376831,907.0,401.0
4516,105,2146,q2+q6,0.33324233,1089.0,427.4167
4516,105,2146,q3+q4,0.47065247,3488.0,1722.0
4516,105,2146,q3+q5,0.35298935,3294.0,1373.0
4516,105,2146,q3+q6,0.37246337,3690.0,1388.0
4516,105,2146,q4+q5,0.35298935,9115.0,3312.0
4516,105,2146,q4+q6,0.37246337,10260.0,3412.0
4516,105,2146,q5+q6,0.25480025,68800.0,27750.0
4516,105,2146,q1+q2+q3,0.50987351,923.0,430.0
4516,105,2146,q1+q2+q4,0.50987351,1240.0,466.0
4516,105,2146,q1+q2+q5,0.39221039,721.0,336.0
4516,105,2146,q1+q2+q6,0.41168441,738.0,360.5
4516,105,2146,q1+q3+q4,0.54909455,2720.0,1429.0
4516,105,2146,q1+q3+q5,0.43143143,2484.0,1050.0
4516,105,2146,q1+q3+q6,0.45090545,2565.0,1125.0
4516,105,2146,q1+q4+q5,0.43143143,7472.0,2655.0
4516,105,2146,q1+q4+q6,0.45090545,8240.0,2880.0
4516,105,2146,q1+q5+q6,0.33324233,40385.0,12937.5
4516,105,2146,q2+q3+q4,0.66675767,2214.0,1039.5
4516,105,2146,q2+q3+q5,0.54909455,1470.0,923.0
4516,105,2146,q2+q3+q6,0.56856857,1661.0,923.0
4516,105,2146,q2+q4+q5,0.54909455,3940.0,2235.0
4516,105,2146,q2+q4+q6,0.56856857,4428.0,2312.0
4516,105,2146,q2+q5+q6,0.45090545,15542.0,7800.0
4516,105,2146,q3+q4+q5,0.58831559,4343.0,2184.6667
4516,105,2146,q3+q4+q6,0.60778961,4428.0,2214.0
4516,105,2146,q3+q5+q6,0.49012649,11175.0,6615.0
4516,105,2146,q4+q5+q6,0.49012649,14112.0,6733.3333
4516,105,2146,q1+q2+q3+q4,0.74519975,1796.0,938.0
4516,105,2146,q1+q2+q3+q5,0.62753663,1258.0,711.0
4516,105,2146,q1+q2+q3+q6,0.64701065,1313.0,810.0
4516,105,2146,q1+q2+q4+q5,0.62753663,2720.0,2049.3333
4516,105,2146,q1+q2+q4+q6,0.64701065,3180.0,2096.8889
4516,105,2146,q1+q2+q5+q6,0.52934753,1426.0,480.0
4516,105,2146,q1+q3+q4+q5,0.66675767,3690.0,1845.0
4516,105,2146,q1+q3+q4+q6,0.68623169,3855.0,1904.0
4516,105,2146,q1+q3+q5+q6,0.56856857,4208.0,1470.0
4516,105,2146,q1+q4+q5+q6,0.56856857,11175.0,3827.5
4516,105,2146,q2+q3+q4+q5,0.78442079,2720.0,1429.0
4516,105,2146,q2+q3+q4+q6,0.8038948,2858.0,1469.0
4516,105,2146,q2+q3+q5+q6,0.68623169,2565.0,1125.0
4516,105,2146,q2+q4+q5+q6,0.68623169,7800.0,2880.0
4516,105,2146,q3+q4+q5+q6,0.72545273,6960.0,2600.0
4516,105,2146,q1+q2+q3+q4+q5,0.86286286,2484.0,1178.0
4516,105,2146,q1+q2+q3+q4+q6,0.88233688,2560.0,1263.6667
4516,105,2146,q1+q2+q3+q5+q6,0.76467376,1863.0,979.0
4516,105,2146,q1+q2+q4+q5+q6,0.76467376,5724.0,2514.0
4516,105,2146,q1+q3+q4+q5+q6,0.8038948,5040.0,2360.0
4516,105,2146,q2+q3+q4+q5+q6,0.92155792,3870.0,1904.0
4516,105,2146,q1+q2+q3+q4+q5+q6,1.0,3240.0,1635.0
4516,105,2146,all,1.0,3240.0,1635.0
4517,105,2147,q1,0.07844208,161.0,132.5
4517,105,2147,q2,0.1961052,458.0,277.0
4517,105,2147,q3,0.23532624,1530.0,1125.0
4517,105,2147,q4,0.23532624,6012.0,2560.0
4517,105,2147,q5,0.11766312,25875.0,12217.5
4517,105,2147,q6,0.13713714,112896.0,63630.0
4517,105,2147,q1+q2,0.27454727,315.0,252.0
4517,105,2147,q1+q3,0.31376831,1313.0,931.5
4517,105,2147,q1+q4,0.31376831,4240.0,2214.0
4517,105,2147,q1+q5,0.1961052,12825.0,7642.875
4517,105,2147,q1+q6,0.21557921,68800.0,42590.5
4517,105,2147,q2+q3,0.43143143,1044.0,641.25
4517,105,2147,q2+q4,0.43143143,2514.0,1740.0
4517,105,2147,q2+q5,0.31376831,794.0,401.0
4517,105,2147,q2+q6,0.33324233,878.0,427.4167
4517,105,2147,q3+q4,0.47065247,3294.0,1680.0
4517,105,2147,q3+q5,0.35298935,3083.0,1432.5
4517,105,2147,q3+q6,0.37246337,3488.0,1450.0
4517,105,2147,q4+q5,0.35298935,9245.0,3650.0
4517,105,2147,q4+q6,0.37246337,10500.0,3920.0
4517,105,2147,q5+q6,0.25480025,60600.0,30186.6667
4517,105,2147,q1+q2+q3,0.50987351,855.0,430.0
4517,105,2147,q1+q2+q4,0.50987351,1130.0,466.0
4517,105,2147,q1+q2+q5,0.39221039,466.0,301.0
4517,105,2147,q1+q2+q6,0.41168441,480.0,312.0
4517,105,2147,q1+q3+q4,0.54909455,2560.0,1450.0
4517,105,2147,q1+q3+q5,0.43143143,1780.0,1260.0
4517,105,2147,q1+q3+q6,0.45090545,1863.0,1300.0
4517,105,2147,q1+q4+q5,0.43143143,6960.0,2730.0
4517,105,2147,q1+q4+q6,0.45090545,8115.0,3006.0
4517,105,2147,q1+q5+q6,0.33324233,39168.0,14520.0
4517,105,2147,q2+q3+q4,0.66675767,1780.0,1260.0
4517,105,2147,q2+q3+q5,0.54909455,1388.0,938.0
4517,105,2147,q2+q3+q6,0.56856857,1450.0,977.2667
4517,105,2147,q2+q4+q5,0.54909455,4240.0,2214.0
4517,105,2147,q2+q4+q6,0.56856857,4428.0,2394.0
4517,105,2147,q2+q5+q6,0.45090545,14520.0,8602.0
4517,105,2147,q3+q4+q5,0.58831559,4410.0,2170.0
4517,105,2147,q3+q4+q6,0.60778961,4428.0,2214.0
4517,105,2147,q3+q5+q6,0.49012649,11175.0,6733.3333
4517,105,2147,q4+q5+q6,0.49012649,14520.0,7275.0
4517,105,2147,q1+q2+q3+q4,0.74519975,1450.0,984.5
4517,105,2147,q1+q2+q3+q5,0.62753663,1240.0,810.0
4517,105,2147,q1+q2+q3+q6,0.64701065,1267.0,855.0
4517,105,2147,q1+q2+q4+q5,0.62753663,2720.0,2095.0
4517,105,2147,q1+q2+q4+q6,0.64701065,3180.0,2110.0
4517,105,2147,q1+q2+q5+q6,0.52934753,1426.0,480.0
4517,105,2147,q1+q3+q4+q5,0.66675767,3690.0,1785.0
4517,105,2147,q1+q3+q4+q6,0.68623169,3906.0,1939.5
4517,105,2147,q1+q3+q5+q6,0.56856857,4208.0,1530.0
4517,105,2147,q1+q4+q5+q6,0.56856857,11175.0,4240.0
4517,105,2147,q2+q3+q4+q5,0.78442079,2560.0,1450.0
4517,105,2147,q2+q3+q4+q6,0.8038948,2600.0,1492.5
4517,105,2147,q2+q3+q5+q6,0.68623169,1985.0,1300.0
4517,105,2147,q2+q4+q5+q6,0.68623169,7800.0,3006.0
4517,105,2147,q3+q4+q5+q6,0.72545273,6620.0,2655.0
4517,105,2147,q1+q2+q3+q4+q5,0.86286286,2100.0,1300.0
4517,105,2147,q1+q2+q3+q4+q6,0.88233688,2214.0,1350.0
4517,105,2147,q1+q2+q3+q5+q6,0.76467376,1470.0,1050.0
4517,105,2147,q1+q2+q4+q5+q6,0.76467376,5076.0,2514.0
4517,105,2147,q1+q3+q4+q5+q6,0.8038948,5040.0,2400.0
4517,105,2147,q2+q3+q4+q5+q6,0.92155792,3906.0,1939.5
4517,105,2147,q1+q2+q3+q4+q5+q6,1.0,3120.0,1624.8333
4517,105,2147,all,1.0,3120.0,1624.8333
4518,105,2148,q1,0.07844208,160.0,134.0
4518,105,2148,q2,0.1961052,458.0,312.0
4518,105,2148,q3,0.23532624,1530.0,962.75
4518,105,2148,q4,0.23532624,5160.0,2470.0
4518,105,2148,q5,0.11766312,27675.0,11175.0
4518,105,2148,q6,0.13713714,130296.0,54675.0
4518,105,2148,q1+q2,0.27454727,360.0,277.0
4518,105,2148,q1+q3,0.31376831,1313.0,855.0
4518,105,2148,q1+q4,0.31376831,3780.0,2162.6667
4518,105,2148,q1+q5,0.1961052,12825.0,7793.3333
4518,105,2148,q1+q6,0.21557921,68800.0,42519.1667
4518,105,2148,q2+q3,0.43143143,968.0,641.25
4518,105,2148,q2+q4,0.43143143,2297.0,1727.0
4518,105,2148,q2+q5,0.31376831,804.0,422.0
4518,105,2148,q2+q6,0.33324233,979.0,458.0
4518,105,2148,q3+q4,0.47065247,3120.0,1655.0
4518,105,2148,q3+q5,0.35298935,3083.0,1313.0
4518,105,2148,q3+q6,0.37246337,3294.0,1313.0
4518,105,2148,q4+q5,0.35298935,8974.0,3006.0
4518,105,2148,q4+q6,0.37246337,9880.0,3040.0
4518,105,2148,q5+q6,0.25480025,60342.0,28224.0
4518,105,2148,q1+q2+q3,0.50987351,855.0,458.0
4518,105,2148,q1+q2+q4,0.50987351,1130.0,466.0
4518,105,2148,q1+q2+q5,0.39221039,480.0,327.0
4518,105,2148,q1+q2+q6,0.41168441,613.0,360.0
4518,105,2148,q1+q3+q4,0.54909455,2514.0,1373.0
4518,105,2148,q1+q3+q5,0.43143143,2045.0,1026.0
4518,105,2148,q1+q3+q6,0.45090545,2214.0,1050.0
4518,105,2148,q1+q4+q5,0.43143143,6540.0,2560.0
4518,105,2148,q1+q4+q6,0.45090545,6780.0,2600.0
4518,105,2148,q1+q5+q6,0.33324233,45231.0,15325.0
4518,105,2148,q2+q3+q4,0.66675767,2052.0,1026.0
4518,105,2148,q2+q3+q5,0.54909455,1350.0,855.0
4518,105,2148,q2+q3+q6,0.56856857,1426.0,898.0
4518,105,2148,q2+q4+q5,0.54909455,3780.0,2162.6667
4518,105,2148,q2+q4+q6,0.56856857,3960.0,2214.0
4518,105,2148,q2+q5+q6,0.45090545,15542.0,8633.5
4518,105,2148,q3+q4+q5,0.58831559,3940.0,2100.0
4518,105,2148,q3+q4+q6,0.60778961,4208.0,2160.0
4518,105,2148,q3+q5+q6,0.49012649,11175.0,6733.3333
4518,105,2148,q4+q5+q6,0.49012649,13332.0,6918.75
4518,105,2148,q1+q2+q3+q4,0.74519975,1440.0,923.0
4518,105,2148,q1+q2+q3+q5,0.62753663,1119.0,770.75
4518,105,2148,q1+q2+q3+q6,0.64701065,1178.0,810.0
4518,105,2148,q1+q2+q4+q5,0.62753663,2560.0,1904.0
4518,105,2148,q1+q2+q4+q6,0.64701065,2720.0,2049.3333
4518,105,2148,q1+q2+q5+q6,0.52934753,1426.0,480.0
4518,105,2148,q1+q3+q4+q5,0.66675767,3488.0,1767.0
4518,105,2148,q1+q3+q4+q6,0.68623169,3650.0,1890.0
4518,105,2148,q1+q3+q5+q6,0.56856857,3938.0,1433.0
4518,105,2148,q1+q4+q5+q6,0.56856857,10920.0,3827.5
4518,105,2148,q2+q3+q4+q5,0.78442079,2514.0,1373.0
4518,105,2148,q2+q3+q4+q6,0.8038948,2560.0,1432.5
4518,105,2148,q2+q3+q5+q6,0.68623169,2214.0,1050.0
4518,105,2148,q2+q4+q5+q6,0.68623169,6780.0,2600.0
4518,105,2148,q3+q4+q5+q6,0.72545273,6012.0,2514.0
4518,105,2148,q1+q2+q3+q4+q5,0.86286286,2160.0,1125.0
4518,105,2148,q1+q2+q3+q4+q6,0.88233688,2214.0,1260.0
4518,105,2148,q1+q2+q3+q5+q6,0.76467376,1470.0,931.5
4518,105,2148,q1+q2+q4+q5+q6,0.76467376,4788.0,2400.0
4518,105,2148,q1+q3+q4+q5+q6,0.8038948,4624.0,2214.0
4518,105,2148,q2+q3+q4+q5+q6,0.92155792,3650.0,1890.0
4518,105,2148,q1+q2+q3+q4+q5+q6,1.0,3040.0,1530.0
4518,105,2148,all,1.0,3040.0,1530.0
4519,105,2149,q1,0.07844208,160.0,138.0
4519,105,2149,q2,0.1961052,462.0,306.5
4519,105,2149,q3,0.23532624,1767.0,968.0
4519,105,2149,q4,0.23532624,5040.0,2460.0
4519,105,2149,q5,0.11766312,29025.0,10631.25
4519,105,2149,q6,0.13713714,143100.0,52500.0
4519,105,2149,q1+q2,0.27454727,360.0,262.0
4519,105,2149,q1+q3,0.31376831,1350.0,923.0
4519,105,2149,q1+q4,0.31376831,3454.0,2184.6667
4519,105,2149,q1+q5,0.1961052,12400.0,6971.25
4519,105,2149,q1+q6,0.21557921,85623.0,35325.0
4519,105,2149,q2+q3,0.43143143,983.0,579.5
4519,105,2149,q2+q4,0.43143143,2514.0,1573.0
4519,105,2149,q2+q5,0.31376831,878.0,403.0
4519,105,2149,q2+q6,0.33324233,1044.0,445.0
4519,105,2149,q3+q4,0.47065247,3173.0,1492.5
4519,105,2149,q3+q5,0.35298935,3294.0,1276.0
4519,105,2149,q3+q6,0.37246337,3600.0,1350.0
4519,105,2149,q4+q5,0.35298935,9115.0,2862.0
4519,105,2149,q4+q6,0.37246337,10542.0,3040.0
4519,105,2149,q5+q6,0.25480025,68800.0,25493.3333
4519,105,2149,q1+q2+q3,0.50987351,907.0,445.0
4519,105,2149,q1+q2+q4,0.50987351,1258.0,466.0
4519,105,2149,q1+q2+q5,0.39221039,483.0,316.75
4519,105,2149,q1+q2+q6,0.41168441,619.0,352.75
4519,105,2149,q1+q3+q4,0.54909455,2600.0,1350.0
4519,105,2149,q1+q3+q5,0.43143143,2079.0,1026.0
4519,105,2149,q1+q3+q6,0.45090545,2363.0,1050.0
4519,105,2149,q1+q4+q5,0.43143143,6960.0,2560.0
4519,105,2149,q1+q4+q6,0.45090545,7655.0,2655.0
4519,105,2149,q1+q5+q6,0.33324233,42525.0,12600.0
4519,105,2149,q2+q3+q4,0.66675767,2100.0,990.0
4519,105,2149,q2+q3+q5,0.54909455,1426.0,923.0
4519,105,2149,q2+q3+q6,0.56856857,1452.0,931.5
4519,105,2149,q2+q4+q5,0.54909455,3454.0,2184.6667
4519,105,2149,q2+q4+q6,0.56856857,3920.0,2214.0
4519,105,2149,q2+q5+q6,0.45090545,12825.0,7793.3333
4519,105,2149,q3+q4+q5,0.58831559,3938.0,2096.8333
4519,105,2149,q3+q4+q6,0.60778961,4208.0,2160.0
4519,105,2149,q3+q5+q6,0.49012649,11175.0,6457.5
4519,105,2149,q4+q5+q6,0.49012649,13000.0,6615.0
4519,105,2149,q1+q2+q3+q4,0.74519975,1470.0,931.5
4519,105,2149,q1+q2+q3+q5,0.62753663,1175.0,713.0
4519,105,2149,q1+q2+q3+q6,0.64701065,1260.0,810.0
4519,105,2149,q1+q2+q4+q5,0.62753663,2720.0,1742.2222
4519,105,2149,q1+q2+q4+q6,0.64701065,2720.0,1890.0
4519,105,2149,q1+q2+q5+q6,0.52934753,1433.0,522.5
4519,105,2149,q1+q3+q4+q5,0.66675767,3294.0,1673.5
4519,105,2149,q1+q3+q4+q6,0.68623169,3600.0,1740.0
4519,105,2149,q1+q3+q5+q6,0.56856857,4118.0,1450.0
4519,105,2149,q1+q4+q5+q6,0.56856857,11280.0,3650.0
4519,105,2149,q2+q3+q4+q5,0.78442079,2600.0,1350.0
4519,105,2149,q2+q3+q4+q6,0.8038948,2720.0,1384.0
4519,105,2149,q2+q3+q5+q6,0.68623169,2363.0,1050.0
4519,105,2149,q2+q4+q5+q6,0.68623169,7655.0,2655.0
4519,105,2149,q3+q4+q5+q6,0.72545273,6554.0,2520.0
4519,105,2149,q1+q2+q3+q4+q5,0.86286286,2363.0,1050.0
4519,105,2149,q1+q2+q3+q4+q6,0.88233688,2400.0,1175.0
4519,105,2149,q1+q2+q3+q5+q6,0.76467376,1661.0,968.0
4519,105,2149,q1+q2+q4+q5+q6,0.76467376,4428.0,2400.0
4519,105,2149,q1+q3+q4+q5+q6,0.8038948,4428.0,2214.0
4519,105,2149,q2+q3+q4+q5+q6,0.92155792,3600.0,1740.0
4519,105,2149,q1+q2+q3+q4+q5+q6,1.0,2858.0,1469.0
4519,105,2149,all,1.0,2858.0,1469.0
4520,105,2150,q1,0.07844208,168.0,137.0
4520,105,2150,q2,0.1961052,466.0,312.0
4520,105,2150,q3,0.23532624,1530.0,1005.0
4520,105,2150,q4,0.23532624,4788.0,2460.0
4520,105,2150,q5,0.11766312,25875.0,10096.25
4520,105,2150,q6,0.13713714,122600.0,54600.0
4520,105,2150,q1+q2,0.27454727,401.0,269.0
4520,105,2150,q1+q3,0.31376831,1178.0,923.0
4520,105,2150,q1+q4,0.31376831,3640.0,2207.5
4520,105,2150,q1+q5,0.1961052,12400.0,7642.875
4520,105,2150,q1+q6,0.21557921,68800.0,40050.0
4520,105,2150,q2+q3,0.43143143,979.0,645.8333
4520,105,2150,q2+q4,0.43143143,2460.0,1722.0
4520,105,2150,q2+q5,0.31376831,878.0,445.0
4520,105,2150,q2+q6,0.33324233,1044.0,466.0
4520,105,2150,q3+q4,0.47065247,3040.0,1651.0
4520,105,2150,q3+q5,0.35298935,2588.0,1300.0
4520,105,2150,q3+q6,0.37246337,3285.0,1384.0
4520,105,2150,q4+q5,0.35298935,8830.0,3040.0
4520,105,2150,q4+q6,0.37246337,10080.0,3120.0
4520,105,2150,q5+q6,0.25480025,61143.0,28224.0
4520,105,2150,q1+q2+q3,0.50987351,855.0,466.0
4520,105,2150,q1+q2+q4,0.50987351,1210.0,475.0
4520,105,2150,q1+q2+q5,0.39221039,613.0,336.5
4520,105,2150,q1+q2+q6,0.41168441,661.0,367.0
4520,105,2150,q1+q3+q4,0.54909455,2514.0,1388.0
4520,105,2150,q1+q3+q5,0.43143143,1796.0,1050.0
4520,105,2150,q1+q3+q6,0.45090545,2052.0,1125.0
4520,105,2150,q1+q4+q5,0.43143143,6620.0,2565.0
4520,105,2150,q1+q4+q6,0.45090545,7140.0,2625.0
4520,105,2150,q1+q5+q6,0.33324233,41850.0,12825.0
4520,105,2150,q2+q3+q4,0.66675767,1863.0,1029.0
4520,105,2150,q2+q3+q5,0.54909455,1373.0,923.0
4520,105,2150,q2+q3+q6,0.56856857,1411.0,923.0
4520,105,2150,q2+q4+q5,0.54909455,3640.0,2207.5
4520,105,2150,q2+q4+q6,0.56856857,3920.0,2235.0
4520,105,2150,q2+q5+q6,0.45090545,12825.0,7987.5
4520,105,2150,q3+q4+q5,0.58831559,3920.0,2100.0
4520,105,2150,q3+q4+q6,0.60778961,3960.0,2160.0
4520,105,2150,q3+q5+q6,0.49012649,9245.0,6710.0
4520,105,2150,q4+q5+q6,0.49012649,12825.0,6918.75
4520,105,2150,q1+q2+q3+q4,0.74519975,1440.0,938.0
4520,105,2150,q1+q2+q3+q5,0.62753663,1050.0,810.0
4520,105,2150,q1+q2+q3+q6,0.64701065,1166.0,830.5
4520,105,2150,q1+q2+q4+q5,0.62753663,2600.0,1890.0
4520,105,2150,q1+q2+q4+q6,0.64701065,3040.0,2049.3333
4520,105,2150,q1+q2+q5+q6,0.52934753,1426.0,734.0
4520,105,2150,q1+q3+q4+q5,0.66675767,3180.0,1742.2222
4520,105,2150,q1+q3+q4+q6,0.68623169,3454.0,1785.0
4520,105,2150,q1+q3+q5+q6,0.56856857,3906.0,1461.0
4520,105,2150,q1+q4+q5+q6,0.56856857,10542.0,3827.5
4520,105,2150,q2+q3+q4+q5,0.78442079,2514.0,1388.0
4520,105,2150,q2+q3+q4+q6,0.8038948,2560.0,1433.0
4520,105,2150,q2+q3+q5+q6,0.68623169,2052.0,1125.0
4520,105,2150,q2+q4+q5+q6,0.68623169,7140.0,2625.0
4520,105,2150,q3+q4+q5+q6,0.72545273,6258.0,2538.0
4520,105,2150,q1+q2+q3+q4+q5,0.86286286,2133.0,1175.0
4520,105,2150,q1+q2+q3+q4+q6,0.88233688,2214.0,1242.0
4520,105,2150,q1+q2+q3+q5+q6,0.76467376,1470.0,979.0
4520,105,2150,q1+q2+q4+q5+q6,0.76467376,4428.0,2400.0
4520,105,2150,q1+q3+q4+q5+q6,0.8038948,4428.0,2243.5
4520,105,2150,q2+q3+q4+q5+q6,0.92155792,3454.0,1785.0
4520,105,2150,q1+q2+q3+q4+q5+q6,1.0,2720.0,1587.0
4520,105,2150,all,1.0,2720.0,1587.0
